date,index_name,close_value,daily_return_pct
2022-01-03,BSE_SMALLCAP,26554.6,
2022-01-04,BSE_SMALLCAP,27079.92,1.9800000000000002
2022-01-05,BSE_SMALLCAP,27313.35,0.86
2022-01-06,BSE_SMALLCAP,27377.05,0.22999999999999998
2022-01-07,BSE_SMALLCAP,26316.86,-3.8699999999999997
2022-01-10,BSE_SMALLCAP,26476.06,0.6
2022-01-11,BSE_SMALLCAP,26462.96,-0.05
2022-01-12,BSE_SMALLCAP,26090.99,-1.41
2022-01-13,BSE_SMALLCAP,26085.36,-0.02
2022-01-14,BSE_SMALLCAP,26081.45,-0.01
2022-01-17,BSE_SMALLCAP,26102.25,0.08
2022-01-18,BSE_SMALLCAP,26391.97,1.11
2022-01-19,BSE_SMALLCAP,26333.58,-0.22
2022-01-20,BSE_SMALLCAP,26262.97,-0.27
2022-01-21,BSE_SMALLCAP,26153.44,-0.42
2022-01-24,BSE_SMALLCAP,26260.93,0.41000000000000003
2022-01-25,BSE_SMALLCAP,26477.73,0.83
2022-01-26,BSE_SMALLCAP,26974.24,1.8800000000000001
2022-01-27,BSE_SMALLCAP,27192.24,0.8099999999999999
2022-01-28,BSE_SMALLCAP,27620.86,1.58
2022-01-31,BSE_SMALLCAP,27966.74,1.25
2022-02-01,BSE_SMALLCAP,28046.09,0.27999999999999997
2022-02-02,BSE_SMALLCAP,27785.09,-0.9299999999999999
2022-02-03,BSE_SMALLCAP,27961.09,0.63
2022-02-04,BSE_SMALLCAP,28591.9,2.26
2022-02-07,BSE_SMALLCAP,29046.44,1.59
2022-02-08,BSE_SMALLCAP,29586.64,1.8599999999999999
2022-02-09,BSE_SMALLCAP,28860.83,-2.45
2022-02-10,BSE_SMALLCAP,28105.41,-2.62
2022-02-11,BSE_SMALLCAP,27937.21,-0.6
2022-02-14,BSE_SMALLCAP,28141.65,0.73
2022-02-15,BSE_SMALLCAP,28015.93,-0.44999999999999996
2022-02-16,BSE_SMALLCAP,27958.44,-0.21
2022-02-17,BSE_SMALLCAP,27410.49,-1.96
2022-02-18,BSE_SMALLCAP,27200.23,-0.77
2022-02-21,BSE_SMALLCAP,26886.5,-1.15
2022-02-22,BSE_SMALLCAP,26588.16,-1.11
2022-02-23,BSE_SMALLCAP,26337.19,-0.9400000000000001
2022-02-24,BSE_SMALLCAP,25958.59,-1.44
2022-02-25,BSE_SMALLCAP,25128.56,-3.2
2022-02-28,BSE_SMALLCAP,25643.29,2.0500000000000003
2022-03-01,BSE_SMALLCAP,25620.14,-0.09
2022-03-02,BSE_SMALLCAP,25395.42,-0.88
2022-03-03,BSE_SMALLCAP,25363.09,-0.13
2022-03-04,BSE_SMALLCAP,25498.62,0.53
2022-03-07,BSE_SMALLCAP,25556.97,0.22999999999999998
2022-03-08,BSE_SMALLCAP,25316.04,-0.9400000000000001
2022-03-09,BSE_SMALLCAP,25685.3,1.46
2022-03-10,BSE_SMALLCAP,25492.73,-0.75
2022-03-11,BSE_SMALLCAP,25428.82,-0.25
2022-03-14,BSE_SMALLCAP,26062.13,2.4899999999999998
2022-03-15,BSE_SMALLCAP,26836.05,2.97
2022-03-16,BSE_SMALLCAP,27285.8,1.68
2022-03-17,BSE_SMALLCAP,27053.4,-0.8500000000000001
2022-03-18,BSE_SMALLCAP,26913.66,-0.52
2022-03-21,BSE_SMALLCAP,26643.56,-1.0
2022-03-22,BSE_SMALLCAP,26574.97,-0.26
2022-03-23,BSE_SMALLCAP,26791.53,0.8099999999999999
2022-03-24,BSE_SMALLCAP,26121.24,-2.5
2022-03-25,BSE_SMALLCAP,25767.85,-1.35
2022-03-28,BSE_SMALLCAP,25825.38,0.22
2022-03-29,BSE_SMALLCAP,25809.4,-0.06
2022-03-30,BSE_SMALLCAP,25667.9,-0.5499999999999999
2022-03-31,BSE_SMALLCAP,25193.81,-1.8499999999999999
2022-04-01,BSE_SMALLCAP,25004.44,-0.75
2022-04-04,BSE_SMALLCAP,24854.87,-0.6
2022-04-05,BSE_SMALLCAP,24418.09,-1.76
2022-04-06,BSE_SMALLCAP,24154.27,-1.08
2022-04-07,BSE_SMALLCAP,24106.48,-0.2
2022-04-08,BSE_SMALLCAP,24282.19,0.73
2022-04-11,BSE_SMALLCAP,24609.58,1.35
2022-04-12,BSE_SMALLCAP,24272.32,-1.37
2022-04-13,BSE_SMALLCAP,24172.09,-0.41000000000000003
2022-04-14,BSE_SMALLCAP,24107.08,-0.27
2022-04-15,BSE_SMALLCAP,24058.23,-0.2
2022-04-18,BSE_SMALLCAP,23986.53,-0.3
2022-04-19,BSE_SMALLCAP,23617.29,-1.54
2022-04-20,BSE_SMALLCAP,23790.24,0.73
2022-04-21,BSE_SMALLCAP,23703.83,-0.36
2022-04-22,BSE_SMALLCAP,23731.62,0.12
2022-04-25,BSE_SMALLCAP,23774.75,0.18
2022-04-26,BSE_SMALLCAP,23592.64,-0.77
2022-04-27,BSE_SMALLCAP,23860.99,1.1400000000000001
2022-04-28,BSE_SMALLCAP,23729.12,-0.5499999999999999
2022-04-29,BSE_SMALLCAP,23801.61,0.31
2022-05-02,BSE_SMALLCAP,23850.04,0.2
2022-05-03,BSE_SMALLCAP,23952.33,0.43
2022-05-04,BSE_SMALLCAP,24329.36,1.5699999999999998
2022-05-05,BSE_SMALLCAP,24104.56,-0.9199999999999999
2022-05-06,BSE_SMALLCAP,24118.22,0.06
2022-05-09,BSE_SMALLCAP,24121.48,0.01
2022-05-10,BSE_SMALLCAP,24041.14,-0.33
2022-05-11,BSE_SMALLCAP,24221.69,0.75
2022-05-12,BSE_SMALLCAP,23850.92,-1.53
2022-05-13,BSE_SMALLCAP,24334.85,2.03
2022-05-16,BSE_SMALLCAP,24844.8,2.1
2022-05-17,BSE_SMALLCAP,24645.61,-0.8
2022-05-18,BSE_SMALLCAP,24629.7,-0.06
2022-05-19,BSE_SMALLCAP,24042.64,-2.3800000000000003
2022-05-20,BSE_SMALLCAP,23842.76,-0.83
2022-05-23,BSE_SMALLCAP,24636.16,3.3300000000000005
2022-05-24,BSE_SMALLCAP,24859.72,0.91
2022-05-25,BSE_SMALLCAP,25114.46,1.02
2022-05-26,BSE_SMALLCAP,24960.57,-0.61
2022-05-27,BSE_SMALLCAP,24943.08,-0.06999999999999999
2022-05-30,BSE_SMALLCAP,24940.21,-0.01
2022-05-31,BSE_SMALLCAP,24478.05,-1.8499999999999999
2022-06-01,BSE_SMALLCAP,24535.83,0.24
2022-06-02,BSE_SMALLCAP,24810.04,1.1199999999999999
2022-06-03,BSE_SMALLCAP,25442.88,2.55
2022-06-06,BSE_SMALLCAP,25545.76,0.4
2022-06-07,BSE_SMALLCAP,25516.3,-0.12
2022-06-08,BSE_SMALLCAP,25487.6,-0.11
2022-06-09,BSE_SMALLCAP,25636.4,0.58
2022-06-10,BSE_SMALLCAP,25929.65,1.1400000000000001
2022-06-13,BSE_SMALLCAP,26334.67,1.5599999999999998
2022-06-14,BSE_SMALLCAP,25589.12,-2.83
2022-06-15,BSE_SMALLCAP,25988.2,1.5599999999999998
2022-06-16,BSE_SMALLCAP,25577.7,-1.58
2022-06-17,BSE_SMALLCAP,25249.59,-1.28
2022-06-20,BSE_SMALLCAP,25194.17,-0.22
2022-06-21,BSE_SMALLCAP,25387.94,0.77
2022-06-22,BSE_SMALLCAP,24947.61,-1.73
2022-06-23,BSE_SMALLCAP,24760.5,-0.75
2022-06-24,BSE_SMALLCAP,24876.75,0.47000000000000003
2022-06-27,BSE_SMALLCAP,25061.61,0.74
2022-06-28,BSE_SMALLCAP,25239.52,0.7100000000000001
2022-06-29,BSE_SMALLCAP,25589.17,1.39
2022-06-30,BSE_SMALLCAP,26016.57,1.67
2022-07-01,BSE_SMALLCAP,26073.95,0.22
2022-07-04,BSE_SMALLCAP,26067.77,-0.02
2022-07-05,BSE_SMALLCAP,25801.08,-1.02
2022-07-06,BSE_SMALLCAP,25613.36,-0.73
2022-07-07,BSE_SMALLCAP,25152.21,-1.7999999999999998
2022-07-08,BSE_SMALLCAP,25659.38,2.02
2022-07-11,BSE_SMALLCAP,25653.42,-0.02
2022-07-12,BSE_SMALLCAP,25937.88,1.11
2022-07-13,BSE_SMALLCAP,26937.51,3.85
2022-07-14,BSE_SMALLCAP,27801.44,3.2099999999999995
2022-07-15,BSE_SMALLCAP,28252.12,1.6199999999999999
2022-07-18,BSE_SMALLCAP,28125.03,-0.44999999999999996
2022-07-19,BSE_SMALLCAP,28459.31,1.1900000000000002
2022-07-20,BSE_SMALLCAP,28477.62,0.06
2022-07-21,BSE_SMALLCAP,28129.1,-1.22
2022-07-22,BSE_SMALLCAP,27795.62,-1.1900000000000002
2022-07-25,BSE_SMALLCAP,28145.88,1.26
2022-07-26,BSE_SMALLCAP,28454.87,1.0999999999999999
2022-07-27,BSE_SMALLCAP,28960.9,1.78
2022-07-28,BSE_SMALLCAP,28887.07,-0.25
2022-07-29,BSE_SMALLCAP,28731.38,-0.54
2022-08-01,BSE_SMALLCAP,28321.15,-1.43
2022-08-02,BSE_SMALLCAP,27697.83,-2.1999999999999997
2022-08-03,BSE_SMALLCAP,27393.99,-1.0999999999999999
2022-08-04,BSE_SMALLCAP,27166.93,-0.83
2022-08-05,BSE_SMALLCAP,26761.23,-1.49
2022-08-08,BSE_SMALLCAP,26590.6,-0.64
2022-08-09,BSE_SMALLCAP,27318.08,2.74
2022-08-10,BSE_SMALLCAP,27078.11,-0.88
2022-08-11,BSE_SMALLCAP,26411.91,-2.46
2022-08-12,BSE_SMALLCAP,26486.52,0.27999999999999997
2022-08-15,BSE_SMALLCAP,26741.83,0.96
2022-08-16,BSE_SMALLCAP,26434.33,-1.15
2022-08-17,BSE_SMALLCAP,26732.53,1.13
2022-08-18,BSE_SMALLCAP,27429.18,2.6100000000000003
2022-08-19,BSE_SMALLCAP,27360.27,-0.25
2022-08-22,BSE_SMALLCAP,27663.3,1.11
2022-08-23,BSE_SMALLCAP,28039.98,1.3599999999999999
2022-08-24,BSE_SMALLCAP,28220.21,0.64
2022-08-25,BSE_SMALLCAP,28598.18,1.34
2022-08-26,BSE_SMALLCAP,28830.53,0.8099999999999999
2022-08-29,BSE_SMALLCAP,28474.91,-1.23
2022-08-30,BSE_SMALLCAP,27624.41,-2.9899999999999998
2022-08-31,BSE_SMALLCAP,27715.82,0.33
2022-09-01,BSE_SMALLCAP,27646.84,-0.25
2022-09-02,BSE_SMALLCAP,27049.82,-2.16
2022-09-05,BSE_SMALLCAP,26988.5,-0.22999999999999998
2022-09-06,BSE_SMALLCAP,26957.43,-0.12
2022-09-07,BSE_SMALLCAP,27088.73,0.49
2022-09-08,BSE_SMALLCAP,27530.17,1.63
2022-09-09,BSE_SMALLCAP,27243.29,-1.04
2022-09-12,BSE_SMALLCAP,26493.84,-2.75
2022-09-13,BSE_SMALLCAP,26365.48,-0.48
2022-09-14,BSE_SMALLCAP,26683.67,1.21
2022-09-15,BSE_SMALLCAP,27202.57,1.94
2022-09-16,BSE_SMALLCAP,26995.6,-0.76
2022-09-19,BSE_SMALLCAP,27234.79,0.89
2022-09-20,BSE_SMALLCAP,26841.93,-1.44
2022-09-21,BSE_SMALLCAP,26863.67,0.08
2022-09-22,BSE_SMALLCAP,25841.96,-3.8
2022-09-23,BSE_SMALLCAP,25743.31,-0.38
2022-09-26,BSE_SMALLCAP,25876.15,0.52
2022-09-27,BSE_SMALLCAP,25730.42,-0.5599999999999999
2022-09-28,BSE_SMALLCAP,25252.67,-1.8599999999999999
2022-09-29,BSE_SMALLCAP,25297.88,0.18
2022-09-30,BSE_SMALLCAP,25960.24,2.62
2022-10-03,BSE_SMALLCAP,25681.36,-1.0699999999999998
2022-10-04,BSE_SMALLCAP,25446.41,-0.91
2022-10-05,BSE_SMALLCAP,25380.02,-0.26
2022-10-06,BSE_SMALLCAP,25990.58,2.41
2022-10-07,BSE_SMALLCAP,25533.02,-1.76
2022-10-10,BSE_SMALLCAP,25280.35,-0.9900000000000001
2022-10-11,BSE_SMALLCAP,25536.38,1.01
2022-10-12,BSE_SMALLCAP,25120.8,-1.63
2022-10-13,BSE_SMALLCAP,24841.79,-1.11
2022-10-14,BSE_SMALLCAP,25478.64,2.56
2022-10-17,BSE_SMALLCAP,26121.27,2.52
2022-10-18,BSE_SMALLCAP,26354.64,0.89
2022-10-19,BSE_SMALLCAP,26493.76,0.53
2022-10-20,BSE_SMALLCAP,26297.74,-0.74
2022-10-21,BSE_SMALLCAP,26318.14,0.08
2022-10-24,BSE_SMALLCAP,26059.94,-0.98
2022-10-25,BSE_SMALLCAP,26632.96,2.1999999999999997
2022-10-26,BSE_SMALLCAP,26706.23,0.27999999999999997
2022-10-27,BSE_SMALLCAP,26667.86,-0.13999999999999999
2022-10-28,BSE_SMALLCAP,26707.0,0.15
2022-10-31,BSE_SMALLCAP,26491.69,-0.8099999999999999
2022-11-01,BSE_SMALLCAP,26700.01,0.79
2022-11-02,BSE_SMALLCAP,26637.64,-0.22999999999999998
2022-11-03,BSE_SMALLCAP,27752.52,4.19
2022-11-04,BSE_SMALLCAP,27604.73,-0.53
2022-11-07,BSE_SMALLCAP,27946.12,1.24
2022-11-08,BSE_SMALLCAP,28690.65,2.6599999999999997
2022-11-09,BSE_SMALLCAP,27622.31,-3.7199999999999998
2022-11-10,BSE_SMALLCAP,27477.8,-0.52
2022-11-11,BSE_SMALLCAP,28086.31,2.21
2022-11-14,BSE_SMALLCAP,27244.48,-3.0
2022-11-15,BSE_SMALLCAP,27719.02,1.7399999999999998
2022-11-16,BSE_SMALLCAP,27865.23,0.53
2022-11-17,BSE_SMALLCAP,28487.28,2.23
2022-11-18,BSE_SMALLCAP,28389.71,-0.33999999999999997
2022-11-21,BSE_SMALLCAP,28514.47,0.44
2022-11-22,BSE_SMALLCAP,28075.96,-1.54
2022-11-23,BSE_SMALLCAP,28007.33,-0.24
2022-11-24,BSE_SMALLCAP,27727.05,-1.0
2022-11-25,BSE_SMALLCAP,27522.75,-0.74
2022-11-28,BSE_SMALLCAP,27599.18,0.27999999999999997
2022-11-29,BSE_SMALLCAP,27320.7,-1.01
2022-11-30,BSE_SMALLCAP,26507.41,-2.98
2022-12-01,BSE_SMALLCAP,26616.42,0.41000000000000003
2022-12-02,BSE_SMALLCAP,26715.71,0.37
2022-12-05,BSE_SMALLCAP,27011.5,1.11
2022-12-06,BSE_SMALLCAP,27028.43,0.06
2022-12-07,BSE_SMALLCAP,26644.82,-1.4200000000000002
2022-12-08,BSE_SMALLCAP,27233.46,2.21
2022-12-09,BSE_SMALLCAP,27125.2,-0.4
2022-12-12,BSE_SMALLCAP,26782.2,-1.26
2022-12-13,BSE_SMALLCAP,27347.04,2.11
2022-12-14,BSE_SMALLCAP,28019.79,2.46
2022-12-15,BSE_SMALLCAP,26985.68,-3.6900000000000004
2022-12-16,BSE_SMALLCAP,26660.06,-1.21
2022-12-19,BSE_SMALLCAP,26611.41,-0.18
2022-12-20,BSE_SMALLCAP,26733.39,0.45999999999999996
2022-12-21,BSE_SMALLCAP,26996.14,0.98
2022-12-22,BSE_SMALLCAP,27974.84,3.63
2022-12-23,BSE_SMALLCAP,27572.94,-1.44
2022-12-26,BSE_SMALLCAP,27652.79,0.29
2022-12-27,BSE_SMALLCAP,27112.64,-1.95
2022-12-28,BSE_SMALLCAP,27217.46,0.38999999999999996
2022-12-29,BSE_SMALLCAP,27869.89,2.4
2022-12-30,BSE_SMALLCAP,26829.94,-3.73
2023-01-02,BSE_SMALLCAP,26319.71,-1.9
2023-01-03,BSE_SMALLCAP,26625.99,1.16
2023-01-04,BSE_SMALLCAP,26945.39,1.2
2023-01-05,BSE_SMALLCAP,26656.53,-1.0699999999999998
2023-01-06,BSE_SMALLCAP,26979.32,1.21
2023-01-09,BSE_SMALLCAP,27491.18,1.9
2023-01-10,BSE_SMALLCAP,27721.88,0.84
2023-01-11,BSE_SMALLCAP,28308.89,2.12
2023-01-12,BSE_SMALLCAP,28456.61,0.52
2023-01-13,BSE_SMALLCAP,28373.67,-0.29
2023-01-16,BSE_SMALLCAP,28506.27,0.47000000000000003
2023-01-17,BSE_SMALLCAP,28862.01,1.25
2023-01-18,BSE_SMALLCAP,28244.49,-2.1399999999999997
2023-01-19,BSE_SMALLCAP,28370.68,0.44999999999999996
2023-01-20,BSE_SMALLCAP,28340.36,-0.11
2023-01-23,BSE_SMALLCAP,28152.72,-0.66
2023-01-24,BSE_SMALLCAP,27733.13,-1.49
2023-01-25,BSE_SMALLCAP,27038.85,-2.5
2023-01-26,BSE_SMALLCAP,26865.0,-0.64
2023-01-27,BSE_SMALLCAP,26663.21,-0.75
2023-01-30,BSE_SMALLCAP,27032.92,1.39
2023-01-31,BSE_SMALLCAP,27479.07,1.6500000000000001
2023-02-01,BSE_SMALLCAP,27175.46,-1.0999999999999999
2023-02-02,BSE_SMALLCAP,26871.75,-1.1199999999999999
2023-02-03,BSE_SMALLCAP,26682.32,-0.7000000000000001
2023-02-06,BSE_SMALLCAP,27118.76,1.6400000000000001
2023-02-07,BSE_SMALLCAP,26886.79,-0.86
2023-02-08,BSE_SMALLCAP,27648.21,2.83
2023-02-09,BSE_SMALLCAP,27716.21,0.25
2023-02-10,BSE_SMALLCAP,27906.7,0.69
2023-02-13,BSE_SMALLCAP,27745.16,-0.58
2023-02-14,BSE_SMALLCAP,28395.1,2.34
2023-02-15,BSE_SMALLCAP,28587.01,0.6799999999999999
2023-02-16,BSE_SMALLCAP,28417.7,-0.59
2023-02-17,BSE_SMALLCAP,27923.07,-1.7399999999999998
2023-02-20,BSE_SMALLCAP,28210.37,1.03
2023-02-21,BSE_SMALLCAP,27981.12,-0.8099999999999999
2023-02-22,BSE_SMALLCAP,27932.27,-0.16999999999999998
2023-02-23,BSE_SMALLCAP,27591.83,-1.22
2023-02-24,BSE_SMALLCAP,27260.96,-1.2
2023-02-27,BSE_SMALLCAP,27050.6,-0.77
2023-02-28,BSE_SMALLCAP,27045.63,-0.02
2023-03-01,BSE_SMALLCAP,26623.1,-1.5599999999999998
2023-03-02,BSE_SMALLCAP,26549.03,-0.27999999999999997
2023-03-03,BSE_SMALLCAP,26304.3,-0.9199999999999999
2023-03-06,BSE_SMALLCAP,26278.84,-0.1
2023-03-07,BSE_SMALLCAP,26633.83,1.35
2023-03-08,BSE_SMALLCAP,26730.38,0.36
2023-03-09,BSE_SMALLCAP,26524.9,-0.77
2023-03-10,BSE_SMALLCAP,26526.22,0.0
2023-03-13,BSE_SMALLCAP,26765.75,0.8999999999999999
2023-03-14,BSE_SMALLCAP,27046.37,1.05
2023-03-15,BSE_SMALLCAP,27143.73,0.36
2023-03-16,BSE_SMALLCAP,27848.3,2.6
2023-03-17,BSE_SMALLCAP,27529.04,-1.15
2023-03-20,BSE_SMALLCAP,27750.68,0.8099999999999999
2023-03-21,BSE_SMALLCAP,27744.49,-0.02
2023-03-22,BSE_SMALLCAP,28159.19,1.49
2023-03-23,BSE_SMALLCAP,28183.23,0.09
2023-03-24,BSE_SMALLCAP,29029.68,3.0
2023-03-27,BSE_SMALLCAP,29086.31,0.2
2023-03-28,BSE_SMALLCAP,29404.31,1.09
2023-03-29,BSE_SMALLCAP,29343.92,-0.21
2023-03-30,BSE_SMALLCAP,29504.71,0.5499999999999999
2023-03-31,BSE_SMALLCAP,29276.56,-0.77
2023-04-03,BSE_SMALLCAP,29472.3,0.67
2023-04-04,BSE_SMALLCAP,28701.76,-2.6100000000000003
2023-04-05,BSE_SMALLCAP,28508.84,-0.67
2023-04-06,BSE_SMALLCAP,28257.51,-0.88
2023-04-07,BSE_SMALLCAP,29033.77,2.75
2023-04-10,BSE_SMALLCAP,28763.73,-0.9299999999999999
2023-04-11,BSE_SMALLCAP,28591.86,-0.6
2023-04-12,BSE_SMALLCAP,28311.79,-0.98
2023-04-13,BSE_SMALLCAP,28493.92,0.64
2023-04-14,BSE_SMALLCAP,28383.3,-0.38999999999999996
2023-04-17,BSE_SMALLCAP,28224.95,-0.5599999999999999
2023-04-18,BSE_SMALLCAP,29094.78,3.08
2023-04-19,BSE_SMALLCAP,29177.41,0.27999999999999997
2023-04-20,BSE_SMALLCAP,29473.93,1.02
2023-04-21,BSE_SMALLCAP,29661.79,0.64
2023-04-24,BSE_SMALLCAP,29339.61,-1.09
2023-04-25,BSE_SMALLCAP,29126.16,-0.73
2023-04-26,BSE_SMALLCAP,28697.68,-1.47
2023-04-27,BSE_SMALLCAP,28233.41,-1.6199999999999999
2023-04-28,BSE_SMALLCAP,28267.09,0.12
2023-05-01,BSE_SMALLCAP,28326.79,0.21
2023-05-02,BSE_SMALLCAP,28296.73,-0.11
2023-05-03,BSE_SMALLCAP,28464.9,0.59
2023-05-04,BSE_SMALLCAP,28419.55,-0.16
2023-05-05,BSE_SMALLCAP,28932.47,1.7999999999999998
2023-05-08,BSE_SMALLCAP,28753.15,-0.62
2023-05-09,BSE_SMALLCAP,29167.28,1.44
2023-05-10,BSE_SMALLCAP,29495.28,1.1199999999999999
2023-05-11,BSE_SMALLCAP,28486.5,-3.42
2023-05-12,BSE_SMALLCAP,27916.81,-2.0
2023-05-15,BSE_SMALLCAP,27276.83,-2.29
2023-05-16,BSE_SMALLCAP,27410.84,0.49
2023-05-17,BSE_SMALLCAP,27020.31,-1.4200000000000002
2023-05-18,BSE_SMALLCAP,27433.6,1.53
2023-05-19,BSE_SMALLCAP,27040.02,-1.43
2023-05-22,BSE_SMALLCAP,27125.66,0.32
2023-05-23,BSE_SMALLCAP,26766.34,-1.32
2023-05-24,BSE_SMALLCAP,26998.58,0.8699999999999999
2023-05-25,BSE_SMALLCAP,26898.61,-0.37
2023-05-26,BSE_SMALLCAP,26749.94,-0.5499999999999999
2023-05-29,BSE_SMALLCAP,26515.15,-0.88
2023-05-30,BSE_SMALLCAP,26129.72,-1.4500000000000002
2023-05-31,BSE_SMALLCAP,26279.51,0.5700000000000001
2023-06-01,BSE_SMALLCAP,26051.42,-0.8699999999999999
2023-06-02,BSE_SMALLCAP,26949.53,3.45
2023-06-05,BSE_SMALLCAP,27569.9,2.3
2023-06-06,BSE_SMALLCAP,27487.27,-0.3
2023-06-07,BSE_SMALLCAP,27350.33,-0.5
2023-06-08,BSE_SMALLCAP,27296.16,-0.2
2023-06-09,BSE_SMALLCAP,27889.4,2.17
2023-06-12,BSE_SMALLCAP,28734.98,3.0300000000000002
2023-06-13,BSE_SMALLCAP,27982.17,-2.62
2023-06-14,BSE_SMALLCAP,28525.82,1.94
2023-06-15,BSE_SMALLCAP,28432.07,-0.33
2023-06-16,BSE_SMALLCAP,28129.75,-1.06
2023-06-19,BSE_SMALLCAP,28589.56,1.63
2023-06-20,BSE_SMALLCAP,28642.34,0.18
2023-06-21,BSE_SMALLCAP,29211.43,1.9900000000000002
2023-06-22,BSE_SMALLCAP,29620.48,1.4000000000000001
2023-06-23,BSE_SMALLCAP,29778.37,0.53
2023-06-26,BSE_SMALLCAP,30477.38,2.35
2023-06-27,BSE_SMALLCAP,30434.97,-0.13999999999999999
2023-06-28,BSE_SMALLCAP,29997.23,-1.44
2023-06-29,BSE_SMALLCAP,30827.26,2.77
2023-06-30,BSE_SMALLCAP,30748.14,-0.26
2023-07-03,BSE_SMALLCAP,30844.17,0.31
2023-07-04,BSE_SMALLCAP,30626.53,-0.7100000000000001
2023-07-05,BSE_SMALLCAP,30691.23,0.21
2023-07-06,BSE_SMALLCAP,30849.58,0.52
2023-07-07,BSE_SMALLCAP,30399.48,-1.46
2023-07-10,BSE_SMALLCAP,29965.02,-1.43
2023-07-11,BSE_SMALLCAP,29621.69,-1.15
2023-07-12,BSE_SMALLCAP,29590.55,-0.11
2023-07-13,BSE_SMALLCAP,29790.0,0.67
2023-07-14,BSE_SMALLCAP,30351.62,1.8900000000000001
2023-07-17,BSE_SMALLCAP,31422.38,3.53
2023-07-18,BSE_SMALLCAP,31523.16,0.32
2023-07-19,BSE_SMALLCAP,31349.07,-0.5499999999999999
2023-07-20,BSE_SMALLCAP,30353.51,-3.18
2023-07-21,BSE_SMALLCAP,30484.41,0.43
2023-07-24,BSE_SMALLCAP,30434.28,-0.16
2023-07-25,BSE_SMALLCAP,30305.69,-0.42
2023-07-26,BSE_SMALLCAP,30052.41,-0.84
2023-07-27,BSE_SMALLCAP,29814.18,-0.79
2023-07-28,BSE_SMALLCAP,29971.67,0.53
2023-07-31,BSE_SMALLCAP,30261.21,0.97
2023-08-01,BSE_SMALLCAP,30271.81,0.04
2023-08-02,BSE_SMALLCAP,30625.64,1.17
2023-08-03,BSE_SMALLCAP,31199.01,1.87
2023-08-04,BSE_SMALLCAP,31181.08,-0.06
2023-08-07,BSE_SMALLCAP,31736.8,1.78
2023-08-08,BSE_SMALLCAP,31343.06,-1.24
2023-08-09,BSE_SMALLCAP,31491.68,0.47000000000000003
2023-08-10,BSE_SMALLCAP,31347.35,-0.45999999999999996
2023-08-11,BSE_SMALLCAP,31584.09,0.76
2023-08-14,BSE_SMALLCAP,30676.35,-2.87
2023-08-15,BSE_SMALLCAP,31203.05,1.72
2023-08-16,BSE_SMALLCAP,31204.5,0.0
2023-08-17,BSE_SMALLCAP,31415.25,0.6799999999999999
2023-08-18,BSE_SMALLCAP,31097.04,-1.01
2023-08-21,BSE_SMALLCAP,31847.62,2.41
2023-08-22,BSE_SMALLCAP,32022.95,0.5499999999999999
2023-08-23,BSE_SMALLCAP,31877.62,-0.44999999999999996
2023-08-24,BSE_SMALLCAP,30986.61,-2.8000000000000003
2023-08-25,BSE_SMALLCAP,30859.64,-0.41000000000000003
2023-08-28,BSE_SMALLCAP,29904.82,-3.09
2023-08-29,BSE_SMALLCAP,29979.19,0.25
2023-08-30,BSE_SMALLCAP,30247.27,0.89
2023-08-31,BSE_SMALLCAP,30567.67,1.06
2023-09-01,BSE_SMALLCAP,30227.95,-1.11
2023-09-04,BSE_SMALLCAP,29985.37,-0.8
2023-09-05,BSE_SMALLCAP,29968.13,-0.06
2023-09-06,BSE_SMALLCAP,29762.89,-0.6799999999999999
2023-09-07,BSE_SMALLCAP,29106.84,-2.1999999999999997
2023-09-08,BSE_SMALLCAP,28878.35,-0.79
2023-09-11,BSE_SMALLCAP,29059.36,0.63
2023-09-12,BSE_SMALLCAP,28895.48,-0.5599999999999999
2023-09-13,BSE_SMALLCAP,28822.07,-0.25
2023-09-14,BSE_SMALLCAP,28635.46,-0.65
2023-09-15,BSE_SMALLCAP,29601.16,3.37
2023-09-18,BSE_SMALLCAP,29673.85,0.25
2023-09-19,BSE_SMALLCAP,29787.26,0.38
2023-09-20,BSE_SMALLCAP,29573.41,-0.72
2023-09-21,BSE_SMALLCAP,29789.24,0.73
2023-09-22,BSE_SMALLCAP,29851.06,0.21
2023-09-25,BSE_SMALLCAP,29160.16,-2.31
2023-09-26,BSE_SMALLCAP,29792.45,2.17
2023-09-27,BSE_SMALLCAP,29768.41,-0.08
2023-09-28,BSE_SMALLCAP,30011.8,0.8200000000000001
2023-09-29,BSE_SMALLCAP,29770.23,-0.8
2023-10-02,BSE_SMALLCAP,29976.65,0.69
2023-10-03,BSE_SMALLCAP,30276.32,1.0
2023-10-04,BSE_SMALLCAP,29689.29,-1.94
2023-10-05,BSE_SMALLCAP,29926.01,0.8
2023-10-06,BSE_SMALLCAP,29902.95,-0.08
2023-10-09,BSE_SMALLCAP,29500.98,-1.34
2023-10-10,BSE_SMALLCAP,30214.47,2.42
2023-10-11,BSE_SMALLCAP,29847.52,-1.21
2023-10-12,BSE_SMALLCAP,29965.71,0.4
2023-10-13,BSE_SMALLCAP,29475.99,-1.63
2023-10-16,BSE_SMALLCAP,29050.28,-1.44
2023-10-17,BSE_SMALLCAP,29500.91,1.55
2023-10-18,BSE_SMALLCAP,29378.69,-0.41000000000000003
2023-10-19,BSE_SMALLCAP,29993.32,2.09
2023-10-20,BSE_SMALLCAP,29843.74,-0.5
2023-10-23,BSE_SMALLCAP,29677.05,-0.5599999999999999
2023-10-24,BSE_SMALLCAP,29386.6,-0.98
2023-10-25,BSE_SMALLCAP,29207.64,-0.61
2023-10-26,BSE_SMALLCAP,29480.18,0.9299999999999999
2023-10-27,BSE_SMALLCAP,29536.7,0.19
2023-10-30,BSE_SMALLCAP,29432.26,-0.35000000000000003
2023-10-31,BSE_SMALLCAP,29736.37,1.03
2023-11-01,BSE_SMALLCAP,29985.49,0.84
2023-11-02,BSE_SMALLCAP,29890.89,-0.32
2023-11-03,BSE_SMALLCAP,30550.91,2.21
2023-11-06,BSE_SMALLCAP,29926.42,-2.04
2023-11-07,BSE_SMALLCAP,30116.75,0.64
2023-11-08,BSE_SMALLCAP,30087.01,-0.1
2023-11-09,BSE_SMALLCAP,30319.07,0.77
2023-11-10,BSE_SMALLCAP,30384.65,0.22
2023-11-13,BSE_SMALLCAP,30517.29,0.44
2023-11-14,BSE_SMALLCAP,29791.34,-2.3800000000000003
2023-11-15,BSE_SMALLCAP,29906.17,0.38999999999999996
2023-11-16,BSE_SMALLCAP,30363.05,1.53
2023-11-17,BSE_SMALLCAP,30131.52,-0.76
2023-11-20,BSE_SMALLCAP,30572.19,1.46
2023-11-21,BSE_SMALLCAP,30444.61,-0.42
2023-11-22,BSE_SMALLCAP,30217.12,-0.75
2023-11-23,BSE_SMALLCAP,30000.97,-0.72
2023-11-24,BSE_SMALLCAP,29600.64,-1.3299999999999998
2023-11-27,BSE_SMALLCAP,29651.28,0.16999999999999998
2023-11-28,BSE_SMALLCAP,29416.95,-0.79
2023-11-29,BSE_SMALLCAP,29215.48,-0.6799999999999999
2023-11-30,BSE_SMALLCAP,28960.4,-0.8699999999999999
2023-12-01,BSE_SMALLCAP,29112.78,0.53
2023-12-04,BSE_SMALLCAP,28626.99,-1.67
2023-12-05,BSE_SMALLCAP,28883.51,0.8999999999999999
2023-12-06,BSE_SMALLCAP,29105.97,0.77
2023-12-07,BSE_SMALLCAP,29332.73,0.7799999999999999
2023-12-08,BSE_SMALLCAP,28957.48,-1.28
2023-12-11,BSE_SMALLCAP,29074.15,0.4
2023-12-12,BSE_SMALLCAP,29625.29,1.9
2023-12-13,BSE_SMALLCAP,29154.4,-1.59
2023-12-14,BSE_SMALLCAP,29248.55,0.32
2023-12-15,BSE_SMALLCAP,28821.01,-1.46
2023-12-18,BSE_SMALLCAP,28732.52,-0.31
2023-12-19,BSE_SMALLCAP,28740.08,0.03
2023-12-20,BSE_SMALLCAP,28509.29,-0.8
2023-12-21,BSE_SMALLCAP,28234.42,-0.96
2023-12-22,BSE_SMALLCAP,28355.05,0.43
2023-12-25,BSE_SMALLCAP,27980.85,-1.32
2023-12-26,BSE_SMALLCAP,28201.98,0.79
2023-12-27,BSE_SMALLCAP,28911.6,2.52
2023-12-28,BSE_SMALLCAP,28424.4,-1.69
2023-12-29,BSE_SMALLCAP,27922.2,-1.77
2024-01-01,BSE_SMALLCAP,27361.38,-2.01
2024-01-02,BSE_SMALLCAP,27200.79,-0.59
2024-01-03,BSE_SMALLCAP,27545.85,1.27
2024-01-04,BSE_SMALLCAP,27930.0,1.39
2024-01-05,BSE_SMALLCAP,28113.62,0.66
2024-01-08,BSE_SMALLCAP,28211.95,0.35000000000000003
2024-01-09,BSE_SMALLCAP,28735.72,1.8599999999999999
2024-01-10,BSE_SMALLCAP,28561.91,-0.6
2024-01-11,BSE_SMALLCAP,28804.51,0.8500000000000001
2024-01-12,BSE_SMALLCAP,29629.21,2.86
2024-01-15,BSE_SMALLCAP,30161.77,1.7999999999999998
2024-01-16,BSE_SMALLCAP,29718.08,-1.47
2024-01-17,BSE_SMALLCAP,29501.59,-0.73
2024-01-18,BSE_SMALLCAP,30366.65,2.93
2024-01-19,BSE_SMALLCAP,30146.9,-0.72
2024-01-22,BSE_SMALLCAP,30844.19,2.31
2024-01-23,BSE_SMALLCAP,30682.12,-0.53
2024-01-24,BSE_SMALLCAP,30619.5,-0.2
2024-01-25,BSE_SMALLCAP,30254.09,-1.1900000000000002
2024-01-26,BSE_SMALLCAP,29963.82,-0.96
2024-01-29,BSE_SMALLCAP,29904.13,-0.2
2024-01-30,BSE_SMALLCAP,30002.13,0.33
2024-01-31,BSE_SMALLCAP,29856.53,-0.49
2024-02-01,BSE_SMALLCAP,30169.22,1.05
2024-02-02,BSE_SMALLCAP,30023.74,-0.48
2024-02-05,BSE_SMALLCAP,29197.88,-2.75
2024-02-06,BSE_SMALLCAP,29134.83,-0.22
2024-02-07,BSE_SMALLCAP,28965.0,-0.58
2024-02-08,BSE_SMALLCAP,29589.39,2.16
2024-02-09,BSE_SMALLCAP,29980.46,1.32
2024-02-12,BSE_SMALLCAP,30417.75,1.46
2024-02-13,BSE_SMALLCAP,30737.34,1.05
2024-02-14,BSE_SMALLCAP,30947.09,0.6799999999999999
2024-02-15,BSE_SMALLCAP,31156.93,0.6799999999999999
2024-02-16,BSE_SMALLCAP,31580.57,1.3599999999999999
2024-02-19,BSE_SMALLCAP,31858.23,0.88
2024-02-20,BSE_SMALLCAP,31648.99,-0.66
2024-02-21,BSE_SMALLCAP,31056.46,-1.87
2024-02-22,BSE_SMALLCAP,30276.6,-2.5100000000000002
2024-02-23,BSE_SMALLCAP,29943.68,-1.0999999999999999
2024-02-26,BSE_SMALLCAP,29661.0,-0.9400000000000001
2024-02-27,BSE_SMALLCAP,29643.18,-0.06
2024-02-28,BSE_SMALLCAP,29613.75,-0.1
2024-02-29,BSE_SMALLCAP,30357.45,2.5100000000000002
2024-03-01,BSE_SMALLCAP,30616.47,0.8500000000000001
2024-03-04,BSE_SMALLCAP,30323.31,-0.96
2024-03-05,BSE_SMALLCAP,30927.26,1.9900000000000002
2024-03-06,BSE_SMALLCAP,30850.89,-0.25
2024-03-07,BSE_SMALLCAP,31116.28,0.86
2024-03-08,BSE_SMALLCAP,31341.27,0.72
2024-03-11,BSE_SMALLCAP,31381.24,0.13
2024-03-12,BSE_SMALLCAP,32025.15,2.0500000000000003
2024-03-13,BSE_SMALLCAP,31789.63,-0.74
2024-03-14,BSE_SMALLCAP,31869.11,0.25
2024-03-15,BSE_SMALLCAP,31495.76,-1.17
2024-03-18,BSE_SMALLCAP,31671.72,0.5599999999999999
2024-03-19,BSE_SMALLCAP,31873.85,0.64
2024-03-20,BSE_SMALLCAP,31934.59,0.19
2024-03-21,BSE_SMALLCAP,31987.56,0.16999999999999998
2024-03-22,BSE_SMALLCAP,31932.93,-0.16999999999999998
2024-03-25,BSE_SMALLCAP,32122.98,0.6
2024-03-26,BSE_SMALLCAP,32422.55,0.9299999999999999
2024-03-27,BSE_SMALLCAP,31905.46,-1.59
2024-03-28,BSE_SMALLCAP,31805.71,-0.31
2024-03-29,BSE_SMALLCAP,31669.24,-0.43
2024-04-01,BSE_SMALLCAP,31983.58,0.9900000000000001
2024-04-02,BSE_SMALLCAP,32546.98,1.76
2024-04-03,BSE_SMALLCAP,32763.83,0.67
2024-04-04,BSE_SMALLCAP,32852.35,0.27
2024-04-05,BSE_SMALLCAP,32527.53,-0.9900000000000001
2024-04-08,BSE_SMALLCAP,33401.58,2.69
2024-04-09,BSE_SMALLCAP,33000.86,-1.2
2024-04-10,BSE_SMALLCAP,32454.97,-1.6500000000000001
2024-04-11,BSE_SMALLCAP,32803.63,1.0699999999999998
2024-04-12,BSE_SMALLCAP,32595.18,-0.64
2024-04-15,BSE_SMALLCAP,32965.92,1.1400000000000001
2024-04-16,BSE_SMALLCAP,33650.78,2.08
2024-04-17,BSE_SMALLCAP,33550.26,-0.3
2024-04-18,BSE_SMALLCAP,33787.06,0.7100000000000001
2024-04-19,BSE_SMALLCAP,33602.75,-0.5499999999999999
2024-04-22,BSE_SMALLCAP,33661.25,0.16999999999999998
2024-04-23,BSE_SMALLCAP,33625.6,-0.11
2024-04-24,BSE_SMALLCAP,34100.33,1.41
2024-04-25,BSE_SMALLCAP,33867.82,-0.6799999999999999
2024-04-26,BSE_SMALLCAP,33577.05,-0.86
2024-04-29,BSE_SMALLCAP,33509.29,-0.2
2024-04-30,BSE_SMALLCAP,33842.75,1.0
2024-05-01,BSE_SMALLCAP,33493.93,-1.03
2024-05-02,BSE_SMALLCAP,32972.81,-1.5599999999999998
2024-05-03,BSE_SMALLCAP,33538.08,1.71
2024-05-06,BSE_SMALLCAP,32543.93,-2.96
2024-05-07,BSE_SMALLCAP,31984.81,-1.72
2024-05-08,BSE_SMALLCAP,32983.03,3.1199999999999997
2024-05-09,BSE_SMALLCAP,32214.92,-2.33
2024-05-10,BSE_SMALLCAP,32043.0,-0.53
2024-05-13,BSE_SMALLCAP,31778.86,-0.8200000000000001
2024-05-14,BSE_SMALLCAP,30806.42,-3.06
2024-05-15,BSE_SMALLCAP,30402.73,-1.31
2024-05-16,BSE_SMALLCAP,30536.45,0.44
2024-05-17,BSE_SMALLCAP,30879.61,1.1199999999999999
2024-05-20,BSE_SMALLCAP,31377.87,1.6099999999999999
2024-05-21,BSE_SMALLCAP,31238.09,-0.44999999999999996
2024-05-22,BSE_SMALLCAP,30469.31,-2.46
2024-05-23,BSE_SMALLCAP,30512.96,0.13999999999999999
2024-05-24,BSE_SMALLCAP,31121.98,2.0
2024-05-27,BSE_SMALLCAP,31809.83,2.21
2024-05-28,BSE_SMALLCAP,32268.94,1.44
2024-05-29,BSE_SMALLCAP,31687.7,-1.7999999999999998
2024-05-30,BSE_SMALLCAP,31624.96,-0.2
2024-05-31,BSE_SMALLCAP,31748.58,0.38999999999999996
2024-06-03,BSE_SMALLCAP,31944.41,0.62
2024-06-04,BSE_SMALLCAP,31188.91,-2.37
2024-06-05,BSE_SMALLCAP,32113.4,2.96
2024-06-06,BSE_SMALLCAP,32729.43,1.92
2024-06-07,BSE_SMALLCAP,32751.58,0.06999999999999999
2024-06-10,BSE_SMALLCAP,32833.07,0.25
2024-06-11,BSE_SMALLCAP,32629.81,-0.62
2024-06-12,BSE_SMALLCAP,33217.28,1.7999999999999998
2024-06-13,BSE_SMALLCAP,32712.14,-1.52
2024-06-14,BSE_SMALLCAP,32787.1,0.22999999999999998
2024-06-17,BSE_SMALLCAP,32431.97,-1.08
2024-06-18,BSE_SMALLCAP,32447.21,0.05
2024-06-19,BSE_SMALLCAP,33000.73,1.71
2024-06-20,BSE_SMALLCAP,32731.29,-0.8200000000000001
2024-06-21,BSE_SMALLCAP,32836.97,0.32
2024-06-24,BSE_SMALLCAP,32802.32,-0.11
2024-06-25,BSE_SMALLCAP,32493.34,-0.9400000000000001
2024-06-26,BSE_SMALLCAP,32239.44,-0.7799999999999999
2024-06-27,BSE_SMALLCAP,31992.44,-0.77
2024-06-28,BSE_SMALLCAP,31224.26,-2.4
2024-07-01,BSE_SMALLCAP,31178.79,-0.15
2024-07-02,BSE_SMALLCAP,31234.74,0.18
2024-07-03,BSE_SMALLCAP,30607.32,-2.01
2024-07-04,BSE_SMALLCAP,30437.49,-0.5499999999999999
2024-07-05,BSE_SMALLCAP,30364.12,-0.24
2024-07-08,BSE_SMALLCAP,30728.06,1.2
2024-07-09,BSE_SMALLCAP,31494.07,2.4899999999999998
2024-07-10,BSE_SMALLCAP,31688.88,0.62
2024-07-11,BSE_SMALLCAP,31112.04,-1.82
2024-07-12,BSE_SMALLCAP,30737.86,-1.2
2024-07-15,BSE_SMALLCAP,30791.16,0.16999999999999998
2024-07-16,BSE_SMALLCAP,30620.54,-0.5499999999999999
2024-07-17,BSE_SMALLCAP,30625.44,0.02
2024-07-18,BSE_SMALLCAP,31001.15,1.23
2024-07-19,BSE_SMALLCAP,30949.63,-0.16999999999999998
2024-07-22,BSE_SMALLCAP,32039.98,3.52
2024-07-23,BSE_SMALLCAP,31369.39,-2.09
2024-07-24,BSE_SMALLCAP,31627.15,0.8200000000000001
2024-07-25,BSE_SMALLCAP,30926.4,-2.22
2024-07-26,BSE_SMALLCAP,30584.92,-1.0999999999999999
2024-07-29,BSE_SMALLCAP,30965.79,1.25
2024-07-30,BSE_SMALLCAP,30115.28,-2.75
2024-07-31,BSE_SMALLCAP,30261.13,0.48
2024-08-01,BSE_SMALLCAP,29765.26,-1.6400000000000001
2024-08-02,BSE_SMALLCAP,29757.68,-0.03
2024-08-05,BSE_SMALLCAP,29520.13,-0.8
2024-08-06,BSE_SMALLCAP,29546.99,0.09
2024-08-07,BSE_SMALLCAP,29731.45,0.62
2024-08-08,BSE_SMALLCAP,30192.46,1.55
2024-08-09,BSE_SMALLCAP,30272.31,0.26
2024-08-12,BSE_SMALLCAP,30553.49,0.9299999999999999
2024-08-13,BSE_SMALLCAP,30546.78,-0.02
2024-08-14,BSE_SMALLCAP,30005.06,-1.77
2024-08-15,BSE_SMALLCAP,29556.16,-1.5
2024-08-16,BSE_SMALLCAP,30195.11,2.16
2024-08-19,BSE_SMALLCAP,29709.82,-1.6099999999999999
2024-08-20,BSE_SMALLCAP,29809.66,0.33999999999999997
2024-08-21,BSE_SMALLCAP,29903.18,0.31
2024-08-22,BSE_SMALLCAP,29973.56,0.24
2024-08-23,BSE_SMALLCAP,30423.16,1.5
2024-08-26,BSE_SMALLCAP,30173.77,-0.8200000000000001
2024-08-27,BSE_SMALLCAP,30106.91,-0.22
2024-08-28,BSE_SMALLCAP,29986.43,-0.4
2024-08-29,BSE_SMALLCAP,29080.05,-3.02
2024-08-30,BSE_SMALLCAP,28795.65,-0.98
2024-09-02,BSE_SMALLCAP,29244.94,1.5599999999999998
2024-09-03,BSE_SMALLCAP,30098.31,2.92
2024-09-04,BSE_SMALLCAP,30519.2,1.4000000000000001
2024-09-05,BSE_SMALLCAP,30705.89,0.61
2024-09-06,BSE_SMALLCAP,30147.69,-1.82
2024-09-09,BSE_SMALLCAP,30246.83,0.33
2024-09-10,BSE_SMALLCAP,30309.89,0.21
2024-09-11,BSE_SMALLCAP,31331.8,3.37
2024-09-12,BSE_SMALLCAP,30604.27,-2.32
2024-09-13,BSE_SMALLCAP,30099.76,-1.6500000000000001
2024-09-16,BSE_SMALLCAP,30631.45,1.77
2024-09-17,BSE_SMALLCAP,31316.54,2.2399999999999998
2024-09-18,BSE_SMALLCAP,31483.12,0.53
2024-09-19,BSE_SMALLCAP,31346.65,-0.43
2024-09-20,BSE_SMALLCAP,31619.15,0.8699999999999999
2024-09-23,BSE_SMALLCAP,32611.3,3.1399999999999997
2024-09-24,BSE_SMALLCAP,32343.05,-0.8200000000000001
2024-09-25,BSE_SMALLCAP,32575.59,0.72
2024-09-26,BSE_SMALLCAP,32507.76,-0.21
2024-09-27,BSE_SMALLCAP,32697.99,0.59
2024-09-30,BSE_SMALLCAP,33076.34,1.16
2024-10-01,BSE_SMALLCAP,32831.98,-0.74
2024-10-02,BSE_SMALLCAP,33305.02,1.44
2024-10-03,BSE_SMALLCAP,33102.21,-0.61
2024-10-04,BSE_SMALLCAP,33389.76,0.8699999999999999
2024-10-07,BSE_SMALLCAP,32526.0,-2.59
2024-10-08,BSE_SMALLCAP,32895.33,1.1400000000000001
2024-10-09,BSE_SMALLCAP,32516.54,-1.15
2024-10-10,BSE_SMALLCAP,32315.15,-0.62
2024-10-11,BSE_SMALLCAP,31342.41,-3.01
2024-10-14,BSE_SMALLCAP,31267.26,-0.24
2024-10-15,BSE_SMALLCAP,31870.94,1.9300000000000002
2024-10-16,BSE_SMALLCAP,31208.8,-2.08
2024-10-17,BSE_SMALLCAP,31315.41,0.33999999999999997
2024-10-18,BSE_SMALLCAP,30464.24,-2.7199999999999998
2024-10-21,BSE_SMALLCAP,30422.67,-0.13999999999999999
2024-10-22,BSE_SMALLCAP,30808.72,1.27
2024-10-23,BSE_SMALLCAP,30784.4,-0.08
2024-10-24,BSE_SMALLCAP,31141.45,1.16
2024-10-25,BSE_SMALLCAP,30947.48,-0.62
2024-10-28,BSE_SMALLCAP,32098.9,3.7199999999999998
2024-10-29,BSE_SMALLCAP,32615.67,1.6099999999999999
2024-10-30,BSE_SMALLCAP,32733.86,0.36
2024-10-31,BSE_SMALLCAP,33543.71,2.4699999999999998
2024-11-01,BSE_SMALLCAP,34222.75,2.02
2024-11-04,BSE_SMALLCAP,33993.08,-0.67
2024-11-05,BSE_SMALLCAP,34254.28,0.77
2024-11-06,BSE_SMALLCAP,34138.45,-0.33999999999999997
2024-11-07,BSE_SMALLCAP,34600.55,1.35
2024-11-08,BSE_SMALLCAP,35387.83,2.2800000000000002
2024-11-11,BSE_SMALLCAP,34694.22,-1.96
2024-11-12,BSE_SMALLCAP,34776.37,0.24
2024-11-13,BSE_SMALLCAP,35513.76,2.12
2024-11-14,BSE_SMALLCAP,35915.63,1.13
2024-11-15,BSE_SMALLCAP,36154.89,0.67
2024-11-18,BSE_SMALLCAP,36723.84,1.5699999999999998
2024-11-19,BSE_SMALLCAP,36075.02,-1.77
2024-11-20,BSE_SMALLCAP,36386.2,0.86
2024-11-21,BSE_SMALLCAP,37040.06,1.7999999999999998
2024-11-22,BSE_SMALLCAP,37360.2,0.86
2024-11-25,BSE_SMALLCAP,36760.39,-1.6099999999999999
2024-11-26,BSE_SMALLCAP,36595.04,-0.44999999999999996
2024-11-27,BSE_SMALLCAP,36626.79,0.09
2024-11-28,BSE_SMALLCAP,36239.2,-1.06
2024-11-29,BSE_SMALLCAP,35814.92,-1.17
2024-12-02,BSE_SMALLCAP,36085.33,0.76
2024-12-03,BSE_SMALLCAP,36945.06,2.3800000000000003
2024-12-04,BSE_SMALLCAP,36017.96,-2.5100000000000002
2024-12-05,BSE_SMALLCAP,35803.23,-0.6
2024-12-06,BSE_SMALLCAP,35471.92,-0.9299999999999999
2024-12-09,BSE_SMALLCAP,36243.44,2.18
2024-12-10,BSE_SMALLCAP,36634.67,1.08
2024-12-11,BSE_SMALLCAP,37374.7,2.02
2024-12-12,BSE_SMALLCAP,37863.38,1.31
2024-12-13,BSE_SMALLCAP,38515.82,1.72
2024-12-16,BSE_SMALLCAP,38696.78,0.47000000000000003
2024-12-17,BSE_SMALLCAP,38980.65,0.73
2024-12-18,BSE_SMALLCAP,39293.25,0.8
2024-12-19,BSE_SMALLCAP,39339.46,0.12
2024-12-20,BSE_SMALLCAP,39370.34,0.08
2024-12-23,BSE_SMALLCAP,39658.63,0.73
2024-12-24,BSE_SMALLCAP,39935.01,0.7000000000000001
2024-12-25,BSE_SMALLCAP,40080.76,0.36
2024-12-26,BSE_SMALLCAP,40209.98,0.32
2024-12-27,BSE_SMALLCAP,40637.66,1.06
2024-12-30,BSE_SMALLCAP,40594.86,-0.11
2024-12-31,BSE_SMALLCAP,39942.39,-1.6099999999999999
2025-01-01,BSE_SMALLCAP,40085.12,0.36
2025-01-02,BSE_SMALLCAP,39617.6,-1.17
2025-01-03,BSE_SMALLCAP,40220.72,1.52
2025-01-06,BSE_SMALLCAP,39923.38,-0.74
2025-01-07,BSE_SMALLCAP,39675.82,-0.62
2025-01-08,BSE_SMALLCAP,39933.13,0.65
2025-01-09,BSE_SMALLCAP,39955.18,0.06
2025-01-10,BSE_SMALLCAP,40644.33,1.72
2025-01-13,BSE_SMALLCAP,40555.66,-0.22
2025-01-14,BSE_SMALLCAP,40419.5,-0.33999999999999997
2025-01-15,BSE_SMALLCAP,40022.8,-0.98
2025-01-16,BSE_SMALLCAP,39398.85,-1.5599999999999998
2025-01-17,BSE_SMALLCAP,39140.44,-0.66
2025-01-20,BSE_SMALLCAP,39392.4,0.64
2025-01-21,BSE_SMALLCAP,40128.05,1.87
2025-01-22,BSE_SMALLCAP,40633.17,1.26
2025-01-23,BSE_SMALLCAP,40342.01,-0.72
2025-01-24,BSE_SMALLCAP,40461.7,0.3
2025-01-27,BSE_SMALLCAP,40506.36,0.11
2025-01-28,BSE_SMALLCAP,41191.47,1.69
2025-01-29,BSE_SMALLCAP,41979.28,1.91
2025-01-30,BSE_SMALLCAP,40891.03,-2.59
2025-01-31,BSE_SMALLCAP,41718.09,2.02
2025-02-03,BSE_SMALLCAP,40849.61,-2.08
2025-02-04,BSE_SMALLCAP,41033.82,0.44999999999999996
2025-02-05,BSE_SMALLCAP,39890.85,-2.79
2025-02-06,BSE_SMALLCAP,40485.18,1.49
2025-02-07,BSE_SMALLCAP,40324.49,-0.4
2025-02-10,BSE_SMALLCAP,40733.43,1.01
2025-02-11,BSE_SMALLCAP,40600.07,-0.33
2025-02-12,BSE_SMALLCAP,41179.76,1.43
2025-02-13,BSE_SMALLCAP,40268.16,-2.21
2025-02-14,BSE_SMALLCAP,40638.98,0.9199999999999999
2025-02-17,BSE_SMALLCAP,40903.68,0.65
2025-02-18,BSE_SMALLCAP,41146.18,0.59
2025-02-19,BSE_SMALLCAP,41469.68,0.79
2025-02-20,BSE_SMALLCAP,42157.23,1.66
2025-02-21,BSE_SMALLCAP,42768.28,1.4500000000000002
2025-02-24,BSE_SMALLCAP,41969.79,-1.87
2025-02-25,BSE_SMALLCAP,42066.62,0.22999999999999998
2025-02-26,BSE_SMALLCAP,42304.46,0.5700000000000001
2025-02-27,BSE_SMALLCAP,42295.84,-0.02
2025-02-28,BSE_SMALLCAP,42416.92,0.29
2025-03-03,BSE_SMALLCAP,42729.36,0.74
2025-03-04,BSE_SMALLCAP,43210.87,1.13
2025-03-05,BSE_SMALLCAP,43584.9,0.8699999999999999
2025-03-06,BSE_SMALLCAP,44141.31,1.28
2025-03-07,BSE_SMALLCAP,45395.01,2.8400000000000003
2025-03-10,BSE_SMALLCAP,45297.14,-0.22
2025-03-11,BSE_SMALLCAP,45245.3,-0.11
2025-03-12,BSE_SMALLCAP,45720.97,1.05
2025-03-13,BSE_SMALLCAP,45750.9,0.06999999999999999
2025-03-14,BSE_SMALLCAP,45569.23,-0.4
2025-03-17,BSE_SMALLCAP,45315.33,-0.5599999999999999
2025-03-18,BSE_SMALLCAP,45744.38,0.95
2025-03-19,BSE_SMALLCAP,46064.96,0.7000000000000001
2025-03-20,BSE_SMALLCAP,47305.18,2.69
2025-03-21,BSE_SMALLCAP,46671.55,-1.34
2025-03-24,BSE_SMALLCAP,46061.68,-1.31
2025-03-25,BSE_SMALLCAP,46137.13,0.16
2025-03-26,BSE_SMALLCAP,45670.98,-1.01
2025-03-27,BSE_SMALLCAP,44589.33,-2.37
2025-03-28,BSE_SMALLCAP,44361.17,-0.51
2025-03-31,BSE_SMALLCAP,45743.91,3.1199999999999997
2025-04-01,BSE_SMALLCAP,47381.75,3.58
2025-04-02,BSE_SMALLCAP,47773.1,0.83
2025-04-03,BSE_SMALLCAP,47075.11,-1.46
2025-04-04,BSE_SMALLCAP,46601.24,-1.01
2025-04-07,BSE_SMALLCAP,46694.46,0.2
2025-04-08,BSE_SMALLCAP,46402.49,-0.63
2025-04-09,BSE_SMALLCAP,46540.96,0.3
2025-04-10,BSE_SMALLCAP,46602.17,0.13
2025-04-11,BSE_SMALLCAP,45850.77,-1.6099999999999999
2025-04-14,BSE_SMALLCAP,45852.39,0.0
2025-04-15,BSE_SMALLCAP,46180.52,0.72
2025-04-16,BSE_SMALLCAP,45974.67,-0.44999999999999996
2025-04-17,BSE_SMALLCAP,46615.06,1.39
2025-04-18,BSE_SMALLCAP,46684.41,0.15
2025-04-21,BSE_SMALLCAP,46633.49,-0.11
2025-04-22,BSE_SMALLCAP,46706.88,0.16
2025-04-23,BSE_SMALLCAP,46391.03,-0.6799999999999999
2025-04-24,BSE_SMALLCAP,46686.01,0.64
2025-04-25,BSE_SMALLCAP,46167.51,-1.11
2025-04-28,BSE_SMALLCAP,47755.56,3.44
2025-04-29,BSE_SMALLCAP,49152.45,2.93
2025-04-30,BSE_SMALLCAP,49135.04,-0.04
2025-05-01,BSE_SMALLCAP,49559.78,0.86
2025-05-02,BSE_SMALLCAP,50010.89,0.91
2025-05-05,BSE_SMALLCAP,50460.77,0.8999999999999999
2025-05-06,BSE_SMALLCAP,50978.4,1.03
2025-05-07,BSE_SMALLCAP,51552.42,1.13
2025-05-08,BSE_SMALLCAP,52087.35,1.04
2025-05-09,BSE_SMALLCAP,51560.11,-1.01
2025-05-12,BSE_SMALLCAP,51916.11,0.69
2025-05-13,BSE_SMALLCAP,51419.84,-0.96
2025-05-14,BSE_SMALLCAP,51831.05,0.8
2025-05-15,BSE_SMALLCAP,52545.44,1.38
2025-05-16,BSE_SMALLCAP,52857.0,0.59
2025-05-19,BSE_SMALLCAP,53446.3,1.11
2025-05-20,BSE_SMALLCAP,53647.63,0.38
2025-05-21,BSE_SMALLCAP,55079.57,2.67
2025-05-22,BSE_SMALLCAP,55433.48,0.64
2025-05-23,BSE_SMALLCAP,54771.35,-1.1900000000000002
2025-05-26,BSE_SMALLCAP,54442.32,-0.6
2025-05-27,BSE_SMALLCAP,54810.27,0.6799999999999999
2025-05-28,BSE_SMALLCAP,55856.33,1.91
2025-05-29,BSE_SMALLCAP,56208.48,0.63
2025-05-30,BSE_SMALLCAP,56424.96,0.38999999999999996
2025-06-02,BSE_SMALLCAP,55597.2,-1.47
2025-06-03,BSE_SMALLCAP,57118.39,2.74
2025-06-04,BSE_SMALLCAP,56116.96,-1.7500000000000002
2025-06-05,BSE_SMALLCAP,54966.92,-2.0500000000000003
2025-06-06,BSE_SMALLCAP,54648.9,-0.58
2025-06-09,BSE_SMALLCAP,55138.92,0.8999999999999999
2025-06-10,BSE_SMALLCAP,54873.27,-0.48
2025-06-11,BSE_SMALLCAP,54445.48,-0.7799999999999999
2025-06-12,BSE_SMALLCAP,53866.98,-1.06
2025-06-13,BSE_SMALLCAP,55242.36,2.55
2025-06-16,BSE_SMALLCAP,55539.29,0.54
2025-06-17,BSE_SMALLCAP,56273.48,1.32
2025-06-18,BSE_SMALLCAP,57942.32,2.97
2025-06-19,BSE_SMALLCAP,59634.15,2.92
2025-06-20,BSE_SMALLCAP,58938.35,-1.17
2025-06-23,BSE_SMALLCAP,59184.89,0.42
2025-06-24,BSE_SMALLCAP,59877.05,1.17
2025-06-25,BSE_SMALLCAP,60009.88,0.22
2025-06-26,BSE_SMALLCAP,59492.99,-0.86
2025-06-27,BSE_SMALLCAP,57375.53,-3.56
2025-06-30,BSE_SMALLCAP,58497.48,1.96
2025-07-01,BSE_SMALLCAP,60058.23,2.67
2025-07-02,BSE_SMALLCAP,60717.87,1.0999999999999999
2025-07-03,BSE_SMALLCAP,60741.34,0.04
2025-07-04,BSE_SMALLCAP,60320.87,-0.69
2025-07-07,BSE_SMALLCAP,60472.49,0.25
2025-07-08,BSE_SMALLCAP,61646.45,1.94
2025-07-09,BSE_SMALLCAP,62163.82,0.84
2025-07-10,BSE_SMALLCAP,60359.81,-2.9000000000000004
2025-07-11,BSE_SMALLCAP,61760.28,2.32
2025-07-14,BSE_SMALLCAP,62388.31,1.02
2025-07-15,BSE_SMALLCAP,61512.19,-1.4000000000000001
2025-07-16,BSE_SMALLCAP,62062.91,0.8999999999999999
2025-07-17,BSE_SMALLCAP,62286.47,0.36
2025-07-18,BSE_SMALLCAP,62507.67,0.36
2025-07-21,BSE_SMALLCAP,61684.57,-1.32
2025-07-22,BSE_SMALLCAP,61505.58,-0.29
2025-07-23,BSE_SMALLCAP,60189.81,-2.1399999999999997
2025-07-24,BSE_SMALLCAP,61264.97,1.79
2025-07-25,BSE_SMALLCAP,60584.88,-1.11
2025-07-28,BSE_SMALLCAP,61578.47,1.6400000000000001
2025-07-29,BSE_SMALLCAP,62149.46,0.9299999999999999
2025-07-30,BSE_SMALLCAP,61853.45,-0.48
2025-07-31,BSE_SMALLCAP,61258.84,-0.96
2025-08-01,BSE_SMALLCAP,61480.78,0.36
2025-08-04,BSE_SMALLCAP,62456.79,1.59
2025-08-05,BSE_SMALLCAP,63209.53,1.21
2025-08-06,BSE_SMALLCAP,63752.17,0.86
2025-08-07,BSE_SMALLCAP,63653.66,-0.15
2025-08-08,BSE_SMALLCAP,64423.76,1.21
2025-08-11,BSE_SMALLCAP,63106.13,-2.0500000000000003
2025-08-12,BSE_SMALLCAP,63367.05,0.41000000000000003
2025-08-13,BSE_SMALLCAP,63420.05,0.08
2025-08-14,BSE_SMALLCAP,62398.27,-1.6099999999999999
2025-08-15,BSE_SMALLCAP,62141.03,-0.41000000000000003
2025-08-18,BSE_SMALLCAP,63661.07,2.45
2025-08-19,BSE_SMALLCAP,64212.71,0.8699999999999999
2025-08-20,BSE_SMALLCAP,65100.35,1.38
2025-08-21,BSE_SMALLCAP,64745.56,-0.54
2025-08-22,BSE_SMALLCAP,63301.11,-2.23
2025-08-25,BSE_SMALLCAP,64677.98,2.18
2025-08-26,BSE_SMALLCAP,64070.33,-0.9400000000000001
2025-08-27,BSE_SMALLCAP,63823.75,-0.38
2025-08-28,BSE_SMALLCAP,62686.62,-1.78
2025-08-29,BSE_SMALLCAP,63953.73,2.02
2025-09-01,BSE_SMALLCAP,64293.37,0.53
2025-09-02,BSE_SMALLCAP,64221.84,-0.11
2025-09-03,BSE_SMALLCAP,64816.36,0.9299999999999999
2025-09-04,BSE_SMALLCAP,64530.86,-0.44
2025-09-05,BSE_SMALLCAP,64038.05,-0.76
2025-09-08,BSE_SMALLCAP,63043.37,-1.55
2025-09-09,BSE_SMALLCAP,61954.08,-1.73
2025-09-10,BSE_SMALLCAP,62925.38,1.5699999999999998
2025-09-11,BSE_SMALLCAP,64086.53,1.8499999999999999
2025-09-12,BSE_SMALLCAP,62642.8,-2.25
2025-09-15,BSE_SMALLCAP,62643.08,0.0
2025-09-16,BSE_SMALLCAP,62779.6,0.22
2025-09-17,BSE_SMALLCAP,62261.02,-0.83
2025-09-18,BSE_SMALLCAP,61605.69,-1.05
2025-09-19,BSE_SMALLCAP,61736.39,0.21
2025-09-22,BSE_SMALLCAP,61186.87,-0.89
2025-09-23,BSE_SMALLCAP,61257.8,0.12
2025-09-24,BSE_SMALLCAP,60390.72,-1.4200000000000002
2025-09-25,BSE_SMALLCAP,59946.92,-0.73
2025-09-26,BSE_SMALLCAP,59760.2,-0.31
2025-09-29,BSE_SMALLCAP,59526.72,-0.38999999999999996
2025-09-30,BSE_SMALLCAP,60522.99,1.67
2025-10-01,BSE_SMALLCAP,60104.5,-0.69
2025-10-02,BSE_SMALLCAP,60938.43,1.39
2025-10-03,BSE_SMALLCAP,58518.22,-3.9699999999999998
2025-10-06,BSE_SMALLCAP,58561.7,0.06999999999999999
2025-10-07,BSE_SMALLCAP,56926.72,-2.79
2025-10-08,BSE_SMALLCAP,57949.49,1.7999999999999998
2025-10-09,BSE_SMALLCAP,59641.19,2.92
2025-10-10,BSE_SMALLCAP,59653.95,0.02
2025-10-13,BSE_SMALLCAP,61138.75,2.4899999999999998
2025-10-14,BSE_SMALLCAP,60510.43,-1.03
2025-10-15,BSE_SMALLCAP,61383.81,1.44
2025-10-16,BSE_SMALLCAP,62151.96,1.25
2025-10-17,BSE_SMALLCAP,62064.36,-0.13999999999999999
2025-10-20,BSE_SMALLCAP,62100.98,0.06
2025-10-21,BSE_SMALLCAP,62432.12,0.53
2025-10-22,BSE_SMALLCAP,62655.24,0.36
2025-10-23,BSE_SMALLCAP,62999.73,0.5499999999999999
2025-10-24,BSE_SMALLCAP,64942.0,3.08
2025-10-27,BSE_SMALLCAP,66819.39,2.8899999999999997
2025-10-28,BSE_SMALLCAP,67658.02,1.26
2025-10-29,BSE_SMALLCAP,69674.88,2.98
2025-10-30,BSE_SMALLCAP,68673.97,-1.44
2025-10-31,BSE_SMALLCAP,69511.77,1.22
2025-11-03,BSE_SMALLCAP,70397.44,1.27
2025-11-04,BSE_SMALLCAP,70046.84,-0.5
2025-11-05,BSE_SMALLCAP,72223.38,3.11
2025-11-06,BSE_SMALLCAP,73913.59,2.34
2025-11-07,BSE_SMALLCAP,74517.79,0.8200000000000001
2025-11-10,BSE_SMALLCAP,73842.5,-0.91
2025-11-11,BSE_SMALLCAP,72338.85,-2.04
2025-11-12,BSE_SMALLCAP,71361.43,-1.35
2025-11-13,BSE_SMALLCAP,73052.97,2.37
2025-11-14,BSE_SMALLCAP,72829.17,-0.31
2025-11-17,BSE_SMALLCAP,74055.29,1.68
2025-11-18,BSE_SMALLCAP,74484.52,0.58
2025-11-19,BSE_SMALLCAP,72475.31,-2.7
2025-11-20,BSE_SMALLCAP,72265.47,-0.29
2025-11-21,BSE_SMALLCAP,71363.39,-1.25
2025-11-24,BSE_SMALLCAP,72243.38,1.23
2025-11-25,BSE_SMALLCAP,73190.26,1.31
2025-11-26,BSE_SMALLCAP,73055.37,-0.18
2025-11-27,BSE_SMALLCAP,74685.48,2.23
2025-11-28,BSE_SMALLCAP,75868.06,1.58
2025-12-01,BSE_SMALLCAP,75473.32,-0.52
2025-12-02,BSE_SMALLCAP,76100.64,0.83
2025-12-03,BSE_SMALLCAP,75323.76,-1.02
2025-12-04,BSE_SMALLCAP,75027.45,-0.38999999999999996
2025-12-05,BSE_SMALLCAP,75717.9,0.9199999999999999
2025-12-08,BSE_SMALLCAP,75833.69,0.15
2025-12-09,BSE_SMALLCAP,74412.42,-1.87
2025-12-10,BSE_SMALLCAP,74896.54,0.65
2025-12-11,BSE_SMALLCAP,74619.95,-0.37
2025-12-12,BSE_SMALLCAP,73853.06,-1.03
2025-12-15,BSE_SMALLCAP,72792.85,-1.44
2025-12-16,BSE_SMALLCAP,72650.05,-0.2
2025-12-17,BSE_SMALLCAP,72959.31,0.43
2025-12-18,BSE_SMALLCAP,72778.14,-0.25
2025-12-19,BSE_SMALLCAP,73139.87,0.5
2025-12-22,BSE_SMALLCAP,72927.04,-0.29
2025-12-23,BSE_SMALLCAP,73579.58,0.89
2025-12-24,BSE_SMALLCAP,73482.28,-0.13
2025-12-25,BSE_SMALLCAP,71886.73,-2.17
2025-12-26,BSE_SMALLCAP,70752.27,-1.58
2025-12-29,BSE_SMALLCAP,70288.68,-0.66
2025-12-30,BSE_SMALLCAP,71578.16,1.83
2025-12-31,BSE_SMALLCAP,70687.19,-1.24
2026-01-01,BSE_SMALLCAP,71124.08,0.62
2026-01-02,BSE_SMALLCAP,71577.2,0.64
2026-01-05,BSE_SMALLCAP,70430.49,-1.6
2026-01-06,BSE_SMALLCAP,70217.76,-0.3
2026-01-07,BSE_SMALLCAP,70418.66,0.29
2026-01-08,BSE_SMALLCAP,70196.48,-0.32
2026-01-09,BSE_SMALLCAP,70800.69,0.86
2026-01-12,BSE_SMALLCAP,71372.41,0.8099999999999999
2026-01-13,BSE_SMALLCAP,71633.28,0.37
2026-01-14,BSE_SMALLCAP,72601.95,1.35
2026-01-15,BSE_SMALLCAP,72650.1,0.06999999999999999
2026-01-16,BSE_SMALLCAP,72816.28,0.22999999999999998
2026-01-19,BSE_SMALLCAP,73154.3,0.45999999999999996
2026-01-20,BSE_SMALLCAP,72100.73,-1.44
2026-01-21,BSE_SMALLCAP,72734.74,0.88
2026-01-22,BSE_SMALLCAP,72170.7,-0.7799999999999999
2026-01-23,BSE_SMALLCAP,72009.36,-0.22
2026-01-26,BSE_SMALLCAP,72608.98,0.83
2026-01-27,BSE_SMALLCAP,73112.16,0.69
2026-01-28,BSE_SMALLCAP,71737.63,-1.8800000000000001
2026-01-29,BSE_SMALLCAP,70397.83,-1.87
2026-01-30,BSE_SMALLCAP,69482.28,-1.3
2026-02-02,BSE_SMALLCAP,69726.09,0.35000000000000003
2026-02-03,BSE_SMALLCAP,71050.88,1.9
2026-02-04,BSE_SMALLCAP,70628.63,-0.59
2026-02-05,BSE_SMALLCAP,69762.84,-1.23
2026-02-06,BSE_SMALLCAP,68911.97,-1.22
2026-02-09,BSE_SMALLCAP,69380.27,0.6799999999999999
2026-02-10,BSE_SMALLCAP,70472.14,1.5699999999999998
2026-02-11,BSE_SMALLCAP,71524.24,1.49
2026-02-12,BSE_SMALLCAP,70908.98,-0.86
2026-02-13,BSE_SMALLCAP,69482.99,-2.01
2026-02-16,BSE_SMALLCAP,69613.38,0.19
2026-02-17,BSE_SMALLCAP,71108.54,2.15
2026-02-18,BSE_SMALLCAP,71586.54,0.67
2026-02-19,BSE_SMALLCAP,70302.44,-1.79
2026-02-20,BSE_SMALLCAP,70287.18,-0.02
2026-02-23,BSE_SMALLCAP,69360.06,-1.32
2026-02-24,BSE_SMALLCAP,69727.68,0.53
2026-02-25,BSE_SMALLCAP,69735.98,0.01
2026-02-26,BSE_SMALLCAP,69522.59,-0.31
2026-02-27,BSE_SMALLCAP,68966.76,-0.8
2026-03-02,BSE_SMALLCAP,69424.7,0.66
2026-03-03,BSE_SMALLCAP,70633.48,1.7399999999999998
2026-03-04,BSE_SMALLCAP,72287.04,2.34
2026-03-05,BSE_SMALLCAP,72754.29,0.65
2026-03-06,BSE_SMALLCAP,74099.67,1.8499999999999999
2026-03-09,BSE_SMALLCAP,73120.68,-1.32
2026-03-10,BSE_SMALLCAP,72833.76,-0.38999999999999996
2026-03-11,BSE_SMALLCAP,71924.06,-1.25
2026-03-12,BSE_SMALLCAP,71489.87,-0.6
2026-03-13,BSE_SMALLCAP,70531.17,-1.34
2026-03-16,BSE_SMALLCAP,72192.84,2.36
2026-03-17,BSE_SMALLCAP,71872.15,-0.44
2026-03-18,BSE_SMALLCAP,71782.69,-0.12
2026-03-19,BSE_SMALLCAP,70311.39,-2.0500000000000003
2026-03-20,BSE_SMALLCAP,68431.22,-2.67
2026-03-23,BSE_SMALLCAP,70112.32,2.46
2026-03-24,BSE_SMALLCAP,69930.39,-0.26
2026-03-25,BSE_SMALLCAP,72240.96,3.3000000000000003
2026-03-26,BSE_SMALLCAP,72141.98,-0.13999999999999999
2026-03-27,BSE_SMALLCAP,70959.65,-1.6400000000000001
2026-03-30,BSE_SMALLCAP,71031.71,0.1
2026-03-31,BSE_SMALLCAP,71155.43,0.16999999999999998
2026-04-01,BSE_SMALLCAP,71348.05,0.27
2026-04-02,BSE_SMALLCAP,71330.28,-0.02
2026-04-03,BSE_SMALLCAP,69899.51,-2.01
2026-04-06,BSE_SMALLCAP,68477.32,-2.03
2026-04-07,BSE_SMALLCAP,69640.27,1.7000000000000002
2026-04-08,BSE_SMALLCAP,71615.98,2.8400000000000003
2026-04-09,BSE_SMALLCAP,71382.29,-0.33
2026-04-10,BSE_SMALLCAP,69644.93,-2.4299999999999997
2026-04-13,BSE_SMALLCAP,70866.93,1.7500000000000002
2026-04-14,BSE_SMALLCAP,70089.25,-1.0999999999999999
2026-04-15,BSE_SMALLCAP,70477.97,0.5499999999999999
2026-04-16,BSE_SMALLCAP,70017.76,-0.65
2026-04-17,BSE_SMALLCAP,69589.51,-0.61
2026-04-20,BSE_SMALLCAP,68811.19,-1.1199999999999999
2026-04-21,BSE_SMALLCAP,70206.26,2.03
2026-04-22,BSE_SMALLCAP,70697.91,0.7000000000000001
2026-04-23,BSE_SMALLCAP,71073.65,0.53
2026-04-24,BSE_SMALLCAP,71161.83,0.12
2026-04-27,BSE_SMALLCAP,71593.75,0.61
2026-04-28,BSE_SMALLCAP,70478.28,-1.5599999999999998
2026-04-29,BSE_SMALLCAP,71041.47,0.8
2026-04-30,BSE_SMALLCAP,72293.74,1.76
2026-05-01,BSE_SMALLCAP,72566.07,0.38
2026-05-04,BSE_SMALLCAP,73494.88,1.28
2026-05-05,BSE_SMALLCAP,73134.17,-0.49
2026-05-06,BSE_SMALLCAP,73602.81,0.64
2026-05-07,BSE_SMALLCAP,73261.24,-0.45999999999999996
2026-05-08,BSE_SMALLCAP,71659.04,-2.19
2026-05-11,BSE_SMALLCAP,71476.92,-0.25
2026-05-12,BSE_SMALLCAP,72652.8,1.6500000000000001
2026-05-13,BSE_SMALLCAP,71372.79,-1.76
2026-05-14,BSE_SMALLCAP,73057.74,2.36
2026-05-15,BSE_SMALLCAP,72553.23,-0.69
2026-05-18,BSE_SMALLCAP,73173.39,0.8500000000000001
2026-05-19,BSE_SMALLCAP,74782.71,2.1999999999999997
2026-05-20,BSE_SMALLCAP,76755.97,2.64
2026-05-21,BSE_SMALLCAP,78542.05,2.33
2026-05-22,BSE_SMALLCAP,77776.16,-0.98
2026-05-25,BSE_SMALLCAP,79075.39,1.67
2026-05-26,BSE_SMALLCAP,78483.7,-0.75
2026-05-27,BSE_SMALLCAP,77524.06,-1.22
2026-05-28,BSE_SMALLCAP,76951.24,-0.74
2026-05-29,BSE_SMALLCAP,78367.62,1.8399999999999999
2022-01-03,CRISIL_GILT,1451.06,
2022-01-04,CRISIL_GILT,1453.26,0.15
2022-01-05,CRISIL_GILT,1455.5,0.15
2022-01-06,CRISIL_GILT,1454.41,-0.06999999999999999
2022-01-07,CRISIL_GILT,1454.33,-0.01
2022-01-10,CRISIL_GILT,1456.61,0.16
2022-01-11,CRISIL_GILT,1453.45,-0.22
2022-01-12,CRISIL_GILT,1451.21,-0.15
2022-01-13,CRISIL_GILT,1450.67,-0.04
2022-01-14,CRISIL_GILT,1451.29,0.04
2022-01-17,CRISIL_GILT,1451.63,0.02
2022-01-18,CRISIL_GILT,1451.98,0.02
2022-01-19,CRISIL_GILT,1452.89,0.06
2022-01-20,CRISIL_GILT,1452.45,-0.03
2022-01-21,CRISIL_GILT,1450.36,-0.13999999999999999
2022-01-24,CRISIL_GILT,1450.91,0.04
2022-01-25,CRISIL_GILT,1453.66,0.19
2022-01-26,CRISIL_GILT,1457.24,0.25
2022-01-27,CRISIL_GILT,1450.36,-0.47000000000000003
2022-01-28,CRISIL_GILT,1447.15,-0.22
2022-01-31,CRISIL_GILT,1451.01,0.27
2022-02-01,CRISIL_GILT,1450.41,-0.04
2022-02-02,CRISIL_GILT,1444.13,-0.43
2022-02-03,CRISIL_GILT,1448.99,0.33999999999999997
2022-02-04,CRISIL_GILT,1453.09,0.27999999999999997
2022-02-07,CRISIL_GILT,1449.18,-0.27
2022-02-08,CRISIL_GILT,1445.31,-0.27
2022-02-09,CRISIL_GILT,1456.63,0.7799999999999999
2022-02-10,CRISIL_GILT,1453.68,-0.2
2022-02-11,CRISIL_GILT,1458.56,0.33999999999999997
2022-02-14,CRISIL_GILT,1464.67,0.42
2022-02-15,CRISIL_GILT,1459.74,-0.33999999999999997
2022-02-16,CRISIL_GILT,1456.81,-0.2
2022-02-17,CRISIL_GILT,1461.01,0.29
2022-02-18,CRISIL_GILT,1456.42,-0.31
2022-02-21,CRISIL_GILT,1452.91,-0.24
2022-02-22,CRISIL_GILT,1452.61,-0.02
2022-02-23,CRISIL_GILT,1452.57,-0.0
2022-02-24,CRISIL_GILT,1456.98,0.3
2022-02-25,CRISIL_GILT,1459.47,0.16999999999999998
2022-02-28,CRISIL_GILT,1460.64,0.08
2022-03-01,CRISIL_GILT,1460.52,-0.01
2022-03-02,CRISIL_GILT,1457.07,-0.24
2022-03-03,CRISIL_GILT,1461.96,0.33999999999999997
2022-03-04,CRISIL_GILT,1462.89,0.06
2022-03-07,CRISIL_GILT,1465.73,0.19
2022-03-08,CRISIL_GILT,1466.97,0.08
2022-03-09,CRISIL_GILT,1467.8,0.06
2022-03-10,CRISIL_GILT,1468.61,0.06
2022-03-11,CRISIL_GILT,1469.04,0.03
2022-03-14,CRISIL_GILT,1468.94,-0.01
2022-03-15,CRISIL_GILT,1467.14,-0.12
2022-03-16,CRISIL_GILT,1469.53,0.16
2022-03-17,CRISIL_GILT,1474.12,0.31
2022-03-18,CRISIL_GILT,1475.43,0.09
2022-03-21,CRISIL_GILT,1481.84,0.43
2022-03-22,CRISIL_GILT,1480.54,-0.09
2022-03-23,CRISIL_GILT,1489.0,0.5700000000000001
2022-03-24,CRISIL_GILT,1491.09,0.13999999999999999
2022-03-25,CRISIL_GILT,1481.13,-0.67
2022-03-28,CRISIL_GILT,1488.71,0.51
2022-03-29,CRISIL_GILT,1485.57,-0.21
2022-03-30,CRISIL_GILT,1486.78,0.08
2022-03-31,CRISIL_GILT,1489.12,0.16
2022-04-01,CRISIL_GILT,1489.8,0.05
2022-04-04,CRISIL_GILT,1489.81,0.0
2022-04-05,CRISIL_GILT,1487.83,-0.13
2022-04-06,CRISIL_GILT,1486.33,-0.1
2022-04-07,CRISIL_GILT,1491.21,0.33
2022-04-08,CRISIL_GILT,1487.82,-0.22999999999999998
2022-04-11,CRISIL_GILT,1488.45,0.04
2022-04-12,CRISIL_GILT,1491.54,0.21
2022-04-13,CRISIL_GILT,1488.01,-0.24
2022-04-14,CRISIL_GILT,1490.18,0.15
2022-04-15,CRISIL_GILT,1494.55,0.29
2022-04-18,CRISIL_GILT,1496.31,0.12
2022-04-19,CRISIL_GILT,1500.99,0.31
2022-04-20,CRISIL_GILT,1501.26,0.02
2022-04-21,CRISIL_GILT,1498.49,-0.18
2022-04-22,CRISIL_GILT,1498.34,-0.01
2022-04-25,CRISIL_GILT,1493.62,-0.32
2022-04-26,CRISIL_GILT,1503.02,0.63
2022-04-27,CRISIL_GILT,1503.42,0.03
2022-04-28,CRISIL_GILT,1496.73,-0.44
2022-04-29,CRISIL_GILT,1494.7,-0.13999999999999999
2022-05-02,CRISIL_GILT,1494.38,-0.02
2022-05-03,CRISIL_GILT,1489.99,-0.29
2022-05-04,CRISIL_GILT,1485.58,-0.3
2022-05-05,CRISIL_GILT,1484.72,-0.06
2022-05-06,CRISIL_GILT,1487.17,0.16999999999999998
2022-05-09,CRISIL_GILT,1491.16,0.27
2022-05-10,CRISIL_GILT,1495.78,0.31
2022-05-11,CRISIL_GILT,1493.99,-0.12
2022-05-12,CRISIL_GILT,1484.38,-0.64
2022-05-13,CRISIL_GILT,1491.47,0.48
2022-05-16,CRISIL_GILT,1491.08,-0.03
2022-05-17,CRISIL_GILT,1489.87,-0.08
2022-05-18,CRISIL_GILT,1494.95,0.33999999999999997
2022-05-19,CRISIL_GILT,1494.21,-0.05
2022-05-20,CRISIL_GILT,1496.48,0.15
2022-05-23,CRISIL_GILT,1497.84,0.09
2022-05-24,CRISIL_GILT,1493.6,-0.27999999999999997
2022-05-25,CRISIL_GILT,1489.94,-0.25
2022-05-26,CRISIL_GILT,1489.54,-0.03
2022-05-27,CRISIL_GILT,1489.9,0.02
2022-05-30,CRISIL_GILT,1487.99,-0.13
2022-05-31,CRISIL_GILT,1486.05,-0.13
2022-06-01,CRISIL_GILT,1486.21,0.01
2022-06-02,CRISIL_GILT,1484.0,-0.15
2022-06-03,CRISIL_GILT,1487.77,0.25
2022-06-06,CRISIL_GILT,1489.32,0.1
2022-06-07,CRISIL_GILT,1487.77,-0.1
2022-06-08,CRISIL_GILT,1490.4,0.18
2022-06-09,CRISIL_GILT,1495.84,0.37
2022-06-10,CRISIL_GILT,1496.93,0.06999999999999999
2022-06-13,CRISIL_GILT,1491.92,-0.33
2022-06-14,CRISIL_GILT,1498.27,0.43
2022-06-15,CRISIL_GILT,1505.01,0.44999999999999996
2022-06-16,CRISIL_GILT,1510.15,0.33999999999999997
2022-06-17,CRISIL_GILT,1512.99,0.19
2022-06-20,CRISIL_GILT,1515.36,0.16
2022-06-21,CRISIL_GILT,1516.33,0.06
2022-06-22,CRISIL_GILT,1517.14,0.05
2022-06-23,CRISIL_GILT,1513.13,-0.26
2022-06-24,CRISIL_GILT,1509.22,-0.26
2022-06-27,CRISIL_GILT,1506.31,-0.19
2022-06-28,CRISIL_GILT,1499.13,-0.48
2022-06-29,CRISIL_GILT,1494.85,-0.29
2022-06-30,CRISIL_GILT,1495.26,0.03
2022-07-01,CRISIL_GILT,1487.29,-0.53
2022-07-04,CRISIL_GILT,1484.15,-0.21
2022-07-05,CRISIL_GILT,1483.71,-0.03
2022-07-06,CRISIL_GILT,1481.27,-0.16
2022-07-07,CRISIL_GILT,1480.44,-0.06
2022-07-08,CRISIL_GILT,1481.93,0.1
2022-07-11,CRISIL_GILT,1485.95,0.27
2022-07-12,CRISIL_GILT,1483.61,-0.16
2022-07-13,CRISIL_GILT,1482.9,-0.05
2022-07-14,CRISIL_GILT,1475.08,-0.53
2022-07-15,CRISIL_GILT,1477.71,0.18
2022-07-18,CRISIL_GILT,1474.92,-0.19
2022-07-19,CRISIL_GILT,1476.62,0.12
2022-07-20,CRISIL_GILT,1475.87,-0.05
2022-07-21,CRISIL_GILT,1484.62,0.59
2022-07-22,CRISIL_GILT,1491.91,0.49
2022-07-25,CRISIL_GILT,1494.7,0.19
2022-07-26,CRISIL_GILT,1496.73,0.13999999999999999
2022-07-27,CRISIL_GILT,1498.12,0.09
2022-07-28,CRISIL_GILT,1496.81,-0.09
2022-07-29,CRISIL_GILT,1494.33,-0.16999999999999998
2022-08-01,CRISIL_GILT,1491.22,-0.21
2022-08-02,CRISIL_GILT,1489.27,-0.13
2022-08-03,CRISIL_GILT,1491.27,0.13
2022-08-04,CRISIL_GILT,1490.8,-0.03
2022-08-05,CRISIL_GILT,1483.56,-0.49
2022-08-08,CRISIL_GILT,1493.61,0.6799999999999999
2022-08-09,CRISIL_GILT,1493.42,-0.01
2022-08-10,CRISIL_GILT,1501.96,0.5700000000000001
2022-08-11,CRISIL_GILT,1500.87,-0.06999999999999999
2022-08-12,CRISIL_GILT,1500.36,-0.03
2022-08-15,CRISIL_GILT,1504.3,0.26
2022-08-16,CRISIL_GILT,1503.6,-0.05
2022-08-17,CRISIL_GILT,1505.55,0.13
2022-08-18,CRISIL_GILT,1504.74,-0.05
2022-08-19,CRISIL_GILT,1503.35,-0.09
2022-08-22,CRISIL_GILT,1509.62,0.42
2022-08-23,CRISIL_GILT,1505.46,-0.27999999999999997
2022-08-24,CRISIL_GILT,1503.96,-0.1
2022-08-25,CRISIL_GILT,1511.33,0.49
2022-08-26,CRISIL_GILT,1510.5,-0.05
2022-08-29,CRISIL_GILT,1505.35,-0.33999999999999997
2022-08-30,CRISIL_GILT,1508.11,0.18
2022-08-31,CRISIL_GILT,1508.41,0.02
2022-09-01,CRISIL_GILT,1510.55,0.13999999999999999
2022-09-02,CRISIL_GILT,1511.23,0.05
2022-09-05,CRISIL_GILT,1507.46,-0.25
2022-09-06,CRISIL_GILT,1508.8,0.09
2022-09-07,CRISIL_GILT,1514.05,0.35000000000000003
2022-09-08,CRISIL_GILT,1512.57,-0.1
2022-09-09,CRISIL_GILT,1509.63,-0.19
2022-09-12,CRISIL_GILT,1509.4,-0.02
2022-09-13,CRISIL_GILT,1509.04,-0.02
2022-09-14,CRISIL_GILT,1508.25,-0.05
2022-09-15,CRISIL_GILT,1513.38,0.33999999999999997
2022-09-16,CRISIL_GILT,1514.74,0.09
2022-09-19,CRISIL_GILT,1521.52,0.44999999999999996
2022-09-20,CRISIL_GILT,1522.82,0.09
2022-09-21,CRISIL_GILT,1524.64,0.12
2022-09-22,CRISIL_GILT,1533.48,0.58
2022-09-23,CRISIL_GILT,1535.24,0.11
2022-09-26,CRISIL_GILT,1534.69,-0.04
2022-09-27,CRISIL_GILT,1531.49,-0.21
2022-09-28,CRISIL_GILT,1528.64,-0.19
2022-09-29,CRISIL_GILT,1527.47,-0.08
2022-09-30,CRISIL_GILT,1526.94,-0.03
2022-10-03,CRISIL_GILT,1519.46,-0.49
2022-10-04,CRISIL_GILT,1519.83,0.02
2022-10-05,CRISIL_GILT,1509.85,-0.66
2022-10-06,CRISIL_GILT,1515.15,0.35000000000000003
2022-10-07,CRISIL_GILT,1508.39,-0.44999999999999996
2022-10-10,CRISIL_GILT,1509.52,0.06999999999999999
2022-10-11,CRISIL_GILT,1510.51,0.06999999999999999
2022-10-12,CRISIL_GILT,1516.06,0.37
2022-10-13,CRISIL_GILT,1517.01,0.06
2022-10-14,CRISIL_GILT,1517.07,0.0
2022-10-17,CRISIL_GILT,1518.71,0.11
2022-10-18,CRISIL_GILT,1517.12,-0.1
2022-10-19,CRISIL_GILT,1515.6,-0.1
2022-10-20,CRISIL_GILT,1516.85,0.08
2022-10-21,CRISIL_GILT,1516.16,-0.05
2022-10-24,CRISIL_GILT,1519.05,0.19
2022-10-25,CRISIL_GILT,1516.11,-0.19
2022-10-26,CRISIL_GILT,1520.19,0.27
2022-10-27,CRISIL_GILT,1522.42,0.15
2022-10-28,CRISIL_GILT,1522.96,0.04
2022-10-31,CRISIL_GILT,1517.49,-0.36
2022-11-01,CRISIL_GILT,1521.13,0.24
2022-11-02,CRISIL_GILT,1529.11,0.52
2022-11-03,CRISIL_GILT,1527.76,-0.09
2022-11-04,CRISIL_GILT,1531.51,0.25
2022-11-07,CRISIL_GILT,1531.5,-0.0
2022-11-08,CRISIL_GILT,1527.71,-0.25
2022-11-09,CRISIL_GILT,1525.2,-0.16
2022-11-10,CRISIL_GILT,1525.22,0.0
2022-11-11,CRISIL_GILT,1527.4,0.13999999999999999
2022-11-14,CRISIL_GILT,1522.23,-0.33999999999999997
2022-11-15,CRISIL_GILT,1519.96,-0.15
2022-11-16,CRISIL_GILT,1520.52,0.04
2022-11-17,CRISIL_GILT,1516.13,-0.29
2022-11-18,CRISIL_GILT,1518.06,0.13
2022-11-21,CRISIL_GILT,1525.11,0.45999999999999996
2022-11-22,CRISIL_GILT,1525.15,0.0
2022-11-23,CRISIL_GILT,1528.42,0.21
2022-11-24,CRISIL_GILT,1523.95,-0.29
2022-11-25,CRISIL_GILT,1521.96,-0.13
2022-11-28,CRISIL_GILT,1526.22,0.27999999999999997
2022-11-29,CRISIL_GILT,1521.42,-0.31
2022-11-30,CRISIL_GILT,1519.13,-0.15
2022-12-01,CRISIL_GILT,1523.95,0.32
2022-12-02,CRISIL_GILT,1522.04,-0.13
2022-12-05,CRISIL_GILT,1514.82,-0.47000000000000003
2022-12-06,CRISIL_GILT,1513.11,-0.11
2022-12-07,CRISIL_GILT,1520.2,0.47000000000000003
2022-12-08,CRISIL_GILT,1526.16,0.38999999999999996
2022-12-09,CRISIL_GILT,1526.3,0.01
2022-12-12,CRISIL_GILT,1525.84,-0.03
2022-12-13,CRISIL_GILT,1535.37,0.62
2022-12-14,CRISIL_GILT,1532.19,-0.21
2022-12-15,CRISIL_GILT,1530.15,-0.13
2022-12-16,CRISIL_GILT,1534.68,0.3
2022-12-19,CRISIL_GILT,1531.77,-0.19
2022-12-20,CRISIL_GILT,1533.63,0.12
2022-12-21,CRISIL_GILT,1529.29,-0.27999999999999997
2022-12-22,CRISIL_GILT,1535.49,0.41000000000000003
2022-12-23,CRISIL_GILT,1534.25,-0.08
2022-12-26,CRISIL_GILT,1532.18,-0.13
2022-12-27,CRISIL_GILT,1529.37,-0.18
2022-12-28,CRISIL_GILT,1525.38,-0.26
2022-12-29,CRISIL_GILT,1524.47,-0.06
2022-12-30,CRISIL_GILT,1515.87,-0.5599999999999999
2023-01-02,CRISIL_GILT,1512.14,-0.25
2023-01-03,CRISIL_GILT,1512.64,0.03
2023-01-04,CRISIL_GILT,1513.41,0.05
2023-01-05,CRISIL_GILT,1513.57,0.01
2023-01-06,CRISIL_GILT,1511.11,-0.16
2023-01-09,CRISIL_GILT,1517.32,0.41000000000000003
2023-01-10,CRISIL_GILT,1521.08,0.25
2023-01-11,CRISIL_GILT,1521.12,0.0
2023-01-12,CRISIL_GILT,1521.11,-0.0
2023-01-13,CRISIL_GILT,1519.73,-0.09
2023-01-16,CRISIL_GILT,1517.7,-0.13
2023-01-17,CRISIL_GILT,1517.53,-0.01
2023-01-18,CRISIL_GILT,1521.59,0.27
2023-01-19,CRISIL_GILT,1520.31,-0.08
2023-01-20,CRISIL_GILT,1525.66,0.35000000000000003
2023-01-23,CRISIL_GILT,1523.59,-0.13999999999999999
2023-01-24,CRISIL_GILT,1529.77,0.41000000000000003
2023-01-25,CRISIL_GILT,1529.06,-0.05
2023-01-26,CRISIL_GILT,1532.12,0.2
2023-01-27,CRISIL_GILT,1541.37,0.6
2023-01-30,CRISIL_GILT,1551.24,0.64
2023-01-31,CRISIL_GILT,1546.44,-0.31
2023-02-01,CRISIL_GILT,1550.92,0.29
2023-02-02,CRISIL_GILT,1547.67,-0.21
2023-02-03,CRISIL_GILT,1549.58,0.12
2023-02-06,CRISIL_GILT,1551.93,0.15
2023-02-07,CRISIL_GILT,1555.75,0.25
2023-02-08,CRISIL_GILT,1551.18,-0.29
2023-02-09,CRISIL_GILT,1547.03,-0.27
2023-02-10,CRISIL_GILT,1544.24,-0.18
2023-02-13,CRISIL_GILT,1546.96,0.18
2023-02-14,CRISIL_GILT,1548.36,0.09
2023-02-15,CRISIL_GILT,1550.41,0.13
2023-02-16,CRISIL_GILT,1546.26,-0.27
2023-02-17,CRISIL_GILT,1547.35,0.06999999999999999
2023-02-20,CRISIL_GILT,1545.23,-0.13999999999999999
2023-02-21,CRISIL_GILT,1543.27,-0.13
2023-02-22,CRISIL_GILT,1543.22,-0.0
2023-02-23,CRISIL_GILT,1537.77,-0.35000000000000003
2023-02-24,CRISIL_GILT,1540.27,0.16
2023-02-27,CRISIL_GILT,1535.16,-0.33
2023-02-28,CRISIL_GILT,1534.01,-0.06999999999999999
2023-03-01,CRISIL_GILT,1537.31,0.22
2023-03-02,CRISIL_GILT,1531.91,-0.35000000000000003
2023-03-03,CRISIL_GILT,1526.94,-0.32
2023-03-06,CRISIL_GILT,1531.37,0.29
2023-03-07,CRISIL_GILT,1527.66,-0.24
2023-03-08,CRISIL_GILT,1531.83,0.27
2023-03-09,CRISIL_GILT,1533.96,0.13999999999999999
2023-03-10,CRISIL_GILT,1529.23,-0.31
2023-03-13,CRISIL_GILT,1530.33,0.06999999999999999
2023-03-14,CRISIL_GILT,1532.51,0.13999999999999999
2023-03-15,CRISIL_GILT,1527.57,-0.32
2023-03-16,CRISIL_GILT,1528.24,0.04
2023-03-17,CRISIL_GILT,1531.9,0.24
2023-03-20,CRISIL_GILT,1532.03,0.01
2023-03-21,CRISIL_GILT,1533.04,0.06999999999999999
2023-03-22,CRISIL_GILT,1532.94,-0.01
2023-03-23,CRISIL_GILT,1537.34,0.29
2023-03-24,CRISIL_GILT,1537.4,0.0
2023-03-27,CRISIL_GILT,1535.14,-0.15
2023-03-28,CRISIL_GILT,1534.71,-0.03
2023-03-29,CRISIL_GILT,1529.11,-0.36
2023-03-30,CRISIL_GILT,1517.97,-0.73
2023-03-31,CRISIL_GILT,1515.24,-0.18
2023-04-03,CRISIL_GILT,1521.51,0.41000000000000003
2023-04-04,CRISIL_GILT,1525.85,0.29
2023-04-05,CRISIL_GILT,1519.98,-0.38
2023-04-06,CRISIL_GILT,1516.4,-0.24
2023-04-07,CRISIL_GILT,1514.45,-0.13
2023-04-10,CRISIL_GILT,1514.16,-0.02
2023-04-11,CRISIL_GILT,1510.66,-0.22999999999999998
2023-04-12,CRISIL_GILT,1508.77,-0.13
2023-04-13,CRISIL_GILT,1513.1,0.29
2023-04-14,CRISIL_GILT,1509.72,-0.22
2023-04-17,CRISIL_GILT,1512.29,0.16999999999999998
2023-04-18,CRISIL_GILT,1515.63,0.22
2023-04-19,CRISIL_GILT,1525.26,0.64
2023-04-20,CRISIL_GILT,1523.05,-0.13999999999999999
2023-04-21,CRISIL_GILT,1519.2,-0.25
2023-04-24,CRISIL_GILT,1513.06,-0.4
2023-04-25,CRISIL_GILT,1516.02,0.2
2023-04-26,CRISIL_GILT,1518.09,0.13999999999999999
2023-04-27,CRISIL_GILT,1518.13,0.0
2023-04-28,CRISIL_GILT,1519.8,0.11
2023-05-01,CRISIL_GILT,1520.55,0.05
2023-05-02,CRISIL_GILT,1519.42,-0.06999999999999999
2023-05-03,CRISIL_GILT,1518.57,-0.06
2023-05-04,CRISIL_GILT,1518.63,0.0
2023-05-05,CRISIL_GILT,1528.48,0.65
2023-05-08,CRISIL_GILT,1532.43,0.26
2023-05-09,CRISIL_GILT,1528.37,-0.26
2023-05-10,CRISIL_GILT,1530.34,0.13
2023-05-11,CRISIL_GILT,1530.75,0.03
2023-05-12,CRISIL_GILT,1538.17,0.48
2023-05-15,CRISIL_GILT,1543.5,0.35000000000000003
2023-05-16,CRISIL_GILT,1543.55,0.0
2023-05-17,CRISIL_GILT,1543.88,0.02
2023-05-18,CRISIL_GILT,1539.9,-0.26
2023-05-19,CRISIL_GILT,1542.89,0.19
2023-05-22,CRISIL_GILT,1547.79,0.32
2023-05-23,CRISIL_GILT,1548.71,0.06
2023-05-24,CRISIL_GILT,1550.18,0.09
2023-05-25,CRISIL_GILT,1549.35,-0.05
2023-05-26,CRISIL_GILT,1553.24,0.25
2023-05-29,CRISIL_GILT,1548.44,-0.31
2023-05-30,CRISIL_GILT,1544.53,-0.25
2023-05-31,CRISIL_GILT,1548.59,0.26
2023-06-01,CRISIL_GILT,1543.54,-0.33
2023-06-02,CRISIL_GILT,1541.51,-0.13
2023-06-05,CRISIL_GILT,1540.87,-0.04
2023-06-06,CRISIL_GILT,1543.14,0.15
2023-06-07,CRISIL_GILT,1544.18,0.06999999999999999
2023-06-08,CRISIL_GILT,1532.69,-0.74
2023-06-09,CRISIL_GILT,1535.38,0.18
2023-06-12,CRISIL_GILT,1534.96,-0.03
2023-06-13,CRISIL_GILT,1539.53,0.3
2023-06-14,CRISIL_GILT,1536.21,-0.22
2023-06-15,CRISIL_GILT,1542.77,0.43
2023-06-16,CRISIL_GILT,1538.64,-0.27
2023-06-19,CRISIL_GILT,1537.29,-0.09
2023-06-20,CRISIL_GILT,1542.62,0.35000000000000003
2023-06-21,CRISIL_GILT,1551.85,0.6
2023-06-22,CRISIL_GILT,1547.71,-0.27
2023-06-23,CRISIL_GILT,1557.91,0.66
2023-06-26,CRISIL_GILT,1549.04,-0.5700000000000001
2023-06-27,CRISIL_GILT,1552.44,0.22
2023-06-28,CRISIL_GILT,1559.79,0.47000000000000003
2023-06-29,CRISIL_GILT,1556.18,-0.22999999999999998
2023-06-30,CRISIL_GILT,1561.45,0.33999999999999997
2023-07-03,CRISIL_GILT,1559.89,-0.1
2023-07-04,CRISIL_GILT,1557.39,-0.16
2023-07-05,CRISIL_GILT,1552.52,-0.31
2023-07-06,CRISIL_GILT,1552.66,0.01
2023-07-07,CRISIL_GILT,1553.66,0.06
2023-07-10,CRISIL_GILT,1549.43,-0.27
2023-07-11,CRISIL_GILT,1555.45,0.38999999999999996
2023-07-12,CRISIL_GILT,1553.51,-0.12
2023-07-13,CRISIL_GILT,1553.81,0.02
2023-07-14,CRISIL_GILT,1555.16,0.09
2023-07-17,CRISIL_GILT,1567.39,0.79
2023-07-18,CRISIL_GILT,1572.91,0.35000000000000003
2023-07-19,CRISIL_GILT,1576.6,0.22999999999999998
2023-07-20,CRISIL_GILT,1575.3,-0.08
2023-07-21,CRISIL_GILT,1577.23,0.12
2023-07-24,CRISIL_GILT,1579.58,0.15
2023-07-25,CRISIL_GILT,1579.91,0.02
2023-07-26,CRISIL_GILT,1584.18,0.27
2023-07-27,CRISIL_GILT,1597.19,0.8200000000000001
2023-07-28,CRISIL_GILT,1593.18,-0.25
2023-07-31,CRISIL_GILT,1595.3,0.13
2023-08-01,CRISIL_GILT,1597.33,0.13
2023-08-02,CRISIL_GILT,1596.83,-0.03
2023-08-03,CRISIL_GILT,1594.59,-0.13999999999999999
2023-08-04,CRISIL_GILT,1592.15,-0.15
2023-08-07,CRISIL_GILT,1601.63,0.6
2023-08-08,CRISIL_GILT,1602.73,0.06999999999999999
2023-08-09,CRISIL_GILT,1607.28,0.27999999999999997
2023-08-10,CRISIL_GILT,1606.61,-0.04
2023-08-11,CRISIL_GILT,1608.82,0.13999999999999999
2023-08-14,CRISIL_GILT,1611.38,0.16
2023-08-15,CRISIL_GILT,1610.87,-0.03
2023-08-16,CRISIL_GILT,1612.4,0.09
2023-08-17,CRISIL_GILT,1618.09,0.35000000000000003
2023-08-18,CRISIL_GILT,1614.02,-0.25
2023-08-21,CRISIL_GILT,1615.4,0.09
2023-08-22,CRISIL_GILT,1618.19,0.16999999999999998
2023-08-23,CRISIL_GILT,1621.91,0.22999999999999998
2023-08-24,CRISIL_GILT,1626.3,0.27
2023-08-25,CRISIL_GILT,1629.74,0.21
2023-08-28,CRISIL_GILT,1635.12,0.33
2023-08-29,CRISIL_GILT,1633.92,-0.06999999999999999
2023-08-30,CRISIL_GILT,1640.4,0.4
2023-08-31,CRISIL_GILT,1641.38,0.06
2023-09-01,CRISIL_GILT,1645.47,0.25
2023-09-04,CRISIL_GILT,1640.52,-0.3
2023-09-05,CRISIL_GILT,1643.73,0.2
2023-09-06,CRISIL_GILT,1644.84,0.06999999999999999
2023-09-07,CRISIL_GILT,1644.06,-0.05
2023-09-08,CRISIL_GILT,1649.91,0.36
2023-09-11,CRISIL_GILT,1651.31,0.08
2023-09-12,CRISIL_GILT,1652.62,0.08
2023-09-13,CRISIL_GILT,1647.15,-0.33
2023-09-14,CRISIL_GILT,1644.78,-0.13999999999999999
2023-09-15,CRISIL_GILT,1646.01,0.06999999999999999
2023-09-18,CRISIL_GILT,1643.69,-0.13999999999999999
2023-09-19,CRISIL_GILT,1650.18,0.38999999999999996
2023-09-20,CRISIL_GILT,1649.43,-0.05
2023-09-21,CRISIL_GILT,1645.9,-0.21
2023-09-22,CRISIL_GILT,1641.75,-0.25
2023-09-25,CRISIL_GILT,1641.67,-0.0
2023-09-26,CRISIL_GILT,1645.66,0.24
2023-09-27,CRISIL_GILT,1642.24,-0.21
2023-09-28,CRISIL_GILT,1638.39,-0.22999999999999998
2023-09-29,CRISIL_GILT,1636.48,-0.12
2023-10-02,CRISIL_GILT,1636.67,0.01
2023-10-03,CRISIL_GILT,1632.78,-0.24
2023-10-04,CRISIL_GILT,1633.75,0.06
2023-10-05,CRISIL_GILT,1640.64,0.42
2023-10-06,CRISIL_GILT,1641.05,0.02
2023-10-09,CRISIL_GILT,1639.83,-0.06999999999999999
2023-10-10,CRISIL_GILT,1644.93,0.31
2023-10-11,CRISIL_GILT,1640.63,-0.26
2023-10-12,CRISIL_GILT,1643.29,0.16
2023-10-13,CRISIL_GILT,1643.87,0.04
2023-10-16,CRISIL_GILT,1651.37,0.45999999999999996
2023-10-17,CRISIL_GILT,1657.07,0.35000000000000003
2023-10-18,CRISIL_GILT,1649.4,-0.45999999999999996
2023-10-19,CRISIL_GILT,1650.74,0.08
2023-10-20,CRISIL_GILT,1645.15,-0.33999999999999997
2023-10-23,CRISIL_GILT,1650.36,0.32
2023-10-24,CRISIL_GILT,1646.87,-0.21
2023-10-25,CRISIL_GILT,1650.61,0.22999999999999998
2023-10-26,CRISIL_GILT,1655.88,0.32
2023-10-27,CRISIL_GILT,1648.77,-0.43
2023-10-30,CRISIL_GILT,1655.37,0.4
2023-10-31,CRISIL_GILT,1660.54,0.31
2023-11-01,CRISIL_GILT,1656.61,-0.24
2023-11-02,CRISIL_GILT,1661.94,0.32
2023-11-03,CRISIL_GILT,1657.4,-0.27
2023-11-06,CRISIL_GILT,1661.67,0.26
2023-11-07,CRISIL_GILT,1661.76,0.01
2023-11-08,CRISIL_GILT,1656.3,-0.33
2023-11-09,CRISIL_GILT,1662.95,0.4
2023-11-10,CRISIL_GILT,1669.61,0.4
2023-11-13,CRISIL_GILT,1670.9,0.08
2023-11-14,CRISIL_GILT,1671.47,0.03
2023-11-15,CRISIL_GILT,1670.26,-0.06999999999999999
2023-11-16,CRISIL_GILT,1673.07,0.16999999999999998
2023-11-17,CRISIL_GILT,1675.27,0.13
2023-11-20,CRISIL_GILT,1682.21,0.41000000000000003
2023-11-21,CRISIL_GILT,1683.58,0.08
2023-11-22,CRISIL_GILT,1690.01,0.38
2023-11-23,CRISIL_GILT,1682.59,-0.44
2023-11-24,CRISIL_GILT,1686.51,0.22999999999999998
2023-11-27,CRISIL_GILT,1687.75,0.06999999999999999
2023-11-28,CRISIL_GILT,1689.76,0.12
2023-11-29,CRISIL_GILT,1698.01,0.49
2023-11-30,CRISIL_GILT,1703.24,0.31
2023-12-01,CRISIL_GILT,1702.22,-0.06
2023-12-04,CRISIL_GILT,1699.05,-0.19
2023-12-05,CRISIL_GILT,1691.35,-0.44999999999999996
2023-12-06,CRISIL_GILT,1693.76,0.13999999999999999
2023-12-07,CRISIL_GILT,1699.5,0.33999999999999997
2023-12-08,CRISIL_GILT,1705.43,0.35000000000000003
2023-12-11,CRISIL_GILT,1704.18,-0.06999999999999999
2023-12-12,CRISIL_GILT,1710.05,0.33999999999999997
2023-12-13,CRISIL_GILT,1716.02,0.35000000000000003
2023-12-14,CRISIL_GILT,1720.69,0.27
2023-12-15,CRISIL_GILT,1721.41,0.04
2023-12-18,CRISIL_GILT,1721.71,0.02
2023-12-19,CRISIL_GILT,1724.52,0.16
2023-12-20,CRISIL_GILT,1727.99,0.2
2023-12-21,CRISIL_GILT,1726.41,-0.09
2023-12-22,CRISIL_GILT,1725.33,-0.06
2023-12-25,CRISIL_GILT,1727.0,0.1
2023-12-26,CRISIL_GILT,1724.8,-0.13
2023-12-27,CRISIL_GILT,1723.08,-0.1
2023-12-28,CRISIL_GILT,1715.95,-0.41000000000000003
2023-12-29,CRISIL_GILT,1712.08,-0.22999999999999998
2024-01-01,CRISIL_GILT,1715.79,0.22
2024-01-02,CRISIL_GILT,1720.64,0.27999999999999997
2024-01-03,CRISIL_GILT,1720.96,0.02
2024-01-04,CRISIL_GILT,1724.88,0.22999999999999998
2024-01-05,CRISIL_GILT,1715.7,-0.53
2024-01-08,CRISIL_GILT,1718.05,0.13999999999999999
2024-01-09,CRISIL_GILT,1712.23,-0.33999999999999997
2024-01-10,CRISIL_GILT,1709.1,-0.18
2024-01-11,CRISIL_GILT,1712.39,0.19
2024-01-12,CRISIL_GILT,1716.41,0.22999999999999998
2024-01-15,CRISIL_GILT,1708.68,-0.44999999999999996
2024-01-16,CRISIL_GILT,1702.0,-0.38999999999999996
2024-01-17,CRISIL_GILT,1699.61,-0.13999999999999999
2024-01-18,CRISIL_GILT,1692.44,-0.42
2024-01-19,CRISIL_GILT,1691.16,-0.08
2024-01-22,CRISIL_GILT,1695.34,0.25
2024-01-23,CRISIL_GILT,1689.21,-0.36
2024-01-24,CRISIL_GILT,1698.28,0.54
2024-01-25,CRISIL_GILT,1697.65,-0.04
2024-01-26,CRISIL_GILT,1699.73,0.12
2024-01-29,CRISIL_GILT,1695.82,-0.22999999999999998
2024-01-30,CRISIL_GILT,1700.76,0.29
2024-01-31,CRISIL_GILT,1702.25,0.09
2024-02-01,CRISIL_GILT,1703.82,0.09
2024-02-02,CRISIL_GILT,1705.97,0.13
2024-02-05,CRISIL_GILT,1700.91,-0.3
2024-02-06,CRISIL_GILT,1703.16,0.13
2024-02-07,CRISIL_GILT,1706.67,0.21
2024-02-08,CRISIL_GILT,1700.58,-0.36
2024-02-09,CRISIL_GILT,1699.92,-0.04
2024-02-12,CRISIL_GILT,1699.08,-0.05
2024-02-13,CRISIL_GILT,1699.75,0.04
2024-02-14,CRISIL_GILT,1703.33,0.21
2024-02-15,CRISIL_GILT,1707.33,0.22999999999999998
2024-02-16,CRISIL_GILT,1707.39,0.0
2024-02-19,CRISIL_GILT,1712.0,0.27
2024-02-20,CRISIL_GILT,1706.55,-0.32
2024-02-21,CRISIL_GILT,1708.17,0.09
2024-02-22,CRISIL_GILT,1700.01,-0.48
2024-02-23,CRISIL_GILT,1698.36,-0.1
2024-02-26,CRISIL_GILT,1700.91,0.15
2024-02-27,CRISIL_GILT,1704.46,0.21
2024-02-28,CRISIL_GILT,1706.21,0.1
2024-02-29,CRISIL_GILT,1713.48,0.43
2024-03-01,CRISIL_GILT,1714.44,0.06
2024-03-04,CRISIL_GILT,1707.58,-0.4
2024-03-05,CRISIL_GILT,1698.31,-0.54
2024-03-06,CRISIL_GILT,1694.55,-0.22
2024-03-07,CRISIL_GILT,1690.78,-0.22
2024-03-08,CRISIL_GILT,1691.42,0.04
2024-03-11,CRISIL_GILT,1689.55,-0.11
2024-03-12,CRISIL_GILT,1685.99,-0.21
2024-03-13,CRISIL_GILT,1684.0,-0.12
2024-03-14,CRISIL_GILT,1683.04,-0.06
2024-03-15,CRISIL_GILT,1679.98,-0.18
2024-03-18,CRISIL_GILT,1680.63,0.04
2024-03-19,CRISIL_GILT,1685.12,0.27
2024-03-20,CRISIL_GILT,1682.85,-0.13
2024-03-21,CRISIL_GILT,1683.69,0.05
2024-03-22,CRISIL_GILT,1692.97,0.5499999999999999
2024-03-25,CRISIL_GILT,1694.5,0.09
2024-03-26,CRISIL_GILT,1699.65,0.3
2024-03-27,CRISIL_GILT,1698.11,-0.09
2024-03-28,CRISIL_GILT,1703.61,0.32
2024-03-29,CRISIL_GILT,1700.65,-0.16999999999999998
2024-04-01,CRISIL_GILT,1703.72,0.18
2024-04-02,CRISIL_GILT,1708.83,0.3
2024-04-03,CRISIL_GILT,1715.98,0.42
2024-04-04,CRISIL_GILT,1717.01,0.06
2024-04-05,CRISIL_GILT,1716.33,-0.04
2024-04-08,CRISIL_GILT,1710.85,-0.32
2024-04-09,CRISIL_GILT,1711.02,0.01
2024-04-10,CRISIL_GILT,1714.99,0.22999999999999998
2024-04-11,CRISIL_GILT,1718.5,0.2
2024-04-12,CRISIL_GILT,1718.9,0.02
2024-04-15,CRISIL_GILT,1721.0,0.12
2024-04-16,CRISIL_GILT,1728.76,0.44999999999999996
2024-04-17,CRISIL_GILT,1732.22,0.2
2024-04-18,CRISIL_GILT,1731.69,-0.03
2024-04-19,CRISIL_GILT,1732.18,0.03
2024-04-22,CRISIL_GILT,1735.62,0.2
2024-04-23,CRISIL_GILT,1738.72,0.18
2024-04-24,CRISIL_GILT,1749.14,0.6
2024-04-25,CRISIL_GILT,1756.93,0.44999999999999996
2024-04-26,CRISIL_GILT,1752.9,-0.22999999999999998
2024-04-29,CRISIL_GILT,1750.53,-0.13999999999999999
2024-04-30,CRISIL_GILT,1756.68,0.35000000000000003
2024-05-01,CRISIL_GILT,1753.74,-0.16999999999999998
2024-05-02,CRISIL_GILT,1754.99,0.06999999999999999
2024-05-03,CRISIL_GILT,1762.69,0.44
2024-05-06,CRISIL_GILT,1764.58,0.11
2024-05-07,CRISIL_GILT,1769.46,0.27999999999999997
2024-05-08,CRISIL_GILT,1770.96,0.08
2024-05-09,CRISIL_GILT,1771.15,0.01
2024-05-10,CRISIL_GILT,1763.45,-0.43
2024-05-13,CRISIL_GILT,1765.1,0.09
2024-05-14,CRISIL_GILT,1763.25,-0.1
2024-05-15,CRISIL_GILT,1769.73,0.37
2024-05-16,CRISIL_GILT,1759.01,-0.61
2024-05-17,CRISIL_GILT,1757.26,-0.1
2024-05-20,CRISIL_GILT,1763.92,0.38
2024-05-21,CRISIL_GILT,1773.15,0.52
2024-05-22,CRISIL_GILT,1778.81,0.32
2024-05-23,CRISIL_GILT,1782.32,0.2
2024-05-24,CRISIL_GILT,1775.1,-0.41000000000000003
2024-05-27,CRISIL_GILT,1770.88,-0.24
2024-05-28,CRISIL_GILT,1775.53,0.26
2024-05-29,CRISIL_GILT,1770.28,-0.3
2024-05-30,CRISIL_GILT,1769.74,-0.03
2024-05-31,CRISIL_GILT,1768.86,-0.05
2024-06-03,CRISIL_GILT,1771.23,0.13
2024-06-04,CRISIL_GILT,1774.73,0.2
2024-06-05,CRISIL_GILT,1763.92,-0.61
2024-06-06,CRISIL_GILT,1765.69,0.1
2024-06-07,CRISIL_GILT,1763.17,-0.13999999999999999
2024-06-10,CRISIL_GILT,1766.15,0.16999999999999998
2024-06-11,CRISIL_GILT,1758.75,-0.42
2024-06-12,CRISIL_GILT,1763.76,0.27999999999999997
2024-06-13,CRISIL_GILT,1761.09,-0.15
2024-06-14,CRISIL_GILT,1759.88,-0.06999999999999999
2024-06-17,CRISIL_GILT,1767.63,0.44
2024-06-18,CRISIL_GILT,1767.53,-0.01
2024-06-19,CRISIL_GILT,1772.44,0.27999999999999997
2024-06-20,CRISIL_GILT,1772.84,0.02
2024-06-21,CRISIL_GILT,1780.8,0.44999999999999996
2024-06-24,CRISIL_GILT,1782.83,0.11
2024-06-25,CRISIL_GILT,1785.67,0.16
2024-06-26,CRISIL_GILT,1786.99,0.06999999999999999
2024-06-27,CRISIL_GILT,1786.17,-0.05
2024-06-28,CRISIL_GILT,1790.62,0.25
2024-07-01,CRISIL_GILT,1787.76,-0.16
2024-07-02,CRISIL_GILT,1791.56,0.21
2024-07-03,CRISIL_GILT,1796.42,0.27
2024-07-04,CRISIL_GILT,1799.36,0.16
2024-07-05,CRISIL_GILT,1795.61,-0.21
2024-07-08,CRISIL_GILT,1798.15,0.13999999999999999
2024-07-09,CRISIL_GILT,1803.42,0.29
2024-07-10,CRISIL_GILT,1798.19,-0.29
2024-07-11,CRISIL_GILT,1791.8,-0.36
2024-07-12,CRISIL_GILT,1796.13,0.24
2024-07-15,CRISIL_GILT,1793.72,-0.13
2024-07-16,CRISIL_GILT,1797.61,0.22
2024-07-17,CRISIL_GILT,1805.9,0.45999999999999996
2024-07-18,CRISIL_GILT,1799.73,-0.33999999999999997
2024-07-19,CRISIL_GILT,1793.18,-0.36
2024-07-22,CRISIL_GILT,1797.33,0.22999999999999998
2024-07-23,CRISIL_GILT,1803.79,0.36
2024-07-24,CRISIL_GILT,1812.12,0.45999999999999996
2024-07-25,CRISIL_GILT,1816.33,0.22999999999999998
2024-07-26,CRISIL_GILT,1816.23,-0.01
2024-07-29,CRISIL_GILT,1817.19,0.05
2024-07-30,CRISIL_GILT,1819.25,0.11
2024-07-31,CRISIL_GILT,1827.51,0.44999999999999996
2024-08-01,CRISIL_GILT,1829.38,0.1
2024-08-02,CRISIL_GILT,1826.72,-0.15
2024-08-05,CRISIL_GILT,1828.27,0.08
2024-08-06,CRISIL_GILT,1821.61,-0.36
2024-08-07,CRISIL_GILT,1819.58,-0.11
2024-08-08,CRISIL_GILT,1818.69,-0.05
2024-08-09,CRISIL_GILT,1817.43,-0.06999999999999999
2024-08-12,CRISIL_GILT,1810.69,-0.37
2024-08-13,CRISIL_GILT,1805.8,-0.27
2024-08-14,CRISIL_GILT,1806.23,0.02
2024-08-15,CRISIL_GILT,1810.56,0.24
2024-08-16,CRISIL_GILT,1809.18,-0.08
2024-08-19,CRISIL_GILT,1810.04,0.05
2024-08-20,CRISIL_GILT,1814.56,0.25
2024-08-21,CRISIL_GILT,1827.33,0.7000000000000001
2024-08-22,CRISIL_GILT,1826.4,-0.05
2024-08-23,CRISIL_GILT,1823.05,-0.18
2024-08-26,CRISIL_GILT,1827.21,0.22999999999999998
2024-08-27,CRISIL_GILT,1831.66,0.24
2024-08-28,CRISIL_GILT,1826.15,-0.3
2024-08-29,CRISIL_GILT,1821.53,-0.25
2024-08-30,CRISIL_GILT,1815.77,-0.32
2024-09-02,CRISIL_GILT,1813.02,-0.15
2024-09-03,CRISIL_GILT,1817.49,0.25
2024-09-04,CRISIL_GILT,1819.64,0.12
2024-09-05,CRISIL_GILT,1820.94,0.06999999999999999
2024-09-06,CRISIL_GILT,1816.96,-0.22
2024-09-09,CRISIL_GILT,1812.63,-0.24
2024-09-10,CRISIL_GILT,1813.48,0.05
2024-09-11,CRISIL_GILT,1813.78,0.02
2024-09-12,CRISIL_GILT,1816.54,0.15
2024-09-13,CRISIL_GILT,1823.42,0.38
2024-09-16,CRISIL_GILT,1818.72,-0.26
2024-09-17,CRISIL_GILT,1818.55,-0.01
2024-09-18,CRISIL_GILT,1819.59,0.06
2024-09-19,CRISIL_GILT,1821.0,0.08
2024-09-20,CRISIL_GILT,1821.86,0.05
2024-09-23,CRISIL_GILT,1822.21,0.02
2024-09-24,CRISIL_GILT,1823.6,0.08
2024-09-25,CRISIL_GILT,1826.5,0.16
2024-09-26,CRISIL_GILT,1823.78,-0.15
2024-09-27,CRISIL_GILT,1826.46,0.15
2024-09-30,CRISIL_GILT,1829.35,0.16
2024-10-01,CRISIL_GILT,1830.96,0.09
2024-10-02,CRISIL_GILT,1838.77,0.43
2024-10-03,CRISIL_GILT,1840.3,0.08
2024-10-04,CRISIL_GILT,1842.52,0.12
2024-10-07,CRISIL_GILT,1838.51,-0.22
2024-10-08,CRISIL_GILT,1843.86,0.29
2024-10-09,CRISIL_GILT,1853.31,0.51
2024-10-10,CRISIL_GILT,1854.57,0.06999999999999999
2024-10-11,CRISIL_GILT,1845.47,-0.49
2024-10-14,CRISIL_GILT,1851.01,0.3
2024-10-15,CRISIL_GILT,1857.94,0.37
2024-10-16,CRISIL_GILT,1859.48,0.08
2024-10-17,CRISIL_GILT,1857.59,-0.1
2024-10-18,CRISIL_GILT,1864.09,0.35000000000000003
2024-10-21,CRISIL_GILT,1870.26,0.33
2024-10-22,CRISIL_GILT,1871.98,0.09
2024-10-23,CRISIL_GILT,1877.9,0.32
2024-10-24,CRISIL_GILT,1875.01,-0.15
2024-10-25,CRISIL_GILT,1881.66,0.35000000000000003
2024-10-28,CRISIL_GILT,1883.49,0.1
2024-10-29,CRISIL_GILT,1882.59,-0.05
2024-10-30,CRISIL_GILT,1883.67,0.06
2024-10-31,CRISIL_GILT,1888.05,0.22999999999999998
2024-11-01,CRISIL_GILT,1890.06,0.11
2024-11-04,CRISIL_GILT,1899.36,0.49
2024-11-05,CRISIL_GILT,1905.72,0.33
2024-11-06,CRISIL_GILT,1900.65,-0.27
2024-11-07,CRISIL_GILT,1905.63,0.26
2024-11-08,CRISIL_GILT,1911.01,0.27999999999999997
2024-11-11,CRISIL_GILT,1914.52,0.18
2024-11-12,CRISIL_GILT,1910.49,-0.21
2024-11-13,CRISIL_GILT,1916.43,0.31
2024-11-14,CRISIL_GILT,1918.24,0.09
2024-11-15,CRISIL_GILT,1913.9,-0.22999999999999998
2024-11-18,CRISIL_GILT,1916.17,0.12
2024-11-19,CRISIL_GILT,1922.19,0.31
2024-11-20,CRISIL_GILT,1918.66,-0.18
2024-11-21,CRISIL_GILT,1915.14,-0.18
2024-11-22,CRISIL_GILT,1919.21,0.21
2024-11-25,CRISIL_GILT,1921.54,0.12
2024-11-26,CRISIL_GILT,1926.07,0.24
2024-11-27,CRISIL_GILT,1926.96,0.05
2024-11-28,CRISIL_GILT,1939.74,0.66
2024-11-29,CRISIL_GILT,1938.58,-0.06
2024-12-02,CRISIL_GILT,1942.4,0.2
2024-12-03,CRISIL_GILT,1940.73,-0.09
2024-12-04,CRISIL_GILT,1934.44,-0.32
2024-12-05,CRISIL_GILT,1934.4,-0.0
2024-12-06,CRISIL_GILT,1933.61,-0.04
2024-12-09,CRISIL_GILT,1942.89,0.48
2024-12-10,CRISIL_GILT,1945.6,0.13999999999999999
2024-12-11,CRISIL_GILT,1942.39,-0.16
2024-12-12,CRISIL_GILT,1943.27,0.05
2024-12-13,CRISIL_GILT,1939.44,-0.2
2024-12-16,CRISIL_GILT,1938.81,-0.03
2024-12-17,CRISIL_GILT,1944.48,0.29
2024-12-18,CRISIL_GILT,1947.39,0.15
2024-12-19,CRISIL_GILT,1939.89,-0.38999999999999996
2024-12-20,CRISIL_GILT,1936.6,-0.16999999999999998
2024-12-23,CRISIL_GILT,1933.13,-0.18
2024-12-24,CRISIL_GILT,1930.34,-0.13999999999999999
2024-12-25,CRISIL_GILT,1932.34,0.1
2024-12-26,CRISIL_GILT,1938.0,0.29
2024-12-27,CRISIL_GILT,1936.92,-0.06
2024-12-30,CRISIL_GILT,1934.41,-0.13
2024-12-31,CRISIL_GILT,1939.04,0.24
2025-01-01,CRISIL_GILT,1941.13,0.11
2025-01-02,CRISIL_GILT,1939.14,-0.1
2025-01-03,CRISIL_GILT,1937.8,-0.06999999999999999
2025-01-06,CRISIL_GILT,1936.94,-0.04
2025-01-07,CRISIL_GILT,1942.92,0.31
2025-01-08,CRISIL_GILT,1945.64,0.13999999999999999
2025-01-09,CRISIL_GILT,1955.22,0.49
2025-01-10,CRISIL_GILT,1958.48,0.16999999999999998
2025-01-13,CRISIL_GILT,1954.67,-0.19
2025-01-14,CRISIL_GILT,1947.03,-0.38999999999999996
2025-01-15,CRISIL_GILT,1944.54,-0.13
2025-01-16,CRISIL_GILT,1937.11,-0.38
2025-01-17,CRISIL_GILT,1933.87,-0.16999999999999998
2025-01-20,CRISIL_GILT,1934.52,0.03
2025-01-21,CRISIL_GILT,1928.75,-0.3
2025-01-22,CRISIL_GILT,1933.13,0.22999999999999998
2025-01-23,CRISIL_GILT,1931.22,-0.1
2025-01-24,CRISIL_GILT,1935.67,0.22999999999999998
2025-01-27,CRISIL_GILT,1931.62,-0.21
2025-01-28,CRISIL_GILT,1935.7,0.21
2025-01-29,CRISIL_GILT,1933.79,-0.1
2025-01-30,CRISIL_GILT,1933.19,-0.03
2025-01-31,CRISIL_GILT,1930.65,-0.13
2025-02-03,CRISIL_GILT,1930.47,-0.01
2025-02-04,CRISIL_GILT,1933.83,0.16999999999999998
2025-02-05,CRISIL_GILT,1927.67,-0.32
2025-02-06,CRISIL_GILT,1939.05,0.59
2025-02-07,CRISIL_GILT,1950.55,0.59
2025-02-10,CRISIL_GILT,1948.65,-0.1
2025-02-11,CRISIL_GILT,1954.1,0.27999999999999997
2025-02-12,CRISIL_GILT,1948.78,-0.27
2025-02-13,CRISIL_GILT,1941.3,-0.38
2025-02-14,CRISIL_GILT,1951.34,0.52
2025-02-17,CRISIL_GILT,1955.8,0.22999999999999998
2025-02-18,CRISIL_GILT,1957.13,0.06999999999999999
2025-02-19,CRISIL_GILT,1961.42,0.22
2025-02-20,CRISIL_GILT,1958.69,-0.13999999999999999
2025-02-21,CRISIL_GILT,1959.78,0.06
2025-02-24,CRISIL_GILT,1961.54,0.09
2025-02-25,CRISIL_GILT,1954.99,-0.33
2025-02-26,CRISIL_GILT,1961.26,0.32
2025-02-27,CRISIL_GILT,1959.62,-0.08
2025-02-28,CRISIL_GILT,1954.41,-0.27
2025-03-03,CRISIL_GILT,1963.32,0.45999999999999996
2025-03-04,CRISIL_GILT,1970.02,0.33999999999999997
2025-03-05,CRISIL_GILT,1969.56,-0.02
2025-03-06,CRISIL_GILT,1963.93,-0.29
2025-03-07,CRISIL_GILT,1967.14,0.16
2025-03-10,CRISIL_GILT,1968.09,0.05
2025-03-11,CRISIL_GILT,1979.6,0.58
2025-03-12,CRISIL_GILT,1986.91,0.37
2025-03-13,CRISIL_GILT,1985.23,-0.08
2025-03-14,CRISIL_GILT,1993.16,0.4
2025-03-17,CRISIL_GILT,2000.58,0.37
2025-03-18,CRISIL_GILT,1992.4,-0.41000000000000003
2025-03-19,CRISIL_GILT,1995.95,0.18
2025-03-20,CRISIL_GILT,2002.68,0.33999999999999997
2025-03-21,CRISIL_GILT,2001.24,-0.06999999999999999
2025-03-24,CRISIL_GILT,1995.64,-0.27999999999999997
2025-03-25,CRISIL_GILT,2011.47,0.79
2025-03-26,CRISIL_GILT,2020.18,0.43
2025-03-27,CRISIL_GILT,2022.26,0.1
2025-03-28,CRISIL_GILT,2012.14,-0.5
2025-03-31,CRISIL_GILT,2010.83,-0.06999999999999999
2025-04-01,CRISIL_GILT,2021.62,0.54
2025-04-02,CRISIL_GILT,2029.27,0.38
2025-04-03,CRISIL_GILT,2028.71,-0.03
2025-04-04,CRISIL_GILT,2026.96,-0.09
2025-04-07,CRISIL_GILT,2035.27,0.41000000000000003
2025-04-08,CRISIL_GILT,2034.86,-0.02
2025-04-09,CRISIL_GILT,2035.08,0.01
2025-04-10,CRISIL_GILT,2038.15,0.15
2025-04-11,CRISIL_GILT,2042.04,0.19
2025-04-14,CRISIL_GILT,2037.25,-0.22999999999999998
2025-04-15,CRISIL_GILT,2041.29,0.2
2025-04-16,CRISIL_GILT,2037.03,-0.21
2025-04-17,CRISIL_GILT,2044.57,0.37
2025-04-18,CRISIL_GILT,2043.7,-0.04
2025-04-21,CRISIL_GILT,2046.07,0.12
2025-04-22,CRISIL_GILT,2032.18,-0.6799999999999999
2025-04-23,CRISIL_GILT,2037.34,0.25
2025-04-24,CRISIL_GILT,2043.24,0.29
2025-04-25,CRISIL_GILT,2041.44,-0.09
2025-04-28,CRISIL_GILT,2035.26,-0.3
2025-04-29,CRISIL_GILT,2028.94,-0.31
2025-04-30,CRISIL_GILT,2029.82,0.04
2025-05-01,CRISIL_GILT,2024.98,-0.24
2025-05-02,CRISIL_GILT,2025.52,0.03
2025-05-05,CRISIL_GILT,2026.98,0.06999999999999999
2025-05-06,CRISIL_GILT,2029.02,0.1
2025-05-07,CRISIL_GILT,2037.27,0.41000000000000003
2025-05-08,CRISIL_GILT,2044.88,0.37
2025-05-09,CRISIL_GILT,2046.56,0.08
2025-05-12,CRISIL_GILT,2050.91,0.21
2025-05-13,CRISIL_GILT,2053.86,0.13999999999999999
2025-05-14,CRISIL_GILT,2062.37,0.41000000000000003
2025-05-15,CRISIL_GILT,2064.04,0.08
2025-05-16,CRISIL_GILT,2069.79,0.27999999999999997
2025-05-19,CRISIL_GILT,2082.27,0.6
2025-05-20,CRISIL_GILT,2085.45,0.15
2025-05-21,CRISIL_GILT,2083.9,-0.06999999999999999
2025-05-22,CRISIL_GILT,2082.58,-0.06
2025-05-23,CRISIL_GILT,2079.69,-0.13999999999999999
2025-05-26,CRISIL_GILT,2084.66,0.24
2025-05-27,CRISIL_GILT,2087.54,0.13999999999999999
2025-05-28,CRISIL_GILT,2086.64,-0.04
2025-05-29,CRISIL_GILT,2095.75,0.44
2025-05-30,CRISIL_GILT,2094.65,-0.05
2025-06-02,CRISIL_GILT,2096.15,0.06999999999999999
2025-06-03,CRISIL_GILT,2093.01,-0.15
2025-06-04,CRISIL_GILT,2093.42,0.02
2025-06-05,CRISIL_GILT,2090.17,-0.16
2025-06-06,CRISIL_GILT,2090.61,0.02
2025-06-09,CRISIL_GILT,2086.07,-0.22
2025-06-10,CRISIL_GILT,2084.36,-0.08
2025-06-11,CRISIL_GILT,2081.61,-0.13
2025-06-12,CRISIL_GILT,2079.11,-0.12
2025-06-13,CRISIL_GILT,2075.34,-0.18
2025-06-16,CRISIL_GILT,2074.51,-0.04
2025-06-17,CRISIL_GILT,2062.31,-0.59
2025-06-18,CRISIL_GILT,2066.71,0.21
2025-06-19,CRISIL_GILT,2069.07,0.11
2025-06-20,CRISIL_GILT,2071.5,0.12
2025-06-23,CRISIL_GILT,2071.46,-0.0
2025-06-24,CRISIL_GILT,2078.87,0.36
2025-06-25,CRISIL_GILT,2075.96,-0.13999999999999999
2025-06-26,CRISIL_GILT,2067.92,-0.38999999999999996
2025-06-27,CRISIL_GILT,2070.12,0.11
2025-06-30,CRISIL_GILT,2080.88,0.52
2025-07-01,CRISIL_GILT,2089.27,0.4
2025-07-02,CRISIL_GILT,2094.88,0.27
2025-07-03,CRISIL_GILT,2107.68,0.61
2025-07-04,CRISIL_GILT,2106.29,-0.06999999999999999
2025-07-07,CRISIL_GILT,2104.64,-0.08
2025-07-08,CRISIL_GILT,2104.04,-0.03
2025-07-09,CRISIL_GILT,2091.61,-0.59
2025-07-10,CRISIL_GILT,2100.07,0.4
2025-07-11,CRISIL_GILT,2100.81,0.04
2025-07-14,CRISIL_GILT,2098.21,-0.12
2025-07-15,CRISIL_GILT,2097.87,-0.02
2025-07-16,CRISIL_GILT,2093.55,-0.21
2025-07-17,CRISIL_GILT,2094.49,0.04
2025-07-18,CRISIL_GILT,2092.45,-0.1
2025-07-21,CRISIL_GILT,2090.65,-0.09
2025-07-22,CRISIL_GILT,2086.65,-0.19
2025-07-23,CRISIL_GILT,2087.47,0.04
2025-07-24,CRISIL_GILT,2085.44,-0.1
2025-07-25,CRISIL_GILT,2093.2,0.37
2025-07-28,CRISIL_GILT,2096.64,0.16
2025-07-29,CRISIL_GILT,2090.34,-0.3
2025-07-30,CRISIL_GILT,2094.17,0.18
2025-07-31,CRISIL_GILT,2096.58,0.12
2025-08-01,CRISIL_GILT,2097.55,0.05
2025-08-04,CRISIL_GILT,2097.32,-0.01
2025-08-05,CRISIL_GILT,2104.15,0.33
2025-08-06,CRISIL_GILT,2098.89,-0.25
2025-08-07,CRISIL_GILT,2099.13,0.01
2025-08-08,CRISIL_GILT,2090.88,-0.38999999999999996
2025-08-11,CRISIL_GILT,2094.29,0.16
2025-08-12,CRISIL_GILT,2094.55,0.01
2025-08-13,CRISIL_GILT,2089.98,-0.22
2025-08-14,CRISIL_GILT,2091.55,0.08
2025-08-15,CRISIL_GILT,2099.35,0.37
2025-08-18,CRISIL_GILT,2100.54,0.06
2025-08-19,CRISIL_GILT,2092.82,-0.37
2025-08-20,CRISIL_GILT,2093.32,0.02
2025-08-21,CRISIL_GILT,2095.47,0.1
2025-08-22,CRISIL_GILT,2092.41,-0.15
2025-08-25,CRISIL_GILT,2104.75,0.59
2025-08-26,CRISIL_GILT,2097.68,-0.33999999999999997
2025-08-27,CRISIL_GILT,2084.87,-0.61
2025-08-28,CRISIL_GILT,2080.55,-0.21
2025-08-29,CRISIL_GILT,2070.95,-0.45999999999999996
2025-09-01,CRISIL_GILT,2076.48,0.27
2025-09-02,CRISIL_GILT,2082.63,0.3
2025-09-03,CRISIL_GILT,2074.79,-0.38
2025-09-04,CRISIL_GILT,2069.7,-0.25
2025-09-05,CRISIL_GILT,2063.96,-0.27999999999999997
2025-09-08,CRISIL_GILT,2064.44,0.02
2025-09-09,CRISIL_GILT,2067.47,0.15
2025-09-10,CRISIL_GILT,2075.87,0.41000000000000003
2025-09-11,CRISIL_GILT,2078.69,0.13999999999999999
2025-09-12,CRISIL_GILT,2077.52,-0.06
2025-09-15,CRISIL_GILT,2076.11,-0.06999999999999999
2025-09-16,CRISIL_GILT,2077.22,0.05
2025-09-17,CRISIL_GILT,2078.64,0.06999999999999999
2025-09-18,CRISIL_GILT,2078.59,-0.0
2025-09-19,CRISIL_GILT,2079.69,0.05
2025-09-22,CRISIL_GILT,2080.16,0.02
2025-09-23,CRISIL_GILT,2073.16,-0.33999999999999997
2025-09-24,CRISIL_GILT,2074.52,0.06999999999999999
2025-09-25,CRISIL_GILT,2070.55,-0.19
2025-09-26,CRISIL_GILT,2072.22,0.08
2025-09-29,CRISIL_GILT,2075.37,0.15
2025-09-30,CRISIL_GILT,2082.13,0.33
2025-10-01,CRISIL_GILT,2082.55,0.02
2025-10-02,CRISIL_GILT,2079.8,-0.13
2025-10-03,CRISIL_GILT,2084.82,0.24
2025-10-06,CRISIL_GILT,2085.75,0.04
2025-10-07,CRISIL_GILT,2096.7,0.52
2025-10-08,CRISIL_GILT,2089.81,-0.33
2025-10-09,CRISIL_GILT,2087.36,-0.12
2025-10-10,CRISIL_GILT,2084.21,-0.15
2025-10-13,CRISIL_GILT,2094.51,0.49
2025-10-14,CRISIL_GILT,2097.51,0.13999999999999999
2025-10-15,CRISIL_GILT,2088.24,-0.44
2025-10-16,CRISIL_GILT,2079.42,-0.42
2025-10-17,CRISIL_GILT,2084.52,0.25
2025-10-20,CRISIL_GILT,2079.57,-0.24
2025-10-21,CRISIL_GILT,2080.19,0.03
2025-10-22,CRISIL_GILT,2079.7,-0.02
2025-10-23,CRISIL_GILT,2090.69,0.53
2025-10-24,CRISIL_GILT,2090.04,-0.03
2025-10-27,CRISIL_GILT,2088.42,-0.08
2025-10-28,CRISIL_GILT,2091.98,0.16999999999999998
2025-10-29,CRISIL_GILT,2098.45,0.31
2025-10-30,CRISIL_GILT,2099.7,0.06
2025-10-31,CRISIL_GILT,2088.19,-0.5499999999999999
2025-11-03,CRISIL_GILT,2093.05,0.22999999999999998
2025-11-04,CRISIL_GILT,2086.5,-0.31
2025-11-05,CRISIL_GILT,2079.03,-0.36
2025-11-06,CRISIL_GILT,2077.05,-0.1
2025-11-07,CRISIL_GILT,2078.3,0.06
2025-11-10,CRISIL_GILT,2086.55,0.4
2025-11-11,CRISIL_GILT,2076.46,-0.48
2025-11-12,CRISIL_GILT,2077.86,0.06999999999999999
2025-11-13,CRISIL_GILT,2086.21,0.4
2025-11-14,CRISIL_GILT,2086.27,0.0
2025-11-17,CRISIL_GILT,2090.92,0.22
2025-11-18,CRISIL_GILT,2095.14,0.2
2025-11-19,CRISIL_GILT,2092.74,-0.11
2025-11-20,CRISIL_GILT,2096.54,0.18
2025-11-21,CRISIL_GILT,2097.76,0.06
2025-11-24,CRISIL_GILT,2096.68,-0.05
2025-11-25,CRISIL_GILT,2105.73,0.43
2025-11-26,CRISIL_GILT,2105.41,-0.02
2025-11-27,CRISIL_GILT,2114.04,0.41000000000000003
2025-11-28,CRISIL_GILT,2112.82,-0.06
2025-12-01,CRISIL_GILT,2112.75,-0.0
2025-12-02,CRISIL_GILT,2112.11,-0.03
2025-12-03,CRISIL_GILT,2118.31,0.29
2025-12-04,CRISIL_GILT,2114.31,-0.19
2025-12-05,CRISIL_GILT,2117.37,0.13999999999999999
2025-12-08,CRISIL_GILT,2120.09,0.13
2025-12-09,CRISIL_GILT,2122.84,0.13
2025-12-10,CRISIL_GILT,2134.44,0.5499999999999999
2025-12-11,CRISIL_GILT,2133.9,-0.03
2025-12-12,CRISIL_GILT,2149.26,0.72
2025-12-15,CRISIL_GILT,2155.96,0.31
2025-12-16,CRISIL_GILT,2148.72,-0.33999999999999997
2025-12-17,CRISIL_GILT,2143.18,-0.26
2025-12-18,CRISIL_GILT,2149.35,0.29
2025-12-19,CRISIL_GILT,2145.93,-0.16
2025-12-22,CRISIL_GILT,2147.88,0.09
2025-12-23,CRISIL_GILT,2144.74,-0.15
2025-12-24,CRISIL_GILT,2142.85,-0.09
2025-12-25,CRISIL_GILT,2142.09,-0.04
2025-12-26,CRISIL_GILT,2148.03,0.27999999999999997
2025-12-29,CRISIL_GILT,2147.42,-0.03
2025-12-30,CRISIL_GILT,2155.78,0.38999999999999996
2025-12-31,CRISIL_GILT,2151.1,-0.22
2026-01-01,CRISIL_GILT,2156.03,0.22999999999999998
2026-01-02,CRISIL_GILT,2157.8,0.08
2026-01-05,CRISIL_GILT,2151.71,-0.27999999999999997
2026-01-06,CRISIL_GILT,2149.13,-0.12
2026-01-07,CRISIL_GILT,2149.11,-0.0
2026-01-08,CRISIL_GILT,2156.45,0.33999999999999997
2026-01-09,CRISIL_GILT,2156.38,-0.0
2026-01-12,CRISIL_GILT,2168.27,0.5499999999999999
2026-01-13,CRISIL_GILT,2167.14,-0.05
2026-01-14,CRISIL_GILT,2168.3,0.05
2026-01-15,CRISIL_GILT,2176.16,0.36
2026-01-16,CRISIL_GILT,2169.88,-0.29
2026-01-19,CRISIL_GILT,2177.09,0.33
2026-01-20,CRISIL_GILT,2174.14,-0.13999999999999999
2026-01-21,CRISIL_GILT,2173.49,-0.03
2026-01-22,CRISIL_GILT,2175.48,0.09
2026-01-23,CRISIL_GILT,2171.68,-0.16999999999999998
2026-01-26,CRISIL_GILT,2186.92,0.7000000000000001
2026-01-27,CRISIL_GILT,2188.77,0.08
2026-01-28,CRISIL_GILT,2190.16,0.06
2026-01-29,CRISIL_GILT,2187.53,-0.12
2026-01-30,CRISIL_GILT,2180.77,-0.31
2026-02-02,CRISIL_GILT,2187.65,0.32
2026-02-03,CRISIL_GILT,2186.78,-0.04
2026-02-04,CRISIL_GILT,2189.23,0.11
2026-02-05,CRISIL_GILT,2184.47,-0.22
2026-02-06,CRISIL_GILT,2189.58,0.22999999999999998
2026-02-09,CRISIL_GILT,2188.47,-0.05
2026-02-10,CRISIL_GILT,2180.0,-0.38999999999999996
2026-02-11,CRISIL_GILT,2179.03,-0.04
2026-02-12,CRISIL_GILT,2183.94,0.22999999999999998
2026-02-13,CRISIL_GILT,2187.8,0.18
2026-02-16,CRISIL_GILT,2190.54,0.13
2026-02-17,CRISIL_GILT,2190.98,0.02
2026-02-18,CRISIL_GILT,2191.81,0.04
2026-02-19,CRISIL_GILT,2189.37,-0.11
2026-02-20,CRISIL_GILT,2196.42,0.32
2026-02-23,CRISIL_GILT,2196.76,0.02
2026-02-24,CRISIL_GILT,2194.48,-0.1
2026-02-25,CRISIL_GILT,2205.04,0.48
2026-02-26,CRISIL_GILT,2212.56,0.33999999999999997
2026-02-27,CRISIL_GILT,2213.73,0.05
2026-03-02,CRISIL_GILT,2212.41,-0.06
2026-03-03,CRISIL_GILT,2211.25,-0.05
2026-03-04,CRISIL_GILT,2206.52,-0.21
2026-03-05,CRISIL_GILT,2212.46,0.27
2026-03-06,CRISIL_GILT,2223.37,0.49
2026-03-09,CRISIL_GILT,2227.22,0.16999999999999998
2026-03-10,CRISIL_GILT,2236.58,0.42
2026-03-11,CRISIL_GILT,2242.08,0.25
2026-03-12,CRISIL_GILT,2234.43,-0.33999999999999997
2026-03-13,CRISIL_GILT,2243.33,0.4
2026-03-16,CRISIL_GILT,2242.7,-0.03
2026-03-17,CRISIL_GILT,2244.58,0.08
2026-03-18,CRISIL_GILT,2240.08,-0.2
2026-03-19,CRISIL_GILT,2230.84,-0.41000000000000003
2026-03-20,CRISIL_GILT,2227.98,-0.13
2026-03-23,CRISIL_GILT,2230.15,0.1
2026-03-24,CRISIL_GILT,2231.52,0.06
2026-03-25,CRISIL_GILT,2236.64,0.22999999999999998
2026-03-26,CRISIL_GILT,2238.92,0.1
2026-03-27,CRISIL_GILT,2240.42,0.06999999999999999
2026-03-30,CRISIL_GILT,2237.99,-0.11
2026-03-31,CRISIL_GILT,2250.08,0.54
2026-04-01,CRISIL_GILT,2261.92,0.53
2026-04-02,CRISIL_GILT,2264.09,0.1
2026-04-03,CRISIL_GILT,2256.85,-0.32
2026-04-06,CRISIL_GILT,2259.59,0.12
2026-04-07,CRISIL_GILT,2253.08,-0.29
2026-04-08,CRISIL_GILT,2245.8,-0.32
2026-04-09,CRISIL_GILT,2252.11,0.27999999999999997
2026-04-10,CRISIL_GILT,2247.91,-0.19
2026-04-13,CRISIL_GILT,2245.76,-0.1
2026-04-14,CRISIL_GILT,2251.61,0.26
2026-04-15,CRISIL_GILT,2254.94,0.15
2026-04-16,CRISIL_GILT,2259.57,0.21
2026-04-17,CRISIL_GILT,2270.49,0.48
2026-04-20,CRISIL_GILT,2268.09,-0.11
2026-04-21,CRISIL_GILT,2270.69,0.11
2026-04-22,CRISIL_GILT,2279.95,0.41000000000000003
2026-04-23,CRISIL_GILT,2275.31,-0.2
2026-04-24,CRISIL_GILT,2275.2,-0.0
2026-04-27,CRISIL_GILT,2280.81,0.25
2026-04-28,CRISIL_GILT,2274.39,-0.27999999999999997
2026-04-29,CRISIL_GILT,2276.36,0.09
2026-04-30,CRISIL_GILT,2275.36,-0.04
2026-05-01,CRISIL_GILT,2270.81,-0.2
2026-05-04,CRISIL_GILT,2278.36,0.33
2026-05-05,CRISIL_GILT,2284.29,0.26
2026-05-06,CRISIL_GILT,2288.02,0.16
2026-05-07,CRISIL_GILT,2292.76,0.21
2026-05-08,CRISIL_GILT,2291.11,-0.06999999999999999
2026-05-11,CRISIL_GILT,2292.07,0.04
2026-05-12,CRISIL_GILT,2287.98,-0.18
2026-05-13,CRISIL_GILT,2293.1,0.22
2026-05-14,CRISIL_GILT,2288.53,-0.2
2026-05-15,CRISIL_GILT,2286.31,-0.1
2026-05-18,CRISIL_GILT,2281.08,-0.22999999999999998
2026-05-19,CRISIL_GILT,2282.98,0.08
2026-05-20,CRISIL_GILT,2282.14,-0.04
2026-05-21,CRISIL_GILT,2285.11,0.13
2026-05-22,CRISIL_GILT,2281.95,-0.13999999999999999
2026-05-25,CRISIL_GILT,2278.26,-0.16
2026-05-26,CRISIL_GILT,2281.42,0.13999999999999999
2026-05-27,CRISIL_GILT,2281.3,-0.01
2026-05-28,CRISIL_GILT,2298.35,0.75
2026-05-29,CRISIL_GILT,2302.79,0.19
2022-01-03,CRISIL_LIQUID,2281.51,
2022-01-04,CRISIL_LIQUID,2281.61,0.0
2022-01-05,CRISIL_LIQUID,2282.31,0.03
2022-01-06,CRISIL_LIQUID,2282.91,0.03
2022-01-07,CRISIL_LIQUID,2284.78,0.08
2022-01-10,CRISIL_LIQUID,2284.84,0.0
2022-01-11,CRISIL_LIQUID,2285.86,0.04
2022-01-12,CRISIL_LIQUID,2285.47,-0.02
2022-01-13,CRISIL_LIQUID,2285.36,-0.0
2022-01-14,CRISIL_LIQUID,2285.63,0.01
2022-01-17,CRISIL_LIQUID,2285.61,-0.0
2022-01-18,CRISIL_LIQUID,2286.51,0.04
2022-01-19,CRISIL_LIQUID,2287.08,0.02
2022-01-20,CRISIL_LIQUID,2288.27,0.05
2022-01-21,CRISIL_LIQUID,2288.12,-0.01
2022-01-24,CRISIL_LIQUID,2288.84,0.03
2022-01-25,CRISIL_LIQUID,2288.89,0.0
2022-01-26,CRISIL_LIQUID,2290.4,0.06999999999999999
2022-01-27,CRISIL_LIQUID,2290.25,-0.01
2022-01-28,CRISIL_LIQUID,2289.57,-0.03
2022-01-31,CRISIL_LIQUID,2289.74,0.01
2022-02-01,CRISIL_LIQUID,2289.52,-0.01
2022-02-02,CRISIL_LIQUID,2290.22,0.03
2022-02-03,CRISIL_LIQUID,2291.23,0.04
2022-02-04,CRISIL_LIQUID,2292.34,0.05
2022-02-07,CRISIL_LIQUID,2291.39,-0.04
2022-02-08,CRISIL_LIQUID,2292.51,0.05
2022-02-09,CRISIL_LIQUID,2293.26,0.03
2022-02-10,CRISIL_LIQUID,2294.36,0.05
2022-02-11,CRISIL_LIQUID,2295.59,0.05
2022-02-14,CRISIL_LIQUID,2295.73,0.01
2022-02-15,CRISIL_LIQUID,2295.67,-0.0
2022-02-16,CRISIL_LIQUID,2296.5,0.04
2022-02-17,CRISIL_LIQUID,2297.79,0.06
2022-02-18,CRISIL_LIQUID,2297.48,-0.01
2022-02-21,CRISIL_LIQUID,2298.12,0.03
2022-02-22,CRISIL_LIQUID,2298.33,0.01
2022-02-23,CRISIL_LIQUID,2298.55,0.01
2022-02-24,CRISIL_LIQUID,2298.86,0.01
2022-02-25,CRISIL_LIQUID,2299.93,0.05
2022-02-28,CRISIL_LIQUID,2300.94,0.04
2022-03-01,CRISIL_LIQUID,2300.89,-0.0
2022-03-02,CRISIL_LIQUID,2300.49,-0.02
2022-03-03,CRISIL_LIQUID,2301.86,0.06
2022-03-04,CRISIL_LIQUID,2303.04,0.05
2022-03-07,CRISIL_LIQUID,2304.53,0.06
2022-03-08,CRISIL_LIQUID,2305.52,0.04
2022-03-09,CRISIL_LIQUID,2307.08,0.06999999999999999
2022-03-10,CRISIL_LIQUID,2306.0,-0.05
2022-03-11,CRISIL_LIQUID,2306.51,0.02
2022-03-14,CRISIL_LIQUID,2306.6,0.0
2022-03-15,CRISIL_LIQUID,2308.64,0.09
2022-03-16,CRISIL_LIQUID,2308.36,-0.01
2022-03-17,CRISIL_LIQUID,2307.98,-0.02
2022-03-18,CRISIL_LIQUID,2308.12,0.01
2022-03-21,CRISIL_LIQUID,2308.33,0.01
2022-03-22,CRISIL_LIQUID,2308.65,0.01
2022-03-23,CRISIL_LIQUID,2309.91,0.05
2022-03-24,CRISIL_LIQUID,2311.58,0.06999999999999999
2022-03-25,CRISIL_LIQUID,2312.88,0.06
2022-03-28,CRISIL_LIQUID,2315.29,0.1
2022-03-29,CRISIL_LIQUID,2316.82,0.06999999999999999
2022-03-30,CRISIL_LIQUID,2316.96,0.01
2022-03-31,CRISIL_LIQUID,2317.47,0.02
2022-04-01,CRISIL_LIQUID,2318.65,0.05
2022-04-04,CRISIL_LIQUID,2318.4,-0.01
2022-04-05,CRISIL_LIQUID,2318.77,0.02
2022-04-06,CRISIL_LIQUID,2319.84,0.05
2022-04-07,CRISIL_LIQUID,2321.84,0.09
2022-04-08,CRISIL_LIQUID,2322.46,0.03
2022-04-11,CRISIL_LIQUID,2323.2,0.03
2022-04-12,CRISIL_LIQUID,2324.18,0.04
2022-04-13,CRISIL_LIQUID,2323.51,-0.03
2022-04-14,CRISIL_LIQUID,2323.85,0.01
2022-04-15,CRISIL_LIQUID,2323.82,-0.0
2022-04-18,CRISIL_LIQUID,2324.99,0.05
2022-04-19,CRISIL_LIQUID,2325.27,0.01
2022-04-20,CRISIL_LIQUID,2326.76,0.06
2022-04-21,CRISIL_LIQUID,2327.68,0.04
2022-04-22,CRISIL_LIQUID,2328.16,0.02
2022-04-25,CRISIL_LIQUID,2328.35,0.01
2022-04-26,CRISIL_LIQUID,2328.43,0.0
2022-04-27,CRISIL_LIQUID,2330.21,0.08
2022-04-28,CRISIL_LIQUID,2329.32,-0.04
2022-04-29,CRISIL_LIQUID,2329.86,0.02
2022-05-02,CRISIL_LIQUID,2330.52,0.03
2022-05-03,CRISIL_LIQUID,2329.47,-0.05
2022-05-04,CRISIL_LIQUID,2331.03,0.06999999999999999
2022-05-05,CRISIL_LIQUID,2331.78,0.03
2022-05-06,CRISIL_LIQUID,2332.92,0.05
2022-05-09,CRISIL_LIQUID,2334.07,0.05
2022-05-10,CRISIL_LIQUID,2335.34,0.05
2022-05-11,CRISIL_LIQUID,2336.54,0.05
2022-05-12,CRISIL_LIQUID,2337.74,0.05
2022-05-13,CRISIL_LIQUID,2338.63,0.04
2022-05-16,CRISIL_LIQUID,2339.96,0.06
2022-05-17,CRISIL_LIQUID,2342.58,0.11
2022-05-18,CRISIL_LIQUID,2342.55,-0.0
2022-05-19,CRISIL_LIQUID,2343.53,0.04
2022-05-20,CRISIL_LIQUID,2344.76,0.05
2022-05-23,CRISIL_LIQUID,2344.23,-0.02
2022-05-24,CRISIL_LIQUID,2346.23,0.09
2022-05-25,CRISIL_LIQUID,2347.32,0.05
2022-05-26,CRISIL_LIQUID,2348.15,0.04
2022-05-27,CRISIL_LIQUID,2348.49,0.01
2022-05-30,CRISIL_LIQUID,2349.72,0.05
2022-05-31,CRISIL_LIQUID,2349.5,-0.01
2022-06-01,CRISIL_LIQUID,2351.39,0.08
2022-06-02,CRISIL_LIQUID,2352.77,0.06
2022-06-03,CRISIL_LIQUID,2353.29,0.02
2022-06-06,CRISIL_LIQUID,2354.96,0.06999999999999999
2022-06-07,CRISIL_LIQUID,2354.28,-0.03
2022-06-08,CRISIL_LIQUID,2354.14,-0.01
2022-06-09,CRISIL_LIQUID,2354.79,0.03
2022-06-10,CRISIL_LIQUID,2355.48,0.03
2022-06-13,CRISIL_LIQUID,2356.42,0.04
2022-06-14,CRISIL_LIQUID,2357.19,0.03
2022-06-15,CRISIL_LIQUID,2358.73,0.06999999999999999
2022-06-16,CRISIL_LIQUID,2358.25,-0.02
2022-06-17,CRISIL_LIQUID,2357.44,-0.03
2022-06-20,CRISIL_LIQUID,2357.02,-0.02
2022-06-21,CRISIL_LIQUID,2356.67,-0.01
2022-06-22,CRISIL_LIQUID,2357.31,0.03
2022-06-23,CRISIL_LIQUID,2357.82,0.02
2022-06-24,CRISIL_LIQUID,2358.68,0.04
2022-06-27,CRISIL_LIQUID,2359.57,0.04
2022-06-28,CRISIL_LIQUID,2360.39,0.03
2022-06-29,CRISIL_LIQUID,2359.88,-0.02
2022-06-30,CRISIL_LIQUID,2360.34,0.02
2022-07-01,CRISIL_LIQUID,2360.59,0.01
2022-07-04,CRISIL_LIQUID,2362.13,0.06999999999999999
2022-07-05,CRISIL_LIQUID,2363.02,0.04
2022-07-06,CRISIL_LIQUID,2365.04,0.09
2022-07-07,CRISIL_LIQUID,2364.93,-0.0
2022-07-08,CRISIL_LIQUID,2365.34,0.02
2022-07-11,CRISIL_LIQUID,2366.66,0.06
2022-07-12,CRISIL_LIQUID,2366.92,0.01
2022-07-13,CRISIL_LIQUID,2367.84,0.04
2022-07-14,CRISIL_LIQUID,2368.02,0.01
2022-07-15,CRISIL_LIQUID,2369.53,0.06
2022-07-18,CRISIL_LIQUID,2369.11,-0.02
2022-07-19,CRISIL_LIQUID,2371.18,0.09
2022-07-20,CRISIL_LIQUID,2372.39,0.05
2022-07-21,CRISIL_LIQUID,2373.4,0.04
2022-07-22,CRISIL_LIQUID,2374.34,0.04
2022-07-25,CRISIL_LIQUID,2374.45,0.0
2022-07-26,CRISIL_LIQUID,2375.62,0.05
2022-07-27,CRISIL_LIQUID,2375.88,0.01
2022-07-28,CRISIL_LIQUID,2374.94,-0.04
2022-07-29,CRISIL_LIQUID,2375.65,0.03
2022-08-01,CRISIL_LIQUID,2375.74,0.0
2022-08-02,CRISIL_LIQUID,2376.49,0.03
2022-08-03,CRISIL_LIQUID,2377.12,0.03
2022-08-04,CRISIL_LIQUID,2376.7,-0.02
2022-08-05,CRISIL_LIQUID,2378.54,0.08
2022-08-08,CRISIL_LIQUID,2378.68,0.01
2022-08-09,CRISIL_LIQUID,2380.12,0.06
2022-08-10,CRISIL_LIQUID,2380.23,0.0
2022-08-11,CRISIL_LIQUID,2380.88,0.03
2022-08-12,CRISIL_LIQUID,2381.73,0.04
2022-08-15,CRISIL_LIQUID,2380.85,-0.04
2022-08-16,CRISIL_LIQUID,2381.02,0.01
2022-08-17,CRISIL_LIQUID,2381.86,0.04
2022-08-18,CRISIL_LIQUID,2382.54,0.03
2022-08-19,CRISIL_LIQUID,2383.21,0.03
2022-08-22,CRISIL_LIQUID,2384.53,0.06
2022-08-23,CRISIL_LIQUID,2384.56,0.0
2022-08-24,CRISIL_LIQUID,2385.25,0.03
2022-08-25,CRISIL_LIQUID,2384.86,-0.02
2022-08-26,CRISIL_LIQUID,2385.12,0.01
2022-08-29,CRISIL_LIQUID,2386.68,0.06999999999999999
2022-08-30,CRISIL_LIQUID,2387.32,0.03
2022-08-31,CRISIL_LIQUID,2387.6,0.01
2022-09-01,CRISIL_LIQUID,2387.62,0.0
2022-09-02,CRISIL_LIQUID,2387.22,-0.02
2022-09-05,CRISIL_LIQUID,2388.56,0.06
2022-09-06,CRISIL_LIQUID,2390.79,0.09
2022-09-07,CRISIL_LIQUID,2391.1,0.01
2022-09-08,CRISIL_LIQUID,2390.36,-0.03
2022-09-09,CRISIL_LIQUID,2392.14,0.06999999999999999
2022-09-12,CRISIL_LIQUID,2392.09,-0.0
2022-09-13,CRISIL_LIQUID,2393.0,0.04
2022-09-14,CRISIL_LIQUID,2394.02,0.04
2022-09-15,CRISIL_LIQUID,2395.49,0.06
2022-09-16,CRISIL_LIQUID,2395.93,0.02
2022-09-19,CRISIL_LIQUID,2396.9,0.04
2022-09-20,CRISIL_LIQUID,2397.28,0.02
2022-09-21,CRISIL_LIQUID,2396.39,-0.04
2022-09-22,CRISIL_LIQUID,2396.7,0.01
2022-09-23,CRISIL_LIQUID,2397.6,0.04
2022-09-26,CRISIL_LIQUID,2397.46,-0.01
2022-09-27,CRISIL_LIQUID,2398.15,0.03
2022-09-28,CRISIL_LIQUID,2398.97,0.03
2022-09-29,CRISIL_LIQUID,2400.61,0.06999999999999999
2022-09-30,CRISIL_LIQUID,2400.53,-0.0
2022-10-03,CRISIL_LIQUID,2401.33,0.03
2022-10-04,CRISIL_LIQUID,2401.12,-0.01
2022-10-05,CRISIL_LIQUID,2400.09,-0.04
2022-10-06,CRISIL_LIQUID,2400.35,0.01
2022-10-07,CRISIL_LIQUID,2400.56,0.01
2022-10-10,CRISIL_LIQUID,2401.43,0.04
2022-10-11,CRISIL_LIQUID,2402.93,0.06
2022-10-12,CRISIL_LIQUID,2403.63,0.03
2022-10-13,CRISIL_LIQUID,2403.76,0.01
2022-10-14,CRISIL_LIQUID,2403.76,0.0
2022-10-17,CRISIL_LIQUID,2405.26,0.06
2022-10-18,CRISIL_LIQUID,2406.4,0.05
2022-10-19,CRISIL_LIQUID,2406.36,-0.0
2022-10-20,CRISIL_LIQUID,2405.94,-0.02
2022-10-21,CRISIL_LIQUID,2405.89,-0.0
2022-10-24,CRISIL_LIQUID,2407.26,0.06
2022-10-25,CRISIL_LIQUID,2407.17,-0.0
2022-10-26,CRISIL_LIQUID,2408.14,0.04
2022-10-27,CRISIL_LIQUID,2410.04,0.08
2022-10-28,CRISIL_LIQUID,2410.06,0.0
2022-10-31,CRISIL_LIQUID,2410.39,0.01
2022-11-01,CRISIL_LIQUID,2410.99,0.02
2022-11-02,CRISIL_LIQUID,2410.4,-0.02
2022-11-03,CRISIL_LIQUID,2410.48,0.0
2022-11-04,CRISIL_LIQUID,2411.24,0.03
2022-11-07,CRISIL_LIQUID,2411.12,-0.0
2022-11-08,CRISIL_LIQUID,2413.36,0.09
2022-11-09,CRISIL_LIQUID,2413.61,0.01
2022-11-10,CRISIL_LIQUID,2414.1,0.02
2022-11-11,CRISIL_LIQUID,2414.29,0.01
2022-11-14,CRISIL_LIQUID,2414.72,0.02
2022-11-15,CRISIL_LIQUID,2414.8,0.0
2022-11-16,CRISIL_LIQUID,2413.84,-0.04
2022-11-17,CRISIL_LIQUID,2414.19,0.01
2022-11-18,CRISIL_LIQUID,2416.19,0.08
2022-11-21,CRISIL_LIQUID,2418.05,0.08
2022-11-22,CRISIL_LIQUID,2417.87,-0.01
2022-11-23,CRISIL_LIQUID,2417.28,-0.02
2022-11-24,CRISIL_LIQUID,2416.34,-0.04
2022-11-25,CRISIL_LIQUID,2416.22,-0.0
2022-11-28,CRISIL_LIQUID,2416.42,0.01
2022-11-29,CRISIL_LIQUID,2417.35,0.04
2022-11-30,CRISIL_LIQUID,2417.66,0.01
2022-12-01,CRISIL_LIQUID,2418.95,0.05
2022-12-02,CRISIL_LIQUID,2420.03,0.04
2022-12-05,CRISIL_LIQUID,2420.92,0.04
2022-12-06,CRISIL_LIQUID,2421.45,0.02
2022-12-07,CRISIL_LIQUID,2422.83,0.06
2022-12-08,CRISIL_LIQUID,2423.94,0.05
2022-12-09,CRISIL_LIQUID,2423.45,-0.02
2022-12-12,CRISIL_LIQUID,2424.48,0.04
2022-12-13,CRISIL_LIQUID,2424.66,0.01
2022-12-14,CRISIL_LIQUID,2425.99,0.05
2022-12-15,CRISIL_LIQUID,2427.12,0.05
2022-12-16,CRISIL_LIQUID,2429.06,0.08
2022-12-19,CRISIL_LIQUID,2428.16,-0.04
2022-12-20,CRISIL_LIQUID,2429.02,0.04
2022-12-21,CRISIL_LIQUID,2429.15,0.01
2022-12-22,CRISIL_LIQUID,2431.41,0.09
2022-12-23,CRISIL_LIQUID,2429.71,-0.06999999999999999
2022-12-26,CRISIL_LIQUID,2430.67,0.04
2022-12-27,CRISIL_LIQUID,2431.73,0.04
2022-12-28,CRISIL_LIQUID,2430.72,-0.04
2022-12-29,CRISIL_LIQUID,2431.74,0.04
2022-12-30,CRISIL_LIQUID,2430.82,-0.04
2023-01-02,CRISIL_LIQUID,2430.9,0.0
2023-01-03,CRISIL_LIQUID,2431.84,0.04
2023-01-04,CRISIL_LIQUID,2431.71,-0.01
2023-01-05,CRISIL_LIQUID,2432.4,0.03
2023-01-06,CRISIL_LIQUID,2433.02,0.03
2023-01-09,CRISIL_LIQUID,2434.06,0.04
2023-01-10,CRISIL_LIQUID,2433.87,-0.01
2023-01-11,CRISIL_LIQUID,2435.21,0.06
2023-01-12,CRISIL_LIQUID,2433.62,-0.06999999999999999
2023-01-13,CRISIL_LIQUID,2435.41,0.06999999999999999
2023-01-16,CRISIL_LIQUID,2435.84,0.02
2023-01-17,CRISIL_LIQUID,2436.35,0.02
2023-01-18,CRISIL_LIQUID,2437.22,0.04
2023-01-19,CRISIL_LIQUID,2437.99,0.03
2023-01-20,CRISIL_LIQUID,2438.62,0.03
2023-01-23,CRISIL_LIQUID,2440.21,0.06999999999999999
2023-01-24,CRISIL_LIQUID,2439.66,-0.02
2023-01-25,CRISIL_LIQUID,2439.56,-0.0
2023-01-26,CRISIL_LIQUID,2440.52,0.04
2023-01-27,CRISIL_LIQUID,2440.87,0.01
2023-01-30,CRISIL_LIQUID,2442.49,0.06999999999999999
2023-01-31,CRISIL_LIQUID,2444.84,0.1
2023-02-01,CRISIL_LIQUID,2445.48,0.03
2023-02-02,CRISIL_LIQUID,2444.78,-0.03
2023-02-03,CRISIL_LIQUID,2444.74,-0.0
2023-02-06,CRISIL_LIQUID,2443.8,-0.04
2023-02-07,CRISIL_LIQUID,2444.9,0.05
2023-02-08,CRISIL_LIQUID,2444.8,-0.0
2023-02-09,CRISIL_LIQUID,2445.31,0.02
2023-02-10,CRISIL_LIQUID,2445.72,0.02
2023-02-13,CRISIL_LIQUID,2447.22,0.06
2023-02-14,CRISIL_LIQUID,2447.9,0.03
2023-02-15,CRISIL_LIQUID,2448.32,0.02
2023-02-16,CRISIL_LIQUID,2448.24,-0.0
2023-02-17,CRISIL_LIQUID,2449.34,0.04
2023-02-20,CRISIL_LIQUID,2449.12,-0.01
2023-02-21,CRISIL_LIQUID,2448.78,-0.01
2023-02-22,CRISIL_LIQUID,2448.96,0.01
2023-02-23,CRISIL_LIQUID,2451.2,0.09
2023-02-24,CRISIL_LIQUID,2451.75,0.02
2023-02-27,CRISIL_LIQUID,2452.35,0.02
2023-02-28,CRISIL_LIQUID,2453.23,0.04
2023-03-01,CRISIL_LIQUID,2454.04,0.03
2023-03-02,CRISIL_LIQUID,2454.5,0.02
2023-03-03,CRISIL_LIQUID,2454.39,-0.0
2023-03-06,CRISIL_LIQUID,2454.68,0.01
2023-03-07,CRISIL_LIQUID,2455.16,0.02
2023-03-08,CRISIL_LIQUID,2454.69,-0.02
2023-03-09,CRISIL_LIQUID,2455.16,0.02
2023-03-10,CRISIL_LIQUID,2455.94,0.03
2023-03-13,CRISIL_LIQUID,2456.16,0.01
2023-03-14,CRISIL_LIQUID,2457.76,0.06999999999999999
2023-03-15,CRISIL_LIQUID,2458.6,0.03
2023-03-16,CRISIL_LIQUID,2458.65,0.0
2023-03-17,CRISIL_LIQUID,2458.96,0.01
2023-03-20,CRISIL_LIQUID,2460.55,0.06
2023-03-21,CRISIL_LIQUID,2460.7,0.01
2023-03-22,CRISIL_LIQUID,2460.72,0.0
2023-03-23,CRISIL_LIQUID,2460.7,-0.0
2023-03-24,CRISIL_LIQUID,2461.39,0.03
2023-03-27,CRISIL_LIQUID,2462.19,0.03
2023-03-28,CRISIL_LIQUID,2463.36,0.05
2023-03-29,CRISIL_LIQUID,2463.43,0.0
2023-03-30,CRISIL_LIQUID,2465.24,0.06999999999999999
2023-03-31,CRISIL_LIQUID,2466.27,0.04
2023-04-03,CRISIL_LIQUID,2466.59,0.01
2023-04-04,CRISIL_LIQUID,2467.87,0.05
2023-04-05,CRISIL_LIQUID,2469.98,0.09
2023-04-06,CRISIL_LIQUID,2471.0,0.04
2023-04-07,CRISIL_LIQUID,2473.01,0.08
2023-04-10,CRISIL_LIQUID,2472.86,-0.01
2023-04-11,CRISIL_LIQUID,2471.99,-0.04
2023-04-12,CRISIL_LIQUID,2473.05,0.04
2023-04-13,CRISIL_LIQUID,2474.57,0.06
2023-04-14,CRISIL_LIQUID,2474.17,-0.02
2023-04-17,CRISIL_LIQUID,2475.78,0.06999999999999999
2023-04-18,CRISIL_LIQUID,2476.08,0.01
2023-04-19,CRISIL_LIQUID,2477.19,0.04
2023-04-20,CRISIL_LIQUID,2478.04,0.03
2023-04-21,CRISIL_LIQUID,2479.04,0.04
2023-04-24,CRISIL_LIQUID,2480.12,0.04
2023-04-25,CRISIL_LIQUID,2480.7,0.02
2023-04-26,CRISIL_LIQUID,2481.0,0.01
2023-04-27,CRISIL_LIQUID,2481.91,0.04
2023-04-28,CRISIL_LIQUID,2482.33,0.02
2023-05-01,CRISIL_LIQUID,2482.43,0.0
2023-05-02,CRISIL_LIQUID,2483.32,0.04
2023-05-03,CRISIL_LIQUID,2483.49,0.01
2023-05-04,CRISIL_LIQUID,2483.98,0.02
2023-05-05,CRISIL_LIQUID,2484.21,0.01
2023-05-08,CRISIL_LIQUID,2486.07,0.06999999999999999
2023-05-09,CRISIL_LIQUID,2486.79,0.03
2023-05-10,CRISIL_LIQUID,2486.19,-0.02
2023-05-11,CRISIL_LIQUID,2487.81,0.06999999999999999
2023-05-12,CRISIL_LIQUID,2487.03,-0.03
2023-05-15,CRISIL_LIQUID,2489.35,0.09
2023-05-16,CRISIL_LIQUID,2490.02,0.03
2023-05-17,CRISIL_LIQUID,2490.18,0.01
2023-05-18,CRISIL_LIQUID,2490.53,0.01
2023-05-19,CRISIL_LIQUID,2489.93,-0.02
2023-05-22,CRISIL_LIQUID,2490.49,0.02
2023-05-23,CRISIL_LIQUID,2490.78,0.01
2023-05-24,CRISIL_LIQUID,2491.37,0.02
2023-05-25,CRISIL_LIQUID,2492.72,0.05
2023-05-26,CRISIL_LIQUID,2493.6,0.04
2023-05-29,CRISIL_LIQUID,2493.34,-0.01
2023-05-30,CRISIL_LIQUID,2493.2,-0.01
2023-05-31,CRISIL_LIQUID,2494.05,0.03
2023-06-01,CRISIL_LIQUID,2495.07,0.04
2023-06-02,CRISIL_LIQUID,2495.66,0.02
2023-06-05,CRISIL_LIQUID,2496.74,0.04
2023-06-06,CRISIL_LIQUID,2497.5,0.03
2023-06-07,CRISIL_LIQUID,2498.28,0.03
2023-06-08,CRISIL_LIQUID,2499.58,0.05
2023-06-09,CRISIL_LIQUID,2501.74,0.09
2023-06-12,CRISIL_LIQUID,2502.62,0.04
2023-06-13,CRISIL_LIQUID,2505.7,0.12
2023-06-14,CRISIL_LIQUID,2506.46,0.03
2023-06-15,CRISIL_LIQUID,2507.21,0.03
2023-06-16,CRISIL_LIQUID,2509.4,0.09
2023-06-19,CRISIL_LIQUID,2509.92,0.02
2023-06-20,CRISIL_LIQUID,2509.13,-0.03
2023-06-21,CRISIL_LIQUID,2508.91,-0.01
2023-06-22,CRISIL_LIQUID,2510.28,0.05
2023-06-23,CRISIL_LIQUID,2511.31,0.04
2023-06-26,CRISIL_LIQUID,2511.22,-0.0
2023-06-27,CRISIL_LIQUID,2510.32,-0.04
2023-06-28,CRISIL_LIQUID,2510.67,0.01
2023-06-29,CRISIL_LIQUID,2512.26,0.06
2023-06-30,CRISIL_LIQUID,2512.82,0.02
2023-07-03,CRISIL_LIQUID,2513.19,0.01
2023-07-04,CRISIL_LIQUID,2512.97,-0.01
2023-07-05,CRISIL_LIQUID,2513.36,0.02
2023-07-06,CRISIL_LIQUID,2514.43,0.04
2023-07-07,CRISIL_LIQUID,2514.93,0.02
2023-07-10,CRISIL_LIQUID,2515.44,0.02
2023-07-11,CRISIL_LIQUID,2516.98,0.06
2023-07-12,CRISIL_LIQUID,2517.01,0.0
2023-07-13,CRISIL_LIQUID,2518.03,0.04
2023-07-14,CRISIL_LIQUID,2518.56,0.02
2023-07-17,CRISIL_LIQUID,2520.51,0.08
2023-07-18,CRISIL_LIQUID,2521.85,0.05
2023-07-19,CRISIL_LIQUID,2523.56,0.06999999999999999
2023-07-20,CRISIL_LIQUID,2524.7,0.05
2023-07-21,CRISIL_LIQUID,2524.96,0.01
2023-07-24,CRISIL_LIQUID,2526.74,0.06999999999999999
2023-07-25,CRISIL_LIQUID,2527.68,0.04
2023-07-26,CRISIL_LIQUID,2528.51,0.03
2023-07-27,CRISIL_LIQUID,2528.53,0.0
2023-07-28,CRISIL_LIQUID,2529.77,0.05
2023-07-31,CRISIL_LIQUID,2530.08,0.01
2023-08-01,CRISIL_LIQUID,2530.31,0.01
2023-08-02,CRISIL_LIQUID,2531.21,0.04
2023-08-03,CRISIL_LIQUID,2531.37,0.01
2023-08-04,CRISIL_LIQUID,2531.41,0.0
2023-08-07,CRISIL_LIQUID,2531.32,-0.0
2023-08-08,CRISIL_LIQUID,2532.79,0.06
2023-08-09,CRISIL_LIQUID,2534.59,0.06999999999999999
2023-08-10,CRISIL_LIQUID,2536.77,0.09
2023-08-11,CRISIL_LIQUID,2538.17,0.06
2023-08-14,CRISIL_LIQUID,2536.98,-0.05
2023-08-15,CRISIL_LIQUID,2537.89,0.04
2023-08-16,CRISIL_LIQUID,2538.34,0.02
2023-08-17,CRISIL_LIQUID,2540.91,0.1
2023-08-18,CRISIL_LIQUID,2541.88,0.04
2023-08-21,CRISIL_LIQUID,2541.87,-0.0
2023-08-22,CRISIL_LIQUID,2541.95,0.0
2023-08-23,CRISIL_LIQUID,2541.2,-0.03
2023-08-24,CRISIL_LIQUID,2541.8,0.02
2023-08-25,CRISIL_LIQUID,2541.2,-0.02
2023-08-28,CRISIL_LIQUID,2540.24,-0.04
2023-08-29,CRISIL_LIQUID,2540.15,-0.0
2023-08-30,CRISIL_LIQUID,2539.99,-0.01
2023-08-31,CRISIL_LIQUID,2540.7,0.03
2023-09-01,CRISIL_LIQUID,2541.66,0.04
2023-09-04,CRISIL_LIQUID,2542.32,0.03
2023-09-05,CRISIL_LIQUID,2542.89,0.02
2023-09-06,CRISIL_LIQUID,2543.86,0.04
2023-09-07,CRISIL_LIQUID,2545.44,0.06
2023-09-08,CRISIL_LIQUID,2545.3,-0.01
2023-09-11,CRISIL_LIQUID,2546.22,0.04
2023-09-12,CRISIL_LIQUID,2546.89,0.03
2023-09-13,CRISIL_LIQUID,2547.88,0.04
2023-09-14,CRISIL_LIQUID,2548.38,0.02
2023-09-15,CRISIL_LIQUID,2548.33,-0.0
2023-09-18,CRISIL_LIQUID,2548.87,0.02
2023-09-19,CRISIL_LIQUID,2548.94,0.0
2023-09-20,CRISIL_LIQUID,2548.81,-0.01
2023-09-21,CRISIL_LIQUID,2550.42,0.06
2023-09-22,CRISIL_LIQUID,2551.2,0.03
2023-09-25,CRISIL_LIQUID,2550.27,-0.04
2023-09-26,CRISIL_LIQUID,2548.28,-0.08
2023-09-27,CRISIL_LIQUID,2548.81,0.02
2023-09-28,CRISIL_LIQUID,2548.96,0.01
2023-09-29,CRISIL_LIQUID,2549.64,0.03
2023-10-02,CRISIL_LIQUID,2550.49,0.03
2023-10-03,CRISIL_LIQUID,2551.14,0.03
2023-10-04,CRISIL_LIQUID,2551.17,0.0
2023-10-05,CRISIL_LIQUID,2552.61,0.06
2023-10-06,CRISIL_LIQUID,2552.33,-0.01
2023-10-09,CRISIL_LIQUID,2553.97,0.06
2023-10-10,CRISIL_LIQUID,2555.1,0.04
2023-10-11,CRISIL_LIQUID,2555.23,0.01
2023-10-12,CRISIL_LIQUID,2556.24,0.04
2023-10-13,CRISIL_LIQUID,2556.61,0.01
2023-10-16,CRISIL_LIQUID,2558.37,0.06999999999999999
2023-10-17,CRISIL_LIQUID,2558.52,0.01
2023-10-18,CRISIL_LIQUID,2559.83,0.05
2023-10-19,CRISIL_LIQUID,2559.47,-0.01
2023-10-20,CRISIL_LIQUID,2560.4,0.04
2023-10-23,CRISIL_LIQUID,2561.3,0.04
2023-10-24,CRISIL_LIQUID,2562.48,0.05
2023-10-25,CRISIL_LIQUID,2563.54,0.04
2023-10-26,CRISIL_LIQUID,2563.95,0.02
2023-10-27,CRISIL_LIQUID,2563.05,-0.04
2023-10-30,CRISIL_LIQUID,2562.62,-0.02
2023-10-31,CRISIL_LIQUID,2561.62,-0.04
2023-11-01,CRISIL_LIQUID,2562.06,0.02
2023-11-02,CRISIL_LIQUID,2563.64,0.06
2023-11-03,CRISIL_LIQUID,2563.7,0.0
2023-11-06,CRISIL_LIQUID,2564.04,0.01
2023-11-07,CRISIL_LIQUID,2564.23,0.01
2023-11-08,CRISIL_LIQUID,2565.09,0.03
2023-11-09,CRISIL_LIQUID,2565.89,0.03
2023-11-10,CRISIL_LIQUID,2566.21,0.01
2023-11-13,CRISIL_LIQUID,2566.09,-0.0
2023-11-14,CRISIL_LIQUID,2567.26,0.05
2023-11-15,CRISIL_LIQUID,2568.81,0.06
2023-11-16,CRISIL_LIQUID,2570.12,0.05
2023-11-17,CRISIL_LIQUID,2569.86,-0.01
2023-11-20,CRISIL_LIQUID,2568.68,-0.05
2023-11-21,CRISIL_LIQUID,2569.15,0.02
2023-11-22,CRISIL_LIQUID,2570.92,0.06999999999999999
2023-11-23,CRISIL_LIQUID,2569.98,-0.04
2023-11-24,CRISIL_LIQUID,2570.31,0.01
2023-11-27,CRISIL_LIQUID,2572.27,0.08
2023-11-28,CRISIL_LIQUID,2573.73,0.06
2023-11-29,CRISIL_LIQUID,2574.58,0.03
2023-11-30,CRISIL_LIQUID,2574.28,-0.01
2023-12-01,CRISIL_LIQUID,2576.15,0.06999999999999999
2023-12-04,CRISIL_LIQUID,2576.67,0.02
2023-12-05,CRISIL_LIQUID,2575.51,-0.05
2023-12-06,CRISIL_LIQUID,2577.34,0.06999999999999999
2023-12-07,CRISIL_LIQUID,2577.17,-0.01
2023-12-08,CRISIL_LIQUID,2580.42,0.13
2023-12-11,CRISIL_LIQUID,2580.93,0.02
2023-12-12,CRISIL_LIQUID,2581.94,0.04
2023-12-13,CRISIL_LIQUID,2582.69,0.03
2023-12-14,CRISIL_LIQUID,2583.14,0.02
2023-12-15,CRISIL_LIQUID,2584.45,0.05
2023-12-18,CRISIL_LIQUID,2585.28,0.03
2023-12-19,CRISIL_LIQUID,2585.99,0.03
2023-12-20,CRISIL_LIQUID,2585.82,-0.01
2023-12-21,CRISIL_LIQUID,2586.37,0.02
2023-12-22,CRISIL_LIQUID,2586.08,-0.01
2023-12-25,CRISIL_LIQUID,2587.08,0.04
2023-12-26,CRISIL_LIQUID,2588.02,0.04
2023-12-27,CRISIL_LIQUID,2588.83,0.03
2023-12-28,CRISIL_LIQUID,2590.51,0.06
2023-12-29,CRISIL_LIQUID,2591.84,0.05
2024-01-01,CRISIL_LIQUID,2594.21,0.09
2024-01-02,CRISIL_LIQUID,2595.68,0.06
2024-01-03,CRISIL_LIQUID,2596.48,0.03
2024-01-04,CRISIL_LIQUID,2596.91,0.02
2024-01-05,CRISIL_LIQUID,2596.42,-0.02
2024-01-08,CRISIL_LIQUID,2598.22,0.06999999999999999
2024-01-09,CRISIL_LIQUID,2599.35,0.04
2024-01-10,CRISIL_LIQUID,2599.65,0.01
2024-01-11,CRISIL_LIQUID,2600.58,0.04
2024-01-12,CRISIL_LIQUID,2601.36,0.03
2024-01-15,CRISIL_LIQUID,2601.96,0.02
2024-01-16,CRISIL_LIQUID,2603.39,0.05
2024-01-17,CRISIL_LIQUID,2602.79,-0.02
2024-01-18,CRISIL_LIQUID,2604.16,0.05
2024-01-19,CRISIL_LIQUID,2605.91,0.06999999999999999
2024-01-22,CRISIL_LIQUID,2605.67,-0.01
2024-01-23,CRISIL_LIQUID,2604.74,-0.04
2024-01-24,CRISIL_LIQUID,2605.79,0.04
2024-01-25,CRISIL_LIQUID,2607.26,0.06
2024-01-26,CRISIL_LIQUID,2607.21,-0.0
2024-01-29,CRISIL_LIQUID,2606.73,-0.02
2024-01-30,CRISIL_LIQUID,2605.86,-0.03
2024-01-31,CRISIL_LIQUID,2607.42,0.06
2024-02-01,CRISIL_LIQUID,2608.01,0.02
2024-02-02,CRISIL_LIQUID,2609.75,0.06999999999999999
2024-02-05,CRISIL_LIQUID,2608.14,-0.06
2024-02-06,CRISIL_LIQUID,2608.88,0.03
2024-02-07,CRISIL_LIQUID,2610.47,0.06
2024-02-08,CRISIL_LIQUID,2610.37,-0.0
2024-02-09,CRISIL_LIQUID,2611.65,0.05
2024-02-12,CRISIL_LIQUID,2611.46,-0.01
2024-02-13,CRISIL_LIQUID,2611.35,-0.0
2024-02-14,CRISIL_LIQUID,2612.09,0.03
2024-02-15,CRISIL_LIQUID,2612.26,0.01
2024-02-16,CRISIL_LIQUID,2614.06,0.06999999999999999
2024-02-19,CRISIL_LIQUID,2614.74,0.03
2024-02-20,CRISIL_LIQUID,2616.58,0.06999999999999999
2024-02-21,CRISIL_LIQUID,2617.81,0.05
2024-02-22,CRISIL_LIQUID,2617.73,-0.0
2024-02-23,CRISIL_LIQUID,2618.59,0.03
2024-02-26,CRISIL_LIQUID,2618.58,-0.0
2024-02-27,CRISIL_LIQUID,2620.21,0.06
2024-02-28,CRISIL_LIQUID,2622.09,0.06999999999999999
2024-02-29,CRISIL_LIQUID,2621.33,-0.03
2024-03-01,CRISIL_LIQUID,2622.48,0.04
2024-03-04,CRISIL_LIQUID,2624.16,0.06
2024-03-05,CRISIL_LIQUID,2625.57,0.05
2024-03-06,CRISIL_LIQUID,2626.16,0.02
2024-03-07,CRISIL_LIQUID,2629.11,0.11
2024-03-08,CRISIL_LIQUID,2629.99,0.03
2024-03-11,CRISIL_LIQUID,2629.44,-0.02
2024-03-12,CRISIL_LIQUID,2630.69,0.05
2024-03-13,CRISIL_LIQUID,2632.27,0.06
2024-03-14,CRISIL_LIQUID,2633.44,0.04
2024-03-15,CRISIL_LIQUID,2634.29,0.03
2024-03-18,CRISIL_LIQUID,2633.82,-0.02
2024-03-19,CRISIL_LIQUID,2633.13,-0.03
2024-03-20,CRISIL_LIQUID,2633.0,-0.0
2024-03-21,CRISIL_LIQUID,2631.69,-0.05
2024-03-22,CRISIL_LIQUID,2633.63,0.06999999999999999
2024-03-25,CRISIL_LIQUID,2634.37,0.03
2024-03-26,CRISIL_LIQUID,2634.77,0.02
2024-03-27,CRISIL_LIQUID,2634.26,-0.02
2024-03-28,CRISIL_LIQUID,2633.87,-0.01
2024-03-29,CRISIL_LIQUID,2634.57,0.03
2024-04-01,CRISIL_LIQUID,2635.01,0.02
2024-04-02,CRISIL_LIQUID,2635.8,0.03
2024-04-03,CRISIL_LIQUID,2635.37,-0.02
2024-04-04,CRISIL_LIQUID,2636.37,0.04
2024-04-05,CRISIL_LIQUID,2638.12,0.06999999999999999
2024-04-08,CRISIL_LIQUID,2638.56,0.02
2024-04-09,CRISIL_LIQUID,2639.89,0.05
2024-04-10,CRISIL_LIQUID,2640.43,0.02
2024-04-11,CRISIL_LIQUID,2640.79,0.01
2024-04-12,CRISIL_LIQUID,2641.83,0.04
2024-04-15,CRISIL_LIQUID,2642.12,0.01
2024-04-16,CRISIL_LIQUID,2642.28,0.01
2024-04-17,CRISIL_LIQUID,2643.86,0.06
2024-04-18,CRISIL_LIQUID,2643.03,-0.03
2024-04-19,CRISIL_LIQUID,2643.79,0.03
2024-04-22,CRISIL_LIQUID,2643.59,-0.01
2024-04-23,CRISIL_LIQUID,2645.78,0.08
2024-04-24,CRISIL_LIQUID,2647.21,0.05
2024-04-25,CRISIL_LIQUID,2648.96,0.06999999999999999
2024-04-26,CRISIL_LIQUID,2649.81,0.03
2024-04-29,CRISIL_LIQUID,2651.02,0.05
2024-04-30,CRISIL_LIQUID,2651.88,0.03
2024-05-01,CRISIL_LIQUID,2652.1,0.01
2024-05-02,CRISIL_LIQUID,2654.26,0.08
2024-05-03,CRISIL_LIQUID,2655.53,0.05
2024-05-06,CRISIL_LIQUID,2655.53,0.0
2024-05-07,CRISIL_LIQUID,2654.9,-0.02
2024-05-08,CRISIL_LIQUID,2654.74,-0.01
2024-05-09,CRISIL_LIQUID,2655.47,0.03
2024-05-10,CRISIL_LIQUID,2655.61,0.01
2024-05-13,CRISIL_LIQUID,2657.08,0.06
2024-05-14,CRISIL_LIQUID,2658.0,0.03
2024-05-15,CRISIL_LIQUID,2658.47,0.02
2024-05-16,CRISIL_LIQUID,2659.16,0.03
2024-05-17,CRISIL_LIQUID,2659.74,0.02
2024-05-20,CRISIL_LIQUID,2660.23,0.02
2024-05-21,CRISIL_LIQUID,2661.24,0.04
2024-05-22,CRISIL_LIQUID,2661.5,0.01
2024-05-23,CRISIL_LIQUID,2661.21,-0.01
2024-05-24,CRISIL_LIQUID,2662.52,0.05
2024-05-27,CRISIL_LIQUID,2662.54,0.0
2024-05-28,CRISIL_LIQUID,2664.27,0.06
2024-05-29,CRISIL_LIQUID,2664.82,0.02
2024-05-30,CRISIL_LIQUID,2665.13,0.01
2024-05-31,CRISIL_LIQUID,2665.03,-0.0
2024-06-03,CRISIL_LIQUID,2665.46,0.02
2024-06-04,CRISIL_LIQUID,2666.44,0.04
2024-06-05,CRISIL_LIQUID,2666.46,0.0
2024-06-06,CRISIL_LIQUID,2667.77,0.05
2024-06-07,CRISIL_LIQUID,2667.53,-0.01
2024-06-10,CRISIL_LIQUID,2668.99,0.05
2024-06-11,CRISIL_LIQUID,2669.77,0.03
2024-06-12,CRISIL_LIQUID,2670.08,0.01
2024-06-13,CRISIL_LIQUID,2671.09,0.04
2024-06-14,CRISIL_LIQUID,2673.13,0.08
2024-06-17,CRISIL_LIQUID,2674.79,0.06
2024-06-18,CRISIL_LIQUID,2675.79,0.04
2024-06-19,CRISIL_LIQUID,2677.26,0.05
2024-06-20,CRISIL_LIQUID,2677.6,0.01
2024-06-21,CRISIL_LIQUID,2677.76,0.01
2024-06-24,CRISIL_LIQUID,2679.05,0.05
2024-06-25,CRISIL_LIQUID,2679.94,0.03
2024-06-26,CRISIL_LIQUID,2680.39,0.02
2024-06-27,CRISIL_LIQUID,2681.76,0.05
2024-06-28,CRISIL_LIQUID,2682.49,0.03
2024-07-01,CRISIL_LIQUID,2684.27,0.06999999999999999
2024-07-02,CRISIL_LIQUID,2683.17,-0.04
2024-07-03,CRISIL_LIQUID,2683.44,0.01
2024-07-04,CRISIL_LIQUID,2684.91,0.05
2024-07-05,CRISIL_LIQUID,2687.0,0.08
2024-07-08,CRISIL_LIQUID,2688.82,0.06999999999999999
2024-07-09,CRISIL_LIQUID,2688.97,0.01
2024-07-10,CRISIL_LIQUID,2690.74,0.06999999999999999
2024-07-11,CRISIL_LIQUID,2689.9,-0.03
2024-07-12,CRISIL_LIQUID,2689.81,-0.0
2024-07-15,CRISIL_LIQUID,2690.29,0.02
2024-07-16,CRISIL_LIQUID,2691.37,0.04
2024-07-17,CRISIL_LIQUID,2691.23,-0.01
2024-07-18,CRISIL_LIQUID,2691.81,0.02
2024-07-19,CRISIL_LIQUID,2693.66,0.06999999999999999
2024-07-22,CRISIL_LIQUID,2693.36,-0.01
2024-07-23,CRISIL_LIQUID,2692.99,-0.01
2024-07-24,CRISIL_LIQUID,2693.01,0.0
2024-07-25,CRISIL_LIQUID,2695.73,0.1
2024-07-26,CRISIL_LIQUID,2696.79,0.04
2024-07-29,CRISIL_LIQUID,2696.75,-0.0
2024-07-30,CRISIL_LIQUID,2698.23,0.05
2024-07-31,CRISIL_LIQUID,2697.36,-0.03
2024-08-01,CRISIL_LIQUID,2697.95,0.02
2024-08-02,CRISIL_LIQUID,2698.76,0.03
2024-08-05,CRISIL_LIQUID,2700.4,0.06
2024-08-06,CRISIL_LIQUID,2699.87,-0.02
2024-08-07,CRISIL_LIQUID,2701.66,0.06999999999999999
2024-08-08,CRISIL_LIQUID,2703.23,0.06
2024-08-09,CRISIL_LIQUID,2705.07,0.06999999999999999
2024-08-12,CRISIL_LIQUID,2704.74,-0.01
2024-08-13,CRISIL_LIQUID,2706.92,0.08
2024-08-14,CRISIL_LIQUID,2706.01,-0.03
2024-08-15,CRISIL_LIQUID,2705.64,-0.01
2024-08-16,CRISIL_LIQUID,2706.49,0.03
2024-08-19,CRISIL_LIQUID,2706.87,0.01
2024-08-20,CRISIL_LIQUID,2706.43,-0.02
2024-08-21,CRISIL_LIQUID,2709.14,0.1
2024-08-22,CRISIL_LIQUID,2708.39,-0.03
2024-08-23,CRISIL_LIQUID,2707.61,-0.03
2024-08-26,CRISIL_LIQUID,2708.58,0.04
2024-08-27,CRISIL_LIQUID,2709.24,0.02
2024-08-28,CRISIL_LIQUID,2708.69,-0.02
2024-08-29,CRISIL_LIQUID,2711.25,0.09
2024-08-30,CRISIL_LIQUID,2712.03,0.03
2024-09-02,CRISIL_LIQUID,2712.25,0.01
2024-09-03,CRISIL_LIQUID,2712.95,0.03
2024-09-04,CRISIL_LIQUID,2712.3,-0.02
2024-09-05,CRISIL_LIQUID,2713.93,0.06
2024-09-06,CRISIL_LIQUID,2714.86,0.03
2024-09-09,CRISIL_LIQUID,2715.34,0.02
2024-09-10,CRISIL_LIQUID,2716.04,0.03
2024-09-11,CRISIL_LIQUID,2715.98,-0.0
2024-09-12,CRISIL_LIQUID,2717.66,0.06
2024-09-13,CRISIL_LIQUID,2717.8,0.01
2024-09-16,CRISIL_LIQUID,2718.02,0.01
2024-09-17,CRISIL_LIQUID,2718.89,0.03
2024-09-18,CRISIL_LIQUID,2717.88,-0.04
2024-09-19,CRISIL_LIQUID,2719.05,0.04
2024-09-20,CRISIL_LIQUID,2719.73,0.03
2024-09-23,CRISIL_LIQUID,2720.89,0.04
2024-09-24,CRISIL_LIQUID,2721.38,0.02
2024-09-25,CRISIL_LIQUID,2721.36,-0.0
2024-09-26,CRISIL_LIQUID,2722.16,0.03
2024-09-27,CRISIL_LIQUID,2723.72,0.06
2024-09-30,CRISIL_LIQUID,2723.94,0.01
2024-10-01,CRISIL_LIQUID,2725.36,0.05
2024-10-02,CRISIL_LIQUID,2725.8,0.02
2024-10-03,CRISIL_LIQUID,2726.12,0.01
2024-10-04,CRISIL_LIQUID,2727.58,0.05
2024-10-07,CRISIL_LIQUID,2728.58,0.04
2024-10-08,CRISIL_LIQUID,2728.11,-0.02
2024-10-09,CRISIL_LIQUID,2728.64,0.02
2024-10-10,CRISIL_LIQUID,2728.34,-0.01
2024-10-11,CRISIL_LIQUID,2729.5,0.04
2024-10-14,CRISIL_LIQUID,2729.42,-0.0
2024-10-15,CRISIL_LIQUID,2730.26,0.03
2024-10-16,CRISIL_LIQUID,2731.42,0.04
2024-10-17,CRISIL_LIQUID,2732.58,0.04
2024-10-18,CRISIL_LIQUID,2732.81,0.01
2024-10-21,CRISIL_LIQUID,2733.56,0.03
2024-10-22,CRISIL_LIQUID,2733.66,0.0
2024-10-23,CRISIL_LIQUID,2734.0,0.01
2024-10-24,CRISIL_LIQUID,2733.89,-0.0
2024-10-25,CRISIL_LIQUID,2734.64,0.03
2024-10-28,CRISIL_LIQUID,2735.76,0.04
2024-10-29,CRISIL_LIQUID,2735.74,-0.0
2024-10-30,CRISIL_LIQUID,2735.72,-0.0
2024-10-31,CRISIL_LIQUID,2737.8,0.08
2024-11-01,CRISIL_LIQUID,2737.79,-0.0
2024-11-04,CRISIL_LIQUID,2739.11,0.05
2024-11-05,CRISIL_LIQUID,2740.69,0.06
2024-11-06,CRISIL_LIQUID,2741.64,0.03
2024-11-07,CRISIL_LIQUID,2742.66,0.04
2024-11-08,CRISIL_LIQUID,2743.43,0.03
2024-11-11,CRISIL_LIQUID,2742.96,-0.02
2024-11-12,CRISIL_LIQUID,2744.59,0.06
2024-11-13,CRISIL_LIQUID,2744.92,0.01
2024-11-14,CRISIL_LIQUID,2746.34,0.05
2024-11-15,CRISIL_LIQUID,2747.03,0.03
2024-11-18,CRISIL_LIQUID,2748.16,0.04
2024-11-19,CRISIL_LIQUID,2749.1,0.03
2024-11-20,CRISIL_LIQUID,2749.41,0.01
2024-11-21,CRISIL_LIQUID,2750.8,0.05
2024-11-22,CRISIL_LIQUID,2750.35,-0.02
2024-11-25,CRISIL_LIQUID,2752.13,0.06
2024-11-26,CRISIL_LIQUID,2753.79,0.06
2024-11-27,CRISIL_LIQUID,2754.27,0.02
2024-11-28,CRISIL_LIQUID,2755.2,0.03
2024-11-29,CRISIL_LIQUID,2755.69,0.02
2024-12-02,CRISIL_LIQUID,2755.68,-0.0
2024-12-03,CRISIL_LIQUID,2756.32,0.02
2024-12-04,CRISIL_LIQUID,2757.27,0.03
2024-12-05,CRISIL_LIQUID,2759.14,0.06999999999999999
2024-12-06,CRISIL_LIQUID,2759.68,0.02
2024-12-09,CRISIL_LIQUID,2760.4,0.03
2024-12-10,CRISIL_LIQUID,2762.24,0.06999999999999999
2024-12-11,CRISIL_LIQUID,2763.4,0.04
2024-12-12,CRISIL_LIQUID,2762.9,-0.02
2024-12-13,CRISIL_LIQUID,2763.58,0.02
2024-12-16,CRISIL_LIQUID,2765.02,0.05
2024-12-17,CRISIL_LIQUID,2767.88,0.1
2024-12-18,CRISIL_LIQUID,2768.75,0.03
2024-12-19,CRISIL_LIQUID,2767.65,-0.04
2024-12-20,CRISIL_LIQUID,2766.78,-0.03
2024-12-23,CRISIL_LIQUID,2766.89,0.0
2024-12-24,CRISIL_LIQUID,2766.78,-0.0
2024-12-25,CRISIL_LIQUID,2768.22,0.05
2024-12-26,CRISIL_LIQUID,2770.56,0.08
2024-12-27,CRISIL_LIQUID,2771.95,0.05
2024-12-30,CRISIL_LIQUID,2773.46,0.05
2024-12-31,CRISIL_LIQUID,2774.76,0.05
2025-01-01,CRISIL_LIQUID,2775.79,0.04
2025-01-02,CRISIL_LIQUID,2775.84,0.0
2025-01-03,CRISIL_LIQUID,2777.25,0.05
2025-01-06,CRISIL_LIQUID,2777.64,0.01
2025-01-07,CRISIL_LIQUID,2779.08,0.05
2025-01-08,CRISIL_LIQUID,2780.18,0.04
2025-01-09,CRISIL_LIQUID,2780.9,0.03
2025-01-10,CRISIL_LIQUID,2780.96,0.0
2025-01-13,CRISIL_LIQUID,2781.62,0.02
2025-01-14,CRISIL_LIQUID,2781.83,0.01
2025-01-15,CRISIL_LIQUID,2781.03,-0.03
2025-01-16,CRISIL_LIQUID,2780.78,-0.01
2025-01-17,CRISIL_LIQUID,2781.75,0.03
2025-01-20,CRISIL_LIQUID,2780.19,-0.06
2025-01-21,CRISIL_LIQUID,2782.99,0.1
2025-01-22,CRISIL_LIQUID,2783.26,0.01
2025-01-23,CRISIL_LIQUID,2784.73,0.05
2025-01-24,CRISIL_LIQUID,2783.56,-0.04
2025-01-27,CRISIL_LIQUID,2783.42,-0.01
2025-01-28,CRISIL_LIQUID,2785.06,0.06
2025-01-29,CRISIL_LIQUID,2786.15,0.04
2025-01-30,CRISIL_LIQUID,2786.52,0.01
2025-01-31,CRISIL_LIQUID,2788.99,0.09
2025-02-03,CRISIL_LIQUID,2788.46,-0.02
2025-02-04,CRISIL_LIQUID,2790.15,0.06
2025-02-05,CRISIL_LIQUID,2790.49,0.01
2025-02-06,CRISIL_LIQUID,2790.46,-0.0
2025-02-07,CRISIL_LIQUID,2789.45,-0.04
2025-02-10,CRISIL_LIQUID,2788.57,-0.03
2025-02-11,CRISIL_LIQUID,2789.41,0.03
2025-02-12,CRISIL_LIQUID,2790.2,0.03
2025-02-13,CRISIL_LIQUID,2790.25,0.0
2025-02-14,CRISIL_LIQUID,2790.79,0.02
2025-02-17,CRISIL_LIQUID,2791.38,0.02
2025-02-18,CRISIL_LIQUID,2791.69,0.01
2025-02-19,CRISIL_LIQUID,2791.53,-0.01
2025-02-20,CRISIL_LIQUID,2792.71,0.04
2025-02-21,CRISIL_LIQUID,2794.53,0.06999999999999999
2025-02-24,CRISIL_LIQUID,2795.58,0.04
2025-02-25,CRISIL_LIQUID,2796.68,0.04
2025-02-26,CRISIL_LIQUID,2798.07,0.05
2025-02-27,CRISIL_LIQUID,2798.59,0.02
2025-02-28,CRISIL_LIQUID,2798.74,0.01
2025-03-03,CRISIL_LIQUID,2797.71,-0.04
2025-03-04,CRISIL_LIQUID,2797.95,0.01
2025-03-05,CRISIL_LIQUID,2798.11,0.01
2025-03-06,CRISIL_LIQUID,2797.91,-0.01
2025-03-07,CRISIL_LIQUID,2798.84,0.03
2025-03-10,CRISIL_LIQUID,2799.39,0.02
2025-03-11,CRISIL_LIQUID,2800.49,0.04
2025-03-12,CRISIL_LIQUID,2800.22,-0.01
2025-03-13,CRISIL_LIQUID,2799.59,-0.02
2025-03-14,CRISIL_LIQUID,2800.91,0.05
2025-03-17,CRISIL_LIQUID,2802.36,0.05
2025-03-18,CRISIL_LIQUID,2802.34,-0.0
2025-03-19,CRISIL_LIQUID,2802.75,0.01
2025-03-20,CRISIL_LIQUID,2803.71,0.03
2025-03-21,CRISIL_LIQUID,2804.95,0.04
2025-03-24,CRISIL_LIQUID,2804.12,-0.03
2025-03-25,CRISIL_LIQUID,2805.71,0.06
2025-03-26,CRISIL_LIQUID,2805.26,-0.02
2025-03-27,CRISIL_LIQUID,2804.74,-0.02
2025-03-28,CRISIL_LIQUID,2805.1,0.01
2025-03-31,CRISIL_LIQUID,2805.44,0.01
2025-04-01,CRISIL_LIQUID,2806.19,0.03
2025-04-02,CRISIL_LIQUID,2807.05,0.03
2025-04-03,CRISIL_LIQUID,2809.28,0.08
2025-04-04,CRISIL_LIQUID,2809.2,-0.0
2025-04-07,CRISIL_LIQUID,2810.86,0.06
2025-04-08,CRISIL_LIQUID,2810.28,-0.02
2025-04-09,CRISIL_LIQUID,2809.91,-0.01
2025-04-10,CRISIL_LIQUID,2809.8,-0.0
2025-04-11,CRISIL_LIQUID,2808.82,-0.03
2025-04-14,CRISIL_LIQUID,2809.94,0.04
2025-04-15,CRISIL_LIQUID,2811.75,0.06
2025-04-16,CRISIL_LIQUID,2813.27,0.05
2025-04-17,CRISIL_LIQUID,2812.63,-0.02
2025-04-18,CRISIL_LIQUID,2815.38,0.1
2025-04-21,CRISIL_LIQUID,2816.2,0.03
2025-04-22,CRISIL_LIQUID,2818.3,0.06999999999999999
2025-04-23,CRISIL_LIQUID,2818.91,0.02
2025-04-24,CRISIL_LIQUID,2819.52,0.02
2025-04-25,CRISIL_LIQUID,2819.91,0.01
2025-04-28,CRISIL_LIQUID,2822.48,0.09
2025-04-29,CRISIL_LIQUID,2824.44,0.06999999999999999
2025-04-30,CRISIL_LIQUID,2825.11,0.02
2025-05-01,CRISIL_LIQUID,2825.56,0.02
2025-05-02,CRISIL_LIQUID,2826.95,0.05
2025-05-05,CRISIL_LIQUID,2826.02,-0.03
2025-05-06,CRISIL_LIQUID,2824.81,-0.04
2025-05-07,CRISIL_LIQUID,2824.62,-0.01
2025-05-08,CRISIL_LIQUID,2825.68,0.04
2025-05-09,CRISIL_LIQUID,2827.36,0.06
2025-05-12,CRISIL_LIQUID,2826.98,-0.01
2025-05-13,CRISIL_LIQUID,2829.08,0.06999999999999999
2025-05-14,CRISIL_LIQUID,2829.33,0.01
2025-05-15,CRISIL_LIQUID,2830.44,0.04
2025-05-16,CRISIL_LIQUID,2830.69,0.01
2025-05-19,CRISIL_LIQUID,2831.32,0.02
2025-05-20,CRISIL_LIQUID,2833.66,0.08
2025-05-21,CRISIL_LIQUID,2833.91,0.01
2025-05-22,CRISIL_LIQUID,2833.8,-0.0
2025-05-23,CRISIL_LIQUID,2835.13,0.05
2025-05-26,CRISIL_LIQUID,2836.73,0.06
2025-05-27,CRISIL_LIQUID,2836.11,-0.02
2025-05-28,CRISIL_LIQUID,2837.17,0.04
2025-05-29,CRISIL_LIQUID,2838.39,0.04
2025-05-30,CRISIL_LIQUID,2840.68,0.08
2025-06-02,CRISIL_LIQUID,2841.05,0.01
2025-06-03,CRISIL_LIQUID,2842.99,0.06999999999999999
2025-06-04,CRISIL_LIQUID,2843.87,0.03
2025-06-05,CRISIL_LIQUID,2844.33,0.02
2025-06-06,CRISIL_LIQUID,2844.4,0.0
2025-06-09,CRISIL_LIQUID,2845.58,0.04
2025-06-10,CRISIL_LIQUID,2845.27,-0.01
2025-06-11,CRISIL_LIQUID,2845.02,-0.01
2025-06-12,CRISIL_LIQUID,2846.3,0.04
2025-06-13,CRISIL_LIQUID,2848.69,0.08
2025-06-16,CRISIL_LIQUID,2848.15,-0.02
2025-06-17,CRISIL_LIQUID,2848.23,0.0
2025-06-18,CRISIL_LIQUID,2849.23,0.04
2025-06-19,CRISIL_LIQUID,2849.47,0.01
2025-06-20,CRISIL_LIQUID,2848.51,-0.03
2025-06-23,CRISIL_LIQUID,2848.48,-0.0
2025-06-24,CRISIL_LIQUID,2849.66,0.04
2025-06-25,CRISIL_LIQUID,2850.14,0.02
2025-06-26,CRISIL_LIQUID,2851.2,0.04
2025-06-27,CRISIL_LIQUID,2850.72,-0.02
2025-06-30,CRISIL_LIQUID,2851.75,0.04
2025-07-01,CRISIL_LIQUID,2850.61,-0.04
2025-07-02,CRISIL_LIQUID,2852.04,0.05
2025-07-03,CRISIL_LIQUID,2854.01,0.06999999999999999
2025-07-04,CRISIL_LIQUID,2853.49,-0.02
2025-07-07,CRISIL_LIQUID,2853.71,0.01
2025-07-08,CRISIL_LIQUID,2853.12,-0.02
2025-07-09,CRISIL_LIQUID,2853.94,0.03
2025-07-10,CRISIL_LIQUID,2854.81,0.03
2025-07-11,CRISIL_LIQUID,2854.34,-0.02
2025-07-14,CRISIL_LIQUID,2854.56,0.01
2025-07-15,CRISIL_LIQUID,2856.26,0.06
2025-07-16,CRISIL_LIQUID,2857.5,0.04
2025-07-17,CRISIL_LIQUID,2858.41,0.03
2025-07-18,CRISIL_LIQUID,2860.14,0.06
2025-07-21,CRISIL_LIQUID,2862.51,0.08
2025-07-22,CRISIL_LIQUID,2863.37,0.03
2025-07-23,CRISIL_LIQUID,2864.38,0.04
2025-07-24,CRISIL_LIQUID,2864.87,0.02
2025-07-25,CRISIL_LIQUID,2865.76,0.03
2025-07-28,CRISIL_LIQUID,2865.86,0.0
2025-07-29,CRISIL_LIQUID,2865.08,-0.03
2025-07-30,CRISIL_LIQUID,2866.54,0.05
2025-07-31,CRISIL_LIQUID,2867.91,0.05
2025-08-01,CRISIL_LIQUID,2868.71,0.03
2025-08-04,CRISIL_LIQUID,2869.57,0.03
2025-08-05,CRISIL_LIQUID,2869.68,0.0
2025-08-06,CRISIL_LIQUID,2871.51,0.06
2025-08-07,CRISIL_LIQUID,2871.15,-0.01
2025-08-08,CRISIL_LIQUID,2873.16,0.06999999999999999
2025-08-11,CRISIL_LIQUID,2874.43,0.04
2025-08-12,CRISIL_LIQUID,2875.44,0.04
2025-08-13,CRISIL_LIQUID,2876.5,0.04
2025-08-14,CRISIL_LIQUID,2878.16,0.06
2025-08-15,CRISIL_LIQUID,2878.39,0.01
2025-08-18,CRISIL_LIQUID,2879.85,0.05
2025-08-19,CRISIL_LIQUID,2880.23,0.01
2025-08-20,CRISIL_LIQUID,2881.4,0.04
2025-08-21,CRISIL_LIQUID,2880.71,-0.02
2025-08-22,CRISIL_LIQUID,2880.84,0.0
2025-08-25,CRISIL_LIQUID,2883.18,0.08
2025-08-26,CRISIL_LIQUID,2885.13,0.06999999999999999
2025-08-27,CRISIL_LIQUID,2887.37,0.08
2025-08-28,CRISIL_LIQUID,2889.16,0.06
2025-08-29,CRISIL_LIQUID,2889.33,0.01
2025-09-01,CRISIL_LIQUID,2889.61,0.01
2025-09-02,CRISIL_LIQUID,2891.25,0.06
2025-09-03,CRISIL_LIQUID,2892.98,0.06
2025-09-04,CRISIL_LIQUID,2894.99,0.06999999999999999
2025-09-05,CRISIL_LIQUID,2895.92,0.03
2025-09-08,CRISIL_LIQUID,2896.6,0.02
2025-09-09,CRISIL_LIQUID,2898.44,0.06
2025-09-10,CRISIL_LIQUID,2897.8,-0.02
2025-09-11,CRISIL_LIQUID,2898.39,0.02
2025-09-12,CRISIL_LIQUID,2898.9,0.02
2025-09-15,CRISIL_LIQUID,2899.42,0.02
2025-09-16,CRISIL_LIQUID,2901.38,0.06999999999999999
2025-09-17,CRISIL_LIQUID,2902.7,0.05
2025-09-18,CRISIL_LIQUID,2903.56,0.03
2025-09-19,CRISIL_LIQUID,2902.91,-0.02
2025-09-22,CRISIL_LIQUID,2902.62,-0.01
2025-09-23,CRISIL_LIQUID,2904.11,0.05
2025-09-24,CRISIL_LIQUID,2905.09,0.03
2025-09-25,CRISIL_LIQUID,2906.97,0.06
2025-09-26,CRISIL_LIQUID,2907.07,0.0
2025-09-29,CRISIL_LIQUID,2907.86,0.03
2025-09-30,CRISIL_LIQUID,2908.45,0.02
2025-10-01,CRISIL_LIQUID,2910.01,0.05
2025-10-02,CRISIL_LIQUID,2912.65,0.09
2025-10-03,CRISIL_LIQUID,2912.89,0.01
2025-10-06,CRISIL_LIQUID,2911.77,-0.04
2025-10-07,CRISIL_LIQUID,2912.97,0.04
2025-10-08,CRISIL_LIQUID,2914.1,0.04
2025-10-09,CRISIL_LIQUID,2913.19,-0.03
2025-10-10,CRISIL_LIQUID,2913.03,-0.01
2025-10-13,CRISIL_LIQUID,2913.38,0.01
2025-10-14,CRISIL_LIQUID,2915.18,0.06
2025-10-15,CRISIL_LIQUID,2914.99,-0.01
2025-10-16,CRISIL_LIQUID,2915.5,0.02
2025-10-17,CRISIL_LIQUID,2914.44,-0.04
2025-10-20,CRISIL_LIQUID,2915.64,0.04
2025-10-21,CRISIL_LIQUID,2915.25,-0.01
2025-10-22,CRISIL_LIQUID,2918.0,0.09
2025-10-23,CRISIL_LIQUID,2917.97,-0.0
2025-10-24,CRISIL_LIQUID,2919.6,0.06
2025-10-27,CRISIL_LIQUID,2920.84,0.04
2025-10-28,CRISIL_LIQUID,2920.8,-0.0
2025-10-29,CRISIL_LIQUID,2922.57,0.06
2025-10-30,CRISIL_LIQUID,2921.47,-0.04
2025-10-31,CRISIL_LIQUID,2922.2,0.02
2025-11-03,CRISIL_LIQUID,2923.6,0.05
2025-11-04,CRISIL_LIQUID,2924.13,0.02
2025-11-05,CRISIL_LIQUID,2923.83,-0.01
2025-11-06,CRISIL_LIQUID,2926.04,0.08
2025-11-07,CRISIL_LIQUID,2926.68,0.02
2025-11-10,CRISIL_LIQUID,2926.92,0.01
2025-11-11,CRISIL_LIQUID,2926.66,-0.01
2025-11-12,CRISIL_LIQUID,2927.5,0.03
2025-11-13,CRISIL_LIQUID,2928.06,0.02
2025-11-14,CRISIL_LIQUID,2928.55,0.02
2025-11-17,CRISIL_LIQUID,2930.83,0.08
2025-11-18,CRISIL_LIQUID,2933.09,0.08
2025-11-19,CRISIL_LIQUID,2934.08,0.03
2025-11-20,CRISIL_LIQUID,2935.47,0.05
2025-11-21,CRISIL_LIQUID,2934.85,-0.02
2025-11-24,CRISIL_LIQUID,2935.69,0.03
2025-11-25,CRISIL_LIQUID,2936.7,0.03
2025-11-26,CRISIL_LIQUID,2937.26,0.02
2025-11-27,CRISIL_LIQUID,2937.61,0.01
2025-11-28,CRISIL_LIQUID,2937.64,0.0
2025-12-01,CRISIL_LIQUID,2938.43,0.03
2025-12-02,CRISIL_LIQUID,2940.25,0.06
2025-12-03,CRISIL_LIQUID,2942.22,0.06999999999999999
2025-12-04,CRISIL_LIQUID,2942.98,0.03
2025-12-05,CRISIL_LIQUID,2944.73,0.06
2025-12-08,CRISIL_LIQUID,2944.62,-0.0
2025-12-09,CRISIL_LIQUID,2945.9,0.04
2025-12-10,CRISIL_LIQUID,2946.56,0.02
2025-12-11,CRISIL_LIQUID,2946.69,0.0
2025-12-12,CRISIL_LIQUID,2949.45,0.09
2025-12-15,CRISIL_LIQUID,2949.77,0.01
2025-12-16,CRISIL_LIQUID,2950.19,0.01
2025-12-17,CRISIL_LIQUID,2950.53,0.01
2025-12-18,CRISIL_LIQUID,2951.61,0.04
2025-12-19,CRISIL_LIQUID,2953.62,0.06999999999999999
2025-12-22,CRISIL_LIQUID,2953.31,-0.01
2025-12-23,CRISIL_LIQUID,2954.52,0.04
2025-12-24,CRISIL_LIQUID,2955.61,0.04
2025-12-25,CRISIL_LIQUID,2954.87,-0.03
2025-12-26,CRISIL_LIQUID,2956.89,0.06999999999999999
2025-12-29,CRISIL_LIQUID,2957.9,0.03
2025-12-30,CRISIL_LIQUID,2959.34,0.05
2025-12-31,CRISIL_LIQUID,2958.17,-0.04
2026-01-01,CRISIL_LIQUID,2960.3,0.06999999999999999
2026-01-02,CRISIL_LIQUID,2962.98,0.09
2026-01-05,CRISIL_LIQUID,2963.61,0.02
2026-01-06,CRISIL_LIQUID,2963.7,0.0
2026-01-07,CRISIL_LIQUID,2962.18,-0.05
2026-01-08,CRISIL_LIQUID,2961.73,-0.02
2026-01-09,CRISIL_LIQUID,2963.27,0.05
2026-01-12,CRISIL_LIQUID,2964.01,0.02
2026-01-13,CRISIL_LIQUID,2963.36,-0.02
2026-01-14,CRISIL_LIQUID,2965.55,0.06999999999999999
2026-01-15,CRISIL_LIQUID,2965.69,0.0
2026-01-16,CRISIL_LIQUID,2965.07,-0.02
2026-01-19,CRISIL_LIQUID,2965.88,0.03
2026-01-20,CRISIL_LIQUID,2967.12,0.04
2026-01-21,CRISIL_LIQUID,2966.63,-0.02
2026-01-22,CRISIL_LIQUID,2967.12,0.02
2026-01-23,CRISIL_LIQUID,2969.32,0.06999999999999999
2026-01-26,CRISIL_LIQUID,2968.82,-0.02
2026-01-27,CRISIL_LIQUID,2969.91,0.04
2026-01-28,CRISIL_LIQUID,2970.38,0.02
2026-01-29,CRISIL_LIQUID,2971.65,0.04
2026-01-30,CRISIL_LIQUID,2971.44,-0.01
2026-02-02,CRISIL_LIQUID,2972.42,0.03
2026-02-03,CRISIL_LIQUID,2972.3,-0.0
2026-02-04,CRISIL_LIQUID,2971.19,-0.04
2026-02-05,CRISIL_LIQUID,2970.64,-0.02
2026-02-06,CRISIL_LIQUID,2971.2,0.02
2026-02-09,CRISIL_LIQUID,2972.18,0.03
2026-02-10,CRISIL_LIQUID,2974.08,0.06
2026-02-11,CRISIL_LIQUID,2975.19,0.04
2026-02-12,CRISIL_LIQUID,2977.42,0.06999999999999999
2026-02-13,CRISIL_LIQUID,2978.0,0.02
2026-02-16,CRISIL_LIQUID,2979.28,0.04
2026-02-17,CRISIL_LIQUID,2979.13,-0.01
2026-02-18,CRISIL_LIQUID,2980.19,0.04
2026-02-19,CRISIL_LIQUID,2980.61,0.01
2026-02-20,CRISIL_LIQUID,2980.93,0.01
2026-02-23,CRISIL_LIQUID,2981.76,0.03
2026-02-24,CRISIL_LIQUID,2981.2,-0.02
2026-02-25,CRISIL_LIQUID,2982.28,0.04
2026-02-26,CRISIL_LIQUID,2983.71,0.05
2026-02-27,CRISIL_LIQUID,2983.82,0.0
2026-03-02,CRISIL_LIQUID,2984.76,0.03
2026-03-03,CRISIL_LIQUID,2986.71,0.06999999999999999
2026-03-04,CRISIL_LIQUID,2988.19,0.05
2026-03-05,CRISIL_LIQUID,2988.83,0.02
2026-03-06,CRISIL_LIQUID,2989.98,0.04
2026-03-09,CRISIL_LIQUID,2992.15,0.06999999999999999
2026-03-10,CRISIL_LIQUID,2993.17,0.03
2026-03-11,CRISIL_LIQUID,2994.83,0.06
2026-03-12,CRISIL_LIQUID,2996.35,0.05
2026-03-13,CRISIL_LIQUID,2997.22,0.03
2026-03-16,CRISIL_LIQUID,2999.21,0.06999999999999999
2026-03-17,CRISIL_LIQUID,2999.03,-0.01
2026-03-18,CRISIL_LIQUID,3000.2,0.04
2026-03-19,CRISIL_LIQUID,3000.46,0.01
2026-03-20,CRISIL_LIQUID,3002.07,0.05
2026-03-23,CRISIL_LIQUID,3002.83,0.03
2026-03-24,CRISIL_LIQUID,3004.51,0.06
2026-03-25,CRISIL_LIQUID,3006.01,0.05
2026-03-26,CRISIL_LIQUID,3006.39,0.01
2026-03-27,CRISIL_LIQUID,3007.67,0.04
2026-03-30,CRISIL_LIQUID,3008.88,0.04
2026-03-31,CRISIL_LIQUID,3009.46,0.02
2026-04-01,CRISIL_LIQUID,3011.06,0.05
2026-04-02,CRISIL_LIQUID,3011.73,0.02
2026-04-03,CRISIL_LIQUID,3011.77,0.0
2026-04-06,CRISIL_LIQUID,3012.82,0.03
2026-04-07,CRISIL_LIQUID,3014.03,0.04
2026-04-08,CRISIL_LIQUID,3011.98,-0.06999999999999999
2026-04-09,CRISIL_LIQUID,3015.03,0.1
2026-04-10,CRISIL_LIQUID,3018.5,0.12
2026-04-13,CRISIL_LIQUID,3018.49,-0.0
2026-04-14,CRISIL_LIQUID,3019.85,0.05
2026-04-15,CRISIL_LIQUID,3019.61,-0.01
2026-04-16,CRISIL_LIQUID,3018.81,-0.03
2026-04-17,CRISIL_LIQUID,3019.15,0.01
2026-04-20,CRISIL_LIQUID,3018.62,-0.02
2026-04-21,CRISIL_LIQUID,3019.9,0.04
2026-04-22,CRISIL_LIQUID,3021.52,0.05
2026-04-23,CRISIL_LIQUID,3023.97,0.08
2026-04-24,CRISIL_LIQUID,3024.8,0.03
2026-04-27,CRISIL_LIQUID,3026.4,0.05
2026-04-28,CRISIL_LIQUID,3027.55,0.04
2026-04-29,CRISIL_LIQUID,3028.61,0.04
2026-04-30,CRISIL_LIQUID,3028.44,-0.01
2026-05-01,CRISIL_LIQUID,3028.99,0.02
2026-05-04,CRISIL_LIQUID,3029.42,0.01
2026-05-05,CRISIL_LIQUID,3030.77,0.04
2026-05-06,CRISIL_LIQUID,3029.54,-0.04
2026-05-07,CRISIL_LIQUID,3031.32,0.06
2026-05-08,CRISIL_LIQUID,3031.85,0.02
2026-05-11,CRISIL_LIQUID,3032.0,0.0
2026-05-12,CRISIL_LIQUID,3033.11,0.04
2026-05-13,CRISIL_LIQUID,3033.87,0.03
2026-05-14,CRISIL_LIQUID,3034.8,0.03
2026-05-15,CRISIL_LIQUID,3036.84,0.06999999999999999
2026-05-18,CRISIL_LIQUID,3035.91,-0.03
2026-05-19,CRISIL_LIQUID,3035.36,-0.02
2026-05-20,CRISIL_LIQUID,3035.61,0.01
2026-05-21,CRISIL_LIQUID,3037.74,0.06999999999999999
2026-05-22,CRISIL_LIQUID,3039.28,0.05
2026-05-25,CRISIL_LIQUID,3039.94,0.02
2026-05-26,CRISIL_LIQUID,3041.31,0.05
2026-05-27,CRISIL_LIQUID,3042.89,0.05
2026-05-28,CRISIL_LIQUID,3044.18,0.04
2026-05-29,CRISIL_LIQUID,3046.0,0.06
2022-01-03,NIFTY100,17778.24,
2022-01-04,NIFTY100,17537.52,-1.35
2022-01-05,NIFTY100,17607.73,0.4
2022-01-06,NIFTY100,17556.05,-0.29
2022-01-07,NIFTY100,17664.02,0.62
2022-01-10,NIFTY100,17516.51,-0.84
2022-01-11,NIFTY100,17603.08,0.49
2022-01-12,NIFTY100,17763.76,0.91
2022-01-13,NIFTY100,17830.3,0.37
2022-01-14,NIFTY100,17578.93,-1.41
2022-01-17,NIFTY100,17945.01,2.08
2022-01-18,NIFTY100,18041.24,0.54
2022-01-19,NIFTY100,18014.52,-0.15
2022-01-20,NIFTY100,18115.34,0.5599999999999999
2022-01-21,NIFTY100,18440.19,1.79
2022-01-24,NIFTY100,18236.66,-1.0999999999999999
2022-01-25,NIFTY100,18409.39,0.95
2022-01-26,NIFTY100,18393.08,-0.09
2022-01-27,NIFTY100,18354.08,-0.21
2022-01-28,NIFTY100,18324.13,-0.16
2022-01-31,NIFTY100,18021.52,-1.6500000000000001
2022-02-01,NIFTY100,18101.19,0.44
2022-02-02,NIFTY100,17753.35,-1.92
2022-02-03,NIFTY100,17685.95,-0.38
2022-02-04,NIFTY100,17621.67,-0.36
2022-02-07,NIFTY100,17574.94,-0.27
2022-02-08,NIFTY100,17275.41,-1.7000000000000002
2022-02-09,NIFTY100,17410.12,0.7799999999999999
2022-02-10,NIFTY100,17157.83,-1.4500000000000002
2022-02-11,NIFTY100,17036.29,-0.7100000000000001
2022-02-14,NIFTY100,16968.48,-0.4
2022-02-15,NIFTY100,16932.91,-0.21
2022-02-16,NIFTY100,16993.92,0.36
2022-02-17,NIFTY100,17004.75,0.06
2022-02-18,NIFTY100,17284.03,1.6400000000000001
2022-02-21,NIFTY100,17341.61,0.33
2022-02-22,NIFTY100,17389.05,0.27
2022-02-23,NIFTY100,17315.49,-0.42
2022-02-24,NIFTY100,17366.81,0.3
2022-02-25,NIFTY100,17305.72,-0.35000000000000003
2022-02-28,NIFTY100,17246.14,-0.33999999999999997
2022-03-01,NIFTY100,17708.25,2.68
2022-03-02,NIFTY100,17941.93,1.32
2022-03-03,NIFTY100,17823.22,-0.66
2022-03-04,NIFTY100,17926.74,0.58
2022-03-07,NIFTY100,17975.01,0.27
2022-03-08,NIFTY100,17886.24,-0.49
2022-03-09,NIFTY100,18202.81,1.77
2022-03-10,NIFTY100,18181.6,-0.12
2022-03-11,NIFTY100,18397.76,1.1900000000000002
2022-03-14,NIFTY100,18307.51,-0.49
2022-03-15,NIFTY100,18481.95,0.95
2022-03-16,NIFTY100,18694.14,1.15
2022-03-17,NIFTY100,18555.09,-0.74
2022-03-18,NIFTY100,18514.06,-0.22
2022-03-21,NIFTY100,18509.77,-0.02
2022-03-22,NIFTY100,18768.1,1.4000000000000001
2022-03-23,NIFTY100,19017.38,1.3299999999999998
2022-03-24,NIFTY100,18964.88,-0.27999999999999997
2022-03-25,NIFTY100,18914.38,-0.27
2022-03-28,NIFTY100,18961.42,0.25
2022-03-29,NIFTY100,18727.88,-1.23
2022-03-30,NIFTY100,18933.02,1.0999999999999999
2022-03-31,NIFTY100,18808.63,-0.66
2022-04-01,NIFTY100,18832.6,0.13
2022-04-04,NIFTY100,19059.05,1.2
2022-04-05,NIFTY100,19137.78,0.41000000000000003
2022-04-06,NIFTY100,19084.64,-0.27999999999999997
2022-04-07,NIFTY100,18934.49,-0.79
2022-04-08,NIFTY100,18934.99,0.0
2022-04-11,NIFTY100,18899.18,-0.19
2022-04-12,NIFTY100,19319.0,2.22
2022-04-13,NIFTY100,19201.15,-0.61
2022-04-14,NIFTY100,19126.79,-0.38999999999999996
2022-04-15,NIFTY100,18979.48,-0.77
2022-04-18,NIFTY100,18948.25,-0.16
2022-04-19,NIFTY100,19038.49,0.48
2022-04-20,NIFTY100,18900.52,-0.72
2022-04-21,NIFTY100,18964.24,0.33999999999999997
2022-04-22,NIFTY100,18785.85,-0.9400000000000001
2022-04-25,NIFTY100,18938.86,0.8099999999999999
2022-04-26,NIFTY100,18877.06,-0.33
2022-04-27,NIFTY100,18835.56,-0.22
2022-04-28,NIFTY100,19062.91,1.21
2022-04-29,NIFTY100,19003.96,-0.31
2022-05-02,NIFTY100,19074.95,0.37
2022-05-03,NIFTY100,19194.71,0.63
2022-05-04,NIFTY100,19409.57,1.1199999999999999
2022-05-05,NIFTY100,19471.08,0.32
2022-05-06,NIFTY100,19429.86,-0.21
2022-05-09,NIFTY100,19356.19,-0.38
2022-05-10,NIFTY100,19415.4,0.31
2022-05-11,NIFTY100,19304.29,-0.5700000000000001
2022-05-12,NIFTY100,19399.12,0.49
2022-05-13,NIFTY100,19440.34,0.21
2022-05-16,NIFTY100,19264.63,-0.8999999999999999
2022-05-17,NIFTY100,19080.87,-0.95
2022-05-18,NIFTY100,19102.89,0.12
2022-05-19,NIFTY100,19067.09,-0.19
2022-05-20,NIFTY100,19204.03,0.72
2022-05-23,NIFTY100,19069.38,-0.7000000000000001
2022-05-24,NIFTY100,19193.13,0.65
2022-05-25,NIFTY100,19322.17,0.67
2022-05-26,NIFTY100,19145.13,-0.9199999999999999
2022-05-27,NIFTY100,19119.34,-0.13
2022-05-30,NIFTY100,19343.66,1.17
2022-05-31,NIFTY100,19416.48,0.38
2022-06-01,NIFTY100,19410.05,-0.03
2022-06-02,NIFTY100,19556.26,0.75
2022-06-03,NIFTY100,19487.0,-0.35000000000000003
2022-06-06,NIFTY100,19444.01,-0.22
2022-06-07,NIFTY100,19480.14,0.19
2022-06-08,NIFTY100,19717.53,1.22
2022-06-09,NIFTY100,19578.72,-0.7000000000000001
2022-06-10,NIFTY100,19663.7,0.43
2022-06-13,NIFTY100,19608.79,-0.27999999999999997
2022-06-14,NIFTY100,19818.79,1.0699999999999998
2022-06-15,NIFTY100,19952.95,0.6799999999999999
2022-06-16,NIFTY100,19949.96,-0.01
2022-06-17,NIFTY100,20057.29,0.54
2022-06-20,NIFTY100,19972.35,-0.42
2022-06-21,NIFTY100,19878.43,-0.47000000000000003
2022-06-22,NIFTY100,20303.14,2.1399999999999997
2022-06-23,NIFTY100,20250.89,-0.26
2022-06-24,NIFTY100,20290.1,0.19
2022-06-27,NIFTY100,20234.6,-0.27
2022-06-28,NIFTY100,20032.29,-1.0
2022-06-29,NIFTY100,19875.01,-0.79
2022-06-30,NIFTY100,19939.67,0.33
2022-07-01,NIFTY100,19719.91,-1.0999999999999999
2022-07-04,NIFTY100,19614.71,-0.53
2022-07-05,NIFTY100,19729.15,0.58
2022-07-06,NIFTY100,19775.18,0.22999999999999998
2022-07-07,NIFTY100,19717.89,-0.29
2022-07-08,NIFTY100,19655.8,-0.31
2022-07-11,NIFTY100,19500.02,-0.79
2022-07-12,NIFTY100,19868.74,1.8900000000000001
2022-07-13,NIFTY100,19718.85,-0.75
2022-07-14,NIFTY100,19892.19,0.88
2022-07-15,NIFTY100,19544.68,-1.7500000000000002
2022-07-18,NIFTY100,19694.66,0.77
2022-07-19,NIFTY100,19862.37,0.8500000000000001
2022-07-20,NIFTY100,19720.69,-0.7100000000000001
2022-07-21,NIFTY100,19630.58,-0.45999999999999996
2022-07-22,NIFTY100,19812.46,0.9299999999999999
2022-07-25,NIFTY100,19637.43,-0.88
2022-07-26,NIFTY100,19717.19,0.41000000000000003
2022-07-27,NIFTY100,19617.51,-0.51
2022-07-28,NIFTY100,19772.14,0.79
2022-07-29,NIFTY100,20085.58,1.59
2022-08-01,NIFTY100,19930.27,-0.77
2022-08-02,NIFTY100,20036.16,0.53
2022-08-03,NIFTY100,20206.94,0.8500000000000001
2022-08-04,NIFTY100,19889.07,-1.5699999999999998
2022-08-05,NIFTY100,20062.89,0.8699999999999999
2022-08-08,NIFTY100,20130.13,0.33999999999999997
2022-08-09,NIFTY100,20245.74,0.5700000000000001
2022-08-10,NIFTY100,19954.81,-1.44
2022-08-11,NIFTY100,20086.31,0.66
2022-08-12,NIFTY100,20065.79,-0.1
2022-08-15,NIFTY100,19888.96,-0.88
2022-08-16,NIFTY100,20013.04,0.62
2022-08-17,NIFTY100,20156.02,0.7100000000000001
2022-08-18,NIFTY100,20152.94,-0.02
2022-08-19,NIFTY100,20222.54,0.35000000000000003
2022-08-22,NIFTY100,20205.4,-0.08
2022-08-23,NIFTY100,19988.63,-1.0699999999999998
2022-08-24,NIFTY100,19974.53,-0.06999999999999999
2022-08-25,NIFTY100,20181.37,1.04
2022-08-26,NIFTY100,20392.73,1.05
2022-08-29,NIFTY100,20264.99,-0.63
2022-08-30,NIFTY100,20314.45,0.24
2022-08-31,NIFTY100,20336.89,0.11
2022-09-01,NIFTY100,20429.1,0.44999999999999996
2022-09-02,NIFTY100,20447.55,0.09
2022-09-05,NIFTY100,20578.64,0.64
2022-09-06,NIFTY100,20518.78,-0.29
2022-09-07,NIFTY100,20714.88,0.96
2022-09-08,NIFTY100,20634.8,-0.38999999999999996
2022-09-09,NIFTY100,20677.2,0.21
2022-09-12,NIFTY100,20800.12,0.59
2022-09-13,NIFTY100,20847.1,0.22999999999999998
2022-09-14,NIFTY100,20460.79,-1.8499999999999999
2022-09-15,NIFTY100,20520.74,0.29
2022-09-16,NIFTY100,20646.74,0.61
2022-09-19,NIFTY100,20707.04,0.29
2022-09-20,NIFTY100,20877.22,0.8200000000000001
2022-09-21,NIFTY100,21088.58,1.01
2022-09-22,NIFTY100,20978.92,-0.52
2022-09-23,NIFTY100,20696.37,-1.35
2022-09-26,NIFTY100,20503.81,-0.9299999999999999
2022-09-27,NIFTY100,20525.56,0.11
2022-09-28,NIFTY100,20638.67,0.5499999999999999
2022-09-29,NIFTY100,20627.39,-0.05
2022-09-30,NIFTY100,20404.81,-1.08
2022-10-03,NIFTY100,20464.22,0.29
2022-10-04,NIFTY100,20475.87,0.06
2022-10-05,NIFTY100,20512.63,0.18
2022-10-06,NIFTY100,20828.8,1.54
2022-10-07,NIFTY100,20978.85,0.72
2022-10-10,NIFTY100,20965.83,-0.06
2022-10-11,NIFTY100,20749.25,-1.03
2022-10-12,NIFTY100,20989.02,1.16
2022-10-13,NIFTY100,20697.42,-1.39
2022-10-14,NIFTY100,20659.58,-0.18
2022-10-17,NIFTY100,20467.28,-0.9299999999999999
2022-10-18,NIFTY100,20408.72,-0.29
2022-10-19,NIFTY100,20403.29,-0.03
2022-10-20,NIFTY100,20194.29,-1.02
2022-10-21,NIFTY100,19802.72,-1.94
2022-10-24,NIFTY100,19656.01,-0.74
2022-10-25,NIFTY100,19448.56,-1.06
2022-10-26,NIFTY100,19305.94,-0.73
2022-10-27,NIFTY100,19270.45,-0.18
2022-10-28,NIFTY100,19521.37,1.3
2022-10-31,NIFTY100,19435.11,-0.44
2022-11-01,NIFTY100,19360.14,-0.38999999999999996
2022-11-02,NIFTY100,19352.78,-0.04
2022-11-03,NIFTY100,19467.23,0.59
2022-11-04,NIFTY100,19566.26,0.51
2022-11-07,NIFTY100,19270.38,-1.51
2022-11-08,NIFTY100,19115.3,-0.8
2022-11-09,NIFTY100,19298.68,0.96
2022-11-10,NIFTY100,19225.62,-0.38
2022-11-11,NIFTY100,19387.08,0.84
2022-11-14,NIFTY100,19510.58,0.64
2022-11-15,NIFTY100,19164.58,-1.77
2022-11-16,NIFTY100,18915.37,-1.3
2022-11-17,NIFTY100,18872.81,-0.22999999999999998
2022-11-18,NIFTY100,18943.83,0.38
2022-11-21,NIFTY100,18911.39,-0.16999999999999998
2022-11-22,NIFTY100,18890.22,-0.11
2022-11-23,NIFTY100,18904.59,0.08
2022-11-24,NIFTY100,18897.98,-0.03
2022-11-25,NIFTY100,18901.92,0.02
2022-11-28,NIFTY100,18547.32,-1.8800000000000001
2022-11-29,NIFTY100,18508.87,-0.21
2022-11-30,NIFTY100,18469.12,-0.21
2022-12-01,NIFTY100,18317.08,-0.8200000000000001
2022-12-02,NIFTY100,18211.2,-0.58
2022-12-05,NIFTY100,17972.63,-1.31
2022-12-06,NIFTY100,18038.11,0.36
2022-12-07,NIFTY100,17877.15,-0.89
2022-12-08,NIFTY100,17867.98,-0.05
2022-12-09,NIFTY100,17804.79,-0.35000000000000003
2022-12-12,NIFTY100,17786.27,-0.1
2022-12-13,NIFTY100,17927.89,0.8
2022-12-14,NIFTY100,17829.02,-0.5499999999999999
2022-12-15,NIFTY100,17822.91,-0.03
2022-12-16,NIFTY100,17924.82,0.5700000000000001
2022-12-19,NIFTY100,17955.99,0.16999999999999998
2022-12-20,NIFTY100,17848.08,-0.6
2022-12-21,NIFTY100,17631.29,-1.21
2022-12-22,NIFTY100,17519.19,-0.64
2022-12-23,NIFTY100,17553.59,0.2
2022-12-26,NIFTY100,17555.35,0.01
2022-12-27,NIFTY100,17655.66,0.5700000000000001
2022-12-28,NIFTY100,17616.17,-0.22
2022-12-29,NIFTY100,17513.12,-0.58
2022-12-30,NIFTY100,17309.66,-1.16
2023-01-02,NIFTY100,17146.9,-0.9400000000000001
2023-01-03,NIFTY100,17008.52,-0.8099999999999999
2023-01-04,NIFTY100,17200.21,1.13
2023-01-05,NIFTY100,17042.63,-0.9199999999999999
2023-01-06,NIFTY100,16888.11,-0.91
2023-01-09,NIFTY100,16797.95,-0.53
2023-01-10,NIFTY100,16948.6,0.8999999999999999
2023-01-11,NIFTY100,17022.31,0.43
2023-01-12,NIFTY100,16994.79,-0.16
2023-01-13,NIFTY100,16784.06,-1.24
2023-01-16,NIFTY100,16773.95,-0.06
2023-01-17,NIFTY100,16878.51,0.62
2023-01-18,NIFTY100,17057.81,1.06
2023-01-19,NIFTY100,16741.43,-1.8499999999999999
2023-01-20,NIFTY100,16620.92,-0.72
2023-01-23,NIFTY100,16619.0,-0.01
2023-01-24,NIFTY100,16774.51,0.9400000000000001
2023-01-25,NIFTY100,16579.25,-1.16
2023-01-26,NIFTY100,16415.2,-0.9900000000000001
2023-01-27,NIFTY100,16336.99,-0.48
2023-01-30,NIFTY100,16134.8,-1.24
2023-01-31,NIFTY100,15861.67,-1.69
2023-02-01,NIFTY100,16123.73,1.6500000000000001
2023-02-02,NIFTY100,16074.67,-0.3
2023-02-03,NIFTY100,15973.29,-0.63
2023-02-06,NIFTY100,15803.43,-1.06
2023-02-07,NIFTY100,15783.04,-0.13
2023-02-08,NIFTY100,15696.6,-0.5499999999999999
2023-02-09,NIFTY100,15782.39,0.5499999999999999
2023-02-10,NIFTY100,15628.56,-0.97
2023-02-13,NIFTY100,15610.58,-0.12
2023-02-14,NIFTY100,15587.12,-0.15
2023-02-15,NIFTY100,15639.92,0.33999999999999997
2023-02-16,NIFTY100,15600.82,-0.25
2023-02-17,NIFTY100,15658.67,0.37
2023-02-20,NIFTY100,15680.83,0.13999999999999999
2023-02-21,NIFTY100,15775.37,0.6
2023-02-22,NIFTY100,15835.71,0.38
2023-02-23,NIFTY100,15795.71,-0.25
2023-02-24,NIFTY100,15995.36,1.26
2023-02-27,NIFTY100,15912.35,-0.52
2023-02-28,NIFTY100,16097.23,1.16
2023-03-01,NIFTY100,16224.73,0.79
2023-03-02,NIFTY100,16299.24,0.45999999999999996
2023-03-03,NIFTY100,16283.17,-0.1
2023-03-06,NIFTY100,16186.05,-0.6
2023-03-07,NIFTY100,16208.57,0.13999999999999999
2023-03-08,NIFTY100,16229.83,0.13
2023-03-09,NIFTY100,16212.94,-0.1
2023-03-10,NIFTY100,16281.66,0.42
2023-03-13,NIFTY100,16399.37,0.72
2023-03-14,NIFTY100,16284.55,-0.7000000000000001
2023-03-15,NIFTY100,16193.4,-0.5599999999999999
2023-03-16,NIFTY100,16022.88,-1.05
2023-03-17,NIFTY100,16068.83,0.29
2023-03-20,NIFTY100,16273.47,1.27
2023-03-21,NIFTY100,16096.0,-1.09
2023-03-22,NIFTY100,15993.54,-0.64
2023-03-23,NIFTY100,15812.68,-1.13
2023-03-24,NIFTY100,15741.89,-0.44999999999999996
2023-03-27,NIFTY100,15475.61,-1.69
2023-03-28,NIFTY100,15621.75,0.9400000000000001
2023-03-29,NIFTY100,15715.54,0.6
2023-03-30,NIFTY100,15746.73,0.2
2023-03-31,NIFTY100,15870.66,0.79
2023-04-03,NIFTY100,15988.63,0.74
2023-04-04,NIFTY100,15987.69,-0.01
2023-04-05,NIFTY100,15819.59,-1.05
2023-04-06,NIFTY100,15729.21,-0.5700000000000001
2023-04-07,NIFTY100,15725.39,-0.02
2023-04-10,NIFTY100,15633.06,-0.59
2023-04-11,NIFTY100,15863.48,1.47
2023-04-12,NIFTY100,15891.47,0.18
2023-04-13,NIFTY100,15912.48,0.13
2023-04-14,NIFTY100,16044.02,0.83
2023-04-17,NIFTY100,16088.1,0.27
2023-04-18,NIFTY100,16060.87,-0.16999999999999998
2023-04-19,NIFTY100,16268.97,1.3
2023-04-20,NIFTY100,16334.72,0.4
2023-04-21,NIFTY100,16276.53,-0.36
2023-04-24,NIFTY100,16308.08,0.19
2023-04-25,NIFTY100,16245.2,-0.38999999999999996
2023-04-26,NIFTY100,16144.11,-0.62
2023-04-27,NIFTY100,16256.61,0.7000000000000001
2023-04-28,NIFTY100,16197.72,-0.36
2023-05-01,NIFTY100,16103.92,-0.58
2023-05-02,NIFTY100,16135.48,0.2
2023-05-03,NIFTY100,16282.42,0.91
2023-05-04,NIFTY100,16012.4,-1.66
2023-05-05,NIFTY100,15925.28,-0.54
2023-05-08,NIFTY100,15643.97,-1.77
2023-05-09,NIFTY100,15223.57,-2.69
2023-05-10,NIFTY100,15236.78,0.09
2023-05-11,NIFTY100,15080.39,-1.03
2023-05-12,NIFTY100,15182.46,0.6799999999999999
2023-05-15,NIFTY100,15041.07,-0.9299999999999999
2023-05-16,NIFTY100,15120.8,0.53
2023-05-17,NIFTY100,15163.88,0.27999999999999997
2023-05-18,NIFTY100,15055.37,-0.72
2023-05-19,NIFTY100,15000.54,-0.36
2023-05-22,NIFTY100,15029.03,0.19
2023-05-23,NIFTY100,15101.64,0.48
2023-05-24,NIFTY100,15278.47,1.17
2023-05-25,NIFTY100,15312.62,0.22
2023-05-26,NIFTY100,15314.19,0.01
2023-05-29,NIFTY100,15324.41,0.06999999999999999
2023-05-30,NIFTY100,15299.69,-0.16
2023-05-31,NIFTY100,15248.41,-0.33999999999999997
2023-06-01,NIFTY100,15139.5,-0.7100000000000001
2023-06-02,NIFTY100,15194.66,0.36
2023-06-05,NIFTY100,15097.48,-0.64
2023-06-06,NIFTY100,15125.97,0.19
2023-06-07,NIFTY100,15128.86,0.02
2023-06-08,NIFTY100,15215.84,0.5700000000000001
2023-06-09,NIFTY100,15252.62,0.24
2023-06-12,NIFTY100,15163.26,-0.59
2023-06-13,NIFTY100,15033.28,-0.86
2023-06-14,NIFTY100,15168.87,0.8999999999999999
2023-06-15,NIFTY100,15123.84,-0.3
2023-06-16,NIFTY100,15305.19,1.2
2023-06-19,NIFTY100,14987.25,-2.08
2023-06-20,NIFTY100,15016.65,0.2
2023-06-21,NIFTY100,15129.44,0.75
2023-06-22,NIFTY100,15147.46,0.12
2023-06-23,NIFTY100,15181.01,0.22
2023-06-26,NIFTY100,15259.57,0.52
2023-06-27,NIFTY100,15370.58,0.73
2023-06-28,NIFTY100,15454.09,0.54
2023-06-29,NIFTY100,15617.82,1.06
2023-06-30,NIFTY100,15564.88,-0.33999999999999997
2023-07-03,NIFTY100,15786.83,1.43
2023-07-04,NIFTY100,15661.22,-0.8
2023-07-05,NIFTY100,15792.09,0.84
2023-07-06,NIFTY100,15850.73,0.37
2023-07-07,NIFTY100,16152.01,1.9
2023-07-10,NIFTY100,16199.27,0.29
2023-07-11,NIFTY100,16298.43,0.61
2023-07-12,NIFTY100,16086.96,-1.3
2023-07-13,NIFTY100,16207.62,0.75
2023-07-14,NIFTY100,16252.81,0.27999999999999997
2023-07-17,NIFTY100,16358.91,0.65
2023-07-18,NIFTY100,16239.48,-0.73
2023-07-19,NIFTY100,16180.98,-0.36
2023-07-20,NIFTY100,16212.76,0.2
2023-07-21,NIFTY100,16211.03,-0.01
2023-07-24,NIFTY100,16255.01,0.27
2023-07-25,NIFTY100,16284.8,0.18
2023-07-26,NIFTY100,16226.47,-0.36
2023-07-27,NIFTY100,16202.45,-0.15
2023-07-28,NIFTY100,16111.33,-0.5599999999999999
2023-07-31,NIFTY100,16487.1,2.33
2023-08-01,NIFTY100,16540.9,0.33
2023-08-02,NIFTY100,16788.5,1.5
2023-08-03,NIFTY100,16654.0,-0.8
2023-08-04,NIFTY100,16649.87,-0.02
2023-08-07,NIFTY100,16597.05,-0.32
2023-08-08,NIFTY100,16658.89,0.37
2023-08-09,NIFTY100,16694.71,0.22
2023-08-10,NIFTY100,16547.88,-0.88
2023-08-11,NIFTY100,16620.41,0.44
2023-08-14,NIFTY100,16664.8,0.27
2023-08-15,NIFTY100,16713.0,0.29
2023-08-16,NIFTY100,16879.5,1.0
2023-08-17,NIFTY100,17019.12,0.83
2023-08-18,NIFTY100,17255.36,1.39
2023-08-21,NIFTY100,17311.56,0.33
2023-08-22,NIFTY100,17449.92,0.8
2023-08-23,NIFTY100,17431.04,-0.11
2023-08-24,NIFTY100,17466.78,0.21
2023-08-25,NIFTY100,17558.45,0.52
2023-08-28,NIFTY100,17495.85,-0.36
2023-08-29,NIFTY100,17513.03,0.1
2023-08-30,NIFTY100,17338.47,-1.0
2023-08-31,NIFTY100,17522.91,1.06
2023-09-01,NIFTY100,17713.52,1.09
2023-09-04,NIFTY100,17546.73,-0.9400000000000001
2023-09-05,NIFTY100,17722.32,1.0
2023-09-06,NIFTY100,17871.87,0.84
2023-09-07,NIFTY100,17927.29,0.31
2023-09-08,NIFTY100,17983.24,0.31
2023-09-11,NIFTY100,18076.37,0.52
2023-09-12,NIFTY100,17891.41,-1.02
2023-09-13,NIFTY100,18240.89,1.95
2023-09-14,NIFTY100,17928.21,-1.71
2023-09-15,NIFTY100,17723.25,-1.1400000000000001
2023-09-18,NIFTY100,17886.49,0.9199999999999999
2023-09-19,NIFTY100,18030.0,0.8
2023-09-20,NIFTY100,18292.09,1.4500000000000002
2023-09-21,NIFTY100,18316.46,0.13
2023-09-22,NIFTY100,18187.19,-0.7100000000000001
2023-09-25,NIFTY100,18205.58,0.1
2023-09-26,NIFTY100,18341.81,0.75
2023-09-27,NIFTY100,18246.42,-0.52
2023-09-28,NIFTY100,18096.36,-0.8200000000000001
2023-09-29,NIFTY100,18109.68,0.06999999999999999
2023-10-02,NIFTY100,18011.46,-0.54
2023-10-03,NIFTY100,17994.38,-0.09
2023-10-04,NIFTY100,17912.11,-0.45999999999999996
2023-10-05,NIFTY100,18006.34,0.53
2023-10-06,NIFTY100,17948.68,-0.32
2023-10-09,NIFTY100,17881.22,-0.38
2023-10-10,NIFTY100,17993.35,0.63
2023-10-11,NIFTY100,17838.99,-0.86
2023-10-12,NIFTY100,17715.56,-0.69
2023-10-13,NIFTY100,17773.24,0.33
2023-10-16,NIFTY100,17654.74,-0.67
2023-10-17,NIFTY100,17852.33,1.1199999999999999
2023-10-18,NIFTY100,17707.44,-0.8099999999999999
2023-10-19,NIFTY100,17698.56,-0.05
2023-10-20,NIFTY100,17581.58,-0.66
2023-10-23,NIFTY100,17801.94,1.25
2023-10-24,NIFTY100,17657.02,-0.8099999999999999
2023-10-25,NIFTY100,17945.04,1.63
2023-10-26,NIFTY100,17965.84,0.12
2023-10-27,NIFTY100,17947.25,-0.1
2023-10-30,NIFTY100,17651.62,-1.6500000000000001
2023-10-31,NIFTY100,17902.62,1.4200000000000002
2023-11-01,NIFTY100,17985.8,0.45999999999999996
2023-11-02,NIFTY100,17815.63,-0.95
2023-11-03,NIFTY100,17748.2,-0.38
2023-11-06,NIFTY100,17517.72,-1.3
2023-11-07,NIFTY100,17414.77,-0.59
2023-11-08,NIFTY100,17406.75,-0.05
2023-11-09,NIFTY100,17650.05,1.4000000000000001
2023-11-10,NIFTY100,18022.49,2.11
2023-11-13,NIFTY100,18109.97,0.49
2023-11-14,NIFTY100,17889.06,-1.22
2023-11-15,NIFTY100,18242.27,1.97
2023-11-16,NIFTY100,17987.98,-1.39
2023-11-17,NIFTY100,18123.58,0.75
2023-11-20,NIFTY100,18141.98,0.1
2023-11-21,NIFTY100,18334.81,1.06
2023-11-22,NIFTY100,18230.41,-0.5700000000000001
2023-11-23,NIFTY100,18394.31,0.8999999999999999
2023-11-24,NIFTY100,18623.08,1.24
2023-11-27,NIFTY100,18694.63,0.38
2023-11-28,NIFTY100,18705.54,0.06
2023-11-29,NIFTY100,18871.49,0.89
2023-11-30,NIFTY100,19089.15,1.15
2023-12-01,NIFTY100,19025.54,-0.33
2023-12-04,NIFTY100,18935.92,-0.47000000000000003
2023-12-05,NIFTY100,18845.16,-0.48
2023-12-06,NIFTY100,18510.3,-1.78
2023-12-07,NIFTY100,18661.21,0.8200000000000001
2023-12-08,NIFTY100,18669.1,0.04
2023-12-11,NIFTY100,18634.58,-0.18
2023-12-12,NIFTY100,18575.85,-0.32
2023-12-13,NIFTY100,18651.43,0.41000000000000003
2023-12-14,NIFTY100,18559.3,-0.49
2023-12-15,NIFTY100,18705.12,0.79
2023-12-18,NIFTY100,18656.25,-0.26
2023-12-19,NIFTY100,18490.54,-0.89
2023-12-20,NIFTY100,18591.22,0.54
2023-12-21,NIFTY100,18468.16,-0.66
2023-12-22,NIFTY100,18466.26,-0.01
2023-12-25,NIFTY100,18617.09,0.8200000000000001
2023-12-26,NIFTY100,18633.36,0.09
2023-12-27,NIFTY100,18658.77,0.13999999999999999
2023-12-28,NIFTY100,18600.74,-0.31
2023-12-29,NIFTY100,18635.26,0.19
2024-01-01,NIFTY100,18549.12,-0.45999999999999996
2024-01-02,NIFTY100,18638.25,0.48
2024-01-03,NIFTY100,18595.92,-0.22999999999999998
2024-01-04,NIFTY100,18576.09,-0.11
2024-01-05,NIFTY100,18432.33,-0.77
2024-01-08,NIFTY100,18519.39,0.47000000000000003
2024-01-09,NIFTY100,18445.92,-0.4
2024-01-10,NIFTY100,18290.2,-0.84
2024-01-11,NIFTY100,18221.38,-0.38
2024-01-12,NIFTY100,18352.06,0.72
2024-01-15,NIFTY100,18448.21,0.52
2024-01-16,NIFTY100,18121.95,-1.77
2024-01-17,NIFTY100,18027.78,-0.52
2024-01-18,NIFTY100,18250.11,1.23
2024-01-19,NIFTY100,18447.52,1.08
2024-01-22,NIFTY100,18267.84,-0.97
2024-01-23,NIFTY100,18411.51,0.79
2024-01-24,NIFTY100,18204.6,-1.1199999999999999
2024-01-25,NIFTY100,18088.89,-0.64
2024-01-26,NIFTY100,17939.5,-0.83
2024-01-29,NIFTY100,18056.85,0.65
2024-01-30,NIFTY100,18070.38,0.06999999999999999
2024-01-31,NIFTY100,18154.2,0.45999999999999996
2024-02-01,NIFTY100,17873.64,-1.55
2024-02-02,NIFTY100,18012.03,0.77
2024-02-05,NIFTY100,18263.65,1.4000000000000001
2024-02-06,NIFTY100,18308.39,0.24
2024-02-07,NIFTY100,18617.53,1.69
2024-02-08,NIFTY100,18759.69,0.76
2024-02-09,NIFTY100,19048.41,1.54
2024-02-12,NIFTY100,19021.64,-0.13999999999999999
2024-02-13,NIFTY100,19080.74,0.31
2024-02-14,NIFTY100,18984.07,-0.51
2024-02-15,NIFTY100,18768.67,-1.13
2024-02-16,NIFTY100,18653.02,-0.62
2024-02-19,NIFTY100,18705.47,0.27999999999999997
2024-02-20,NIFTY100,18522.31,-0.98
2024-02-21,NIFTY100,18548.37,0.13999999999999999
2024-02-22,NIFTY100,18229.55,-1.72
2024-02-23,NIFTY100,18188.91,-0.22
2024-02-26,NIFTY100,18236.42,0.26
2024-02-27,NIFTY100,18140.11,-0.53
2024-02-28,NIFTY100,18102.25,-0.21
2024-02-29,NIFTY100,18107.93,0.03
2024-03-01,NIFTY100,18058.93,-0.27
2024-03-04,NIFTY100,18109.85,0.27999999999999997
2024-03-05,NIFTY100,17869.4,-1.3299999999999998
2024-03-06,NIFTY100,17705.06,-0.9199999999999999
2024-03-07,NIFTY100,17565.31,-0.79
2024-03-08,NIFTY100,17543.19,-0.13
2024-03-11,NIFTY100,17813.28,1.54
2024-03-12,NIFTY100,17906.49,0.52
2024-03-13,NIFTY100,17665.04,-1.35
2024-03-14,NIFTY100,17703.7,0.22
2024-03-15,NIFTY100,17632.35,-0.4
2024-03-18,NIFTY100,17575.17,-0.32
2024-03-19,NIFTY100,17479.0,-0.5499999999999999
2024-03-20,NIFTY100,17447.25,-0.18
2024-03-21,NIFTY100,17201.88,-1.41
2024-03-22,NIFTY100,17192.88,-0.05
2024-03-25,NIFTY100,17245.57,0.31
2024-03-26,NIFTY100,17140.81,-0.61
2024-03-27,NIFTY100,17074.76,-0.38999999999999996
2024-03-28,NIFTY100,16916.57,-0.9299999999999999
2024-03-29,NIFTY100,16868.45,-0.27999999999999997
2024-04-01,NIFTY100,16888.83,0.12
2024-04-02,NIFTY100,16870.69,-0.11
2024-04-03,NIFTY100,16969.37,0.58
2024-04-04,NIFTY100,17110.64,0.83
2024-04-05,NIFTY100,17036.23,-0.43
2024-04-08,NIFTY100,17011.92,-0.13999999999999999
2024-04-09,NIFTY100,16866.83,-0.8500000000000001
2024-04-10,NIFTY100,16808.29,-0.35000000000000003
2024-04-11,NIFTY100,16823.41,0.09
2024-04-12,NIFTY100,16935.63,0.67
2024-04-15,NIFTY100,16930.0,-0.03
2024-04-16,NIFTY100,16980.84,0.3
2024-04-17,NIFTY100,16803.86,-1.04
2024-04-18,NIFTY100,16845.45,0.25
2024-04-19,NIFTY100,16733.93,-0.66
2024-04-22,NIFTY100,16958.47,1.34
2024-04-23,NIFTY100,17220.58,1.55
2024-04-24,NIFTY100,17447.79,1.32
2024-04-25,NIFTY100,17324.95,-0.7000000000000001
2024-04-26,NIFTY100,17426.62,0.59
2024-04-29,NIFTY100,17082.77,-1.97
2024-04-30,NIFTY100,17241.35,0.9299999999999999
2024-05-01,NIFTY100,17244.51,0.02
2024-05-02,NIFTY100,16997.14,-1.43
2024-05-03,NIFTY100,17089.16,0.54
2024-05-06,NIFTY100,17048.91,-0.24
2024-05-07,NIFTY100,17008.18,-0.24
2024-05-08,NIFTY100,17089.87,0.48
2024-05-09,NIFTY100,17238.29,0.8699999999999999
2024-05-10,NIFTY100,17284.24,0.27
2024-05-13,NIFTY100,16969.97,-1.82
2024-05-14,NIFTY100,17014.9,0.26
2024-05-15,NIFTY100,16878.83,-0.8
2024-05-16,NIFTY100,16953.11,0.44
2024-05-17,NIFTY100,17005.88,0.31
2024-05-20,NIFTY100,16968.51,-0.22
2024-05-21,NIFTY100,16955.82,-0.06999999999999999
2024-05-22,NIFTY100,16708.03,-1.46
2024-05-23,NIFTY100,16929.07,1.32
2024-05-24,NIFTY100,16972.13,0.25
2024-05-27,NIFTY100,17005.04,0.19
2024-05-28,NIFTY100,17044.52,0.22999999999999998
2024-05-29,NIFTY100,16791.53,-1.48
2024-05-30,NIFTY100,16923.37,0.79
2024-05-31,NIFTY100,16863.56,-0.35000000000000003
2024-06-03,NIFTY100,16875.43,0.06999999999999999
2024-06-04,NIFTY100,16788.29,-0.52
2024-06-05,NIFTY100,16616.34,-1.02
2024-06-06,NIFTY100,16538.08,-0.47000000000000003
2024-06-07,NIFTY100,16507.71,-0.18
2024-06-10,NIFTY100,16501.34,-0.04
2024-06-11,NIFTY100,16428.76,-0.44
2024-06-12,NIFTY100,16409.74,-0.12
2024-06-13,NIFTY100,16364.28,-0.27999999999999997
2024-06-14,NIFTY100,16176.78,-1.15
2024-06-17,NIFTY100,16167.64,-0.06
2024-06-18,NIFTY100,16158.44,-0.06
2024-06-19,NIFTY100,16061.79,-0.6
2024-06-20,NIFTY100,16179.78,0.73
2024-06-21,NIFTY100,16173.76,-0.04
2024-06-24,NIFTY100,16220.61,0.29
2024-06-25,NIFTY100,16101.93,-0.73
2024-06-26,NIFTY100,16008.77,-0.58
2024-06-27,NIFTY100,15968.3,-0.25
2024-06-28,NIFTY100,15806.46,-1.01
2024-07-01,NIFTY100,15565.93,-1.52
2024-07-02,NIFTY100,15737.05,1.0999999999999999
2024-07-03,NIFTY100,15660.24,-0.49
2024-07-04,NIFTY100,15639.34,-0.13
2024-07-05,NIFTY100,15674.19,0.22
2024-07-08,NIFTY100,15645.06,-0.19
2024-07-09,NIFTY100,15499.14,-0.9299999999999999
2024-07-10,NIFTY100,15630.27,0.8500000000000001
2024-07-11,NIFTY100,15567.93,-0.4
2024-07-12,NIFTY100,15648.16,0.52
2024-07-15,NIFTY100,15835.38,1.2
2024-07-16,NIFTY100,15673.47,-1.02
2024-07-17,NIFTY100,15784.67,0.7100000000000001
2024-07-18,NIFTY100,15804.86,0.13
2024-07-19,NIFTY100,15694.7,-0.7000000000000001
2024-07-22,NIFTY100,15756.77,0.4
2024-07-23,NIFTY100,15777.69,0.13
2024-07-24,NIFTY100,15706.33,-0.44999999999999996
2024-07-25,NIFTY100,15960.67,1.6199999999999999
2024-07-26,NIFTY100,16018.35,0.36
2024-07-29,NIFTY100,15883.1,-0.84
2024-07-30,NIFTY100,15933.58,0.32
2024-07-31,NIFTY100,15917.38,-0.1
2024-08-01,NIFTY100,15777.82,-0.88
2024-08-02,NIFTY100,15755.2,-0.13999999999999999
2024-08-05,NIFTY100,15812.79,0.37
2024-08-06,NIFTY100,15700.58,-0.7100000000000001
2024-08-07,NIFTY100,15529.29,-1.09
2024-08-08,NIFTY100,15362.67,-1.0699999999999998
2024-08-09,NIFTY100,15204.19,-1.03
2024-08-12,NIFTY100,15278.12,0.49
2024-08-13,NIFTY100,15336.63,0.38
2024-08-14,NIFTY100,15228.61,-0.7000000000000001
2024-08-15,NIFTY100,15208.95,-0.13
2024-08-16,NIFTY100,15053.53,-1.02
2024-08-19,NIFTY100,14981.01,-0.48
2024-08-20,NIFTY100,14906.94,-0.49
2024-08-21,NIFTY100,14950.61,0.29
2024-08-22,NIFTY100,15102.72,1.02
2024-08-23,NIFTY100,14975.16,-0.84
2024-08-26,NIFTY100,14880.97,-0.63
2024-08-27,NIFTY100,14921.39,0.27
2024-08-28,NIFTY100,14753.49,-1.13
2024-08-29,NIFTY100,14650.37,-0.7000000000000001
2024-08-30,NIFTY100,14760.51,0.75
2024-09-02,NIFTY100,14916.24,1.06
2024-09-03,NIFTY100,14810.0,-0.7100000000000001
2024-09-04,NIFTY100,14717.11,-0.63
2024-09-05,NIFTY100,14805.13,0.6
2024-09-06,NIFTY100,14928.9,0.84
2024-09-09,NIFTY100,14898.73,-0.2
2024-09-10,NIFTY100,14819.8,-0.53
2024-09-11,NIFTY100,14888.06,0.45999999999999996
2024-09-12,NIFTY100,14933.94,0.31
2024-09-13,NIFTY100,14931.69,-0.02
2024-09-16,NIFTY100,15160.16,1.53
2024-09-17,NIFTY100,15193.21,0.22
2024-09-18,NIFTY100,15054.54,-0.91
2024-09-19,NIFTY100,15108.71,0.36
2024-09-20,NIFTY100,15026.52,-0.54
2024-09-23,NIFTY100,15008.09,-0.12
2024-09-24,NIFTY100,15104.99,0.65
2024-09-25,NIFTY100,15214.41,0.72
2024-09-26,NIFTY100,14853.8,-2.37
2024-09-27,NIFTY100,14787.04,-0.44999999999999996
2024-09-30,NIFTY100,14728.18,-0.4
2024-10-01,NIFTY100,14730.0,0.01
2024-10-02,NIFTY100,14626.49,-0.7000000000000001
2024-10-03,NIFTY100,14594.44,-0.22
2024-10-04,NIFTY100,14587.3,-0.05
2024-10-07,NIFTY100,14390.67,-1.35
2024-10-08,NIFTY100,14372.93,-0.12
2024-10-09,NIFTY100,14490.4,0.8200000000000001
2024-10-10,NIFTY100,14346.96,-0.9900000000000001
2024-10-11,NIFTY100,14366.73,0.13999999999999999
2024-10-14,NIFTY100,14379.72,0.09
2024-10-15,NIFTY100,14171.82,-1.4500000000000002
2024-10-16,NIFTY100,14134.89,-0.26
2024-10-17,NIFTY100,14128.86,-0.04
2024-10-18,NIFTY100,14278.48,1.06
2024-10-21,NIFTY100,14240.13,-0.27
2024-10-22,NIFTY100,14288.49,0.33999999999999997
2024-10-23,NIFTY100,14210.56,-0.5499999999999999
2024-10-24,NIFTY100,14250.15,0.27999999999999997
2024-10-25,NIFTY100,14357.37,0.75
2024-10-28,NIFTY100,14168.56,-1.32
2024-10-29,NIFTY100,14189.62,0.15
2024-10-30,NIFTY100,14256.69,0.47000000000000003
2024-10-31,NIFTY100,14246.14,-0.06999999999999999
2024-11-01,NIFTY100,14279.33,0.22999999999999998
2024-11-04,NIFTY100,14373.15,0.66
2024-11-05,NIFTY100,14218.52,-1.08
2024-11-06,NIFTY100,14269.15,0.36
2024-11-07,NIFTY100,14414.19,1.02
2024-11-08,NIFTY100,14369.34,-0.31
2024-11-11,NIFTY100,14300.81,-0.48
2024-11-12,NIFTY100,14232.26,-0.48
2024-11-13,NIFTY100,14272.7,0.27999999999999997
2024-11-14,NIFTY100,14445.88,1.21
2024-11-15,NIFTY100,14699.96,1.76
2024-11-18,NIFTY100,14897.22,1.34
2024-11-19,NIFTY100,14862.16,-0.24
2024-11-20,NIFTY100,14764.86,-0.65
2024-11-21,NIFTY100,14586.66,-1.21
2024-11-22,NIFTY100,14647.02,0.41000000000000003
2024-11-25,NIFTY100,15010.84,2.48
2024-11-26,NIFTY100,15043.38,0.22
2024-11-27,NIFTY100,15092.83,0.33
2024-11-28,NIFTY100,15094.69,0.01
2024-11-29,NIFTY100,15170.81,0.5
2024-12-02,NIFTY100,15100.92,-0.45999999999999996
2024-12-03,NIFTY100,15148.34,0.31
2024-12-04,NIFTY100,15118.43,-0.2
2024-12-05,NIFTY100,15184.85,0.44
2024-12-06,NIFTY100,15190.58,0.04
2024-12-09,NIFTY100,15262.58,0.47000000000000003
2024-12-10,NIFTY100,15156.27,-0.7000000000000001
2024-12-11,NIFTY100,15299.43,0.9400000000000001
2024-12-12,NIFTY100,15429.09,0.8500000000000001
2024-12-13,NIFTY100,15398.71,-0.2
2024-12-16,NIFTY100,15335.05,-0.41000000000000003
2024-12-17,NIFTY100,15184.43,-0.98
2024-12-18,NIFTY100,15047.46,-0.8999999999999999
2024-12-19,NIFTY100,15006.41,-0.27
2024-12-20,NIFTY100,15032.5,0.16999999999999998
2024-12-23,NIFTY100,15064.49,0.21
2024-12-24,NIFTY100,15288.32,1.49
2024-12-25,NIFTY100,15231.62,-0.37
2024-12-26,NIFTY100,15162.79,-0.44999999999999996
2024-12-27,NIFTY100,15158.44,-0.03
2024-12-30,NIFTY100,15052.32,-0.7000000000000001
2024-12-31,NIFTY100,15249.27,1.31
2025-01-01,NIFTY100,15482.17,1.53
2025-01-02,NIFTY100,15590.37,0.7000000000000001
2025-01-03,NIFTY100,15717.14,0.8099999999999999
2025-01-06,NIFTY100,15703.81,-0.08
2025-01-07,NIFTY100,15798.1,0.6
2025-01-08,NIFTY100,15968.03,1.08
2025-01-09,NIFTY100,15933.63,-0.22
2025-01-10,NIFTY100,16129.36,1.23
2025-01-13,NIFTY100,16133.9,0.03
2025-01-14,NIFTY100,16128.6,-0.03
2025-01-15,NIFTY100,16020.77,-0.67
2025-01-16,NIFTY100,16057.4,0.22999999999999998
2025-01-17,NIFTY100,16213.08,0.97
2025-01-20,NIFTY100,15923.37,-1.79
2025-01-21,NIFTY100,15975.8,0.33
2025-01-22,NIFTY100,16078.7,0.64
2025-01-23,NIFTY100,16102.07,0.15
2025-01-24,NIFTY100,15852.25,-1.55
2025-01-27,NIFTY100,15684.27,-1.06
2025-01-28,NIFTY100,15681.47,-0.02
2025-01-29,NIFTY100,15475.43,-1.31
2025-01-30,NIFTY100,15827.04,2.27
2025-01-31,NIFTY100,16003.75,1.1199999999999999
2025-02-03,NIFTY100,15876.03,-0.8
2025-02-04,NIFTY100,15997.59,0.77
2025-02-05,NIFTY100,16093.28,0.6
2025-02-06,NIFTY100,16053.21,-0.25
2025-02-07,NIFTY100,16190.65,0.86
2025-02-10,NIFTY100,15923.94,-1.6500000000000001
2025-02-11,NIFTY100,15886.99,-0.22999999999999998
2025-02-12,NIFTY100,15826.68,-0.38
2025-02-13,NIFTY100,16069.02,1.53
2025-02-14,NIFTY100,15950.73,-0.74
2025-02-17,NIFTY100,16048.15,0.61
2025-02-18,NIFTY100,15965.65,-0.51
2025-02-19,NIFTY100,16112.88,0.9199999999999999
2025-02-20,NIFTY100,16063.67,-0.31
2025-02-21,NIFTY100,15912.29,-0.9400000000000001
2025-02-24,NIFTY100,15915.96,0.02
2025-02-25,NIFTY100,16033.96,0.74
2025-02-26,NIFTY100,16110.42,0.48
2025-02-27,NIFTY100,15922.25,-1.17
2025-02-28,NIFTY100,15722.71,-1.25
2025-03-03,NIFTY100,15647.53,-0.48
2025-03-04,NIFTY100,15529.22,-0.76
2025-03-05,NIFTY100,15422.27,-0.69
2025-03-06,NIFTY100,15371.45,-0.33
2025-03-07,NIFTY100,15453.5,0.53
2025-03-10,NIFTY100,15425.92,-0.18
2025-03-11,NIFTY100,15284.25,-0.9199999999999999
2025-03-12,NIFTY100,15177.11,-0.7000000000000001
2025-03-13,NIFTY100,15239.62,0.41000000000000003
2025-03-14,NIFTY100,15233.0,-0.04
2025-03-17,NIFTY100,15151.67,-0.53
2025-03-18,NIFTY100,15237.48,0.5700000000000001
2025-03-19,NIFTY100,15345.82,0.7100000000000001
2025-03-20,NIFTY100,15449.69,0.6799999999999999
2025-03-21,NIFTY100,15444.27,-0.04
2025-03-24,NIFTY100,15338.19,-0.69
2025-03-25,NIFTY100,15317.19,-0.13999999999999999
2025-03-26,NIFTY100,15235.68,-0.53
2025-03-27,NIFTY100,14917.74,-2.09
2025-03-28,NIFTY100,14896.02,-0.15
2025-03-31,NIFTY100,14643.16,-1.7000000000000002
2025-04-01,NIFTY100,14563.29,-0.5499999999999999
2025-04-02,NIFTY100,14500.85,-0.43
2025-04-03,NIFTY100,14692.44,1.32
2025-04-04,NIFTY100,14557.4,-0.9199999999999999
2025-04-07,NIFTY100,14592.18,0.24
2025-04-08,NIFTY100,14561.42,-0.21
2025-04-09,NIFTY100,14623.43,0.43
2025-04-10,NIFTY100,14551.18,-0.49
2025-04-11,NIFTY100,14371.11,-1.24
2025-04-14,NIFTY100,14390.57,0.13999999999999999
2025-04-15,NIFTY100,14399.46,0.06
2025-04-16,NIFTY100,14428.49,0.2
2025-04-17,NIFTY100,14399.95,-0.2
2025-04-18,NIFTY100,14364.89,-0.24
2025-04-21,NIFTY100,14466.71,0.7100000000000001
2025-04-22,NIFTY100,14558.29,0.63
2025-04-23,NIFTY100,14469.62,-0.61
2025-04-24,NIFTY100,14458.93,-0.06999999999999999
2025-04-25,NIFTY100,14324.13,-0.9299999999999999
2025-04-28,NIFTY100,14397.76,0.51
2025-04-29,NIFTY100,14459.24,0.43
2025-04-30,NIFTY100,14634.81,1.21
2025-05-01,NIFTY100,14730.4,0.65
2025-05-02,NIFTY100,14759.0,0.19
2025-05-05,NIFTY100,15081.25,2.18
2025-05-06,NIFTY100,15131.41,0.33
2025-05-07,NIFTY100,15207.67,0.5
2025-05-08,NIFTY100,14991.01,-1.4200000000000002
2025-05-09,NIFTY100,15098.24,0.72
2025-05-12,NIFTY100,15407.35,2.0500000000000003
2025-05-13,NIFTY100,15450.9,0.27999999999999997
2025-05-14,NIFTY100,15557.82,0.69
2025-05-15,NIFTY100,15707.27,0.96
2025-05-16,NIFTY100,15948.39,1.54
2025-05-19,NIFTY100,16035.81,0.5499999999999999
2025-05-20,NIFTY100,15836.88,-1.24
2025-05-21,NIFTY100,15874.16,0.24
2025-05-22,NIFTY100,15983.1,0.69
2025-05-23,NIFTY100,16082.33,0.62
2025-05-26,NIFTY100,16069.92,-0.08
2025-05-27,NIFTY100,16029.25,-0.25
2025-05-28,NIFTY100,15989.49,-0.25
2025-05-29,NIFTY100,15977.58,-0.06999999999999999
2025-05-30,NIFTY100,16002.37,0.16
2025-06-02,NIFTY100,16081.24,0.49
2025-06-03,NIFTY100,16138.5,0.36
2025-06-04,NIFTY100,16089.19,-0.31
2025-06-05,NIFTY100,15940.9,-0.9199999999999999
2025-06-06,NIFTY100,15997.98,0.36
2025-06-09,NIFTY100,15967.7,-0.19
2025-06-10,NIFTY100,16186.98,1.37
2025-06-11,NIFTY100,16316.11,0.8
2025-06-12,NIFTY100,16369.52,0.33
2025-06-13,NIFTY100,16276.29,-0.5700000000000001
2025-06-16,NIFTY100,16104.84,-1.05
2025-06-17,NIFTY100,16112.83,0.05
2025-06-18,NIFTY100,16139.8,0.16999999999999998
2025-06-19,NIFTY100,15919.45,-1.37
2025-06-20,NIFTY100,15988.92,0.44
2025-06-23,NIFTY100,16003.0,0.09
2025-06-24,NIFTY100,15664.24,-2.12
2025-06-25,NIFTY100,15562.24,-0.65
2025-06-26,NIFTY100,15469.31,-0.6
2025-06-27,NIFTY100,15322.81,-0.95
2025-06-30,NIFTY100,15378.83,0.37
2025-07-01,NIFTY100,15613.14,1.52
2025-07-02,NIFTY100,15679.98,0.43
2025-07-03,NIFTY100,15768.89,0.5700000000000001
2025-07-04,NIFTY100,15676.47,-0.59
2025-07-07,NIFTY100,15749.54,0.47000000000000003
2025-07-08,NIFTY100,15733.4,-0.1
2025-07-09,NIFTY100,15741.0,0.05
2025-07-10,NIFTY100,15670.84,-0.44999999999999996
2025-07-11,NIFTY100,15476.97,-1.24
2025-07-14,NIFTY100,15601.39,0.8
2025-07-15,NIFTY100,15629.46,0.18
2025-07-16,NIFTY100,15607.59,-0.13999999999999999
2025-07-17,NIFTY100,15850.22,1.55
2025-07-18,NIFTY100,15728.9,-0.77
2025-07-21,NIFTY100,15819.12,0.5700000000000001
2025-07-22,NIFTY100,16095.0,1.7399999999999998
2025-07-23,NIFTY100,16157.99,0.38999999999999996
2025-07-24,NIFTY100,16012.83,-0.8999999999999999
2025-07-25,NIFTY100,16149.34,0.8500000000000001
2025-07-28,NIFTY100,16085.02,-0.4
2025-07-29,NIFTY100,16011.91,-0.44999999999999996
2025-07-30,NIFTY100,15901.57,-0.69
2025-07-31,NIFTY100,16122.72,1.39
2025-08-01,NIFTY100,16076.99,-0.27999999999999997
2025-08-04,NIFTY100,15963.92,-0.7000000000000001
2025-08-05,NIFTY100,16135.43,1.0699999999999998
2025-08-06,NIFTY100,15934.59,-1.24
2025-08-07,NIFTY100,15950.57,0.1
2025-08-08,NIFTY100,15869.54,-0.51
2025-08-11,NIFTY100,15956.12,0.5499999999999999
2025-08-12,NIFTY100,15908.46,-0.3
2025-08-13,NIFTY100,15733.14,-1.0999999999999999
2025-08-14,NIFTY100,15759.18,0.16999999999999998
2025-08-15,NIFTY100,15707.52,-0.33
2025-08-18,NIFTY100,15823.73,0.74
2025-08-19,NIFTY100,15839.96,0.1
2025-08-20,NIFTY100,16127.87,1.82
2025-08-21,NIFTY100,16062.16,-0.41000000000000003
2025-08-22,NIFTY100,16224.87,1.01
2025-08-25,NIFTY100,16186.11,-0.24
2025-08-26,NIFTY100,16177.77,-0.05
2025-08-27,NIFTY100,16286.02,0.67
2025-08-28,NIFTY100,16168.6,-0.72
2025-08-29,NIFTY100,16334.53,1.03
2025-09-01,NIFTY100,16435.26,0.62
2025-09-02,NIFTY100,16549.98,0.7000000000000001
2025-09-03,NIFTY100,16685.24,0.8200000000000001
2025-09-04,NIFTY100,16772.48,0.52
2025-09-05,NIFTY100,16874.21,0.61
2025-09-08,NIFTY100,17065.23,1.13
2025-09-09,NIFTY100,17074.14,0.05
2025-09-10,NIFTY100,17057.3,-0.1
2025-09-11,NIFTY100,17133.18,0.44
2025-09-12,NIFTY100,17155.4,0.13
2025-09-15,NIFTY100,17295.56,0.8200000000000001
2025-09-16,NIFTY100,17570.14,1.59
2025-09-17,NIFTY100,17442.88,-0.72
2025-09-18,NIFTY100,17465.23,0.13
2025-09-19,NIFTY100,17322.06,-0.8200000000000001
2025-09-22,NIFTY100,17300.46,-0.12
2025-09-23,NIFTY100,17287.65,-0.06999999999999999
2025-09-24,NIFTY100,17240.75,-0.27
2025-09-25,NIFTY100,17377.23,0.79
2025-09-26,NIFTY100,17436.66,0.33999999999999997
2025-09-29,NIFTY100,17359.5,-0.44
2025-09-30,NIFTY100,17497.18,0.79
2025-10-01,NIFTY100,17489.17,-0.05
2025-10-02,NIFTY100,17421.42,-0.38999999999999996
2025-10-03,NIFTY100,17284.96,-0.7799999999999999
2025-10-06,NIFTY100,17086.94,-1.15
2025-10-07,NIFTY100,17030.11,-0.33
2025-10-08,NIFTY100,17046.39,0.1
2025-10-09,NIFTY100,17184.56,0.8099999999999999
2025-10-10,NIFTY100,16907.35,-1.6099999999999999
2025-10-13,NIFTY100,17175.59,1.59
2025-10-14,NIFTY100,17075.83,-0.58
2025-10-15,NIFTY100,17030.12,-0.27
2025-10-16,NIFTY100,16989.54,-0.24
2025-10-17,NIFTY100,16909.96,-0.47000000000000003
2025-10-20,NIFTY100,16875.87,-0.2
2025-10-21,NIFTY100,16850.99,-0.15
2025-10-22,NIFTY100,16838.03,-0.08
2025-10-23,NIFTY100,17066.17,1.35
2025-10-24,NIFTY100,16971.86,-0.5499999999999999
2025-10-27,NIFTY100,17236.86,1.5599999999999998
2025-10-28,NIFTY100,17322.25,0.5
2025-10-29,NIFTY100,17111.54,-1.22
2025-10-30,NIFTY100,17003.55,-0.63
2025-10-31,NIFTY100,16879.75,-0.73
2025-11-03,NIFTY100,16884.7,0.03
2025-11-04,NIFTY100,17076.29,1.13
2025-11-05,NIFTY100,17198.7,0.72
2025-11-06,NIFTY100,17064.14,-0.7799999999999999
2025-11-07,NIFTY100,17242.99,1.05
2025-11-10,NIFTY100,17104.47,-0.8
2025-11-11,NIFTY100,16988.07,-0.6799999999999999
2025-11-12,NIFTY100,17142.78,0.91
2025-11-13,NIFTY100,17295.92,0.89
2025-11-14,NIFTY100,17420.04,0.72
2025-11-17,NIFTY100,17431.2,0.06
2025-11-18,NIFTY100,17428.81,-0.01
2025-11-19,NIFTY100,17270.71,-0.91
2025-11-20,NIFTY100,17277.18,0.04
2025-11-21,NIFTY100,17190.35,-0.5
2025-11-24,NIFTY100,17173.44,-0.1
2025-11-25,NIFTY100,17507.58,1.95
2025-11-26,NIFTY100,17562.38,0.31
2025-11-27,NIFTY100,17411.94,-0.86
2025-11-28,NIFTY100,17598.5,1.0699999999999998
2025-12-01,NIFTY100,17801.56,1.15
2025-12-02,NIFTY100,18020.5,1.23
2025-12-03,NIFTY100,17958.85,-0.33999999999999997
2025-12-04,NIFTY100,17951.03,-0.04
2025-12-05,NIFTY100,17774.98,-0.98
2025-12-08,NIFTY100,18011.98,1.3299999999999998
2025-12-09,NIFTY100,18038.89,0.15
2025-12-10,NIFTY100,17846.08,-1.0699999999999998
2025-12-11,NIFTY100,18098.03,1.41
2025-12-12,NIFTY100,18006.31,-0.51
2025-12-15,NIFTY100,17956.77,-0.27999999999999997
2025-12-16,NIFTY100,17812.0,-0.8099999999999999
2025-12-17,NIFTY100,17645.21,-0.9400000000000001
2025-12-18,NIFTY100,17710.03,0.37
2025-12-19,NIFTY100,17617.69,-0.52
2025-12-22,NIFTY100,17407.32,-1.1900000000000002
2025-12-23,NIFTY100,17557.52,0.86
2025-12-24,NIFTY100,17638.41,0.45999999999999996
2025-12-25,NIFTY100,17907.08,1.52
2025-12-26,NIFTY100,17861.01,-0.26
2025-12-29,NIFTY100,17875.38,0.08
2025-12-30,NIFTY100,17914.9,0.22
2025-12-31,NIFTY100,17943.93,0.16
2026-01-01,NIFTY100,17989.44,0.25
2026-01-02,NIFTY100,17950.77,-0.21
2026-01-05,NIFTY100,17696.2,-1.4200000000000002
2026-01-06,NIFTY100,17746.43,0.27999999999999997
2026-01-07,NIFTY100,17838.7,0.52
2026-01-08,NIFTY100,17798.1,-0.22999999999999998
2026-01-09,NIFTY100,18172.83,2.11
2026-01-12,NIFTY100,18110.58,-0.33999999999999997
2026-01-13,NIFTY100,18026.64,-0.45999999999999996
2026-01-14,NIFTY100,18100.89,0.41000000000000003
2026-01-15,NIFTY100,18144.4,0.24
2026-01-16,NIFTY100,17920.55,-1.23
2026-01-19,NIFTY100,18046.45,0.7000000000000001
2026-01-20,NIFTY100,17987.7,-0.33
2026-01-21,NIFTY100,18179.71,1.0699999999999998
2026-01-22,NIFTY100,18248.01,0.38
2026-01-23,NIFTY100,18221.6,-0.13999999999999999
2026-01-26,NIFTY100,18421.61,1.0999999999999999
2026-01-27,NIFTY100,18347.73,-0.4
2026-01-28,NIFTY100,18156.81,-1.04
2026-01-29,NIFTY100,17963.84,-1.06
2026-01-30,NIFTY100,18008.15,0.25
2026-02-02,NIFTY100,18287.32,1.55
2026-02-03,NIFTY100,18274.68,-0.06999999999999999
2026-02-04,NIFTY100,18397.52,0.67
2026-02-05,NIFTY100,18453.28,0.3
2026-02-06,NIFTY100,18399.73,-0.29
2026-02-09,NIFTY100,18160.3,-1.3
2026-02-10,NIFTY100,18193.73,0.18
2026-02-11,NIFTY100,18322.7,0.7100000000000001
2026-02-12,NIFTY100,18399.89,0.42
2026-02-13,NIFTY100,18357.52,-0.22999999999999998
2026-02-16,NIFTY100,18286.91,-0.38
2026-02-17,NIFTY100,18200.9,-0.47000000000000003
2026-02-18,NIFTY100,18111.6,-0.49
2026-02-19,NIFTY100,18126.9,0.08
2026-02-20,NIFTY100,18112.29,-0.08
2026-02-23,NIFTY100,18196.12,0.45999999999999996
2026-02-24,NIFTY100,18060.73,-0.74
2026-02-25,NIFTY100,18065.44,0.03
2026-02-26,NIFTY100,18068.86,0.02
2026-02-27,NIFTY100,18002.35,-0.37
2026-03-02,NIFTY100,18056.33,0.3
2026-03-03,NIFTY100,17933.37,-0.6799999999999999
2026-03-04,NIFTY100,18118.0,1.03
2026-03-05,NIFTY100,18189.69,0.4
2026-03-06,NIFTY100,18279.69,0.49
2026-03-09,NIFTY100,18277.65,-0.01
2026-03-10,NIFTY100,18237.19,-0.22
2026-03-11,NIFTY100,18138.31,-0.54
2026-03-12,NIFTY100,18023.65,-0.63
2026-03-13,NIFTY100,17807.85,-1.2
2026-03-16,NIFTY100,17829.89,0.12
2026-03-17,NIFTY100,17940.74,0.62
2026-03-18,NIFTY100,17770.6,-0.95
2026-03-19,NIFTY100,17972.7,1.1400000000000001
2026-03-20,NIFTY100,17751.17,-1.23
2026-03-23,NIFTY100,17884.32,0.75
2026-03-24,NIFTY100,17769.37,-0.64
2026-03-25,NIFTY100,17935.62,0.9400000000000001
2026-03-26,NIFTY100,18056.63,0.67
2026-03-27,NIFTY100,18461.52,2.2399999999999998
2026-03-30,NIFTY100,18376.27,-0.45999999999999996
2026-03-31,NIFTY100,18051.34,-1.77
2026-04-01,NIFTY100,17782.44,-1.49
2026-04-02,NIFTY100,17760.9,-0.12
2026-04-03,NIFTY100,17793.29,0.18
2026-04-06,NIFTY100,17697.48,-0.54
2026-04-07,NIFTY100,17758.78,0.35000000000000003
2026-04-08,NIFTY100,17897.71,0.7799999999999999
2026-04-09,NIFTY100,17992.09,0.53
2026-04-10,NIFTY100,17994.82,0.02
2026-04-13,NIFTY100,17879.1,-0.64
2026-04-14,NIFTY100,18009.93,0.73
2026-04-15,NIFTY100,18223.56,1.1900000000000002
2026-04-16,NIFTY100,18142.7,-0.44
2026-04-17,NIFTY100,17978.08,-0.91
2026-04-20,NIFTY100,18157.51,1.0
2026-04-21,NIFTY100,18214.04,0.31
2026-04-22,NIFTY100,18267.78,0.3
2026-04-23,NIFTY100,18535.61,1.47
2026-04-24,NIFTY100,18274.07,-1.41
2026-04-27,NIFTY100,18251.07,-0.13
2026-04-28,NIFTY100,18316.33,0.36
2026-04-29,NIFTY100,18629.93,1.71
2026-04-30,NIFTY100,18631.29,0.01
2026-05-01,NIFTY100,18566.52,-0.35000000000000003
2026-05-04,NIFTY100,18608.36,0.22999999999999998
2026-05-05,NIFTY100,18728.99,0.65
2026-05-06,NIFTY100,18921.78,1.03
2026-05-07,NIFTY100,19160.18,1.26
2026-05-08,NIFTY100,18871.35,-1.51
2026-05-11,NIFTY100,18762.08,-0.58
2026-05-12,NIFTY100,18904.22,0.76
2026-05-13,NIFTY100,18953.65,0.26
2026-05-14,NIFTY100,19030.41,0.4
2026-05-15,NIFTY100,18942.22,-0.45999999999999996
2026-05-18,NIFTY100,18988.63,0.25
2026-05-19,NIFTY100,18961.65,-0.13999999999999999
2026-05-20,NIFTY100,19044.55,0.44
2026-05-21,NIFTY100,19133.14,0.47000000000000003
2026-05-22,NIFTY100,19193.21,0.31
2026-05-25,NIFTY100,19245.64,0.27
2026-05-26,NIFTY100,19228.08,-0.09
2026-05-27,NIFTY100,19489.24,1.3599999999999999
2026-05-28,NIFTY100,19677.97,0.97
2026-05-29,NIFTY100,19696.29,0.09
2022-01-03,NIFTY50,17492.79,
2022-01-04,NIFTY50,17689.64,1.13
2022-01-05,NIFTY50,17835.05,0.8200000000000001
2022-01-06,NIFTY50,17878.51,0.24
2022-01-07,NIFTY50,17759.15,-0.67
2022-01-10,NIFTY50,18124.84,2.06
2022-01-11,NIFTY50,18256.96,0.73
2022-01-12,NIFTY50,18162.54,-0.52
2022-01-13,NIFTY50,18179.05,0.09
2022-01-14,NIFTY50,17971.75,-1.1400000000000001
2022-01-17,NIFTY50,17998.26,0.15
2022-01-18,NIFTY50,17938.46,-0.33
2022-01-19,NIFTY50,18301.33,2.02
2022-01-20,NIFTY50,18424.66,0.67
2022-01-21,NIFTY50,18055.59,-2.0
2022-01-24,NIFTY50,18338.54,1.5699999999999998
2022-01-25,NIFTY50,18408.04,0.38
2022-01-26,NIFTY50,18650.54,1.32
2022-01-27,NIFTY50,18701.92,0.27999999999999997
2022-01-28,NIFTY50,18734.13,0.16999999999999998
2022-01-31,NIFTY50,18615.38,-0.63
2022-02-01,NIFTY50,18724.17,0.58
2022-02-02,NIFTY50,18900.9,0.9400000000000001
2022-02-03,NIFTY50,18640.35,-1.38
2022-02-04,NIFTY50,18524.44,-0.62
2022-02-07,NIFTY50,18347.28,-0.96
2022-02-08,NIFTY50,18626.31,1.52
2022-02-09,NIFTY50,18807.0,0.97
2022-02-10,NIFTY50,18760.65,-0.25
2022-02-11,NIFTY50,18935.65,0.9299999999999999
2022-02-14,NIFTY50,18733.59,-1.0699999999999998
2022-02-15,NIFTY50,18789.33,0.3
2022-02-16,NIFTY50,18942.63,0.8200000000000001
2022-02-17,NIFTY50,18867.92,-0.38999999999999996
2022-02-18,NIFTY50,18875.61,0.04
2022-02-21,NIFTY50,18962.56,0.45999999999999996
2022-02-22,NIFTY50,19151.71,1.0
2022-02-23,NIFTY50,18922.93,-1.1900000000000002
2022-02-24,NIFTY50,18905.49,-0.09
2022-02-25,NIFTY50,18772.62,-0.7000000000000001
2022-02-28,NIFTY50,18865.93,0.5
2022-03-01,NIFTY50,18827.48,-0.2
2022-03-02,NIFTY50,18962.53,0.72
2022-03-03,NIFTY50,18764.05,-1.05
2022-03-04,NIFTY50,18700.26,-0.33999999999999997
2022-03-07,NIFTY50,19018.69,1.7000000000000002
2022-03-08,NIFTY50,18996.04,-0.12
2022-03-09,NIFTY50,19174.22,0.9400000000000001
2022-03-10,NIFTY50,19018.0,-0.8099999999999999
2022-03-11,NIFTY50,18796.74,-1.16
2022-03-14,NIFTY50,19023.35,1.21
2022-03-15,NIFTY50,19158.43,0.7100000000000001
2022-03-16,NIFTY50,19102.14,-0.29
2022-03-17,NIFTY50,19368.71,1.4000000000000001
2022-03-18,NIFTY50,19279.61,-0.45999999999999996
2022-03-21,NIFTY50,19153.99,-0.65
2022-03-22,NIFTY50,19165.54,0.06
2022-03-23,NIFTY50,19132.24,-0.16999999999999998
2022-03-24,NIFTY50,18960.4,-0.8999999999999999
2022-03-25,NIFTY50,18951.21,-0.05
2022-03-28,NIFTY50,18999.44,0.25
2022-03-29,NIFTY50,19138.12,0.73
2022-03-30,NIFTY50,19568.64,2.25
2022-03-31,NIFTY50,19775.28,1.06
2022-04-01,NIFTY50,19613.8,-0.8200000000000001
2022-04-04,NIFTY50,20065.6,2.3
2022-04-05,NIFTY50,20083.52,0.09
2022-04-06,NIFTY50,20147.77,0.32
2022-04-07,NIFTY50,20045.55,-0.51
2022-04-08,NIFTY50,20053.65,0.04
2022-04-11,NIFTY50,20059.1,0.03
2022-04-12,NIFTY50,20180.83,0.61
2022-04-13,NIFTY50,20341.13,0.79
2022-04-14,NIFTY50,20287.69,-0.26
2022-04-15,NIFTY50,20496.5,1.03
2022-04-18,NIFTY50,20414.87,-0.4
2022-04-19,NIFTY50,20612.2,0.97
2022-04-20,NIFTY50,20511.28,-0.49
2022-04-21,NIFTY50,20331.45,-0.88
2022-04-22,NIFTY50,20291.62,-0.2
2022-04-25,NIFTY50,20260.33,-0.15
2022-04-26,NIFTY50,20107.17,-0.76
2022-04-27,NIFTY50,20054.36,-0.26
2022-04-28,NIFTY50,19975.05,-0.4
2022-04-29,NIFTY50,19985.01,0.05
2022-05-02,NIFTY50,20084.37,0.5
2022-05-03,NIFTY50,20080.44,-0.02
2022-05-04,NIFTY50,19936.88,-0.7100000000000001
2022-05-05,NIFTY50,19887.01,-0.25
2022-05-06,NIFTY50,20058.65,0.86
2022-05-09,NIFTY50,19959.55,-0.49
2022-05-10,NIFTY50,19812.47,-0.74
2022-05-11,NIFTY50,19573.89,-1.2
2022-05-12,NIFTY50,19473.78,-0.51
2022-05-13,NIFTY50,19615.18,0.73
2022-05-16,NIFTY50,19507.43,-0.5499999999999999
2022-05-17,NIFTY50,19510.92,0.02
2022-05-18,NIFTY50,19442.05,-0.35000000000000003
2022-05-19,NIFTY50,19363.97,-0.4
2022-05-20,NIFTY50,19582.7,1.13
2022-05-23,NIFTY50,19568.13,-0.06999999999999999
2022-05-24,NIFTY50,19377.34,-0.98
2022-05-25,NIFTY50,19145.6,-1.2
2022-05-26,NIFTY50,18989.49,-0.8200000000000001
2022-05-27,NIFTY50,18816.95,-0.91
2022-05-30,NIFTY50,18959.16,0.76
2022-05-31,NIFTY50,18935.9,-0.12
2022-06-01,NIFTY50,18955.11,0.1
2022-06-02,NIFTY50,18925.23,-0.16
2022-06-03,NIFTY50,18902.99,-0.12
2022-06-06,NIFTY50,19058.44,0.8200000000000001
2022-06-07,NIFTY50,19226.83,0.88
2022-06-08,NIFTY50,19519.86,1.52
2022-06-09,NIFTY50,19389.21,-0.67
2022-06-10,NIFTY50,19336.46,-0.27
2022-06-13,NIFTY50,19376.58,0.21
2022-06-14,NIFTY50,19637.19,1.34
2022-06-15,NIFTY50,19535.11,-0.52
2022-06-16,NIFTY50,19696.35,0.83
2022-06-17,NIFTY50,19607.58,-0.44999999999999996
2022-06-20,NIFTY50,19773.96,0.8500000000000001
2022-06-21,NIFTY50,19798.47,0.12
2022-06-22,NIFTY50,19639.48,-0.8
2022-06-23,NIFTY50,19629.85,-0.05
2022-06-24,NIFTY50,19738.19,0.5499999999999999
2022-06-27,NIFTY50,19287.24,-2.2800000000000002
2022-06-28,NIFTY50,19440.76,0.8
2022-06-29,NIFTY50,19217.98,-1.15
2022-06-30,NIFTY50,19192.78,-0.13
2022-07-01,NIFTY50,19184.78,-0.04
2022-07-04,NIFTY50,18769.89,-2.16
2022-07-05,NIFTY50,18684.56,-0.44999999999999996
2022-07-06,NIFTY50,18757.53,0.38999999999999996
2022-07-07,NIFTY50,19054.96,1.59
2022-07-08,NIFTY50,19192.88,0.72
2022-07-11,NIFTY50,19344.92,0.79
2022-07-12,NIFTY50,19015.04,-1.71
2022-07-13,NIFTY50,18977.21,-0.2
2022-07-14,NIFTY50,19271.29,1.55
2022-07-15,NIFTY50,19438.74,0.8699999999999999
2022-07-18,NIFTY50,19366.57,-0.37
2022-07-19,NIFTY50,19393.94,0.13999999999999999
2022-07-20,NIFTY50,19559.49,0.8500000000000001
2022-07-21,NIFTY50,19722.34,0.83
2022-07-22,NIFTY50,19711.32,-0.06
2022-07-25,NIFTY50,19681.21,-0.15
2022-07-26,NIFTY50,19761.96,0.41000000000000003
2022-07-27,NIFTY50,19929.86,0.8500000000000001
2022-07-28,NIFTY50,19875.39,-0.27
2022-07-29,NIFTY50,19585.87,-1.46
2022-08-01,NIFTY50,19582.35,-0.02
2022-08-02,NIFTY50,19390.08,-0.98
2022-08-03,NIFTY50,19708.9,1.6400000000000001
2022-08-04,NIFTY50,19564.96,-0.73
2022-08-05,NIFTY50,19555.4,-0.05
2022-08-08,NIFTY50,19451.25,-0.53
2022-08-09,NIFTY50,19378.13,-0.38
2022-08-10,NIFTY50,19520.25,0.73
2022-08-11,NIFTY50,19698.67,0.91
2022-08-12,NIFTY50,19814.19,0.59
2022-08-15,NIFTY50,19981.4,0.84
2022-08-16,NIFTY50,19904.95,-0.38
2022-08-17,NIFTY50,19736.49,-0.8500000000000001
2022-08-18,NIFTY50,19625.12,-0.5599999999999999
2022-08-19,NIFTY50,19703.9,0.4
2022-08-22,NIFTY50,19910.72,1.05
2022-08-23,NIFTY50,19719.82,-0.96
2022-08-24,NIFTY50,19671.88,-0.24
2022-08-25,NIFTY50,19637.3,-0.18
2022-08-26,NIFTY50,19522.67,-0.58
2022-08-29,NIFTY50,19627.67,0.54
2022-08-30,NIFTY50,19798.26,0.8699999999999999
2022-08-31,NIFTY50,20209.61,2.08
2022-09-01,NIFTY50,20548.9,1.68
2022-09-02,NIFTY50,20692.13,0.7000000000000001
2022-09-05,NIFTY50,20624.2,-0.33
2022-09-06,NIFTY50,20753.83,0.63
2022-09-07,NIFTY50,20433.94,-1.54
2022-09-08,NIFTY50,20554.69,0.59
2022-09-09,NIFTY50,20626.15,0.35000000000000003
2022-09-12,NIFTY50,20648.98,0.11
2022-09-13,NIFTY50,20527.01,-0.59
2022-09-14,NIFTY50,20670.74,0.7000000000000001
2022-09-15,NIFTY50,20513.65,-0.76
2022-09-16,NIFTY50,20701.55,0.9199999999999999
2022-09-19,NIFTY50,20813.58,0.54
2022-09-20,NIFTY50,20896.86,0.4
2022-09-21,NIFTY50,20739.02,-0.76
2022-09-22,NIFTY50,20638.36,-0.49
2022-09-23,NIFTY50,20398.27,-1.16
2022-09-26,NIFTY50,20548.89,0.74
2022-09-27,NIFTY50,20564.79,0.08
2022-09-28,NIFTY50,20484.23,-0.38999999999999996
2022-09-29,NIFTY50,20471.11,-0.06
2022-09-30,NIFTY50,20657.7,0.91
2022-10-03,NIFTY50,20475.58,-0.88
2022-10-04,NIFTY50,20411.92,-0.31
2022-10-05,NIFTY50,20159.15,-1.24
2022-10-06,NIFTY50,19995.72,-0.8099999999999999
2022-10-07,NIFTY50,19964.19,-0.16
2022-10-10,NIFTY50,20151.84,0.9400000000000001
2022-10-11,NIFTY50,20267.68,0.5700000000000001
2022-10-12,NIFTY50,20442.32,0.86
2022-10-13,NIFTY50,20563.45,0.59
2022-10-14,NIFTY50,20412.01,-0.74
2022-10-17,NIFTY50,20707.13,1.4500000000000002
2022-10-18,NIFTY50,20843.26,0.66
2022-10-19,NIFTY50,21162.28,1.53
2022-10-20,NIFTY50,21464.58,1.43
2022-10-21,NIFTY50,21458.74,-0.03
2022-10-24,NIFTY50,21383.16,-0.35000000000000003
2022-10-25,NIFTY50,21005.4,-1.77
2022-10-26,NIFTY50,21044.03,0.18
2022-10-27,NIFTY50,21047.28,0.02
2022-10-28,NIFTY50,20947.39,-0.47000000000000003
2022-10-31,NIFTY50,20871.91,-0.36
2022-11-01,NIFTY50,20970.82,0.47000000000000003
2022-11-02,NIFTY50,20659.57,-1.48
2022-11-03,NIFTY50,20887.35,1.0999999999999999
2022-11-04,NIFTY50,21047.55,0.77
2022-11-07,NIFTY50,20996.17,-0.24
2022-11-08,NIFTY50,20993.09,-0.01
2022-11-09,NIFTY50,21057.78,0.31
2022-11-10,NIFTY50,21208.88,0.72
2022-11-11,NIFTY50,21574.46,1.72
2022-11-14,NIFTY50,21491.94,-0.38
2022-11-15,NIFTY50,21743.69,1.17
2022-11-16,NIFTY50,21714.61,-0.13
2022-11-17,NIFTY50,21654.27,-0.27999999999999997
2022-11-18,NIFTY50,21618.86,-0.16
2022-11-21,NIFTY50,21821.82,0.9400000000000001
2022-11-22,NIFTY50,21730.17,-0.42
2022-11-23,NIFTY50,21759.53,0.13999999999999999
2022-11-24,NIFTY50,21678.62,-0.37
2022-11-25,NIFTY50,21612.98,-0.3
2022-11-28,NIFTY50,21863.78,1.16
2022-11-29,NIFTY50,21872.29,0.04
2022-11-30,NIFTY50,21763.67,-0.5
2022-12-01,NIFTY50,21696.78,-0.31
2022-12-02,NIFTY50,21756.82,0.27999999999999997
2022-12-05,NIFTY50,21757.88,0.0
2022-12-06,NIFTY50,21768.68,0.05
2022-12-07,NIFTY50,21725.81,-0.2
2022-12-08,NIFTY50,21922.79,0.91
2022-12-09,NIFTY50,22037.03,0.52
2022-12-12,NIFTY50,22007.01,-0.13999999999999999
2022-12-13,NIFTY50,22040.93,0.15
2022-12-14,NIFTY50,21904.8,-0.62
2022-12-15,NIFTY50,21902.0,-0.01
2022-12-16,NIFTY50,21788.91,-0.52
2022-12-19,NIFTY50,21834.23,0.21
2022-12-20,NIFTY50,21826.13,-0.04
2022-12-21,NIFTY50,21793.49,-0.15
2022-12-22,NIFTY50,21829.4,0.16
2022-12-23,NIFTY50,21893.27,0.29
2022-12-26,NIFTY50,22100.16,0.9400000000000001
2022-12-27,NIFTY50,22252.11,0.69
2022-12-28,NIFTY50,22436.78,0.83
2022-12-29,NIFTY50,22382.85,-0.24
2022-12-30,NIFTY50,22446.34,0.27999999999999997
2023-01-02,NIFTY50,22778.36,1.48
2023-01-03,NIFTY50,22771.14,-0.03
2023-01-04,NIFTY50,22806.13,0.15
2023-01-05,NIFTY50,22843.67,0.16
2023-01-06,NIFTY50,22835.1,-0.04
2023-01-09,NIFTY50,23088.26,1.11
2023-01-10,NIFTY50,23015.77,-0.31
2023-01-11,NIFTY50,23231.29,0.9400000000000001
2023-01-12,NIFTY50,23389.28,0.6799999999999999
2023-01-13,NIFTY50,23388.78,-0.0
2023-01-16,NIFTY50,23321.28,-0.29
2023-01-17,NIFTY50,23326.14,0.02
2023-01-18,NIFTY50,23559.85,1.0
2023-01-19,NIFTY50,23779.86,0.9299999999999999
2023-01-20,NIFTY50,23947.55,0.7100000000000001
2023-01-23,NIFTY50,23942.01,-0.02
2023-01-24,NIFTY50,23961.96,0.08
2023-01-25,NIFTY50,24096.65,0.5599999999999999
2023-01-26,NIFTY50,24061.41,-0.15
2023-01-27,NIFTY50,24238.56,0.74
2023-01-30,NIFTY50,24280.25,0.16999999999999998
2023-01-31,NIFTY50,24494.37,0.88
2023-02-01,NIFTY50,24223.82,-1.0999999999999999
2023-02-02,NIFTY50,24115.15,-0.44999999999999996
2023-02-03,NIFTY50,24060.94,-0.22
2023-02-06,NIFTY50,24153.86,0.38999999999999996
2023-02-07,NIFTY50,24091.1,-0.26
2023-02-08,NIFTY50,24536.77,1.8499999999999999
2023-02-09,NIFTY50,24304.68,-0.95
2023-02-10,NIFTY50,24520.15,0.89
2023-02-13,NIFTY50,24780.22,1.06
2023-02-14,NIFTY50,24893.39,0.45999999999999996
2023-02-15,NIFTY50,24840.97,-0.21
2023-02-16,NIFTY50,24848.9,0.03
2023-02-17,NIFTY50,25027.64,0.72
2023-02-20,NIFTY50,24713.9,-1.25
2023-02-21,NIFTY50,24597.57,-0.47000000000000003
2023-02-22,NIFTY50,24501.18,-0.38999999999999996
2023-02-23,NIFTY50,24622.43,0.49
2023-02-24,NIFTY50,24854.82,0.9400000000000001
2023-02-27,NIFTY50,25273.35,1.68
2023-02-28,NIFTY50,24902.29,-1.47
2023-03-01,NIFTY50,24705.34,-0.79
2023-03-02,NIFTY50,24647.95,-0.22999999999999998
2023-03-03,NIFTY50,24772.26,0.5
2023-03-06,NIFTY50,24939.69,0.6799999999999999
2023-03-07,NIFTY50,24711.86,-0.91
2023-03-08,NIFTY50,24799.95,0.36
2023-03-09,NIFTY50,24297.03,-2.03
2023-03-10,NIFTY50,24366.79,0.29
2023-03-13,NIFTY50,24373.18,0.03
2023-03-14,NIFTY50,24364.9,-0.03
2023-03-15,NIFTY50,24298.41,-0.27
2023-03-16,NIFTY50,24292.13,-0.03
2023-03-17,NIFTY50,24367.8,0.31
2023-03-20,NIFTY50,24713.22,1.4200000000000002
2023-03-21,NIFTY50,24466.13,-1.0
2023-03-22,NIFTY50,24423.14,-0.18
2023-03-23,NIFTY50,24543.24,0.49
2023-03-24,NIFTY50,24542.81,-0.0
2023-03-27,NIFTY50,24579.47,0.15
2023-03-28,NIFTY50,24473.33,-0.43
2023-03-29,NIFTY50,24651.04,0.73
2023-03-30,NIFTY50,24227.91,-1.72
2023-03-31,NIFTY50,24043.2,-0.76
2023-04-03,NIFTY50,24442.96,1.66
2023-04-04,NIFTY50,24209.74,-0.95
2023-04-05,NIFTY50,24048.92,-0.66
2023-04-06,NIFTY50,23905.67,-0.6
2023-04-07,NIFTY50,23811.3,-0.38999999999999996
2023-04-10,NIFTY50,23818.88,0.03
2023-04-11,NIFTY50,24041.73,0.9400000000000001
2023-04-12,NIFTY50,24147.4,0.44
2023-04-13,NIFTY50,24112.24,-0.15
2023-04-14,NIFTY50,24471.76,1.49
2023-04-17,NIFTY50,24399.9,-0.29
2023-04-18,NIFTY50,24423.04,0.09
2023-04-19,NIFTY50,24458.55,0.15
2023-04-20,NIFTY50,24640.52,0.74
2023-04-21,NIFTY50,24420.96,-0.89
2023-04-24,NIFTY50,24228.6,-0.79
2023-04-25,NIFTY50,24428.0,0.8200000000000001
2023-04-26,NIFTY50,24799.47,1.52
2023-04-27,NIFTY50,24737.41,-0.25
2023-04-28,NIFTY50,24494.8,-0.98
2023-05-01,NIFTY50,24268.79,-0.9199999999999999
2023-05-02,NIFTY50,24487.26,0.8999999999999999
2023-05-03,NIFTY50,24162.88,-1.32
2023-05-04,NIFTY50,24187.03,0.1
2023-05-05,NIFTY50,24163.65,-0.1
2023-05-08,NIFTY50,24041.81,-0.5
2023-05-09,NIFTY50,23884.78,-0.65
2023-05-10,NIFTY50,24032.77,0.62
2023-05-11,NIFTY50,24197.78,0.69
2023-05-12,NIFTY50,24441.85,1.01
2023-05-15,NIFTY50,24550.67,0.44999999999999996
2023-05-16,NIFTY50,24563.89,0.05
2023-05-17,NIFTY50,24608.47,0.18
2023-05-18,NIFTY50,24820.77,0.86
2023-05-19,NIFTY50,24487.77,-1.34
2023-05-22,NIFTY50,24588.67,0.41000000000000003
2023-05-23,NIFTY50,24484.16,-0.43
2023-05-24,NIFTY50,24571.39,0.36
2023-05-25,NIFTY50,24376.5,-0.79
2023-05-26,NIFTY50,24558.48,0.75
2023-05-29,NIFTY50,24688.69,0.53
2023-05-30,NIFTY50,24558.17,-0.53
2023-05-31,NIFTY50,24476.07,-0.33
2023-06-01,NIFTY50,24375.89,-0.41000000000000003
2023-06-02,NIFTY50,24398.93,0.09
2023-06-05,NIFTY50,24819.7,1.72
2023-06-06,NIFTY50,24464.63,-1.43
2023-06-07,NIFTY50,24541.65,0.31
2023-06-08,NIFTY50,24640.11,0.4
2023-06-09,NIFTY50,24544.89,-0.38999999999999996
2023-06-12,NIFTY50,24222.32,-1.31
2023-06-13,NIFTY50,24194.0,-0.12
2023-06-14,NIFTY50,23965.37,-0.9400000000000001
2023-06-15,NIFTY50,24086.29,0.5
2023-06-16,NIFTY50,23826.58,-1.08
2023-06-19,NIFTY50,23828.16,0.01
2023-06-20,NIFTY50,23689.49,-0.58
2023-06-21,NIFTY50,23918.57,0.97
2023-06-22,NIFTY50,24239.58,1.34
2023-06-23,NIFTY50,24179.92,-0.25
2023-06-26,NIFTY50,23984.1,-0.8099999999999999
2023-06-27,NIFTY50,24326.44,1.43
2023-06-28,NIFTY50,24310.87,-0.06
2023-06-29,NIFTY50,24385.1,0.31
2023-06-30,NIFTY50,24372.49,-0.05
2023-07-03,NIFTY50,24343.08,-0.12
2023-07-04,NIFTY50,24256.57,-0.36
2023-07-05,NIFTY50,23895.6,-1.49
2023-07-06,NIFTY50,24255.54,1.51
2023-07-07,NIFTY50,24306.47,0.21
2023-07-10,NIFTY50,24301.82,-0.02
2023-07-11,NIFTY50,24498.9,0.8099999999999999
2023-07-12,NIFTY50,24398.52,-0.41000000000000003
2023-07-13,NIFTY50,24484.15,0.35000000000000003
2023-07-14,NIFTY50,24341.92,-0.58
2023-07-17,NIFTY50,24284.8,-0.22999999999999998
2023-07-18,NIFTY50,24412.93,0.53
2023-07-19,NIFTY50,24479.6,0.27
2023-07-20,NIFTY50,24425.95,-0.22
2023-07-21,NIFTY50,24584.3,0.65
2023-07-24,NIFTY50,24439.96,-0.59
2023-07-25,NIFTY50,24269.21,-0.7000000000000001
2023-07-26,NIFTY50,24190.93,-0.32
2023-07-27,NIFTY50,24156.83,-0.13999999999999999
2023-07-28,NIFTY50,24102.63,-0.22
2023-07-31,NIFTY50,24029.95,-0.3
2023-08-01,NIFTY50,24219.97,0.79
2023-08-02,NIFTY50,24531.73,1.29
2023-08-03,NIFTY50,24517.19,-0.06
2023-08-04,NIFTY50,24648.05,0.53
2023-08-07,NIFTY50,24511.78,-0.5499999999999999
2023-08-08,NIFTY50,24504.44,-0.03
2023-08-09,NIFTY50,24609.34,0.43
2023-08-10,NIFTY50,24452.05,-0.64
2023-08-11,NIFTY50,24614.4,0.66
2023-08-14,NIFTY50,24479.93,-0.5499999999999999
2023-08-15,NIFTY50,24697.29,0.89
2023-08-16,NIFTY50,24881.56,0.75
2023-08-17,NIFTY50,25121.88,0.97
2023-08-18,NIFTY50,25345.46,0.89
2023-08-21,NIFTY50,25762.06,1.6400000000000001
2023-08-22,NIFTY50,25881.66,0.45999999999999996
2023-08-23,NIFTY50,25589.02,-1.13
2023-08-24,NIFTY50,25628.24,0.15
2023-08-25,NIFTY50,25544.53,-0.33
2023-08-28,NIFTY50,25272.65,-1.06
2023-08-29,NIFTY50,25550.86,1.0999999999999999
2023-08-30,NIFTY50,25499.01,-0.2
2023-08-31,NIFTY50,25201.62,-1.17
2023-09-01,NIFTY50,25080.84,-0.48
2023-09-04,NIFTY50,25562.58,1.92
2023-09-05,NIFTY50,25862.75,1.17
2023-09-06,NIFTY50,26030.1,0.65
2023-09-07,NIFTY50,26177.37,0.5700000000000001
2023-09-08,NIFTY50,25996.8,-0.69
2023-09-11,NIFTY50,25801.55,-0.75
2023-09-12,NIFTY50,25932.07,0.51
2023-09-13,NIFTY50,26284.12,1.3599999999999999
2023-09-14,NIFTY50,26078.66,-0.7799999999999999
2023-09-15,NIFTY50,26070.46,-0.03
2023-09-18,NIFTY50,26132.96,0.24
2023-09-19,NIFTY50,26042.52,-0.35000000000000003
2023-09-20,NIFTY50,26017.43,-0.1
2023-09-21,NIFTY50,25811.49,-0.79
2023-09-22,NIFTY50,25889.16,0.3
2023-09-25,NIFTY50,25938.06,0.19
2023-09-26,NIFTY50,26081.71,0.5499999999999999
2023-09-27,NIFTY50,26050.54,-0.12
2023-09-28,NIFTY50,26215.53,0.63
2023-09-29,NIFTY50,26300.87,0.33
2023-10-02,NIFTY50,26580.95,1.06
2023-10-03,NIFTY50,26535.97,-0.16999999999999998
2023-10-04,NIFTY50,26754.38,0.8200000000000001
2023-10-05,NIFTY50,26718.02,-0.13999999999999999
2023-10-06,NIFTY50,26871.56,0.5700000000000001
2023-10-09,NIFTY50,27178.46,1.1400000000000001
2023-10-10,NIFTY50,27454.29,1.01
2023-10-11,NIFTY50,27421.55,-0.12
2023-10-12,NIFTY50,27316.77,-0.38
2023-10-13,NIFTY50,27547.99,0.8500000000000001
2023-10-16,NIFTY50,27458.95,-0.32
2023-10-17,NIFTY50,27695.63,0.86
2023-10-18,NIFTY50,27438.97,-0.9299999999999999
2023-10-19,NIFTY50,27558.75,0.44
2023-10-20,NIFTY50,27488.86,-0.25
2023-10-23,NIFTY50,27129.29,-1.31
2023-10-24,NIFTY50,26970.7,-0.58
2023-10-25,NIFTY50,26898.16,-0.27
2023-10-26,NIFTY50,27338.5,1.6400000000000001
2023-10-27,NIFTY50,26688.69,-2.3800000000000003
2023-10-30,NIFTY50,26628.7,-0.22
2023-10-31,NIFTY50,26565.37,-0.24
2023-11-01,NIFTY50,26367.72,-0.74
2023-11-02,NIFTY50,26296.57,-0.27
2023-11-03,NIFTY50,26277.25,-0.06999999999999999
2023-11-06,NIFTY50,26145.92,-0.5
2023-11-07,NIFTY50,26235.04,0.33999999999999997
2023-11-08,NIFTY50,26589.74,1.35
2023-11-09,NIFTY50,26591.61,0.01
2023-11-10,NIFTY50,26455.11,-0.51
2023-11-13,NIFTY50,26443.9,-0.04
2023-11-14,NIFTY50,26381.22,-0.24
2023-11-15,NIFTY50,26631.91,0.95
2023-11-16,NIFTY50,26543.49,-0.33
2023-11-17,NIFTY50,26662.35,0.44999999999999996
2023-11-20,NIFTY50,26738.23,0.27999999999999997
2023-11-21,NIFTY50,26774.36,0.13999999999999999
2023-11-22,NIFTY50,26539.03,-0.88
2023-11-23,NIFTY50,26418.44,-0.44999999999999996
2023-11-24,NIFTY50,26389.86,-0.11
2023-11-27,NIFTY50,26146.25,-0.9199999999999999
2023-11-28,NIFTY50,25949.67,-0.75
2023-11-29,NIFTY50,25860.22,-0.33999999999999997
2023-11-30,NIFTY50,25945.06,0.33
2023-12-01,NIFTY50,26258.49,1.21
2023-12-04,NIFTY50,26328.55,0.27
2023-12-05,NIFTY50,26368.49,0.15
2023-12-06,NIFTY50,26396.12,0.1
2023-12-07,NIFTY50,26335.04,-0.22999999999999998
2023-12-08,NIFTY50,26327.03,-0.03
2023-12-11,NIFTY50,26461.37,0.51
2023-12-12,NIFTY50,26679.91,0.83
2023-12-13,NIFTY50,26164.46,-1.9300000000000002
2023-12-14,NIFTY50,26332.05,0.64
2023-12-15,NIFTY50,26281.12,-0.19
2023-12-18,NIFTY50,26400.34,0.44999999999999996
2023-12-19,NIFTY50,26490.99,0.33999999999999997
2023-12-20,NIFTY50,26475.03,-0.06
2023-12-21,NIFTY50,26601.9,0.48
2023-12-22,NIFTY50,26676.81,0.27999999999999997
2023-12-25,NIFTY50,26681.28,0.02
2023-12-26,NIFTY50,26670.1,-0.04
2023-12-27,NIFTY50,26467.95,-0.76
2023-12-28,NIFTY50,26483.66,0.06
2023-12-29,NIFTY50,26067.8,-1.5699999999999998
2024-01-01,NIFTY50,26141.77,0.27999999999999997
2024-01-02,NIFTY50,26315.16,0.66
2024-01-03,NIFTY50,26017.19,-1.13
2024-01-04,NIFTY50,25970.63,-0.18
2024-01-05,NIFTY50,26286.8,1.22
2024-01-08,NIFTY50,26773.66,1.8499999999999999
2024-01-09,NIFTY50,26765.23,-0.03
2024-01-10,NIFTY50,26791.68,0.1
2024-01-11,NIFTY50,26788.79,-0.01
2024-01-12,NIFTY50,26834.61,0.16999999999999998
2024-01-15,NIFTY50,27120.42,1.0699999999999998
2024-01-16,NIFTY50,27134.09,0.05
2024-01-17,NIFTY50,26843.83,-1.0699999999999998
2024-01-18,NIFTY50,26913.23,0.26
2024-01-19,NIFTY50,26841.32,-0.27
2024-01-22,NIFTY50,26608.94,-0.8699999999999999
2024-01-23,NIFTY50,26378.65,-0.8699999999999999
2024-01-24,NIFTY50,26367.44,-0.04
2024-01-25,NIFTY50,26515.75,0.5599999999999999
2024-01-26,NIFTY50,26652.74,0.52
2024-01-29,NIFTY50,26930.04,1.04
2024-01-30,NIFTY50,26776.38,-0.5700000000000001
2024-01-31,NIFTY50,26708.12,-0.25
2024-02-01,NIFTY50,26860.26,0.5700000000000001
2024-02-02,NIFTY50,27032.14,0.64
2024-02-05,NIFTY50,26929.88,-0.38
2024-02-06,NIFTY50,26791.56,-0.51
2024-02-07,NIFTY50,26907.95,0.43
2024-02-08,NIFTY50,27115.31,0.77
2024-02-09,NIFTY50,27075.51,-0.15
2024-02-12,NIFTY50,27190.52,0.42
2024-02-13,NIFTY50,27204.1,0.05
2024-02-14,NIFTY50,27072.21,-0.48
2024-02-15,NIFTY50,27248.68,0.65
2024-02-16,NIFTY50,27210.95,-0.13999999999999999
2024-02-19,NIFTY50,26888.11,-1.1900000000000002
2024-02-20,NIFTY50,26756.34,-0.49
2024-02-21,NIFTY50,26280.57,-1.78
2024-02-22,NIFTY50,26881.8,2.29
2024-02-23,NIFTY50,27182.27,1.1199999999999999
2024-02-26,NIFTY50,26902.93,-1.03
2024-02-27,NIFTY50,26786.05,-0.43
2024-02-28,NIFTY50,26848.24,0.22999999999999998
2024-02-29,NIFTY50,27215.19,1.37
2024-03-01,NIFTY50,27390.12,0.64
2024-03-04,NIFTY50,27452.76,0.22999999999999998
2024-03-05,NIFTY50,27333.8,-0.43
2024-03-06,NIFTY50,27454.14,0.44
2024-03-07,NIFTY50,27565.91,0.41000000000000003
2024-03-08,NIFTY50,27586.79,0.08
2024-03-11,NIFTY50,27581.92,-0.02
2024-03-12,NIFTY50,27494.21,-0.32
2024-03-13,NIFTY50,27798.72,1.11
2024-03-14,NIFTY50,27429.35,-1.3299999999999998
2024-03-15,NIFTY50,27511.84,0.3
2024-03-18,NIFTY50,27528.73,0.06
2024-03-19,NIFTY50,27101.41,-1.55
2024-03-20,NIFTY50,27030.46,-0.26
2024-03-21,NIFTY50,26818.59,-0.7799999999999999
2024-03-22,NIFTY50,26605.43,-0.79
2024-03-25,NIFTY50,26447.91,-0.59
2024-03-26,NIFTY50,26731.68,1.0699999999999998
2024-03-27,NIFTY50,26731.44,-0.0
2024-03-28,NIFTY50,26907.86,0.66
2024-03-29,NIFTY50,26656.93,-0.9299999999999999
2024-04-01,NIFTY50,26534.7,-0.45999999999999996
2024-04-02,NIFTY50,26455.04,-0.3
2024-04-03,NIFTY50,26502.3,0.18
2024-04-04,NIFTY50,26630.64,0.48
2024-04-05,NIFTY50,26702.49,0.27
2024-04-08,NIFTY50,26539.12,-0.61
2024-04-09,NIFTY50,26713.2,0.66
2024-04-10,NIFTY50,26592.91,-0.44999999999999996
2024-04-11,NIFTY50,26663.65,0.27
2024-04-12,NIFTY50,26377.86,-1.0699999999999998
2024-04-15,NIFTY50,26335.16,-0.16
2024-04-16,NIFTY50,26459.58,0.47000000000000003
2024-04-17,NIFTY50,26494.47,0.13
2024-04-18,NIFTY50,26330.15,-0.62
2024-04-19,NIFTY50,26459.88,0.49
2024-04-22,NIFTY50,26304.4,-0.59
2024-04-23,NIFTY50,25943.01,-1.37
2024-04-24,NIFTY50,26175.88,0.8999999999999999
2024-04-25,NIFTY50,25974.02,-0.77
2024-04-26,NIFTY50,26154.9,0.7000000000000001
2024-04-29,NIFTY50,26116.62,-0.15
2024-04-30,NIFTY50,26267.55,0.58
2024-05-01,NIFTY50,26111.64,-0.59
2024-05-02,NIFTY50,26307.62,0.75
2024-05-03,NIFTY50,26202.91,-0.4
2024-05-06,NIFTY50,26156.68,-0.18
2024-05-07,NIFTY50,25711.25,-1.7000000000000002
2024-05-08,NIFTY50,25384.42,-1.27
2024-05-09,NIFTY50,25554.67,0.67
2024-05-10,NIFTY50,25427.66,-0.5
2024-05-13,NIFTY50,25034.38,-1.55
2024-05-14,NIFTY50,24918.63,-0.45999999999999996
2024-05-15,NIFTY50,25040.63,0.49
2024-05-16,NIFTY50,24808.29,-0.9299999999999999
2024-05-17,NIFTY50,25031.62,0.8999999999999999
2024-05-20,NIFTY50,24930.84,-0.4
2024-05-21,NIFTY50,24864.19,-0.27
2024-05-22,NIFTY50,24718.66,-0.59
2024-05-23,NIFTY50,24352.62,-1.48
2024-05-24,NIFTY50,24302.31,-0.21
2024-05-27,NIFTY50,24294.5,-0.03
2024-05-28,NIFTY50,24377.48,0.33999999999999997
2024-05-29,NIFTY50,24232.85,-0.59
2024-05-30,NIFTY50,23918.07,-1.3
2024-05-31,NIFTY50,24263.56,1.44
2024-06-03,NIFTY50,24306.96,0.18
2024-06-04,NIFTY50,24298.76,-0.03
2024-06-05,NIFTY50,24515.94,0.89
2024-06-06,NIFTY50,24327.82,-0.77
2024-06-07,NIFTY50,24108.83,-0.8999999999999999
2024-06-10,NIFTY50,24240.59,0.5499999999999999
2024-06-11,NIFTY50,24606.36,1.51
2024-06-12,NIFTY50,24329.59,-1.1199999999999999
2024-06-13,NIFTY50,24328.14,-0.01
2024-06-14,NIFTY50,24400.26,0.3
2024-06-17,NIFTY50,24493.03,0.38
2024-06-18,NIFTY50,24433.08,-0.24
2024-06-19,NIFTY50,24251.6,-0.74
2024-06-20,NIFTY50,23845.04,-1.68
2024-06-21,NIFTY50,24242.12,1.67
2024-06-24,NIFTY50,24562.63,1.32
2024-06-25,NIFTY50,24429.47,-0.54
2024-06-26,NIFTY50,24432.48,0.01
2024-06-27,NIFTY50,24309.96,-0.5
2024-06-28,NIFTY50,24249.42,-0.25
2024-07-01,NIFTY50,24219.76,-0.12
2024-07-02,NIFTY50,23978.71,-1.0
2024-07-03,NIFTY50,23963.28,-0.06
2024-07-04,NIFTY50,23984.4,0.09
2024-07-05,NIFTY50,23663.37,-1.34
2024-07-08,NIFTY50,23523.06,-0.59
2024-07-09,NIFTY50,23252.67,-1.15
2024-07-10,NIFTY50,23052.9,-0.86
2024-07-11,NIFTY50,23007.05,-0.2
2024-07-12,NIFTY50,22976.94,-0.13
2024-07-15,NIFTY50,22948.31,-0.12
2024-07-16,NIFTY50,23344.22,1.73
2024-07-17,NIFTY50,23403.7,0.25
2024-07-18,NIFTY50,23477.72,0.32
2024-07-19,NIFTY50,23500.87,0.1
2024-07-22,NIFTY50,23225.61,-1.17
2024-07-23,NIFTY50,23202.96,-0.1
2024-07-24,NIFTY50,23204.79,0.01
2024-07-25,NIFTY50,23346.45,0.61
2024-07-26,NIFTY50,23136.57,-0.8999999999999999
2024-07-29,NIFTY50,23030.51,-0.45999999999999996
2024-07-30,NIFTY50,22827.69,-0.88
2024-07-31,NIFTY50,22704.38,-0.54
2024-08-01,NIFTY50,22650.66,-0.24
2024-08-02,NIFTY50,22431.03,-0.97
2024-08-05,NIFTY50,22584.78,0.69
2024-08-06,NIFTY50,22404.45,-0.8
2024-08-07,NIFTY50,22532.78,0.5700000000000001
2024-08-08,NIFTY50,22452.13,-0.36
2024-08-09,NIFTY50,22367.52,-0.38
2024-08-12,NIFTY50,22526.84,0.7100000000000001
2024-08-13,NIFTY50,22647.1,0.53
2024-08-14,NIFTY50,22735.91,0.38999999999999996
2024-08-15,NIFTY50,22420.47,-1.39
2024-08-16,NIFTY50,22650.74,1.03
2024-08-19,NIFTY50,22929.48,1.23
2024-08-20,NIFTY50,22884.85,-0.19
2024-08-21,NIFTY50,22709.62,-0.77
2024-08-22,NIFTY50,22490.05,-0.97
2024-08-23,NIFTY50,22439.05,-0.22999999999999998
2024-08-26,NIFTY50,22243.53,-0.8699999999999999
2024-08-27,NIFTY50,22207.46,-0.16
2024-08-28,NIFTY50,22110.53,-0.44
2024-08-29,NIFTY50,21873.88,-1.0699999999999998
2024-08-30,NIFTY50,21757.43,-0.53
2024-09-02,NIFTY50,21776.98,0.09
2024-09-03,NIFTY50,21618.96,-0.73
2024-09-04,NIFTY50,21560.82,-0.27
2024-09-05,NIFTY50,21723.49,0.75
2024-09-06,NIFTY50,21594.36,-0.59
2024-09-09,NIFTY50,21435.0,-0.74
2024-09-10,NIFTY50,21460.45,0.12
2024-09-11,NIFTY50,21670.03,0.98
2024-09-12,NIFTY50,21751.37,0.38
2024-09-13,NIFTY50,21636.51,-0.53
2024-09-16,NIFTY50,21521.66,-0.53
2024-09-17,NIFTY50,21440.2,-0.38
2024-09-18,NIFTY50,21386.9,-0.25
2024-09-19,NIFTY50,21833.13,2.09
2024-09-20,NIFTY50,21860.06,0.12
2024-09-23,NIFTY50,22193.05,1.52
2024-09-24,NIFTY50,22353.15,0.72
2024-09-25,NIFTY50,21904.89,-2.01
2024-09-26,NIFTY50,21823.42,-0.37
2024-09-27,NIFTY50,21820.83,-0.01
2024-09-30,NIFTY50,21860.32,0.18
2024-10-01,NIFTY50,21882.13,0.1
2024-10-02,NIFTY50,21585.33,-1.3599999999999999
2024-10-03,NIFTY50,21285.85,-1.39
2024-10-04,NIFTY50,21287.69,0.01
2024-10-07,NIFTY50,21226.63,-0.29
2024-10-08,NIFTY50,21458.83,1.09
2024-10-09,NIFTY50,21469.47,0.05
2024-10-10,NIFTY50,21614.9,0.6799999999999999
2024-10-11,NIFTY50,21740.08,0.58
2024-10-14,NIFTY50,21737.68,-0.01
2024-10-15,NIFTY50,21945.12,0.95
2024-10-16,NIFTY50,21871.8,-0.33
2024-10-17,NIFTY50,21872.35,0.0
2024-10-18,NIFTY50,21894.68,0.1
2024-10-21,NIFTY50,21753.58,-0.64
2024-10-22,NIFTY50,21557.84,-0.8999999999999999
2024-10-23,NIFTY50,21341.42,-1.0
2024-10-24,NIFTY50,21169.13,-0.8099999999999999
2024-10-25,NIFTY50,21155.33,-0.06999999999999999
2024-10-28,NIFTY50,21218.4,0.3
2024-10-29,NIFTY50,21010.6,-0.98
2024-10-30,NIFTY50,21029.77,0.09
2024-10-31,NIFTY50,20995.61,-0.16
2024-11-01,NIFTY50,21165.71,0.8099999999999999
2024-11-04,NIFTY50,21088.33,-0.37
2024-11-05,NIFTY50,21373.95,1.35
2024-11-06,NIFTY50,21517.91,0.67
2024-11-07,NIFTY50,21469.52,-0.22
2024-11-08,NIFTY50,21383.49,-0.4
2024-11-11,NIFTY50,21549.43,0.7799999999999999
2024-11-12,NIFTY50,21500.74,-0.22999999999999998
2024-11-13,NIFTY50,21517.68,0.08
2024-11-14,NIFTY50,21438.01,-0.37
2024-11-15,NIFTY50,21350.68,-0.41000000000000003
2024-11-18,NIFTY50,21147.94,-0.95
2024-11-19,NIFTY50,21396.52,1.18
2024-11-20,NIFTY50,21337.55,-0.27999999999999997
2024-11-21,NIFTY50,21371.25,0.16
2024-11-22,NIFTY50,21467.6,0.44999999999999996
2024-11-25,NIFTY50,21717.8,1.17
2024-11-26,NIFTY50,21628.92,-0.41000000000000003
2024-11-27,NIFTY50,21234.91,-1.82
2024-11-28,NIFTY50,21260.85,0.12
2024-11-29,NIFTY50,21358.1,0.45999999999999996
2024-12-02,NIFTY50,21273.83,-0.38999999999999996
2024-12-03,NIFTY50,21379.73,0.5
2024-12-04,NIFTY50,21390.01,0.05
2024-12-05,NIFTY50,21338.71,-0.24
2024-12-06,NIFTY50,21582.0,1.1400000000000001
2024-12-09,NIFTY50,21535.65,-0.21
2024-12-10,NIFTY50,21840.26,1.41
2024-12-11,NIFTY50,21856.57,0.06999999999999999
2024-12-12,NIFTY50,21718.53,-0.63
2024-12-13,NIFTY50,21392.39,-1.5
2024-12-16,NIFTY50,21612.32,1.03
2024-12-17,NIFTY50,21792.31,0.83
2024-12-18,NIFTY50,21945.2,0.7000000000000001
2024-12-19,NIFTY50,22187.83,1.11
2024-12-20,NIFTY50,22527.48,1.53
2024-12-23,NIFTY50,22146.78,-1.69
2024-12-24,NIFTY50,21838.5,-1.39
2024-12-25,NIFTY50,21798.66,-0.18
2024-12-26,NIFTY50,21984.51,0.8500000000000001
2024-12-27,NIFTY50,22047.05,0.27999999999999997
2024-12-30,NIFTY50,22110.15,0.29
2024-12-31,NIFTY50,22040.14,-0.32
2025-01-01,NIFTY50,21898.36,-0.64
2025-01-02,NIFTY50,21891.34,-0.03
2025-01-03,NIFTY50,21856.17,-0.16
2025-01-06,NIFTY50,21786.26,-0.32
2025-01-07,NIFTY50,21909.21,0.5599999999999999
2025-01-08,NIFTY50,21917.86,0.04
2025-01-09,NIFTY50,22007.87,0.41000000000000003
2025-01-10,NIFTY50,21998.22,-0.04
2025-01-13,NIFTY50,22132.75,0.61
2025-01-14,NIFTY50,21943.93,-0.8500000000000001
2025-01-15,NIFTY50,21701.58,-1.0999999999999999
2025-01-16,NIFTY50,21652.11,-0.22999999999999998
2025-01-17,NIFTY50,21798.48,0.6799999999999999
2025-01-20,NIFTY50,21744.26,-0.25
2025-01-21,NIFTY50,22120.01,1.73
2025-01-22,NIFTY50,21946.64,-0.7799999999999999
2025-01-23,NIFTY50,21922.3,-0.11
2025-01-24,NIFTY50,21605.35,-1.4500000000000002
2025-01-27,NIFTY50,21878.84,1.27
2025-01-28,NIFTY50,21867.68,-0.05
2025-01-29,NIFTY50,21460.36,-1.8599999999999999
2025-01-30,NIFTY50,21415.14,-0.21
2025-01-31,NIFTY50,20978.61,-2.04
2025-02-03,NIFTY50,21199.23,1.05
2025-02-04,NIFTY50,21051.69,-0.7000000000000001
2025-02-05,NIFTY50,21068.72,0.08
2025-02-06,NIFTY50,20951.31,-0.5599999999999999
2025-02-07,NIFTY50,20926.99,-0.12
2025-02-10,NIFTY50,21075.16,0.7100000000000001
2025-02-11,NIFTY50,21015.32,-0.27999999999999997
2025-02-12,NIFTY50,21121.5,0.51
2025-02-13,NIFTY50,20650.3,-2.23
2025-02-14,NIFTY50,20445.87,-0.9900000000000001
2025-02-17,NIFTY50,20464.36,0.09
2025-02-18,NIFTY50,20353.97,-0.54
2025-02-19,NIFTY50,20560.37,1.01
2025-02-20,NIFTY50,20711.63,0.74
2025-02-21,NIFTY50,20954.15,1.17
2025-02-24,NIFTY50,20981.05,0.13
2025-02-25,NIFTY50,20863.63,-0.5599999999999999
2025-02-26,NIFTY50,20978.52,0.5499999999999999
2025-02-27,NIFTY50,20808.01,-0.8099999999999999
2025-02-28,NIFTY50,20768.48,-0.19
2025-03-03,NIFTY50,20847.94,0.38
2025-03-04,NIFTY50,20737.75,-0.53
2025-03-05,NIFTY50,21157.49,2.02
2025-03-06,NIFTY50,21292.87,0.64
2025-03-07,NIFTY50,21143.25,-0.7000000000000001
2025-03-10,NIFTY50,21319.95,0.84
2025-03-11,NIFTY50,21617.26,1.39
2025-03-12,NIFTY50,21362.09,-1.18
2025-03-13,NIFTY50,21597.43,1.0999999999999999
2025-03-14,NIFTY50,21385.56,-0.98
2025-03-17,NIFTY50,21394.22,0.04
2025-03-18,NIFTY50,21435.1,0.19
2025-03-19,NIFTY50,21329.91,-0.49
2025-03-20,NIFTY50,21224.67,-0.49
2025-03-21,NIFTY50,21086.44,-0.65
2025-03-24,NIFTY50,21003.35,-0.38999999999999996
2025-03-25,NIFTY50,20842.98,-0.76
2025-03-26,NIFTY50,21043.85,0.96
2025-03-27,NIFTY50,20801.86,-1.15
2025-03-28,NIFTY50,21120.45,1.53
2025-03-31,NIFTY50,21107.42,-0.06
2025-04-01,NIFTY50,20758.3,-1.6500000000000001
2025-04-02,NIFTY50,20900.04,0.6799999999999999
2025-04-03,NIFTY50,20843.6,-0.27
2025-04-04,NIFTY50,20650.82,-0.9199999999999999
2025-04-07,NIFTY50,20602.99,-0.22999999999999998
2025-04-08,NIFTY50,20482.53,-0.58
2025-04-09,NIFTY50,20709.48,1.11
2025-04-10,NIFTY50,20587.3,-0.59
2025-04-11,NIFTY50,20374.92,-1.03
2025-04-14,NIFTY50,20266.64,-0.53
2025-04-15,NIFTY50,20112.15,-0.76
2025-04-16,NIFTY50,20300.03,0.9299999999999999
2025-04-17,NIFTY50,20343.18,0.21
2025-04-18,NIFTY50,20109.89,-1.15
2025-04-21,NIFTY50,19946.22,-0.8099999999999999
2025-04-22,NIFTY50,19883.09,-0.32
2025-04-23,NIFTY50,19594.65,-1.4500000000000002
2025-04-24,NIFTY50,19426.95,-0.86
2025-04-25,NIFTY50,19487.87,0.31
2025-04-28,NIFTY50,19789.04,1.55
2025-04-29,NIFTY50,19502.75,-1.4500000000000002
2025-04-30,NIFTY50,19952.62,2.31
2025-05-01,NIFTY50,20023.5,0.36
2025-05-02,NIFTY50,19847.79,-0.88
2025-05-05,NIFTY50,20107.16,1.31
2025-05-06,NIFTY50,20185.78,0.38999999999999996
2025-05-07,NIFTY50,20335.79,0.74
2025-05-08,NIFTY50,20483.46,0.73
2025-05-09,NIFTY50,20674.47,0.9299999999999999
2025-05-12,NIFTY50,20473.51,-0.97
2025-05-13,NIFTY50,20619.09,0.7100000000000001
2025-05-14,NIFTY50,20637.93,0.09
2025-05-15,NIFTY50,20746.22,0.52
2025-05-16,NIFTY50,20641.62,-0.5
2025-05-19,NIFTY50,20542.34,-0.48
2025-05-20,NIFTY50,20454.84,-0.43
2025-05-21,NIFTY50,20587.5,0.65
2025-05-22,NIFTY50,20583.11,-0.02
2025-05-23,NIFTY50,20502.19,-0.38999999999999996
2025-05-26,NIFTY50,20455.39,-0.22999999999999998
2025-05-27,NIFTY50,20675.83,1.08
2025-05-28,NIFTY50,20769.54,0.44999999999999996
2025-05-29,NIFTY50,20857.58,0.42
2025-05-30,NIFTY50,20913.08,0.27
2025-06-02,NIFTY50,21107.5,0.9299999999999999
2025-06-03,NIFTY50,20935.42,-0.8200000000000001
2025-06-04,NIFTY50,21097.91,0.7799999999999999
2025-06-05,NIFTY50,21121.17,0.11
2025-06-06,NIFTY50,20970.41,-0.7100000000000001
2025-06-09,NIFTY50,20977.09,0.03
2025-06-10,NIFTY50,20939.94,-0.18
2025-06-11,NIFTY50,21008.55,0.33
2025-06-12,NIFTY50,21174.14,0.79
2025-06-13,NIFTY50,20989.16,-0.8699999999999999
2025-06-16,NIFTY50,21296.6,1.46
2025-06-17,NIFTY50,21015.5,-1.32
2025-06-18,NIFTY50,20898.4,-0.5599999999999999
2025-06-19,NIFTY50,21248.57,1.68
2025-06-20,NIFTY50,21001.73,-1.16
2025-06-23,NIFTY50,20910.16,-0.44
2025-06-24,NIFTY50,20787.22,-0.59
2025-06-25,NIFTY50,20389.07,-1.92
2025-06-26,NIFTY50,20380.39,-0.04
2025-06-27,NIFTY50,20464.36,0.41000000000000003
2025-06-30,NIFTY50,20548.17,0.41000000000000003
2025-07-01,NIFTY50,20458.04,-0.44
2025-07-02,NIFTY50,20138.08,-1.5599999999999998
2025-07-03,NIFTY50,20032.04,-0.53
2025-07-04,NIFTY50,19892.88,-0.69
2025-07-07,NIFTY50,19942.66,0.25
2025-07-08,NIFTY50,19857.84,-0.43
2025-07-09,NIFTY50,19930.69,0.37
2025-07-10,NIFTY50,19624.86,-1.53
2025-07-11,NIFTY50,19732.14,0.5499999999999999
2025-07-14,NIFTY50,19820.07,0.44999999999999996
2025-07-15,NIFTY50,19646.82,-0.8699999999999999
2025-07-16,NIFTY50,19535.62,-0.5700000000000001
2025-07-17,NIFTY50,19487.91,-0.24
2025-07-18,NIFTY50,19665.12,0.91
2025-07-21,NIFTY50,19621.67,-0.22
2025-07-22,NIFTY50,19679.59,0.3
2025-07-23,NIFTY50,19683.16,0.02
2025-07-24,NIFTY50,19834.61,0.77
2025-07-25,NIFTY50,19866.08,0.16
2025-07-28,NIFTY50,19669.27,-0.9900000000000001
2025-07-29,NIFTY50,19631.76,-0.19
2025-07-30,NIFTY50,19798.35,0.8500000000000001
2025-07-31,NIFTY50,19856.06,0.29
2025-08-01,NIFTY50,19663.19,-0.97
2025-08-04,NIFTY50,19956.72,1.49
2025-08-05,NIFTY50,19863.21,-0.47000000000000003
2025-08-06,NIFTY50,20020.43,0.79
2025-08-07,NIFTY50,20259.68,1.2
2025-08-08,NIFTY50,20442.73,0.8999999999999999
2025-08-11,NIFTY50,20302.52,-0.69
2025-08-12,NIFTY50,20492.23,0.9299999999999999
2025-08-13,NIFTY50,20540.34,0.22999999999999998
2025-08-14,NIFTY50,20327.49,-1.04
2025-08-15,NIFTY50,20321.95,-0.03
2025-08-18,NIFTY50,20165.11,-0.77
2025-08-19,NIFTY50,20238.79,0.37
2025-08-20,NIFTY50,20379.02,0.69
2025-08-21,NIFTY50,20577.01,0.97
2025-08-22,NIFTY50,20573.44,-0.02
2025-08-25,NIFTY50,20428.68,-0.7000000000000001
2025-08-26,NIFTY50,20237.5,-0.9400000000000001
2025-08-27,NIFTY50,20359.35,0.6
2025-08-28,NIFTY50,20531.62,0.8500000000000001
2025-08-29,NIFTY50,20633.24,0.49
2025-09-01,NIFTY50,20498.69,-0.65
2025-09-02,NIFTY50,20400.89,-0.48
2025-09-03,NIFTY50,20314.81,-0.42
2025-09-04,NIFTY50,20075.62,-1.18
2025-09-05,NIFTY50,20167.91,0.45999999999999996
2025-09-08,NIFTY50,20153.66,-0.06999999999999999
2025-09-09,NIFTY50,20400.72,1.23
2025-09-10,NIFTY50,20248.26,-0.75
2025-09-11,NIFTY50,20233.43,-0.06999999999999999
2025-09-12,NIFTY50,20037.29,-0.97
2025-09-15,NIFTY50,19984.15,-0.27
2025-09-16,NIFTY50,20123.23,0.7000000000000001
2025-09-17,NIFTY50,20141.99,0.09
2025-09-18,NIFTY50,19992.62,-0.74
2025-09-19,NIFTY50,19758.05,-1.17
2025-09-22,NIFTY50,19713.28,-0.22999999999999998
2025-09-23,NIFTY50,19755.9,0.22
2025-09-24,NIFTY50,19898.51,0.72
2025-09-25,NIFTY50,19786.63,-0.5599999999999999
2025-09-26,NIFTY50,19671.28,-0.58
2025-09-29,NIFTY50,20025.86,1.7999999999999998
2025-09-30,NIFTY50,20031.45,0.03
2025-10-01,NIFTY50,20198.11,0.83
2025-10-02,NIFTY50,19999.37,-0.98
2025-10-03,NIFTY50,20061.7,0.31
2025-10-06,NIFTY50,20192.97,0.65
2025-10-07,NIFTY50,20212.15,0.09
2025-10-08,NIFTY50,19935.59,-1.37
2025-10-09,NIFTY50,19797.34,-0.69
2025-10-10,NIFTY50,19866.46,0.35000000000000003
2025-10-13,NIFTY50,19617.49,-1.25
2025-10-14,NIFTY50,20038.2,2.1399999999999997
2025-10-15,NIFTY50,20235.74,0.9900000000000001
2025-10-16,NIFTY50,19997.05,-1.18
2025-10-17,NIFTY50,20049.63,0.26
2025-10-20,NIFTY50,20071.64,0.11
2025-10-21,NIFTY50,20261.08,0.9400000000000001
2025-10-22,NIFTY50,19860.45,-1.9800000000000002
2025-10-23,NIFTY50,19897.55,0.19
2025-10-24,NIFTY50,19712.01,-0.9299999999999999
2025-10-27,NIFTY50,19792.4,0.41000000000000003
2025-10-28,NIFTY50,19626.23,-0.84
2025-10-29,NIFTY50,19856.98,1.18
2025-10-30,NIFTY50,19916.8,0.3
2025-10-31,NIFTY50,19634.35,-1.4200000000000002
2025-11-03,NIFTY50,19237.47,-2.02
2025-11-04,NIFTY50,19325.33,0.45999999999999996
2025-11-05,NIFTY50,19224.82,-0.52
2025-11-06,NIFTY50,19324.55,0.52
2025-11-07,NIFTY50,19229.58,-0.49
2025-11-10,NIFTY50,19429.29,1.04
2025-11-11,NIFTY50,19599.87,0.88
2025-11-12,NIFTY50,19678.69,0.4
2025-11-13,NIFTY50,19543.62,-0.69
2025-11-14,NIFTY50,19459.3,-0.43
2025-11-17,NIFTY50,19427.32,-0.16
2025-11-18,NIFTY50,19270.2,-0.8099999999999999
2025-11-19,NIFTY50,19384.09,0.59
2025-11-20,NIFTY50,19341.65,-0.22
2025-11-21,NIFTY50,19322.07,-0.1
2025-11-24,NIFTY50,19249.08,-0.38
2025-11-25,NIFTY50,19255.41,0.03
2025-11-26,NIFTY50,19292.28,0.19
2025-11-27,NIFTY50,19215.07,-0.4
2025-11-28,NIFTY50,19187.01,-0.15
2025-12-01,NIFTY50,19123.08,-0.33
2025-12-02,NIFTY50,19059.76,-0.33
2025-12-03,NIFTY50,19072.05,0.06
2025-12-04,NIFTY50,18685.61,-2.03
2025-12-05,NIFTY50,18910.47,1.2
2025-12-08,NIFTY50,19038.06,0.67
2025-12-09,NIFTY50,19072.17,0.18
2025-12-10,NIFTY50,19212.55,0.74
2025-12-11,NIFTY50,19009.32,-1.06
2025-12-12,NIFTY50,18748.29,-1.37
2025-12-15,NIFTY50,18469.26,-1.49
2025-12-16,NIFTY50,18543.66,0.4
2025-12-17,NIFTY50,18573.96,0.16
2025-12-18,NIFTY50,18637.62,0.33999999999999997
2025-12-19,NIFTY50,18789.93,0.8200000000000001
2025-12-22,NIFTY50,18436.93,-1.8800000000000001
2025-12-23,NIFTY50,18265.14,-0.9299999999999999
2025-12-24,NIFTY50,18176.35,-0.49
2025-12-25,NIFTY50,18284.4,0.59
2025-12-26,NIFTY50,18315.42,0.16999999999999998
2025-12-29,NIFTY50,18723.63,2.23
2025-12-30,NIFTY50,18565.61,-0.84
2025-12-31,NIFTY50,18654.07,0.48
2026-01-01,NIFTY50,18808.75,0.83
2026-01-02,NIFTY50,19044.78,1.25
2026-01-05,NIFTY50,19021.88,-0.12
2026-01-06,NIFTY50,18829.06,-1.01
2026-01-07,NIFTY50,18939.51,0.59
2026-01-08,NIFTY50,18993.86,0.29
2026-01-09,NIFTY50,19092.69,0.52
2026-01-12,NIFTY50,19314.22,1.16
2026-01-13,NIFTY50,19285.86,-0.15
2026-01-14,NIFTY50,19131.63,-0.8
2026-01-15,NIFTY50,19229.77,0.51
2026-01-16,NIFTY50,19287.53,0.3
2026-01-19,NIFTY50,19246.63,-0.21
2026-01-20,NIFTY50,19097.0,-0.7799999999999999
2026-01-21,NIFTY50,19159.69,0.33
2026-01-22,NIFTY50,19303.74,0.75
2026-01-23,NIFTY50,19062.89,-1.25
2026-01-26,NIFTY50,19078.82,0.08
2026-01-27,NIFTY50,19180.35,0.53
2026-01-28,NIFTY50,19474.49,1.53
2026-01-29,NIFTY50,19494.43,0.1
2026-01-30,NIFTY50,19753.64,1.3299999999999998
2026-02-02,NIFTY50,19899.21,0.74
2026-02-03,NIFTY50,20049.2,0.75
2026-02-04,NIFTY50,19926.84,-0.61
2026-02-05,NIFTY50,20344.88,2.1
2026-02-06,NIFTY50,20364.99,0.1
2026-02-09,NIFTY50,20408.68,0.21
2026-02-10,NIFTY50,20421.69,0.06
2026-02-11,NIFTY50,20639.95,1.0699999999999998
2026-02-12,NIFTY50,20983.66,1.67
2026-02-13,NIFTY50,21107.37,0.59
2026-02-16,NIFTY50,21051.16,-0.27
2026-02-17,NIFTY50,21356.16,1.4500000000000002
2026-02-18,NIFTY50,21146.71,-0.98
2026-02-19,NIFTY50,21036.59,-0.52
2026-02-20,NIFTY50,20808.75,-1.08
2026-02-23,NIFTY50,20756.19,-0.25
2026-02-24,NIFTY50,20937.54,0.8699999999999999
2026-02-25,NIFTY50,20909.28,-0.13
2026-02-26,NIFTY50,20929.33,0.1
2026-02-27,NIFTY50,21001.87,0.35000000000000003
2026-03-02,NIFTY50,20972.58,-0.13999999999999999
2026-03-03,NIFTY50,20791.56,-0.86
2026-03-04,NIFTY50,20521.62,-1.3
2026-03-05,NIFTY50,20752.23,1.1199999999999999
2026-03-06,NIFTY50,20654.41,-0.47000000000000003
2026-03-09,NIFTY50,20548.58,-0.51
2026-03-10,NIFTY50,20308.33,-1.17
2026-03-11,NIFTY50,20295.16,-0.06
2026-03-12,NIFTY50,20395.24,0.49
2026-03-13,NIFTY50,20344.18,-0.25
2026-03-16,NIFTY50,20412.45,0.33999999999999997
2026-03-17,NIFTY50,20094.33,-1.5599999999999998
2026-03-18,NIFTY50,20131.99,0.19
2026-03-19,NIFTY50,20074.22,-0.29
2026-03-20,NIFTY50,19848.33,-1.13
2026-03-23,NIFTY50,19596.33,-1.27
2026-03-24,NIFTY50,19468.16,-0.65
2026-03-25,NIFTY50,19284.67,-0.9400000000000001
2026-03-26,NIFTY50,19348.8,0.33
2026-03-27,NIFTY50,19427.12,0.4
2026-03-30,NIFTY50,19463.75,0.19
2026-03-31,NIFTY50,19533.12,0.36
2026-04-01,NIFTY50,19292.7,-1.23
2026-04-02,NIFTY50,19382.35,0.45999999999999996
2026-04-03,NIFTY50,19497.75,0.6
2026-04-06,NIFTY50,19550.84,0.27
2026-04-07,NIFTY50,19544.45,-0.03
2026-04-08,NIFTY50,19435.22,-0.5599999999999999
2026-04-09,NIFTY50,19498.48,0.33
2026-04-10,NIFTY50,19446.79,-0.27
2026-04-13,NIFTY50,19603.64,0.8099999999999999
2026-04-14,NIFTY50,19657.57,0.27999999999999997
2026-04-15,NIFTY50,19639.87,-0.09
2026-04-16,NIFTY50,19594.15,-0.22999999999999998
2026-04-17,NIFTY50,19578.04,-0.08
2026-04-20,NIFTY50,19562.71,-0.08
2026-04-21,NIFTY50,19559.56,-0.02
2026-04-22,NIFTY50,19362.93,-1.01
2026-04-23,NIFTY50,19410.04,0.24
2026-04-24,NIFTY50,19446.39,0.19
2026-04-27,NIFTY50,19268.82,-0.91
2026-04-28,NIFTY50,19314.38,0.24
2026-04-29,NIFTY50,19321.75,0.04
2026-04-30,NIFTY50,19199.98,-0.63
2026-05-01,NIFTY50,19304.74,0.5499999999999999
2026-05-04,NIFTY50,19526.9,1.15
2026-05-05,NIFTY50,19444.78,-0.42
2026-05-06,NIFTY50,19470.77,0.13
2026-05-07,NIFTY50,19680.29,1.08
2026-05-08,NIFTY50,19339.3,-1.73
2026-05-11,NIFTY50,19650.77,1.6099999999999999
2026-05-12,NIFTY50,19673.07,0.11
2026-05-13,NIFTY50,19804.92,0.67
2026-05-14,NIFTY50,19540.09,-1.34
2026-05-15,NIFTY50,19332.08,-1.06
2026-05-18,NIFTY50,19189.06,-0.74
2026-05-19,NIFTY50,19032.79,-0.8099999999999999
2026-05-20,NIFTY50,18681.88,-1.8399999999999999
2026-05-21,NIFTY50,18509.36,-0.9199999999999999
2026-05-22,NIFTY50,18392.58,-0.63
2026-05-25,NIFTY50,18186.57,-1.1199999999999999
2026-05-26,NIFTY50,18418.36,1.27
2026-05-27,NIFTY50,18523.57,0.5700000000000001
2026-05-28,NIFTY50,18421.08,-0.5499999999999999
2026-05-29,NIFTY50,18517.65,0.52
2022-01-03,NIFTY500,14837.07,
2022-01-04,NIFTY500,14743.12,-0.63
2022-01-05,NIFTY500,14960.53,1.47
2022-01-06,NIFTY500,14950.28,-0.06999999999999999
2022-01-07,NIFTY500,15044.47,0.63
2022-01-10,NIFTY500,14927.83,-0.7799999999999999
2022-01-11,NIFTY500,14883.56,-0.3
2022-01-12,NIFTY500,14864.72,-0.13
2022-01-13,NIFTY500,14796.69,-0.45999999999999996
2022-01-14,NIFTY500,14793.7,-0.02
2022-01-17,NIFTY500,14685.76,-0.73
2022-01-18,NIFTY500,14683.54,-0.02
2022-01-19,NIFTY500,14839.56,1.06
2022-01-20,NIFTY500,14629.78,-1.41
2022-01-21,NIFTY500,14620.34,-0.06
2022-01-24,NIFTY500,14565.98,-0.37
2022-01-25,NIFTY500,14499.41,-0.45999999999999996
2022-01-26,NIFTY500,14758.9,1.79
2022-01-27,NIFTY500,14956.08,1.34
2022-01-28,NIFTY500,14899.33,-0.38
2022-01-31,NIFTY500,14729.9,-1.1400000000000001
2022-02-01,NIFTY500,14936.51,1.4000000000000001
2022-02-02,NIFTY500,14997.17,0.41000000000000003
2022-02-03,NIFTY500,14852.83,-0.96
2022-02-04,NIFTY500,14741.64,-0.75
2022-02-07,NIFTY500,14762.94,0.13999999999999999
2022-02-08,NIFTY500,15000.94,1.6099999999999999
2022-02-09,NIFTY500,14960.09,-0.27
2022-02-10,NIFTY500,15027.84,0.44999999999999996
2022-02-11,NIFTY500,14957.42,-0.47000000000000003
2022-02-14,NIFTY500,15027.81,0.47000000000000003
2022-02-15,NIFTY500,14820.97,-1.38
2022-02-16,NIFTY500,14912.37,0.62
2022-02-17,NIFTY500,14951.88,0.26
2022-02-18,NIFTY500,14851.13,-0.67
2022-02-21,NIFTY500,14426.04,-2.86
2022-02-22,NIFTY500,14641.86,1.5
2022-02-23,NIFTY500,14426.37,-1.47
2022-02-24,NIFTY500,14595.33,1.17
2022-02-25,NIFTY500,14496.81,-0.6799999999999999
2022-02-28,NIFTY500,14553.1,0.38999999999999996
2022-03-01,NIFTY500,14639.75,0.6
2022-03-02,NIFTY500,14862.71,1.52
2022-03-03,NIFTY500,14728.91,-0.8999999999999999
2022-03-04,NIFTY500,14731.39,0.02
2022-03-07,NIFTY500,14614.22,-0.8
2022-03-08,NIFTY500,14487.72,-0.8699999999999999
2022-03-09,NIFTY500,14507.13,0.13
2022-03-10,NIFTY500,14622.56,0.8
2022-03-11,NIFTY500,14954.42,2.27
2022-03-14,NIFTY500,14933.13,-0.13999999999999999
2022-03-15,NIFTY500,14931.6,-0.01
2022-03-16,NIFTY500,14938.63,0.05
2022-03-17,NIFTY500,14967.91,0.2
2022-03-18,NIFTY500,15008.92,0.27
2022-03-21,NIFTY500,14864.44,-0.96
2022-03-22,NIFTY500,14515.22,-2.35
2022-03-23,NIFTY500,14488.18,-0.19
2022-03-24,NIFTY500,14748.49,1.7999999999999998
2022-03-25,NIFTY500,14765.56,0.12
2022-03-28,NIFTY500,14755.9,-0.06999999999999999
2022-03-29,NIFTY500,14760.65,0.03
2022-03-30,NIFTY500,14677.52,-0.5599999999999999
2022-03-31,NIFTY500,14672.22,-0.04
2022-04-01,NIFTY500,14685.66,0.09
2022-04-04,NIFTY500,14698.42,0.09
2022-04-05,NIFTY500,14720.48,0.15
2022-04-06,NIFTY500,14741.43,0.13999999999999999
2022-04-07,NIFTY500,14740.96,-0.0
2022-04-08,NIFTY500,14897.02,1.06
2022-04-11,NIFTY500,15155.8,1.7399999999999998
2022-04-12,NIFTY500,14939.38,-1.43
2022-04-13,NIFTY500,14873.99,-0.44
2022-04-14,NIFTY500,14593.31,-1.8900000000000001
2022-04-15,NIFTY500,14665.12,0.49
2022-04-18,NIFTY500,14834.94,1.16
2022-04-19,NIFTY500,14857.19,0.15
2022-04-20,NIFTY500,14880.87,0.16
2022-04-21,NIFTY500,14813.05,-0.45999999999999996
2022-04-22,NIFTY500,14845.28,0.22
2022-04-25,NIFTY500,14843.13,-0.01
2022-04-26,NIFTY500,14993.45,1.01
2022-04-27,NIFTY500,15273.51,1.87
2022-04-28,NIFTY500,15492.74,1.44
2022-04-29,NIFTY500,15813.62,2.07
2022-05-02,NIFTY500,15913.28,0.63
2022-05-03,NIFTY500,15968.93,0.35000000000000003
2022-05-04,NIFTY500,15974.96,0.04
2022-05-05,NIFTY500,16035.72,0.38
2022-05-06,NIFTY500,16091.93,0.35000000000000003
2022-05-09,NIFTY500,16289.39,1.23
2022-05-10,NIFTY500,16272.32,-0.1
2022-05-11,NIFTY500,16131.16,-0.8699999999999999
2022-05-12,NIFTY500,16135.18,0.02
2022-05-13,NIFTY500,16012.6,-0.76
2022-05-16,NIFTY500,15990.6,-0.13999999999999999
2022-05-17,NIFTY500,15757.37,-1.46
2022-05-18,NIFTY500,15770.54,0.08
2022-05-19,NIFTY500,15656.39,-0.72
2022-05-20,NIFTY500,15767.79,0.7100000000000001
2022-05-23,NIFTY500,15723.39,-0.27999999999999997
2022-05-24,NIFTY500,15467.99,-1.6199999999999999
2022-05-25,NIFTY500,15420.59,-0.31
2022-05-26,NIFTY500,15417.19,-0.02
2022-05-27,NIFTY500,15470.45,0.35000000000000003
2022-05-30,NIFTY500,15551.09,0.52
2022-05-31,NIFTY500,15448.9,-0.66
2022-06-01,NIFTY500,15353.4,-0.62
2022-06-02,NIFTY500,15357.4,0.03
2022-06-03,NIFTY500,15406.57,0.32
2022-06-06,NIFTY500,15478.93,0.47000000000000003
2022-06-07,NIFTY500,15617.4,0.89
2022-06-08,NIFTY500,15396.18,-1.4200000000000002
2022-06-09,NIFTY500,15536.5,0.91
2022-06-10,NIFTY500,15657.16,0.7799999999999999
2022-06-13,NIFTY500,15783.13,0.8
2022-06-14,NIFTY500,15760.34,-0.13999999999999999
2022-06-15,NIFTY500,15803.94,0.27999999999999997
2022-06-16,NIFTY500,15880.96,0.49
2022-06-17,NIFTY500,15863.33,-0.11
2022-06-20,NIFTY500,16005.25,0.89
2022-06-21,NIFTY500,15847.51,-0.9900000000000001
2022-06-22,NIFTY500,15956.65,0.69
2022-06-23,NIFTY500,16034.68,0.49
2022-06-24,NIFTY500,16259.39,1.4000000000000001
2022-06-27,NIFTY500,16548.29,1.78
2022-06-28,NIFTY500,16528.86,-0.12
2022-06-29,NIFTY500,16763.24,1.4200000000000002
2022-06-30,NIFTY500,16816.83,0.32
2022-07-01,NIFTY500,16874.78,0.33999999999999997
2022-07-04,NIFTY500,16942.46,0.4
2022-07-05,NIFTY500,16752.29,-1.1199999999999999
2022-07-06,NIFTY500,16929.59,1.06
2022-07-07,NIFTY500,16732.28,-1.17
2022-07-08,NIFTY500,16815.54,0.5
2022-07-11,NIFTY500,16456.51,-2.1399999999999997
2022-07-12,NIFTY500,16433.52,-0.13999999999999999
2022-07-13,NIFTY500,16440.49,0.04
2022-07-14,NIFTY500,16541.97,0.62
2022-07-15,NIFTY500,16763.63,1.34
2022-07-18,NIFTY500,16761.12,-0.01
2022-07-19,NIFTY500,16586.45,-1.04
2022-07-20,NIFTY500,16529.57,-0.33999999999999997
2022-07-21,NIFTY500,16572.6,0.26
2022-07-22,NIFTY500,16603.78,0.19
2022-07-25,NIFTY500,16359.5,-1.47
2022-07-26,NIFTY500,16294.14,-0.4
2022-07-27,NIFTY500,16226.06,-0.42
2022-07-28,NIFTY500,16204.74,-0.13
2022-07-29,NIFTY500,16299.17,0.58
2022-08-01,NIFTY500,16194.52,-0.64
2022-08-02,NIFTY500,16356.03,1.0
2022-08-03,NIFTY500,16471.43,0.7100000000000001
2022-08-04,NIFTY500,16178.71,-1.78
2022-08-05,NIFTY500,16127.51,-0.32
2022-08-08,NIFTY500,16166.03,0.24
2022-08-09,NIFTY500,16391.31,1.39
2022-08-10,NIFTY500,16227.32,-1.0
2022-08-11,NIFTY500,15990.67,-1.46
2022-08-12,NIFTY500,16030.48,0.25
2022-08-15,NIFTY500,15896.93,-0.83
2022-08-16,NIFTY500,15894.87,-0.01
2022-08-17,NIFTY500,15801.12,-0.59
2022-08-18,NIFTY500,15938.19,0.8699999999999999
2022-08-19,NIFTY500,16051.23,0.7100000000000001
2022-08-22,NIFTY500,15973.85,-0.48
2022-08-23,NIFTY500,16196.48,1.39
2022-08-24,NIFTY500,16213.93,0.11
2022-08-25,NIFTY500,16269.66,0.33999999999999997
2022-08-26,NIFTY500,16183.26,-0.53
2022-08-29,NIFTY500,16086.73,-0.6
2022-08-30,NIFTY500,16314.13,1.41
2022-08-31,NIFTY500,16339.25,0.15
2022-09-01,NIFTY500,16380.47,0.25
2022-09-02,NIFTY500,16315.16,-0.4
2022-09-05,NIFTY500,16362.9,0.29
2022-09-06,NIFTY500,16373.92,0.06999999999999999
2022-09-07,NIFTY500,16379.76,0.04
2022-09-08,NIFTY500,16628.53,1.52
2022-09-09,NIFTY500,16656.74,0.16999999999999998
2022-09-12,NIFTY500,16499.78,-0.9400000000000001
2022-09-13,NIFTY500,16580.99,0.49
2022-09-14,NIFTY500,16535.78,-0.27
2022-09-15,NIFTY500,16397.03,-0.84
2022-09-16,NIFTY500,16302.38,-0.58
2022-09-19,NIFTY500,16468.3,1.02
2022-09-20,NIFTY500,16328.12,-0.8500000000000001
2022-09-21,NIFTY500,16196.29,-0.8099999999999999
2022-09-22,NIFTY500,16213.63,0.11
2022-09-23,NIFTY500,16175.11,-0.24
2022-09-26,NIFTY500,16044.12,-0.8099999999999999
2022-09-27,NIFTY500,16183.15,0.8699999999999999
2022-09-28,NIFTY500,16131.32,-0.32
2022-09-29,NIFTY500,15956.36,-1.08
2022-09-30,NIFTY500,16006.7,0.32
2022-10-03,NIFTY500,16130.41,0.77
2022-10-04,NIFTY500,16205.81,0.47000000000000003
2022-10-05,NIFTY500,16308.57,0.63
2022-10-06,NIFTY500,16409.58,0.62
2022-10-07,NIFTY500,16379.36,-0.18
2022-10-10,NIFTY500,16320.89,-0.36
2022-10-11,NIFTY500,16232.88,-0.54
2022-10-12,NIFTY500,16240.27,0.05
2022-10-13,NIFTY500,16015.92,-1.38
2022-10-14,NIFTY500,15861.79,-0.96
2022-10-17,NIFTY500,16057.01,1.23
2022-10-18,NIFTY500,16192.86,0.8500000000000001
2022-10-19,NIFTY500,16223.38,0.19
2022-10-20,NIFTY500,16451.92,1.41
2022-10-21,NIFTY500,16516.01,0.38999999999999996
2022-10-24,NIFTY500,16528.55,0.08
2022-10-25,NIFTY500,16340.77,-1.1400000000000001
2022-10-26,NIFTY500,16309.24,-0.19
2022-10-27,NIFTY500,16459.19,0.9199999999999999
2022-10-28,NIFTY500,16549.27,0.5499999999999999
2022-10-31,NIFTY500,16846.12,1.79
2022-11-01,NIFTY500,16858.39,0.06999999999999999
2022-11-02,NIFTY500,16490.64,-2.18
2022-11-03,NIFTY500,16555.25,0.38999999999999996
2022-11-04,NIFTY500,16209.9,-2.09
2022-11-07,NIFTY500,16149.92,-0.37
2022-11-08,NIFTY500,16286.04,0.84
2022-11-09,NIFTY500,16538.23,1.55
2022-11-10,NIFTY500,16396.46,-0.86
2022-11-11,NIFTY500,16462.71,0.4
2022-11-14,NIFTY500,16701.69,1.4500000000000002
2022-11-15,NIFTY500,16724.5,0.13999999999999999
2022-11-16,NIFTY500,16642.49,-0.49
2022-11-17,NIFTY500,16924.52,1.69
2022-11-18,NIFTY500,17082.03,0.9299999999999999
2022-11-21,NIFTY500,17100.9,0.11
2022-11-22,NIFTY500,16880.59,-1.29
2022-11-23,NIFTY500,16836.31,-0.26
2022-11-24,NIFTY500,16736.88,-0.59
2022-11-25,NIFTY500,16493.73,-1.4500000000000002
2022-11-28,NIFTY500,16699.79,1.25
2022-11-29,NIFTY500,16793.07,0.5599999999999999
2022-11-30,NIFTY500,16696.88,-0.5700000000000001
2022-12-01,NIFTY500,16619.52,-0.45999999999999996
2022-12-02,NIFTY500,16561.02,-0.35000000000000003
2022-12-05,NIFTY500,16424.31,-0.83
2022-12-06,NIFTY500,16850.65,2.6
2022-12-07,NIFTY500,16753.23,-0.58
2022-12-08,NIFTY500,16714.32,-0.22999999999999998
2022-12-09,NIFTY500,16621.81,-0.5499999999999999
2022-12-12,NIFTY500,16369.57,-1.52
2022-12-13,NIFTY500,16200.95,-1.03
2022-12-14,NIFTY500,16361.52,0.9900000000000001
2022-12-15,NIFTY500,16322.97,-0.24
2022-12-16,NIFTY500,16391.22,0.42
2022-12-19,NIFTY500,16465.89,0.45999999999999996
2022-12-20,NIFTY500,16541.27,0.45999999999999996
2022-12-21,NIFTY500,16448.86,-0.5599999999999999
2022-12-22,NIFTY500,16704.39,1.55
2022-12-23,NIFTY500,16849.34,0.8699999999999999
2022-12-26,NIFTY500,16928.98,0.47000000000000003
2022-12-27,NIFTY500,16975.26,0.27
2022-12-28,NIFTY500,16778.95,-1.16
2022-12-29,NIFTY500,16910.86,0.79
2022-12-30,NIFTY500,16899.9,-0.06
2023-01-02,NIFTY500,16788.23,-0.66
2023-01-03,NIFTY500,16646.31,-0.8500000000000001
2023-01-04,NIFTY500,16799.84,0.9199999999999999
2023-01-05,NIFTY500,16602.76,-1.17
2023-01-06,NIFTY500,16552.93,-0.3
2023-01-09,NIFTY500,16584.85,0.19
2023-01-10,NIFTY500,16571.78,-0.08
2023-01-11,NIFTY500,16641.34,0.42
2023-01-12,NIFTY500,16823.31,1.09
2023-01-13,NIFTY500,16924.08,0.6
2023-01-16,NIFTY500,16942.47,0.11
2023-01-17,NIFTY500,16884.62,-0.33999999999999997
2023-01-18,NIFTY500,16681.11,-1.21
2023-01-19,NIFTY500,16680.27,-0.01
2023-01-20,NIFTY500,16633.82,-0.27999999999999997
2023-01-23,NIFTY500,16720.1,0.52
2023-01-24,NIFTY500,16708.67,-0.06999999999999999
2023-01-25,NIFTY500,16871.27,0.97
2023-01-26,NIFTY500,16814.56,-0.33999999999999997
2023-01-27,NIFTY500,16740.43,-0.44
2023-01-30,NIFTY500,16811.65,0.43
2023-01-31,NIFTY500,16836.28,0.15
2023-02-01,NIFTY500,16901.49,0.38999999999999996
2023-02-02,NIFTY500,16890.57,-0.06
2023-02-03,NIFTY500,16903.17,0.06999999999999999
2023-02-06,NIFTY500,16867.74,-0.21
2023-02-07,NIFTY500,16896.23,0.16999999999999998
2023-02-08,NIFTY500,17090.27,1.15
2023-02-09,NIFTY500,17022.48,-0.4
2023-02-10,NIFTY500,16940.47,-0.48
2023-02-13,NIFTY500,16997.05,0.33
2023-02-14,NIFTY500,16978.05,-0.11
2023-02-15,NIFTY500,17199.75,1.31
2023-02-16,NIFTY500,17315.15,0.67
2023-02-17,NIFTY500,17455.25,0.8099999999999999
2023-02-20,NIFTY500,17610.46,0.89
2023-02-21,NIFTY500,17517.84,-0.53
2023-02-22,NIFTY500,17544.3,0.15
2023-02-23,NIFTY500,17658.52,0.65
2023-02-24,NIFTY500,17668.35,0.06
2023-02-27,NIFTY500,17538.18,-0.74
2023-02-28,NIFTY500,17691.49,0.8699999999999999
2023-03-01,NIFTY500,17673.39,-0.1
2023-03-02,NIFTY500,17729.7,0.32
2023-03-03,NIFTY500,17830.18,0.5700000000000001
2023-03-06,NIFTY500,18078.96,1.4000000000000001
2023-03-07,NIFTY500,18120.89,0.22999999999999998
2023-03-08,NIFTY500,17810.73,-1.71
2023-03-09,NIFTY500,17848.58,0.21
2023-03-10,NIFTY500,17902.15,0.3
2023-03-13,NIFTY500,17649.8,-1.41
2023-03-14,NIFTY500,17889.73,1.3599999999999999
2023-03-15,NIFTY500,17485.85,-2.26
2023-03-16,NIFTY500,17584.52,0.5599999999999999
2023-03-17,NIFTY500,17357.64,-1.29
2023-03-20,NIFTY500,17531.06,1.0
2023-03-21,NIFTY500,17627.64,0.5499999999999999
2023-03-22,NIFTY500,17867.64,1.3599999999999999
2023-03-23,NIFTY500,17958.75,0.51
2023-03-24,NIFTY500,18024.23,0.36
2023-03-27,NIFTY500,17981.49,-0.24
2023-03-28,NIFTY500,17717.55,-1.47
2023-03-29,NIFTY500,18070.87,1.9900000000000002
2023-03-30,NIFTY500,18003.17,-0.37
2023-03-31,NIFTY500,18066.17,0.35000000000000003
2023-04-03,NIFTY500,17944.73,-0.67
2023-04-04,NIFTY500,17784.89,-0.89
2023-04-05,NIFTY500,17803.41,0.1
2023-04-06,NIFTY500,17878.09,0.42
2023-04-07,NIFTY500,18166.72,1.6099999999999999
2023-04-10,NIFTY500,18338.07,0.9400000000000001
2023-04-11,NIFTY500,18393.09,0.3
2023-04-12,NIFTY500,18392.84,-0.0
2023-04-13,NIFTY500,18458.35,0.36
2023-04-14,NIFTY500,18425.35,-0.18
2023-04-17,NIFTY500,18477.02,0.27999999999999997
2023-04-18,NIFTY500,18357.27,-0.65
2023-04-19,NIFTY500,18277.22,-0.44
2023-04-20,NIFTY500,18278.36,0.01
2023-04-21,NIFTY500,18340.05,0.33999999999999997
2023-04-24,NIFTY500,18330.34,-0.05
2023-04-25,NIFTY500,18371.06,0.22
2023-04-26,NIFTY500,18233.23,-0.75
2023-04-27,NIFTY500,18050.43,-1.0
2023-04-28,NIFTY500,18051.79,0.01
2023-05-01,NIFTY500,17794.45,-1.43
2023-05-02,NIFTY500,17939.17,0.8099999999999999
2023-05-03,NIFTY500,17732.14,-1.15
2023-05-04,NIFTY500,17680.27,-0.29
2023-05-05,NIFTY500,17768.06,0.5
2023-05-08,NIFTY500,17921.4,0.86
2023-05-09,NIFTY500,18032.47,0.62
2023-05-10,NIFTY500,18119.14,0.48
2023-05-11,NIFTY500,18544.46,2.35
2023-05-12,NIFTY500,18382.47,-0.8699999999999999
2023-05-15,NIFTY500,18442.89,0.33
2023-05-16,NIFTY500,18555.7,0.61
2023-05-17,NIFTY500,18623.76,0.37
2023-05-18,NIFTY500,18557.21,-0.36
2023-05-19,NIFTY500,18656.24,0.53
2023-05-22,NIFTY500,18744.23,0.47000000000000003
2023-05-23,NIFTY500,18960.84,1.16
2023-05-24,NIFTY500,19049.97,0.47000000000000003
2023-05-25,NIFTY500,18743.08,-1.6099999999999999
2023-05-26,NIFTY500,18883.72,0.75
2023-05-29,NIFTY500,18826.7,-0.3
2023-05-30,NIFTY500,18804.84,-0.12
2023-05-31,NIFTY500,18625.78,-0.95
2023-06-01,NIFTY500,18657.82,0.16999999999999998
2023-06-02,NIFTY500,18995.28,1.81
2023-06-05,NIFTY500,19184.76,1.0
2023-06-06,NIFTY500,18995.14,-0.9900000000000001
2023-06-07,NIFTY500,18971.5,-0.12
2023-06-08,NIFTY500,19150.9,0.95
2023-06-09,NIFTY500,19130.51,-0.11
2023-06-12,NIFTY500,18797.92,-1.7399999999999998
2023-06-13,NIFTY500,18717.26,-0.43
2023-06-14,NIFTY500,18956.31,1.28
2023-06-15,NIFTY500,19219.86,1.39
2023-06-16,NIFTY500,19199.84,-0.1
2023-06-19,NIFTY500,19163.3,-0.19
2023-06-20,NIFTY500,18789.13,-1.95
2023-06-21,NIFTY500,18782.91,-0.03
2023-06-22,NIFTY500,18698.21,-0.44999999999999996
2023-06-23,NIFTY500,18398.04,-1.6099999999999999
2023-06-26,NIFTY500,18253.41,-0.79
2023-06-27,NIFTY500,18052.96,-1.0999999999999999
2023-06-28,NIFTY500,18071.51,0.1
2023-06-29,NIFTY500,18329.83,1.43
2023-06-30,NIFTY500,18314.63,-0.08
2023-07-03,NIFTY500,18366.38,0.27999999999999997
2023-07-04,NIFTY500,18779.31,2.25
2023-07-05,NIFTY500,18475.99,-1.6199999999999999
2023-07-06,NIFTY500,18516.81,0.22
2023-07-07,NIFTY500,18714.29,1.0699999999999998
2023-07-10,NIFTY500,18775.65,0.33
2023-07-11,NIFTY500,18517.78,-1.37
2023-07-12,NIFTY500,18845.17,1.77
2023-07-13,NIFTY500,18994.93,0.79
2023-07-14,NIFTY500,19049.8,0.29
2023-07-17,NIFTY500,18828.77,-1.16
2023-07-18,NIFTY500,19223.01,2.09
2023-07-19,NIFTY500,19332.71,0.5700000000000001
2023-07-20,NIFTY500,19418.9,0.44999999999999996
2023-07-21,NIFTY500,19529.52,0.5700000000000001
2023-07-24,NIFTY500,19705.39,0.8999999999999999
2023-07-25,NIFTY500,19735.41,0.15
2023-07-26,NIFTY500,19725.06,-0.05
2023-07-27,NIFTY500,19348.82,-1.91
2023-07-28,NIFTY500,19225.23,-0.64
2023-07-31,NIFTY500,19574.09,1.81
2023-08-01,NIFTY500,19441.28,-0.6799999999999999
2023-08-02,NIFTY500,19400.44,-0.21
2023-08-03,NIFTY500,19214.1,-0.96
2023-08-04,NIFTY500,19310.62,0.5
2023-08-07,NIFTY500,19277.01,-0.16999999999999998
2023-08-08,NIFTY500,19237.46,-0.21
2023-08-09,NIFTY500,19111.96,-0.65
2023-08-10,NIFTY500,19192.32,0.42
2023-08-11,NIFTY500,19453.1,1.3599999999999999
2023-08-14,NIFTY500,19174.79,-1.43
2023-08-15,NIFTY500,19133.4,-0.22
2023-08-16,NIFTY500,19115.91,-0.09
2023-08-17,NIFTY500,18997.39,-0.62
2023-08-18,NIFTY500,19202.08,1.08
2023-08-21,NIFTY500,19411.13,1.09
2023-08-22,NIFTY500,19460.5,0.25
2023-08-23,NIFTY500,19354.35,-0.5499999999999999
2023-08-24,NIFTY500,19561.35,1.0699999999999998
2023-08-25,NIFTY500,19520.59,-0.21
2023-08-28,NIFTY500,19699.94,0.9199999999999999
2023-08-29,NIFTY500,20139.37,2.23
2023-08-30,NIFTY500,20149.85,0.05
2023-08-31,NIFTY500,20188.38,0.19
2023-09-01,NIFTY500,20074.82,-0.5599999999999999
2023-09-04,NIFTY500,20266.46,0.95
2023-09-05,NIFTY500,20314.72,0.24
2023-09-06,NIFTY500,20101.03,-1.05
2023-09-07,NIFTY500,19985.2,-0.58
2023-09-08,NIFTY500,20343.87,1.79
2023-09-11,NIFTY500,20310.34,-0.16
2023-09-12,NIFTY500,20125.34,-0.91
2023-09-13,NIFTY500,20169.05,0.22
2023-09-14,NIFTY500,20085.16,-0.42
2023-09-15,NIFTY500,20062.73,-0.11
2023-09-18,NIFTY500,20169.13,0.53
2023-09-19,NIFTY500,20239.83,0.35000000000000003
2023-09-20,NIFTY500,20256.4,0.08
2023-09-21,NIFTY500,20157.58,-0.49
2023-09-22,NIFTY500,19853.72,-1.51
2023-09-25,NIFTY500,20203.32,1.76
2023-09-26,NIFTY500,20548.19,1.71
2023-09-27,NIFTY500,20563.17,0.06999999999999999
2023-09-28,NIFTY500,20725.79,0.79
2023-09-29,NIFTY500,20730.56,0.02
2023-10-02,NIFTY500,20600.47,-0.63
2023-10-03,NIFTY500,20624.5,0.12
2023-10-04,NIFTY500,20660.8,0.18
2023-10-05,NIFTY500,20944.78,1.37
2023-10-06,NIFTY500,20973.16,0.13999999999999999
2023-10-09,NIFTY500,21301.83,1.5699999999999998
2023-10-10,NIFTY500,21282.62,-0.09
2023-10-11,NIFTY500,21187.4,-0.44999999999999996
2023-10-12,NIFTY500,21478.63,1.37
2023-10-13,NIFTY500,21755.67,1.29
2023-10-16,NIFTY500,21781.67,0.12
2023-10-17,NIFTY500,21858.8,0.35000000000000003
2023-10-18,NIFTY500,21925.17,0.3
2023-10-19,NIFTY500,21977.41,0.24
2023-10-20,NIFTY500,21916.81,-0.27999999999999997
2023-10-23,NIFTY500,22396.41,2.19
2023-10-24,NIFTY500,22329.07,-0.3
2023-10-25,NIFTY500,22450.41,0.54
2023-10-26,NIFTY500,22499.74,0.22
2023-10-27,NIFTY500,22016.98,-2.15
2023-10-30,NIFTY500,22051.24,0.16
2023-10-31,NIFTY500,22007.92,-0.2
2023-11-01,NIFTY500,21911.46,-0.44
2023-11-02,NIFTY500,21722.83,-0.86
2023-11-03,NIFTY500,22082.36,1.66
2023-11-06,NIFTY500,21877.96,-0.9299999999999999
2023-11-07,NIFTY500,21852.33,-0.12
2023-11-08,NIFTY500,21763.07,-0.41000000000000003
2023-11-09,NIFTY500,21572.17,-0.88
2023-11-10,NIFTY500,21729.89,0.73
2023-11-13,NIFTY500,21826.56,0.44
2023-11-14,NIFTY500,21742.13,-0.38999999999999996
2023-11-15,NIFTY500,21577.5,-0.76
2023-11-16,NIFTY500,21688.63,0.52
2023-11-17,NIFTY500,21783.41,0.44
2023-11-20,NIFTY500,21766.76,-0.08
2023-11-21,NIFTY500,22055.7,1.3299999999999998
2023-11-22,NIFTY500,22374.86,1.4500000000000002
2023-11-23,NIFTY500,22286.27,-0.4
2023-11-24,NIFTY500,22712.24,1.91
2023-11-27,NIFTY500,22668.86,-0.19
2023-11-28,NIFTY500,22628.15,-0.18
2023-11-29,NIFTY500,22782.65,0.6799999999999999
2023-11-30,NIFTY500,22864.44,0.36
2023-12-01,NIFTY500,22882.82,0.08
2023-12-04,NIFTY500,22511.19,-1.6199999999999999
2023-12-05,NIFTY500,22208.0,-1.35
2023-12-06,NIFTY500,21969.29,-1.0699999999999998
2023-12-07,NIFTY500,21982.67,0.06
2023-12-08,NIFTY500,21893.71,-0.4
2023-12-11,NIFTY500,21832.19,-0.27999999999999997
2023-12-12,NIFTY500,21786.47,-0.21
2023-12-13,NIFTY500,21986.45,0.9199999999999999
2023-12-14,NIFTY500,22148.47,0.74
2023-12-15,NIFTY500,22078.77,-0.31
2023-12-18,NIFTY500,22030.93,-0.22
2023-12-19,NIFTY500,21875.14,-0.7100000000000001
2023-12-20,NIFTY500,21821.61,-0.24
2023-12-21,NIFTY500,22084.5,1.2
2023-12-22,NIFTY500,22275.7,0.8699999999999999
2023-12-25,NIFTY500,22362.63,0.38999999999999996
2023-12-26,NIFTY500,22163.48,-0.89
2023-12-27,NIFTY500,22164.57,0.0
2023-12-28,NIFTY500,22100.9,-0.29
2023-12-29,NIFTY500,22082.34,-0.08
2024-01-01,NIFTY500,22248.26,0.75
2024-01-02,NIFTY500,22472.32,1.01
2024-01-03,NIFTY500,22974.3,2.23
2024-01-04,NIFTY500,22804.87,-0.74
2024-01-05,NIFTY500,23065.54,1.1400000000000001
2024-01-08,NIFTY500,23049.65,-0.06999999999999999
2024-01-09,NIFTY500,22916.8,-0.58
2024-01-10,NIFTY500,23372.32,1.9900000000000002
2024-01-11,NIFTY500,23750.47,1.6199999999999999
2024-01-12,NIFTY500,23703.9,-0.2
2024-01-15,NIFTY500,23565.5,-0.58
2024-01-16,NIFTY500,23214.6,-1.49
2024-01-17,NIFTY500,23484.97,1.16
2024-01-18,NIFTY500,23076.75,-1.7399999999999998
2024-01-19,NIFTY500,23059.05,-0.08
2024-01-22,NIFTY500,22889.87,-0.73
2024-01-23,NIFTY500,23184.94,1.29
2024-01-24,NIFTY500,23577.38,1.69
2024-01-25,NIFTY500,23237.71,-1.44
2024-01-26,NIFTY500,23266.43,0.12
2024-01-29,NIFTY500,23333.91,0.29
2024-01-30,NIFTY500,23286.71,-0.2
2024-01-31,NIFTY500,23167.34,-0.51
2024-02-01,NIFTY500,23501.33,1.44
2024-02-02,NIFTY500,23405.26,-0.41000000000000003
2024-02-05,NIFTY500,23830.38,1.82
2024-02-06,NIFTY500,23703.89,-0.53
2024-02-07,NIFTY500,23878.12,0.74
2024-02-08,NIFTY500,24067.09,0.79
2024-02-09,NIFTY500,23939.14,-0.53
2024-02-12,NIFTY500,23578.8,-1.51
2024-02-13,NIFTY500,23412.88,-0.7000000000000001
2024-02-14,NIFTY500,23182.57,-0.98
2024-02-15,NIFTY500,23363.69,0.7799999999999999
2024-02-16,NIFTY500,23297.7,-0.27999999999999997
2024-02-19,NIFTY500,23593.9,1.27
2024-02-20,NIFTY500,23725.63,0.5599999999999999
2024-02-21,NIFTY500,23697.62,-0.12
2024-02-22,NIFTY500,23727.37,0.13
2024-02-23,NIFTY500,23463.38,-1.11
2024-02-26,NIFTY500,23435.29,-0.12
2024-02-27,NIFTY500,23477.08,0.18
2024-02-28,NIFTY500,23409.72,-0.29
2024-02-29,NIFTY500,23305.84,-0.44
2024-03-01,NIFTY500,23525.56,0.9400000000000001
2024-03-04,NIFTY500,23342.71,-0.7799999999999999
2024-03-05,NIFTY500,23475.51,0.5700000000000001
2024-03-06,NIFTY500,23716.62,1.03
2024-03-07,NIFTY500,23832.62,0.49
2024-03-08,NIFTY500,23593.02,-1.01
2024-03-11,NIFTY500,23628.96,0.15
2024-03-12,NIFTY500,23828.17,0.84
2024-03-13,NIFTY500,23779.83,-0.2
2024-03-14,NIFTY500,23613.68,-0.7000000000000001
2024-03-15,NIFTY500,23441.46,-0.73
2024-03-18,NIFTY500,23520.23,0.33999999999999997
2024-03-19,NIFTY500,23463.48,-0.24
2024-03-20,NIFTY500,23347.97,-0.49
2024-03-21,NIFTY500,22931.61,-1.78
2024-03-22,NIFTY500,23311.25,1.66
2024-03-25,NIFTY500,23258.72,-0.22999999999999998
2024-03-26,NIFTY500,23438.39,0.77
2024-03-27,NIFTY500,23728.92,1.24
2024-03-28,NIFTY500,24465.05,3.1
2024-03-29,NIFTY500,24625.32,0.66
2024-04-01,NIFTY500,24710.96,0.35000000000000003
2024-04-02,NIFTY500,24388.09,-1.31
2024-04-03,NIFTY500,23968.38,-1.72
2024-04-04,NIFTY500,23481.21,-2.03
2024-04-05,NIFTY500,23458.27,-0.1
2024-04-08,NIFTY500,23264.7,-0.83
2024-04-09,NIFTY500,23177.23,-0.38
2024-04-10,NIFTY500,23485.02,1.3299999999999998
2024-04-11,NIFTY500,23604.47,0.51
2024-04-12,NIFTY500,23613.77,0.04
2024-04-15,NIFTY500,23666.75,0.22
2024-04-16,NIFTY500,23533.93,-0.5599999999999999
2024-04-17,NIFTY500,23446.85,-0.37
2024-04-18,NIFTY500,23174.56,-1.16
2024-04-19,NIFTY500,23346.03,0.74
2024-04-22,NIFTY500,23725.7,1.63
2024-04-23,NIFTY500,24024.7,1.26
2024-04-24,NIFTY500,24042.36,0.06999999999999999
2024-04-25,NIFTY500,24258.6,0.8999999999999999
2024-04-26,NIFTY500,24387.88,0.53
2024-04-29,NIFTY500,24437.67,0.2
2024-04-30,NIFTY500,24526.31,0.36
2024-05-01,NIFTY500,24255.33,-1.0999999999999999
2024-05-02,NIFTY500,24165.31,-0.37
2024-05-03,NIFTY500,24032.75,-0.5499999999999999
2024-05-06,NIFTY500,23726.66,-1.27
2024-05-07,NIFTY500,23859.98,0.5599999999999999
2024-05-08,NIFTY500,24020.62,0.67
2024-05-09,NIFTY500,23501.77,-2.16
2024-05-10,NIFTY500,23510.84,0.04
2024-05-13,NIFTY500,23452.74,-0.25
2024-05-14,NIFTY500,23335.98,-0.5
2024-05-15,NIFTY500,23011.19,-1.39
2024-05-16,NIFTY500,23035.4,0.11
2024-05-17,NIFTY500,23051.09,0.06999999999999999
2024-05-20,NIFTY500,22986.43,-0.27999999999999997
2024-05-21,NIFTY500,23162.88,0.77
2024-05-22,NIFTY500,23331.69,0.73
2024-05-23,NIFTY500,22963.31,-1.58
2024-05-24,NIFTY500,23130.23,0.73
2024-05-27,NIFTY500,22947.9,-0.79
2024-05-28,NIFTY500,22904.57,-0.19
2024-05-29,NIFTY500,23251.95,1.52
2024-05-30,NIFTY500,23255.08,0.01
2024-05-31,NIFTY500,23478.88,0.96
2024-06-03,NIFTY500,23438.49,-0.16999999999999998
2024-06-04,NIFTY500,23645.04,0.88
2024-06-05,NIFTY500,23645.91,0.0
2024-06-06,NIFTY500,23602.06,-0.19
2024-06-07,NIFTY500,23639.83,0.16
2024-06-10,NIFTY500,23419.81,-0.9299999999999999
2024-06-11,NIFTY500,23325.61,-0.4
2024-06-12,NIFTY500,23463.75,0.59
2024-06-13,NIFTY500,23650.0,0.79
2024-06-14,NIFTY500,23472.75,-0.75
2024-06-17,NIFTY500,23844.44,1.58
2024-06-18,NIFTY500,24240.12,1.66
2024-06-19,NIFTY500,24055.68,-0.76
2024-06-20,NIFTY500,23971.49,-0.35000000000000003
2024-06-21,NIFTY500,23977.41,0.02
2024-06-24,NIFTY500,24248.12,1.13
2024-06-25,NIFTY500,24383.55,0.5599999999999999
2024-06-26,NIFTY500,24330.34,-0.22
2024-06-27,NIFTY500,24073.11,-1.06
2024-06-28,NIFTY500,23673.46,-1.66
2024-07-01,NIFTY500,23745.46,0.3
2024-07-02,NIFTY500,24142.21,1.67
2024-07-03,NIFTY500,24155.47,0.05
2024-07-04,NIFTY500,24256.59,0.42
2024-07-05,NIFTY500,24314.28,0.24
2024-07-08,NIFTY500,23977.75,-1.38
2024-07-09,NIFTY500,24324.87,1.4500000000000002
2024-07-10,NIFTY500,24168.88,-0.64
2024-07-11,NIFTY500,24011.37,-0.65
2024-07-12,NIFTY500,24122.79,0.45999999999999996
2024-07-15,NIFTY500,23982.81,-0.58
2024-07-16,NIFTY500,23720.95,-1.09
2024-07-17,NIFTY500,23936.64,0.91
2024-07-18,NIFTY500,23976.03,0.16
2024-07-19,NIFTY500,24192.22,0.8999999999999999
2024-07-22,NIFTY500,24126.28,-0.27
2024-07-23,NIFTY500,24042.12,-0.35000000000000003
2024-07-24,NIFTY500,24108.17,0.27
2024-07-25,NIFTY500,24195.5,0.36
2024-07-26,NIFTY500,24071.29,-0.51
2024-07-29,NIFTY500,23922.51,-0.62
2024-07-30,NIFTY500,24127.03,0.8500000000000001
2024-07-31,NIFTY500,24210.66,0.35000000000000003
2024-08-01,NIFTY500,24281.92,0.29
2024-08-02,NIFTY500,23874.95,-1.68
2024-08-05,NIFTY500,23941.69,0.27999999999999997
2024-08-06,NIFTY500,24032.79,0.38
2024-08-07,NIFTY500,23977.43,-0.22999999999999998
2024-08-08,NIFTY500,24109.54,0.5499999999999999
2024-08-09,NIFTY500,23975.05,-0.5599999999999999
2024-08-12,NIFTY500,24060.03,0.35000000000000003
2024-08-13,NIFTY500,23750.83,-1.29
2024-08-14,NIFTY500,23953.37,0.8500000000000001
2024-08-15,NIFTY500,23803.08,-0.63
2024-08-16,NIFTY500,23906.78,0.44
2024-08-19,NIFTY500,24182.83,1.15
2024-08-20,NIFTY500,24406.89,0.9299999999999999
2024-08-21,NIFTY500,24512.37,0.43
2024-08-22,NIFTY500,24703.44,0.7799999999999999
2024-08-23,NIFTY500,25044.06,1.38
2024-08-26,NIFTY500,25083.57,0.16
2024-08-27,NIFTY500,25312.18,0.91
2024-08-28,NIFTY500,25063.38,-0.98
2024-08-29,NIFTY500,24917.35,-0.58
2024-08-30,NIFTY500,25263.67,1.39
2024-09-02,NIFTY500,25221.47,-0.16999999999999998
2024-09-03,NIFTY500,25118.02,-0.41000000000000003
2024-09-04,NIFTY500,25067.76,-0.2
2024-09-05,NIFTY500,24923.71,-0.5700000000000001
2024-09-06,NIFTY500,24899.11,-0.1
2024-09-09,NIFTY500,24682.56,-0.8699999999999999
2024-09-10,NIFTY500,24571.86,-0.44999999999999996
2024-09-11,NIFTY500,24601.59,0.12
2024-09-12,NIFTY500,24958.0,1.4500000000000002
2024-09-13,NIFTY500,24961.05,0.01
2024-09-16,NIFTY500,24596.8,-1.46
2024-09-17,NIFTY500,24828.81,0.9400000000000001
2024-09-18,NIFTY500,25018.79,0.77
2024-09-19,NIFTY500,24857.0,-0.65
2024-09-20,NIFTY500,25043.56,0.75
2024-09-23,NIFTY500,25027.43,-0.06
2024-09-24,NIFTY500,25361.33,1.3299999999999998
2024-09-25,NIFTY500,25914.42,2.18
2024-09-26,NIFTY500,26019.04,0.4
2024-09-27,NIFTY500,26209.35,0.73
2024-09-30,NIFTY500,26596.2,1.48
2024-10-01,NIFTY500,26836.51,0.8999999999999999
2024-10-02,NIFTY500,26958.29,0.44999999999999996
2024-10-03,NIFTY500,26946.23,-0.04
2024-10-04,NIFTY500,26691.79,-0.9400000000000001
2024-10-07,NIFTY500,26640.36,-0.19
2024-10-08,NIFTY500,26598.69,-0.16
2024-10-09,NIFTY500,26617.47,0.06999999999999999
2024-10-10,NIFTY500,26204.2,-1.55
2024-10-11,NIFTY500,26134.54,-0.27
2024-10-14,NIFTY500,26088.37,-0.18
2024-10-15,NIFTY500,25783.18,-1.17
2024-10-16,NIFTY500,25889.05,0.41000000000000003
2024-10-17,NIFTY500,26114.95,0.8699999999999999
2024-10-18,NIFTY500,26127.48,0.05
2024-10-21,NIFTY500,25856.25,-1.04
2024-10-22,NIFTY500,25846.05,-0.04
2024-10-23,NIFTY500,26027.18,0.7000000000000001
2024-10-24,NIFTY500,26201.53,0.67
2024-10-25,NIFTY500,26204.27,0.01
2024-10-28,NIFTY500,26312.74,0.41000000000000003
2024-10-29,NIFTY500,26179.28,-0.51
2024-10-30,NIFTY500,26365.46,0.7100000000000001
2024-10-31,NIFTY500,26284.09,-0.31
2024-11-01,NIFTY500,26120.99,-0.62
2024-11-04,NIFTY500,26354.8,0.8999999999999999
2024-11-05,NIFTY500,26399.43,0.16999999999999998
2024-11-06,NIFTY500,26432.22,0.12
2024-11-07,NIFTY500,26570.64,0.52
2024-11-08,NIFTY500,26568.5,-0.01
2024-11-11,NIFTY500,26364.64,-0.77
2024-11-12,NIFTY500,26326.02,-0.15
2024-11-13,NIFTY500,25995.86,-1.25
2024-11-14,NIFTY500,26279.61,1.09
2024-11-15,NIFTY500,26037.24,-0.9199999999999999
2024-11-18,NIFTY500,26501.05,1.78
2024-11-19,NIFTY500,26330.86,-0.64
2024-11-20,NIFTY500,26488.04,0.6
2024-11-21,NIFTY500,26944.27,1.72
2024-11-22,NIFTY500,27020.38,0.27999999999999997
2024-11-25,NIFTY500,26957.63,-0.22999999999999998
2024-11-26,NIFTY500,26979.24,0.08
2024-11-27,NIFTY500,26787.95,-0.7100000000000001
2024-11-28,NIFTY500,26327.15,-1.72
2024-11-29,NIFTY500,26479.58,0.58
2024-12-02,NIFTY500,26024.02,-1.72
2024-12-03,NIFTY500,25725.11,-1.15
2024-12-04,NIFTY500,25751.46,0.1
2024-12-05,NIFTY500,25615.27,-0.53
2024-12-06,NIFTY500,25739.62,0.49
2024-12-09,NIFTY500,26118.64,1.47
2024-12-10,NIFTY500,26073.19,-0.16999999999999998
2024-12-11,NIFTY500,25947.15,-0.48
2024-12-12,NIFTY500,26368.59,1.6199999999999999
2024-12-13,NIFTY500,26541.71,0.66
2024-12-16,NIFTY500,26772.66,0.8699999999999999
2024-12-17,NIFTY500,26986.74,0.8
2024-12-18,NIFTY500,26942.01,-0.16999999999999998
2024-12-19,NIFTY500,26866.71,-0.27999999999999997
2024-12-20,NIFTY500,26656.09,-0.7799999999999999
2024-12-23,NIFTY500,26841.32,0.69
2024-12-24,NIFTY500,26946.6,0.38999999999999996
2024-12-25,NIFTY500,27114.54,0.62
2024-12-26,NIFTY500,26684.48,-1.59
2024-12-27,NIFTY500,26918.31,0.88
2024-12-30,NIFTY500,26823.28,-0.35000000000000003
2024-12-31,NIFTY500,26344.73,-1.78
2025-01-01,NIFTY500,26058.06,-1.09
2025-01-02,NIFTY500,25956.52,-0.38999999999999996
2025-01-03,NIFTY500,25806.28,-0.58
2025-01-06,NIFTY500,25822.49,0.06
2025-01-07,NIFTY500,25940.51,0.45999999999999996
2025-01-08,NIFTY500,25927.71,-0.05
2025-01-09,NIFTY500,25833.22,-0.36
2025-01-10,NIFTY500,25878.91,0.18
2025-01-13,NIFTY500,25927.87,0.19
2025-01-14,NIFTY500,26233.15,1.18
2025-01-15,NIFTY500,26105.68,-0.49
2025-01-16,NIFTY500,26093.57,-0.05
2025-01-17,NIFTY500,26489.21,1.52
2025-01-20,NIFTY500,26219.37,-1.02
2025-01-21,NIFTY500,26148.59,-0.27
2025-01-22,NIFTY500,25951.95,-0.75
2025-01-23,NIFTY500,25679.74,-1.05
2025-01-24,NIFTY500,25744.08,0.25
2025-01-27,NIFTY500,26061.36,1.23
2025-01-28,NIFTY500,26561.68,1.92
2025-01-29,NIFTY500,26565.52,0.01
2025-01-30,NIFTY500,26697.83,0.5
2025-01-31,NIFTY500,26839.46,0.53
2025-02-03,NIFTY500,26804.56,-0.13
2025-02-04,NIFTY500,27122.99,1.1900000000000002
2025-02-05,NIFTY500,27097.65,-0.09
2025-02-06,NIFTY500,27372.52,1.01
2025-02-07,NIFTY500,27300.66,-0.26
2025-02-10,NIFTY500,27038.39,-0.96
2025-02-11,NIFTY500,26793.34,-0.91
2025-02-12,NIFTY500,26427.25,-1.37
2025-02-13,NIFTY500,26737.16,1.17
2025-02-14,NIFTY500,27053.97,1.18
2025-02-17,NIFTY500,26897.95,-0.58
2025-02-18,NIFTY500,26659.64,-0.89
2025-02-19,NIFTY500,26491.39,-0.63
2025-02-20,NIFTY500,26546.7,0.21
2025-02-21,NIFTY500,26342.08,-0.77
2025-02-24,NIFTY500,26483.79,0.54
2025-02-25,NIFTY500,26426.49,-0.22
2025-02-26,NIFTY500,26694.04,1.01
2025-02-27,NIFTY500,26867.15,0.65
2025-02-28,NIFTY500,26616.33,-0.9299999999999999
2025-03-03,NIFTY500,26335.65,-1.05
2025-03-04,NIFTY500,26397.53,0.22999999999999998
2025-03-05,NIFTY500,26368.82,-0.11
2025-03-06,NIFTY500,26680.53,1.18
2025-03-07,NIFTY500,26786.23,0.4
2025-03-10,NIFTY500,26692.08,-0.35000000000000003
2025-03-11,NIFTY500,27104.84,1.55
2025-03-12,NIFTY500,27016.48,-0.33
2025-03-13,NIFTY500,26713.2,-1.1199999999999999
2025-03-14,NIFTY500,26678.52,-0.13
2025-03-17,NIFTY500,26503.29,-0.66
2025-03-18,NIFTY500,26748.86,0.9299999999999999
2025-03-19,NIFTY500,26497.45,-0.9400000000000001
2025-03-20,NIFTY500,26710.38,0.8
2025-03-21,NIFTY500,26662.84,-0.18
2025-03-24,NIFTY500,26306.34,-1.34
2025-03-25,NIFTY500,26419.06,0.43
2025-03-26,NIFTY500,26710.74,1.0999999999999999
2025-03-27,NIFTY500,26748.69,0.13999999999999999
2025-03-28,NIFTY500,26717.5,-0.12
2025-03-31,NIFTY500,27173.08,1.71
2025-04-01,NIFTY500,27476.34,1.1199999999999999
2025-04-02,NIFTY500,27678.13,0.73
2025-04-03,NIFTY500,27205.67,-1.71
2025-04-04,NIFTY500,27052.7,-0.5599999999999999
2025-04-07,NIFTY500,27015.71,-0.13999999999999999
2025-04-08,NIFTY500,27140.28,0.45999999999999996
2025-04-09,NIFTY500,27369.71,0.8500000000000001
2025-04-10,NIFTY500,27133.46,-0.86
2025-04-11,NIFTY500,27286.56,0.5599999999999999
2025-04-14,NIFTY500,27021.71,-0.97
2025-04-15,NIFTY500,27205.69,0.6799999999999999
2025-04-16,NIFTY500,26956.24,-0.9199999999999999
2025-04-17,NIFTY500,27267.31,1.15
2025-04-18,NIFTY500,27342.64,0.27999999999999997
2025-04-21,NIFTY500,27264.24,-0.29
2025-04-22,NIFTY500,27351.45,0.32
2025-04-23,NIFTY500,27208.05,-0.52
2025-04-24,NIFTY500,27227.52,0.06999999999999999
2025-04-25,NIFTY500,27002.82,-0.83
2025-04-28,NIFTY500,27087.54,0.31
2025-04-29,NIFTY500,27041.23,-0.16999999999999998
2025-04-30,NIFTY500,27005.98,-0.13
2025-05-01,NIFTY500,27009.92,0.01
2025-05-02,NIFTY500,26812.7,-0.73
2025-05-05,NIFTY500,27322.68,1.9
2025-05-06,NIFTY500,27287.59,-0.13
2025-05-07,NIFTY500,27567.51,1.03
2025-05-08,NIFTY500,27299.92,-0.97
2025-05-09,NIFTY500,26776.39,-1.92
2025-05-12,NIFTY500,26851.04,0.27999999999999997
2025-05-13,NIFTY500,27118.65,1.0
2025-05-14,NIFTY500,27424.98,1.13
2025-05-15,NIFTY500,27666.01,0.88
2025-05-16,NIFTY500,27628.78,-0.13
2025-05-19,NIFTY500,27783.79,0.5599999999999999
2025-05-20,NIFTY500,27642.52,-0.51
2025-05-21,NIFTY500,27507.92,-0.49
2025-05-22,NIFTY500,27575.33,0.25
2025-05-23,NIFTY500,27647.3,0.26
2025-05-26,NIFTY500,27532.55,-0.42
2025-05-27,NIFTY500,27591.11,0.21
2025-05-28,NIFTY500,27884.64,1.06
2025-05-29,NIFTY500,27681.69,-0.73
2025-05-30,NIFTY500,27860.87,0.65
2025-06-02,NIFTY500,27541.89,-1.1400000000000001
2025-06-03,NIFTY500,27150.64,-1.4200000000000002
2025-06-04,NIFTY500,27237.26,0.32
2025-06-05,NIFTY500,27235.8,-0.01
2025-06-06,NIFTY500,27277.58,0.15
2025-06-09,NIFTY500,27315.52,0.13999999999999999
2025-06-10,NIFTY500,27561.0,0.8999999999999999
2025-06-11,NIFTY500,27704.88,0.52
2025-06-12,NIFTY500,27833.91,0.47000000000000003
2025-06-13,NIFTY500,28190.11,1.28
2025-06-16,NIFTY500,28430.19,0.8500000000000001
2025-06-17,NIFTY500,28489.93,0.21
2025-06-18,NIFTY500,28771.25,0.9900000000000001
2025-06-19,NIFTY500,28716.16,-0.19
2025-06-20,NIFTY500,28667.87,-0.16999999999999998
2025-06-23,NIFTY500,29017.15,1.22
2025-06-24,NIFTY500,28974.0,-0.15
2025-06-25,NIFTY500,29092.64,0.41000000000000003
2025-06-26,NIFTY500,29198.08,0.36
2025-06-27,NIFTY500,29253.13,0.19
2025-06-30,NIFTY500,29736.7,1.6500000000000001
2025-07-01,NIFTY500,29719.76,-0.06
2025-07-02,NIFTY500,30203.76,1.63
2025-07-03,NIFTY500,29934.06,-0.89
2025-07-04,NIFTY500,29937.0,0.01
2025-07-07,NIFTY500,29889.19,-0.16
2025-07-08,NIFTY500,30109.66,0.74
2025-07-09,NIFTY500,29766.78,-1.1400000000000001
2025-07-10,NIFTY500,29882.58,0.38999999999999996
2025-07-11,NIFTY500,30142.84,0.8699999999999999
2025-07-14,NIFTY500,30071.5,-0.24
2025-07-15,NIFTY500,29922.59,-0.5
2025-07-16,NIFTY500,29776.37,-0.49
2025-07-17,NIFTY500,29921.89,0.49
2025-07-18,NIFTY500,29521.59,-1.34
2025-07-21,NIFTY500,29197.94,-1.0999999999999999
2025-07-22,NIFTY500,29234.5,0.13
2025-07-23,NIFTY500,29400.68,0.5700000000000001
2025-07-24,NIFTY500,29487.34,0.29
2025-07-25,NIFTY500,29659.41,0.58
2025-07-28,NIFTY500,29401.97,-0.8699999999999999
2025-07-29,NIFTY500,28967.05,-1.48
2025-07-30,NIFTY500,29208.54,0.83
2025-07-31,NIFTY500,28898.71,-1.06
2025-08-01,NIFTY500,29045.22,0.51
2025-08-04,NIFTY500,28595.25,-1.55
2025-08-05,NIFTY500,28781.28,0.65
2025-08-06,NIFTY500,28795.69,0.05
2025-08-07,NIFTY500,29076.24,0.97
2025-08-08,NIFTY500,29295.23,0.75
2025-08-11,NIFTY500,29221.28,-0.25
2025-08-12,NIFTY500,29095.57,-0.43
2025-08-13,NIFTY500,29191.85,0.33
2025-08-14,NIFTY500,29078.0,-0.38999999999999996
2025-08-15,NIFTY500,28264.29,-2.8000000000000003
2025-08-18,NIFTY500,28208.95,-0.2
2025-08-19,NIFTY500,28010.11,-0.7000000000000001
2025-08-20,NIFTY500,27892.58,-0.42
2025-08-21,NIFTY500,27980.22,0.31
2025-08-22,NIFTY500,28302.75,1.15
2025-08-25,NIFTY500,28780.02,1.69
2025-08-26,NIFTY500,28919.48,0.48
2025-08-27,NIFTY500,28782.96,-0.47000000000000003
2025-08-28,NIFTY500,29045.06,0.91
2025-08-29,NIFTY500,28675.37,-1.27
2025-09-01,NIFTY500,28515.93,-0.5599999999999999
2025-09-02,NIFTY500,28472.92,-0.15
2025-09-03,NIFTY500,28007.99,-1.63
2025-09-04,NIFTY500,28083.53,0.27
2025-09-05,NIFTY500,27895.02,-0.67
2025-09-08,NIFTY500,27969.82,0.27
2025-09-09,NIFTY500,27918.76,-0.18
2025-09-10,NIFTY500,27726.67,-0.69
2025-09-11,NIFTY500,27497.61,-0.83
2025-09-12,NIFTY500,27500.06,0.01
2025-09-15,NIFTY500,27690.7,0.69
2025-09-16,NIFTY500,27875.06,0.67
2025-09-17,NIFTY500,27961.73,0.31
2025-09-18,NIFTY500,28117.79,0.5599999999999999
2025-09-19,NIFTY500,28150.75,0.12
2025-09-22,NIFTY500,28002.35,-0.53
2025-09-23,NIFTY500,28365.97,1.3
2025-09-24,NIFTY500,28217.1,-0.52
2025-09-25,NIFTY500,28626.77,1.4500000000000002
2025-09-26,NIFTY500,28802.72,0.61
2025-09-29,NIFTY500,28753.36,-0.16999999999999998
2025-09-30,NIFTY500,28444.08,-1.08
2025-10-01,NIFTY500,28543.42,0.35000000000000003
2025-10-02,NIFTY500,28546.17,0.01
2025-10-03,NIFTY500,28868.18,1.13
2025-10-06,NIFTY500,28619.76,-0.86
2025-10-07,NIFTY500,28902.69,0.9900000000000001
2025-10-08,NIFTY500,29296.19,1.3599999999999999
2025-10-09,NIFTY500,29125.95,-0.58
2025-10-10,NIFTY500,29331.25,0.7000000000000001
2025-10-13,NIFTY500,29711.93,1.3
2025-10-14,NIFTY500,30086.24,1.26
2025-10-15,NIFTY500,30382.49,0.98
2025-10-16,NIFTY500,30862.74,1.58
2025-10-17,NIFTY500,30896.85,0.11
2025-10-20,NIFTY500,30900.56,0.01
2025-10-21,NIFTY500,31347.36,1.4500000000000002
2025-10-22,NIFTY500,30717.62,-2.01
2025-10-23,NIFTY500,30656.38,-0.2
2025-10-24,NIFTY500,30452.17,-0.67
2025-10-27,NIFTY500,30479.11,0.09
2025-10-28,NIFTY500,30607.19,0.42
2025-10-29,NIFTY500,30781.96,0.5700000000000001
2025-10-30,NIFTY500,30819.15,0.12
2025-10-31,NIFTY500,30881.97,0.2
2025-11-03,NIFTY500,31163.15,0.91
2025-11-04,NIFTY500,31022.5,-0.44999999999999996
2025-11-05,NIFTY500,30944.33,-0.25
2025-11-06,NIFTY500,30711.38,-0.75
2025-11-07,NIFTY500,30723.73,0.04
2025-11-10,NIFTY500,30303.1,-1.37
2025-11-11,NIFTY500,30668.24,1.2
2025-11-12,NIFTY500,30900.17,0.76
2025-11-13,NIFTY500,30649.55,-0.8099999999999999
2025-11-14,NIFTY500,31001.26,1.15
2025-11-17,NIFTY500,30944.57,-0.18
2025-11-18,NIFTY500,30769.7,-0.5700000000000001
2025-11-19,NIFTY500,30887.19,0.38
2025-11-20,NIFTY500,30456.38,-1.39
2025-11-21,NIFTY500,30379.16,-0.25
2025-11-24,NIFTY500,30494.98,0.38
2025-11-25,NIFTY500,30994.15,1.6400000000000001
2025-11-26,NIFTY500,30664.05,-1.0699999999999998
2025-11-27,NIFTY500,30358.88,-1.0
2025-11-28,NIFTY500,30310.29,-0.16
2025-12-01,NIFTY500,30239.55,-0.22999999999999998
2025-12-02,NIFTY500,30465.1,0.75
2025-12-03,NIFTY500,30892.98,1.4000000000000001
2025-12-04,NIFTY500,31190.19,0.96
2025-12-05,NIFTY500,31085.07,-0.33999999999999997
2025-12-08,NIFTY500,31501.78,1.34
2025-12-09,NIFTY500,31496.69,-0.02
2025-12-10,NIFTY500,31657.41,0.51
2025-12-11,NIFTY500,31791.03,0.42
2025-12-12,NIFTY500,31933.17,0.44999999999999996
2025-12-15,NIFTY500,32196.83,0.83
2025-12-16,NIFTY500,32443.13,0.76
2025-12-17,NIFTY500,32668.27,0.69
2025-12-18,NIFTY500,32534.25,-0.41000000000000003
2025-12-19,NIFTY500,32302.55,-0.7100000000000001
2025-12-22,NIFTY500,32532.07,0.7100000000000001
2025-12-23,NIFTY500,32645.1,0.35000000000000003
2025-12-24,NIFTY500,32916.02,0.83
2025-12-25,NIFTY500,32798.95,-0.36
2025-12-26,NIFTY500,33031.2,0.7100000000000001
2025-12-29,NIFTY500,32959.96,-0.22
2025-12-30,NIFTY500,32870.98,-0.27
2025-12-31,NIFTY500,33230.1,1.09
2026-01-01,NIFTY500,33571.28,1.03
2026-01-02,NIFTY500,33653.42,0.24
2026-01-05,NIFTY500,33568.07,-0.25
2026-01-06,NIFTY500,33560.81,-0.02
2026-01-07,NIFTY500,33621.87,0.18
2026-01-08,NIFTY500,33524.45,-0.29
2026-01-09,NIFTY500,33637.11,0.33999999999999997
2026-01-12,NIFTY500,33504.72,-0.38999999999999996
2026-01-13,NIFTY500,33984.43,1.43
2026-01-14,NIFTY500,33412.5,-1.68
2026-01-15,NIFTY500,33243.44,-0.51
2026-01-16,NIFTY500,33488.11,0.74
2026-01-19,NIFTY500,33974.62,1.4500000000000002
2026-01-20,NIFTY500,33813.26,-0.47000000000000003
2026-01-21,NIFTY500,33762.06,-0.15
2026-01-22,NIFTY500,33916.67,0.45999999999999996
2026-01-23,NIFTY500,34083.98,0.49
2026-01-26,NIFTY500,34142.45,0.16999999999999998
2026-01-27,NIFTY500,34396.06,0.74
2026-01-28,NIFTY500,34503.72,0.31
2026-01-29,NIFTY500,34617.89,0.33
2026-01-30,NIFTY500,35118.14,1.4500000000000002
2026-02-02,NIFTY500,35084.87,-0.09
2026-02-03,NIFTY500,35028.32,-0.16
2026-02-04,NIFTY500,34952.53,-0.22
2026-02-05,NIFTY500,34789.12,-0.47000000000000003
2026-02-06,NIFTY500,34771.71,-0.05
2026-02-09,NIFTY500,34601.37,-0.49
2026-02-10,NIFTY500,34760.46,0.45999999999999996
2026-02-11,NIFTY500,34924.42,0.47000000000000003
2026-02-12,NIFTY500,35017.03,0.27
2026-02-13,NIFTY500,35158.47,0.4
2026-02-16,NIFTY500,35429.45,0.77
2026-02-17,NIFTY500,35128.61,-0.8500000000000001
2026-02-18,NIFTY500,35231.41,0.29
2026-02-19,NIFTY500,35752.53,1.48
2026-02-20,NIFTY500,35603.65,-0.42
2026-02-23,NIFTY500,36418.15,2.29
2026-02-24,NIFTY500,36339.84,-0.22
2026-02-25,NIFTY500,36438.27,0.27
2026-02-26,NIFTY500,36551.17,0.31
2026-02-27,NIFTY500,36111.37,-1.2
2026-03-02,NIFTY500,35876.16,-0.65
2026-03-03,NIFTY500,36104.36,0.64
2026-03-04,NIFTY500,36049.18,-0.15
2026-03-05,NIFTY500,35792.23,-0.7100000000000001
2026-03-06,NIFTY500,36196.72,1.13
2026-03-09,NIFTY500,36314.15,0.32
2026-03-10,NIFTY500,36287.63,-0.06999999999999999
2026-03-11,NIFTY500,37045.24,2.09
2026-03-12,NIFTY500,36739.01,-0.83
2026-03-13,NIFTY500,36424.66,-0.86
2026-03-16,NIFTY500,36315.8,-0.3
2026-03-17,NIFTY500,36424.03,0.3
2026-03-18,NIFTY500,36588.4,0.44999999999999996
2026-03-19,NIFTY500,36373.23,-0.59
2026-03-20,NIFTY500,35947.96,-1.17
2026-03-23,NIFTY500,36152.24,0.5700000000000001
2026-03-24,NIFTY500,36030.26,-0.33999999999999997
2026-03-25,NIFTY500,36051.39,0.06
2026-03-26,NIFTY500,36097.46,0.13
2026-03-27,NIFTY500,36421.99,0.8999999999999999
2026-03-30,NIFTY500,36276.4,-0.4
2026-03-31,NIFTY500,36807.25,1.46
2026-04-01,NIFTY500,36778.65,-0.08
2026-04-02,NIFTY500,36364.63,-1.13
2026-04-03,NIFTY500,36061.37,-0.83
2026-04-06,NIFTY500,35746.47,-0.8699999999999999
2026-04-07,NIFTY500,35535.93,-0.59
2026-04-08,NIFTY500,35635.3,0.27999999999999997
2026-04-09,NIFTY500,35971.46,0.9400000000000001
2026-04-10,NIFTY500,35291.81,-1.8900000000000001
2026-04-13,NIFTY500,35589.83,0.84
2026-04-14,NIFTY500,36054.78,1.31
2026-04-15,NIFTY500,36731.91,1.8800000000000001
2026-04-16,NIFTY500,36887.15,0.42
2026-04-17,NIFTY500,36331.91,-1.51
2026-04-20,NIFTY500,35922.39,-1.13
2026-04-21,NIFTY500,36224.88,0.84
2026-04-22,NIFTY500,36273.42,0.13
2026-04-23,NIFTY500,36091.04,-0.5
2026-04-24,NIFTY500,35637.61,-1.26
2026-04-27,NIFTY500,35319.08,-0.89
2026-04-28,NIFTY500,35501.26,0.52
2026-04-29,NIFTY500,35669.99,0.48
2026-04-30,NIFTY500,35993.84,0.91
2026-05-01,NIFTY500,36434.05,1.22
2026-05-04,NIFTY500,36171.78,-0.72
2026-05-05,NIFTY500,36486.19,0.8699999999999999
2026-05-06,NIFTY500,36266.94,-0.6
2026-05-07,NIFTY500,36245.67,-0.06
2026-05-08,NIFTY500,36030.83,-0.59
2026-05-11,NIFTY500,36295.09,0.73
2026-05-12,NIFTY500,36128.67,-0.45999999999999996
2026-05-13,NIFTY500,36354.36,0.62
2026-05-14,NIFTY500,36527.04,0.47000000000000003
2026-05-15,NIFTY500,36914.79,1.06
2026-05-18,NIFTY500,37124.71,0.5700000000000001
2026-05-19,NIFTY500,37761.23,1.71
2026-05-20,NIFTY500,37567.22,-0.51
2026-05-21,NIFTY500,37851.06,0.76
2026-05-22,NIFTY500,38004.83,0.41000000000000003
2026-05-25,NIFTY500,37772.25,-0.61
2026-05-26,NIFTY500,38111.96,0.8999999999999999
2026-05-27,NIFTY500,38418.87,0.8099999999999999
2026-05-28,NIFTY500,38220.66,-0.52
2026-05-29,NIFTY500,37680.76,-1.41
2022-01-03,NIFTY_MIDCAP150,9721.79,
2022-01-04,NIFTY_MIDCAP150,9954.23,2.39
2022-01-05,NIFTY_MIDCAP150,9859.05,-0.96
2022-01-06,NIFTY_MIDCAP150,9787.54,-0.73
2022-01-07,NIFTY_MIDCAP150,9803.31,0.16
2022-01-10,NIFTY_MIDCAP150,9844.45,0.42
2022-01-11,NIFTY_MIDCAP150,9791.21,-0.54
2022-01-12,NIFTY_MIDCAP150,9876.14,0.8699999999999999
2022-01-13,NIFTY_MIDCAP150,9873.26,-0.03
2022-01-14,NIFTY_MIDCAP150,10002.73,1.31
2022-01-17,NIFTY_MIDCAP150,9933.58,-0.69
2022-01-18,NIFTY_MIDCAP150,9843.49,-0.91
2022-01-19,NIFTY_MIDCAP150,9827.96,-0.16
2022-01-20,NIFTY_MIDCAP150,9817.39,-0.11
2022-01-21,NIFTY_MIDCAP150,9724.35,-0.95
2022-01-24,NIFTY_MIDCAP150,9742.25,0.18
2022-01-25,NIFTY_MIDCAP150,9676.3,-0.6799999999999999
2022-01-26,NIFTY_MIDCAP150,9893.28,2.2399999999999998
2022-01-27,NIFTY_MIDCAP150,9892.88,-0.0
2022-01-28,NIFTY_MIDCAP150,9940.6,0.48
2022-01-31,NIFTY_MIDCAP150,9807.35,-1.34
2022-02-01,NIFTY_MIDCAP150,9874.99,0.69
2022-02-02,NIFTY_MIDCAP150,9791.4,-0.8500000000000001
2022-02-03,NIFTY_MIDCAP150,9899.67,1.11
2022-02-04,NIFTY_MIDCAP150,9734.45,-1.67
2022-02-07,NIFTY_MIDCAP150,9737.12,0.03
2022-02-08,NIFTY_MIDCAP150,9858.09,1.24
2022-02-09,NIFTY_MIDCAP150,9884.01,0.26
2022-02-10,NIFTY_MIDCAP150,9874.6,-0.1
2022-02-11,NIFTY_MIDCAP150,10031.8,1.59
2022-02-14,NIFTY_MIDCAP150,9945.15,-0.86
2022-02-15,NIFTY_MIDCAP150,9820.24,-1.26
2022-02-16,NIFTY_MIDCAP150,9710.87,-1.11
2022-02-17,NIFTY_MIDCAP150,9606.86,-1.0699999999999998
2022-02-18,NIFTY_MIDCAP150,9658.37,0.54
2022-02-21,NIFTY_MIDCAP150,9631.55,-0.27999999999999997
2022-02-22,NIFTY_MIDCAP150,9745.75,1.1900000000000002
2022-02-23,NIFTY_MIDCAP150,9803.0,0.59
2022-02-24,NIFTY_MIDCAP150,9849.92,0.48
2022-02-25,NIFTY_MIDCAP150,9664.02,-1.8900000000000001
2022-02-28,NIFTY_MIDCAP150,9733.14,0.72
2022-03-01,NIFTY_MIDCAP150,9878.28,1.49
2022-03-02,NIFTY_MIDCAP150,9896.16,0.18
2022-03-03,NIFTY_MIDCAP150,9794.5,-1.03
2022-03-04,NIFTY_MIDCAP150,9629.72,-1.68
2022-03-07,NIFTY_MIDCAP150,9745.27,1.2
2022-03-08,NIFTY_MIDCAP150,9762.76,0.18
2022-03-09,NIFTY_MIDCAP150,9619.52,-1.47
2022-03-10,NIFTY_MIDCAP150,9667.41,0.5
2022-03-11,NIFTY_MIDCAP150,9671.17,0.04
2022-03-14,NIFTY_MIDCAP150,9853.29,1.8800000000000001
2022-03-15,NIFTY_MIDCAP150,9769.94,-0.8500000000000001
2022-03-16,NIFTY_MIDCAP150,9817.55,0.49
2022-03-17,NIFTY_MIDCAP150,9956.83,1.4200000000000002
2022-03-18,NIFTY_MIDCAP150,10015.42,0.59
2022-03-21,NIFTY_MIDCAP150,10003.95,-0.11
2022-03-22,NIFTY_MIDCAP150,9972.09,-0.32
2022-03-23,NIFTY_MIDCAP150,9943.17,-0.29
2022-03-24,NIFTY_MIDCAP150,9892.43,-0.51
2022-03-25,NIFTY_MIDCAP150,9820.37,-0.73
2022-03-28,NIFTY_MIDCAP150,9954.12,1.3599999999999999
2022-03-29,NIFTY_MIDCAP150,10079.59,1.26
2022-03-30,NIFTY_MIDCAP150,10169.59,0.89
2022-03-31,NIFTY_MIDCAP150,10201.64,0.32
2022-04-01,NIFTY_MIDCAP150,10229.89,0.27999999999999997
2022-04-04,NIFTY_MIDCAP150,10056.36,-1.7000000000000002
2022-04-05,NIFTY_MIDCAP150,10142.53,0.86
2022-04-06,NIFTY_MIDCAP150,10150.44,0.08
2022-04-07,NIFTY_MIDCAP150,10019.96,-1.29
2022-04-08,NIFTY_MIDCAP150,10146.23,1.26
2022-04-11,NIFTY_MIDCAP150,10134.08,-0.12
2022-04-12,NIFTY_MIDCAP150,10227.08,0.9199999999999999
2022-04-13,NIFTY_MIDCAP150,10284.67,0.5599999999999999
2022-04-14,NIFTY_MIDCAP150,10186.01,-0.96
2022-04-15,NIFTY_MIDCAP150,10279.11,0.91
2022-04-18,NIFTY_MIDCAP150,10208.04,-0.69
2022-04-19,NIFTY_MIDCAP150,10023.58,-1.81
2022-04-20,NIFTY_MIDCAP150,10114.81,0.91
2022-04-21,NIFTY_MIDCAP150,10144.26,0.29
2022-04-22,NIFTY_MIDCAP150,10163.64,0.19
2022-04-25,NIFTY_MIDCAP150,10257.69,0.9299999999999999
2022-04-26,NIFTY_MIDCAP150,10131.6,-1.23
2022-04-27,NIFTY_MIDCAP150,10029.2,-1.01
2022-04-28,NIFTY_MIDCAP150,9909.79,-1.1900000000000002
2022-04-29,NIFTY_MIDCAP150,9863.14,-0.47000000000000003
2022-05-02,NIFTY_MIDCAP150,9906.82,0.44
2022-05-03,NIFTY_MIDCAP150,10144.9,2.4
2022-05-04,NIFTY_MIDCAP150,10123.45,-0.21
2022-05-05,NIFTY_MIDCAP150,10148.68,0.25
2022-05-06,NIFTY_MIDCAP150,9992.14,-1.54
2022-05-09,NIFTY_MIDCAP150,9936.43,-0.5599999999999999
2022-05-10,NIFTY_MIDCAP150,9713.54,-2.2399999999999998
2022-05-11,NIFTY_MIDCAP150,9974.15,2.68
2022-05-12,NIFTY_MIDCAP150,9768.68,-2.06
2022-05-13,NIFTY_MIDCAP150,9717.68,-0.52
2022-05-16,NIFTY_MIDCAP150,9708.02,-0.1
2022-05-17,NIFTY_MIDCAP150,9910.95,2.09
2022-05-18,NIFTY_MIDCAP150,9942.45,0.32
2022-05-19,NIFTY_MIDCAP150,9791.56,-1.52
2022-05-20,NIFTY_MIDCAP150,9764.3,-0.27999999999999997
2022-05-23,NIFTY_MIDCAP150,9777.26,0.13
2022-05-24,NIFTY_MIDCAP150,9712.12,-0.67
2022-05-25,NIFTY_MIDCAP150,9636.84,-0.7799999999999999
2022-05-26,NIFTY_MIDCAP150,9554.26,-0.86
2022-05-27,NIFTY_MIDCAP150,9475.47,-0.8200000000000001
2022-05-30,NIFTY_MIDCAP150,9381.9,-0.9900000000000001
2022-05-31,NIFTY_MIDCAP150,9292.94,-0.95
2022-06-01,NIFTY_MIDCAP150,9262.6,-0.33
2022-06-02,NIFTY_MIDCAP150,9345.89,0.8999999999999999
2022-06-03,NIFTY_MIDCAP150,9216.09,-1.39
2022-06-06,NIFTY_MIDCAP150,9135.72,-0.8699999999999999
2022-06-07,NIFTY_MIDCAP150,9145.49,0.11
2022-06-08,NIFTY_MIDCAP150,9203.88,0.64
2022-06-09,NIFTY_MIDCAP150,9363.82,1.7399999999999998
2022-06-10,NIFTY_MIDCAP150,9443.04,0.8500000000000001
2022-06-13,NIFTY_MIDCAP150,9463.63,0.22
2022-06-14,NIFTY_MIDCAP150,9464.46,0.01
2022-06-15,NIFTY_MIDCAP150,9455.05,-0.1
2022-06-16,NIFTY_MIDCAP150,9334.81,-1.27
2022-06-17,NIFTY_MIDCAP150,9380.43,0.49
2022-06-20,NIFTY_MIDCAP150,9337.91,-0.44999999999999996
2022-06-21,NIFTY_MIDCAP150,9357.74,0.21
2022-06-22,NIFTY_MIDCAP150,9262.84,-1.01
2022-06-23,NIFTY_MIDCAP150,9256.79,-0.06999999999999999
2022-06-24,NIFTY_MIDCAP150,9163.59,-1.01
2022-06-27,NIFTY_MIDCAP150,9222.81,0.65
2022-06-28,NIFTY_MIDCAP150,9199.52,-0.25
2022-06-29,NIFTY_MIDCAP150,9221.5,0.24
2022-06-30,NIFTY_MIDCAP150,9179.32,-0.45999999999999996
2022-07-01,NIFTY_MIDCAP150,9254.75,0.8200000000000001
2022-07-04,NIFTY_MIDCAP150,9295.78,0.44
2022-07-05,NIFTY_MIDCAP150,9211.53,-0.91
2022-07-06,NIFTY_MIDCAP150,9119.79,-1.0
2022-07-07,NIFTY_MIDCAP150,9213.66,1.03
2022-07-08,NIFTY_MIDCAP150,8980.6,-2.53
2022-07-11,NIFTY_MIDCAP150,9125.44,1.6099999999999999
2022-07-12,NIFTY_MIDCAP150,9053.99,-0.7799999999999999
2022-07-13,NIFTY_MIDCAP150,9124.04,0.77
2022-07-14,NIFTY_MIDCAP150,9166.32,0.45999999999999996
2022-07-15,NIFTY_MIDCAP150,9132.0,-0.37
2022-07-18,NIFTY_MIDCAP150,9166.8,0.38
2022-07-19,NIFTY_MIDCAP150,9176.51,0.11
2022-07-20,NIFTY_MIDCAP150,9259.94,0.91
2022-07-21,NIFTY_MIDCAP150,9182.66,-0.83
2022-07-22,NIFTY_MIDCAP150,9255.87,0.8
2022-07-25,NIFTY_MIDCAP150,9058.19,-2.1399999999999997
2022-07-26,NIFTY_MIDCAP150,9121.97,0.7000000000000001
2022-07-27,NIFTY_MIDCAP150,9125.24,0.04
2022-07-28,NIFTY_MIDCAP150,9177.54,0.5700000000000001
2022-07-29,NIFTY_MIDCAP150,9243.75,0.72
2022-08-01,NIFTY_MIDCAP150,9400.94,1.7000000000000002
2022-08-02,NIFTY_MIDCAP150,9417.04,0.16999999999999998
2022-08-03,NIFTY_MIDCAP150,9327.66,-0.95
2022-08-04,NIFTY_MIDCAP150,9524.35,2.11
2022-08-05,NIFTY_MIDCAP150,9566.41,0.44
2022-08-08,NIFTY_MIDCAP150,9663.72,1.02
2022-08-09,NIFTY_MIDCAP150,9624.67,-0.4
2022-08-10,NIFTY_MIDCAP150,9584.78,-0.41000000000000003
2022-08-11,NIFTY_MIDCAP150,9603.1,0.19
2022-08-12,NIFTY_MIDCAP150,9667.97,0.6799999999999999
2022-08-15,NIFTY_MIDCAP150,9704.15,0.37
2022-08-16,NIFTY_MIDCAP150,9601.26,-1.06
2022-08-17,NIFTY_MIDCAP150,9774.39,1.7999999999999998
2022-08-18,NIFTY_MIDCAP150,9649.15,-1.28
2022-08-19,NIFTY_MIDCAP150,9691.39,0.44
2022-08-22,NIFTY_MIDCAP150,9700.27,0.09
2022-08-23,NIFTY_MIDCAP150,9988.6,2.97
2022-08-24,NIFTY_MIDCAP150,9945.85,-0.43
2022-08-25,NIFTY_MIDCAP150,9814.76,-1.32
2022-08-26,NIFTY_MIDCAP150,9893.68,0.8
2022-08-29,NIFTY_MIDCAP150,9843.74,-0.5
2022-08-30,NIFTY_MIDCAP150,9969.54,1.28
2022-08-31,NIFTY_MIDCAP150,10075.44,1.06
2022-09-01,NIFTY_MIDCAP150,10162.9,0.8699999999999999
2022-09-02,NIFTY_MIDCAP150,10080.16,-0.8099999999999999
2022-09-05,NIFTY_MIDCAP150,10185.96,1.05
2022-09-06,NIFTY_MIDCAP150,10462.37,2.71
2022-09-07,NIFTY_MIDCAP150,10424.04,-0.37
2022-09-08,NIFTY_MIDCAP150,10407.45,-0.16
2022-09-09,NIFTY_MIDCAP150,10397.42,-0.1
2022-09-12,NIFTY_MIDCAP150,10368.33,-0.27999999999999997
2022-09-13,NIFTY_MIDCAP150,10391.07,0.22
2022-09-14,NIFTY_MIDCAP150,10400.07,0.09
2022-09-15,NIFTY_MIDCAP150,10399.81,-0.0
2022-09-16,NIFTY_MIDCAP150,10302.19,-0.9400000000000001
2022-09-19,NIFTY_MIDCAP150,10448.81,1.4200000000000002
2022-09-20,NIFTY_MIDCAP150,10499.98,0.49
2022-09-21,NIFTY_MIDCAP150,10622.83,1.17
2022-09-22,NIFTY_MIDCAP150,10701.85,0.74
2022-09-23,NIFTY_MIDCAP150,10390.8,-2.91
2022-09-26,NIFTY_MIDCAP150,10504.55,1.09
2022-09-27,NIFTY_MIDCAP150,10608.35,0.9900000000000001
2022-09-28,NIFTY_MIDCAP150,10644.04,0.33999999999999997
2022-09-29,NIFTY_MIDCAP150,10916.17,2.56
2022-09-30,NIFTY_MIDCAP150,11053.32,1.26
2022-10-03,NIFTY_MIDCAP150,11187.51,1.21
2022-10-04,NIFTY_MIDCAP150,10980.96,-1.8499999999999999
2022-10-05,NIFTY_MIDCAP150,11156.66,1.6
2022-10-06,NIFTY_MIDCAP150,11249.84,0.84
2022-10-07,NIFTY_MIDCAP150,11087.15,-1.4500000000000002
2022-10-10,NIFTY_MIDCAP150,11134.51,0.43
2022-10-11,NIFTY_MIDCAP150,10930.32,-1.83
2022-10-12,NIFTY_MIDCAP150,11022.46,0.84
2022-10-13,NIFTY_MIDCAP150,11052.19,0.27
2022-10-14,NIFTY_MIDCAP150,10984.46,-0.61
2022-10-17,NIFTY_MIDCAP150,11079.72,0.8699999999999999
2022-10-18,NIFTY_MIDCAP150,10991.99,-0.79
2022-10-19,NIFTY_MIDCAP150,11013.96,0.2
2022-10-20,NIFTY_MIDCAP150,11160.19,1.3299999999999998
2022-10-21,NIFTY_MIDCAP150,11124.26,-0.32
2022-10-24,NIFTY_MIDCAP150,11012.02,-1.01
2022-10-25,NIFTY_MIDCAP150,11156.21,1.31
2022-10-26,NIFTY_MIDCAP150,11177.36,0.19
2022-10-27,NIFTY_MIDCAP150,11442.01,2.37
2022-10-28,NIFTY_MIDCAP150,11516.82,0.65
2022-10-31,NIFTY_MIDCAP150,11624.26,0.9299999999999999
2022-11-01,NIFTY_MIDCAP150,11679.69,0.48
2022-11-02,NIFTY_MIDCAP150,11761.12,0.7000000000000001
2022-11-03,NIFTY_MIDCAP150,11850.16,0.76
2022-11-04,NIFTY_MIDCAP150,11949.23,0.84
2022-11-07,NIFTY_MIDCAP150,11806.28,-1.2
2022-11-08,NIFTY_MIDCAP150,11699.3,-0.91
2022-11-09,NIFTY_MIDCAP150,11794.88,0.8200000000000001
2022-11-10,NIFTY_MIDCAP150,11814.8,0.16999999999999998
2022-11-11,NIFTY_MIDCAP150,11720.43,-0.8
2022-11-14,NIFTY_MIDCAP150,11767.97,0.41000000000000003
2022-11-15,NIFTY_MIDCAP150,11992.88,1.91
2022-11-16,NIFTY_MIDCAP150,12026.56,0.27999999999999997
2022-11-17,NIFTY_MIDCAP150,12091.91,0.54
2022-11-18,NIFTY_MIDCAP150,12162.05,0.58
2022-11-21,NIFTY_MIDCAP150,12085.84,-0.63
2022-11-22,NIFTY_MIDCAP150,12086.57,0.01
2022-11-23,NIFTY_MIDCAP150,11811.16,-2.2800000000000002
2022-11-24,NIFTY_MIDCAP150,11692.8,-1.0
2022-11-25,NIFTY_MIDCAP150,11689.79,-0.03
2022-11-28,NIFTY_MIDCAP150,11540.22,-1.28
2022-11-29,NIFTY_MIDCAP150,11544.89,0.04
2022-11-30,NIFTY_MIDCAP150,11513.49,-0.27
2022-12-01,NIFTY_MIDCAP150,11695.01,1.58
2022-12-02,NIFTY_MIDCAP150,11974.0,2.39
2022-12-05,NIFTY_MIDCAP150,11974.01,0.0
2022-12-06,NIFTY_MIDCAP150,12032.93,0.49
2022-12-07,NIFTY_MIDCAP150,12206.9,1.4500000000000002
2022-12-08,NIFTY_MIDCAP150,12213.89,0.06
2022-12-09,NIFTY_MIDCAP150,12280.09,0.54
2022-12-12,NIFTY_MIDCAP150,12095.25,-1.51
2022-12-13,NIFTY_MIDCAP150,12174.02,0.65
2022-12-14,NIFTY_MIDCAP150,12359.38,1.52
2022-12-15,NIFTY_MIDCAP150,12211.47,-1.2
2022-12-16,NIFTY_MIDCAP150,11991.47,-1.7999999999999998
2022-12-19,NIFTY_MIDCAP150,12176.42,1.54
2022-12-20,NIFTY_MIDCAP150,12140.49,-0.3
2022-12-21,NIFTY_MIDCAP150,12041.15,-0.8200000000000001
2022-12-22,NIFTY_MIDCAP150,12062.03,0.16999999999999998
2022-12-23,NIFTY_MIDCAP150,11995.13,-0.5499999999999999
2022-12-26,NIFTY_MIDCAP150,11862.7,-1.0999999999999999
2022-12-27,NIFTY_MIDCAP150,11666.78,-1.6500000000000001
2022-12-28,NIFTY_MIDCAP150,11915.48,2.13
2022-12-29,NIFTY_MIDCAP150,12150.5,1.97
2022-12-30,NIFTY_MIDCAP150,12123.91,-0.22
2023-01-02,NIFTY_MIDCAP150,12497.13,3.08
2023-01-03,NIFTY_MIDCAP150,12694.86,1.58
2023-01-04,NIFTY_MIDCAP150,12695.85,0.01
2023-01-05,NIFTY_MIDCAP150,13035.18,2.67
2023-01-06,NIFTY_MIDCAP150,12744.58,-2.23
2023-01-09,NIFTY_MIDCAP150,12722.57,-0.16999999999999998
2023-01-10,NIFTY_MIDCAP150,12987.26,2.08
2023-01-11,NIFTY_MIDCAP150,12945.39,-0.32
2023-01-12,NIFTY_MIDCAP150,13127.16,1.4000000000000001
2023-01-13,NIFTY_MIDCAP150,12990.23,-1.04
2023-01-16,NIFTY_MIDCAP150,12901.38,-0.6799999999999999
2023-01-17,NIFTY_MIDCAP150,12966.54,0.51
2023-01-18,NIFTY_MIDCAP150,13072.53,0.8200000000000001
2023-01-19,NIFTY_MIDCAP150,13111.81,0.3
2023-01-20,NIFTY_MIDCAP150,13058.78,-0.4
2023-01-23,NIFTY_MIDCAP150,12930.11,-0.9900000000000001
2023-01-24,NIFTY_MIDCAP150,13289.73,2.78
2023-01-25,NIFTY_MIDCAP150,13351.11,0.45999999999999996
2023-01-26,NIFTY_MIDCAP150,13528.16,1.3299999999999998
2023-01-27,NIFTY_MIDCAP150,13689.31,1.1900000000000002
2023-01-30,NIFTY_MIDCAP150,13624.79,-0.47000000000000003
2023-01-31,NIFTY_MIDCAP150,13641.22,0.12
2023-02-01,NIFTY_MIDCAP150,13531.39,-0.8099999999999999
2023-02-02,NIFTY_MIDCAP150,13658.74,0.9400000000000001
2023-02-03,NIFTY_MIDCAP150,13643.18,-0.11
2023-02-06,NIFTY_MIDCAP150,13906.26,1.9300000000000002
2023-02-07,NIFTY_MIDCAP150,13663.65,-1.7399999999999998
2023-02-08,NIFTY_MIDCAP150,13750.68,0.64
2023-02-09,NIFTY_MIDCAP150,14162.58,3.0
2023-02-10,NIFTY_MIDCAP150,14054.53,-0.76
2023-02-13,NIFTY_MIDCAP150,14089.33,0.25
2023-02-14,NIFTY_MIDCAP150,14042.6,-0.33
2023-02-15,NIFTY_MIDCAP150,14195.39,1.09
2023-02-16,NIFTY_MIDCAP150,13885.8,-2.18
2023-02-17,NIFTY_MIDCAP150,13706.59,-1.29
2023-02-20,NIFTY_MIDCAP150,13562.22,-1.05
2023-02-21,NIFTY_MIDCAP150,13707.26,1.0699999999999998
2023-02-22,NIFTY_MIDCAP150,13688.13,-0.13999999999999999
2023-02-23,NIFTY_MIDCAP150,13598.59,-0.65
2023-02-24,NIFTY_MIDCAP150,13670.62,0.53
2023-02-27,NIFTY_MIDCAP150,13714.25,0.32
2023-02-28,NIFTY_MIDCAP150,13692.83,-0.16
2023-03-01,NIFTY_MIDCAP150,13624.58,-0.5
2023-03-02,NIFTY_MIDCAP150,13494.2,-0.96
2023-03-03,NIFTY_MIDCAP150,13723.27,1.7000000000000002
2023-03-06,NIFTY_MIDCAP150,13966.91,1.78
2023-03-07,NIFTY_MIDCAP150,13769.57,-1.41
2023-03-08,NIFTY_MIDCAP150,13717.73,-0.38
2023-03-09,NIFTY_MIDCAP150,13797.18,0.58
2023-03-10,NIFTY_MIDCAP150,13665.87,-0.95
2023-03-13,NIFTY_MIDCAP150,13790.31,0.91
2023-03-14,NIFTY_MIDCAP150,13833.31,0.31
2023-03-15,NIFTY_MIDCAP150,13973.58,1.01
2023-03-16,NIFTY_MIDCAP150,14354.96,2.73
2023-03-17,NIFTY_MIDCAP150,14094.87,-1.81
2023-03-20,NIFTY_MIDCAP150,14340.02,1.7399999999999998
2023-03-21,NIFTY_MIDCAP150,14264.24,-0.53
2023-03-22,NIFTY_MIDCAP150,14387.77,0.8699999999999999
2023-03-23,NIFTY_MIDCAP150,14488.98,0.7000000000000001
2023-03-24,NIFTY_MIDCAP150,14732.68,1.68
2023-03-27,NIFTY_MIDCAP150,14760.04,0.19
2023-03-28,NIFTY_MIDCAP150,14640.29,-0.8099999999999999
2023-03-29,NIFTY_MIDCAP150,14697.94,0.38999999999999996
2023-03-30,NIFTY_MIDCAP150,14999.15,2.0500000000000003
2023-03-31,NIFTY_MIDCAP150,15076.41,0.52
2023-04-03,NIFTY_MIDCAP150,14996.61,-0.53
2023-04-04,NIFTY_MIDCAP150,14987.98,-0.06
2023-04-05,NIFTY_MIDCAP150,15048.48,0.4
2023-04-06,NIFTY_MIDCAP150,15086.34,0.25
2023-04-07,NIFTY_MIDCAP150,15100.72,0.1
2023-04-10,NIFTY_MIDCAP150,15288.02,1.24
2023-04-11,NIFTY_MIDCAP150,15661.74,2.44
2023-04-12,NIFTY_MIDCAP150,15850.3,1.2
2023-04-13,NIFTY_MIDCAP150,15981.76,0.83
2023-04-14,NIFTY_MIDCAP150,16189.47,1.3
2023-04-17,NIFTY_MIDCAP150,16328.14,0.86
2023-04-18,NIFTY_MIDCAP150,16374.7,0.29
2023-04-19,NIFTY_MIDCAP150,16287.04,-0.54
2023-04-20,NIFTY_MIDCAP150,16199.82,-0.54
2023-04-21,NIFTY_MIDCAP150,16217.05,0.11
2023-04-24,NIFTY_MIDCAP150,16290.46,0.44999999999999996
2023-04-25,NIFTY_MIDCAP150,16521.95,1.4200000000000002
2023-04-26,NIFTY_MIDCAP150,16521.88,-0.0
2023-04-27,NIFTY_MIDCAP150,16476.46,-0.27
2023-04-28,NIFTY_MIDCAP150,16547.44,0.43
2023-05-01,NIFTY_MIDCAP150,16648.14,0.61
2023-05-02,NIFTY_MIDCAP150,16558.97,-0.54
2023-05-03,NIFTY_MIDCAP150,16444.41,-0.69
2023-05-04,NIFTY_MIDCAP150,16584.96,0.8500000000000001
2023-05-05,NIFTY_MIDCAP150,16581.98,-0.02
2023-05-08,NIFTY_MIDCAP150,16825.55,1.47
2023-05-09,NIFTY_MIDCAP150,16899.12,0.44
2023-05-10,NIFTY_MIDCAP150,16905.96,0.04
2023-05-11,NIFTY_MIDCAP150,16701.72,-1.21
2023-05-12,NIFTY_MIDCAP150,16723.65,0.13
2023-05-15,NIFTY_MIDCAP150,16558.53,-0.9900000000000001
2023-05-16,NIFTY_MIDCAP150,16339.42,-1.32
2023-05-17,NIFTY_MIDCAP150,16641.91,1.8499999999999999
2023-05-18,NIFTY_MIDCAP150,16570.47,-0.43
2023-05-19,NIFTY_MIDCAP150,16759.27,1.1400000000000001
2023-05-22,NIFTY_MIDCAP150,16570.19,-1.13
2023-05-23,NIFTY_MIDCAP150,16457.12,-0.6799999999999999
2023-05-24,NIFTY_MIDCAP150,16328.21,-0.7799999999999999
2023-05-25,NIFTY_MIDCAP150,16475.63,0.8999999999999999
2023-05-26,NIFTY_MIDCAP150,16579.37,0.63
2023-05-29,NIFTY_MIDCAP150,16352.23,-1.37
2023-05-30,NIFTY_MIDCAP150,16111.41,-1.47
2023-05-31,NIFTY_MIDCAP150,16219.35,0.67
2023-06-01,NIFTY_MIDCAP150,16481.87,1.6199999999999999
2023-06-02,NIFTY_MIDCAP150,16739.23,1.5599999999999998
2023-06-05,NIFTY_MIDCAP150,16612.56,-0.76
2023-06-06,NIFTY_MIDCAP150,16551.2,-0.37
2023-06-07,NIFTY_MIDCAP150,16660.56,0.66
2023-06-08,NIFTY_MIDCAP150,16784.15,0.74
2023-06-09,NIFTY_MIDCAP150,16842.56,0.35000000000000003
2023-06-12,NIFTY_MIDCAP150,16783.89,-0.35000000000000003
2023-06-13,NIFTY_MIDCAP150,16885.31,0.6
2023-06-14,NIFTY_MIDCAP150,16927.5,0.25
2023-06-15,NIFTY_MIDCAP150,16976.93,0.29
2023-06-16,NIFTY_MIDCAP150,17160.64,1.08
2023-06-19,NIFTY_MIDCAP150,17389.48,1.3299999999999998
2023-06-20,NIFTY_MIDCAP150,17469.49,0.45999999999999996
2023-06-21,NIFTY_MIDCAP150,17539.37,0.4
2023-06-22,NIFTY_MIDCAP150,17519.45,-0.11
2023-06-23,NIFTY_MIDCAP150,17556.8,0.21
2023-06-26,NIFTY_MIDCAP150,17719.87,0.9299999999999999
2023-06-27,NIFTY_MIDCAP150,17830.77,0.63
2023-06-28,NIFTY_MIDCAP150,17732.67,-0.5499999999999999
2023-06-29,NIFTY_MIDCAP150,17624.46,-0.61
2023-06-30,NIFTY_MIDCAP150,17510.71,-0.65
2023-07-03,NIFTY_MIDCAP150,17751.6,1.38
2023-07-04,NIFTY_MIDCAP150,17431.64,-1.7999999999999998
2023-07-05,NIFTY_MIDCAP150,17176.68,-1.46
2023-07-06,NIFTY_MIDCAP150,17068.19,-0.63
2023-07-07,NIFTY_MIDCAP150,17225.63,0.9199999999999999
2023-07-10,NIFTY_MIDCAP150,17184.39,-0.24
2023-07-11,NIFTY_MIDCAP150,17034.86,-0.8699999999999999
2023-07-12,NIFTY_MIDCAP150,17114.42,0.47000000000000003
2023-07-13,NIFTY_MIDCAP150,17204.4,0.53
2023-07-14,NIFTY_MIDCAP150,17369.57,0.96
2023-07-17,NIFTY_MIDCAP150,17651.35,1.6199999999999999
2023-07-18,NIFTY_MIDCAP150,17910.93,1.47
2023-07-19,NIFTY_MIDCAP150,18035.51,0.7000000000000001
2023-07-20,NIFTY_MIDCAP150,18029.75,-0.03
2023-07-21,NIFTY_MIDCAP150,18129.54,0.5499999999999999
2023-07-24,NIFTY_MIDCAP150,18056.95,-0.4
2023-07-25,NIFTY_MIDCAP150,18251.89,1.08
2023-07-26,NIFTY_MIDCAP150,18160.92,-0.5
2023-07-27,NIFTY_MIDCAP150,18017.07,-0.79
2023-07-28,NIFTY_MIDCAP150,18223.83,1.15
2023-07-31,NIFTY_MIDCAP150,17939.84,-1.5599999999999998
2023-08-01,NIFTY_MIDCAP150,17829.97,-0.61
2023-08-02,NIFTY_MIDCAP150,17963.2,0.75
2023-08-03,NIFTY_MIDCAP150,17957.03,-0.03
2023-08-04,NIFTY_MIDCAP150,17942.46,-0.08
2023-08-07,NIFTY_MIDCAP150,17741.25,-1.1199999999999999
2023-08-08,NIFTY_MIDCAP150,17558.18,-1.03
2023-08-09,NIFTY_MIDCAP150,17533.05,-0.13999999999999999
2023-08-10,NIFTY_MIDCAP150,17247.91,-1.63
2023-08-11,NIFTY_MIDCAP150,17257.03,0.05
2023-08-14,NIFTY_MIDCAP150,17491.93,1.3599999999999999
2023-08-15,NIFTY_MIDCAP150,17712.29,1.26
2023-08-16,NIFTY_MIDCAP150,17831.05,0.67
2023-08-17,NIFTY_MIDCAP150,17881.18,0.27999999999999997
2023-08-18,NIFTY_MIDCAP150,17875.8,-0.03
2023-08-21,NIFTY_MIDCAP150,17898.6,0.13
2023-08-22,NIFTY_MIDCAP150,17738.34,-0.8999999999999999
2023-08-23,NIFTY_MIDCAP150,17636.21,-0.58
2023-08-24,NIFTY_MIDCAP150,17348.68,-1.63
2023-08-25,NIFTY_MIDCAP150,17526.24,1.02
2023-08-28,NIFTY_MIDCAP150,17516.73,-0.05
2023-08-29,NIFTY_MIDCAP150,17890.17,2.13
2023-08-30,NIFTY_MIDCAP150,17793.76,-0.54
2023-08-31,NIFTY_MIDCAP150,17803.51,0.05
2023-09-01,NIFTY_MIDCAP150,17943.9,0.79
2023-09-04,NIFTY_MIDCAP150,18032.5,0.49
2023-09-05,NIFTY_MIDCAP150,18028.95,-0.02
2023-09-06,NIFTY_MIDCAP150,18370.34,1.8900000000000001
2023-09-07,NIFTY_MIDCAP150,18208.43,-0.88
2023-09-08,NIFTY_MIDCAP150,18338.67,0.72
2023-09-11,NIFTY_MIDCAP150,18268.95,-0.38
2023-09-12,NIFTY_MIDCAP150,18254.73,-0.08
2023-09-13,NIFTY_MIDCAP150,18314.57,0.33
2023-09-14,NIFTY_MIDCAP150,18302.67,-0.06
2023-09-15,NIFTY_MIDCAP150,18283.26,-0.11
2023-09-18,NIFTY_MIDCAP150,18010.44,-1.49
2023-09-19,NIFTY_MIDCAP150,18187.29,0.98
2023-09-20,NIFTY_MIDCAP150,17914.33,-1.5
2023-09-21,NIFTY_MIDCAP150,18188.96,1.53
2023-09-22,NIFTY_MIDCAP150,18180.98,-0.04
2023-09-25,NIFTY_MIDCAP150,18365.07,1.01
2023-09-26,NIFTY_MIDCAP150,17927.55,-2.3800000000000003
2023-09-27,NIFTY_MIDCAP150,17931.99,0.02
2023-09-28,NIFTY_MIDCAP150,17940.97,0.05
2023-09-29,NIFTY_MIDCAP150,17791.39,-0.83
2023-10-02,NIFTY_MIDCAP150,17959.68,0.95
2023-10-03,NIFTY_MIDCAP150,17857.59,-0.5700000000000001
2023-10-04,NIFTY_MIDCAP150,17709.55,-0.83
2023-10-05,NIFTY_MIDCAP150,17655.87,-0.3
2023-10-06,NIFTY_MIDCAP150,17840.1,1.04
2023-10-09,NIFTY_MIDCAP150,17900.97,0.33999999999999997
2023-10-10,NIFTY_MIDCAP150,17983.74,0.45999999999999996
2023-10-11,NIFTY_MIDCAP150,18134.58,0.84
2023-10-12,NIFTY_MIDCAP150,18106.45,-0.16
2023-10-13,NIFTY_MIDCAP150,18310.37,1.13
2023-10-16,NIFTY_MIDCAP150,18392.39,0.44999999999999996
2023-10-17,NIFTY_MIDCAP150,18561.39,0.9199999999999999
2023-10-18,NIFTY_MIDCAP150,18426.4,-0.73
2023-10-19,NIFTY_MIDCAP150,18456.22,0.16
2023-10-20,NIFTY_MIDCAP150,18647.36,1.04
2023-10-23,NIFTY_MIDCAP150,19010.11,1.95
2023-10-24,NIFTY_MIDCAP150,19227.26,1.1400000000000001
2023-10-25,NIFTY_MIDCAP150,19456.11,1.1900000000000002
2023-10-26,NIFTY_MIDCAP150,19161.57,-1.51
2023-10-27,NIFTY_MIDCAP150,19115.79,-0.24
2023-10-30,NIFTY_MIDCAP150,19249.55,0.7000000000000001
2023-10-31,NIFTY_MIDCAP150,18994.46,-1.3299999999999998
2023-11-01,NIFTY_MIDCAP150,19092.71,0.52
2023-11-02,NIFTY_MIDCAP150,19033.87,-0.31
2023-11-03,NIFTY_MIDCAP150,18985.65,-0.25
2023-11-06,NIFTY_MIDCAP150,19011.72,0.13999999999999999
2023-11-07,NIFTY_MIDCAP150,19100.07,0.45999999999999996
2023-11-08,NIFTY_MIDCAP150,19271.2,0.8999999999999999
2023-11-09,NIFTY_MIDCAP150,19049.32,-1.15
2023-11-10,NIFTY_MIDCAP150,19266.74,1.1400000000000001
2023-11-13,NIFTY_MIDCAP150,19417.82,0.7799999999999999
2023-11-14,NIFTY_MIDCAP150,19375.32,-0.22
2023-11-15,NIFTY_MIDCAP150,19598.15,1.15
2023-11-16,NIFTY_MIDCAP150,19243.13,-1.81
2023-11-17,NIFTY_MIDCAP150,19291.42,0.25
2023-11-20,NIFTY_MIDCAP150,19182.16,-0.5700000000000001
2023-11-21,NIFTY_MIDCAP150,18968.25,-1.1199999999999999
2023-11-22,NIFTY_MIDCAP150,18663.56,-1.6099999999999999
2023-11-23,NIFTY_MIDCAP150,18809.64,0.7799999999999999
2023-11-24,NIFTY_MIDCAP150,18931.06,0.65
2023-11-27,NIFTY_MIDCAP150,19202.31,1.43
2023-11-28,NIFTY_MIDCAP150,19359.98,0.8200000000000001
2023-11-29,NIFTY_MIDCAP150,19307.85,-0.27
2023-11-30,NIFTY_MIDCAP150,19923.74,3.19
2023-12-01,NIFTY_MIDCAP150,20167.14,1.22
2023-12-04,NIFTY_MIDCAP150,19918.39,-1.23
2023-12-05,NIFTY_MIDCAP150,19901.79,-0.08
2023-12-06,NIFTY_MIDCAP150,19965.7,0.32
2023-12-07,NIFTY_MIDCAP150,19918.88,-0.22999999999999998
2023-12-08,NIFTY_MIDCAP150,20401.09,2.42
2023-12-11,NIFTY_MIDCAP150,20347.07,-0.26
2023-12-12,NIFTY_MIDCAP150,20270.96,-0.37
2023-12-13,NIFTY_MIDCAP150,20455.03,0.91
2023-12-14,NIFTY_MIDCAP150,20495.99,0.2
2023-12-15,NIFTY_MIDCAP150,20457.41,-0.19
2023-12-18,NIFTY_MIDCAP150,20979.35,2.55
2023-12-19,NIFTY_MIDCAP150,21361.54,1.82
2023-12-20,NIFTY_MIDCAP150,21036.04,-1.52
2023-12-21,NIFTY_MIDCAP150,21501.23,2.21
2023-12-22,NIFTY_MIDCAP150,21471.29,-0.13999999999999999
2023-12-25,NIFTY_MIDCAP150,21763.11,1.3599999999999999
2023-12-26,NIFTY_MIDCAP150,22271.96,2.34
2023-12-27,NIFTY_MIDCAP150,22491.73,0.9900000000000001
2023-12-28,NIFTY_MIDCAP150,23095.81,2.69
2023-12-29,NIFTY_MIDCAP150,23335.22,1.04
2024-01-01,NIFTY_MIDCAP150,23517.16,0.7799999999999999
2024-01-02,NIFTY_MIDCAP150,23802.98,1.22
2024-01-03,NIFTY_MIDCAP150,23486.07,-1.3299999999999998
2024-01-04,NIFTY_MIDCAP150,23446.63,-0.16999999999999998
2024-01-05,NIFTY_MIDCAP150,23178.28,-1.1400000000000001
2024-01-08,NIFTY_MIDCAP150,23146.2,-0.13999999999999999
2024-01-09,NIFTY_MIDCAP150,23279.3,0.58
2024-01-10,NIFTY_MIDCAP150,23255.26,-0.1
2024-01-11,NIFTY_MIDCAP150,23232.12,-0.1
2024-01-12,NIFTY_MIDCAP150,22892.05,-1.46
2024-01-15,NIFTY_MIDCAP150,22770.75,-0.53
2024-01-16,NIFTY_MIDCAP150,23220.3,1.97
2024-01-17,NIFTY_MIDCAP150,23088.78,-0.5700000000000001
2024-01-18,NIFTY_MIDCAP150,23013.35,-0.33
2024-01-19,NIFTY_MIDCAP150,23088.95,0.33
2024-01-22,NIFTY_MIDCAP150,23201.06,0.49
2024-01-23,NIFTY_MIDCAP150,23179.79,-0.09
2024-01-24,NIFTY_MIDCAP150,22830.29,-1.51
2024-01-25,NIFTY_MIDCAP150,22985.32,0.6799999999999999
2024-01-26,NIFTY_MIDCAP150,23506.3,2.27
2024-01-29,NIFTY_MIDCAP150,24015.96,2.17
2024-01-30,NIFTY_MIDCAP150,23836.51,-0.75
2024-01-31,NIFTY_MIDCAP150,23960.69,0.52
2024-02-01,NIFTY_MIDCAP150,24673.62,2.98
2024-02-02,NIFTY_MIDCAP150,24688.25,0.06
2024-02-05,NIFTY_MIDCAP150,24775.39,0.35000000000000003
2024-02-06,NIFTY_MIDCAP150,24374.77,-1.6199999999999999
2024-02-07,NIFTY_MIDCAP150,24680.14,1.25
2024-02-08,NIFTY_MIDCAP150,24773.83,0.38
2024-02-09,NIFTY_MIDCAP150,24540.12,-0.9400000000000001
2024-02-12,NIFTY_MIDCAP150,24749.54,0.8500000000000001
2024-02-13,NIFTY_MIDCAP150,25041.46,1.18
2024-02-14,NIFTY_MIDCAP150,24861.04,-0.72
2024-02-15,NIFTY_MIDCAP150,24412.57,-1.7999999999999998
2024-02-16,NIFTY_MIDCAP150,24466.64,0.22
2024-02-19,NIFTY_MIDCAP150,24675.17,0.8500000000000001
2024-02-20,NIFTY_MIDCAP150,24765.68,0.37
2024-02-21,NIFTY_MIDCAP150,25108.96,1.39
2024-02-22,NIFTY_MIDCAP150,24641.79,-1.8599999999999999
2024-02-23,NIFTY_MIDCAP150,24375.39,-1.08
2024-02-26,NIFTY_MIDCAP150,24452.26,0.32
2024-02-27,NIFTY_MIDCAP150,24039.49,-1.69
2024-02-28,NIFTY_MIDCAP150,23848.94,-0.79
2024-02-29,NIFTY_MIDCAP150,23721.89,-0.53
2024-03-01,NIFTY_MIDCAP150,24012.16,1.22
2024-03-04,NIFTY_MIDCAP150,24385.97,1.5599999999999998
2024-03-05,NIFTY_MIDCAP150,24602.54,0.89
2024-03-06,NIFTY_MIDCAP150,25147.03,2.21
2024-03-07,NIFTY_MIDCAP150,25565.49,1.66
2024-03-08,NIFTY_MIDCAP150,25811.91,0.96
2024-03-11,NIFTY_MIDCAP150,26051.84,0.9299999999999999
2024-03-12,NIFTY_MIDCAP150,25895.63,-0.6
2024-03-13,NIFTY_MIDCAP150,25505.48,-1.51
2024-03-14,NIFTY_MIDCAP150,25315.89,-0.74
2024-03-15,NIFTY_MIDCAP150,25574.86,1.02
2024-03-18,NIFTY_MIDCAP150,25500.36,-0.29
2024-03-19,NIFTY_MIDCAP150,25694.01,0.76
2024-03-20,NIFTY_MIDCAP150,25182.78,-1.9900000000000002
2024-03-21,NIFTY_MIDCAP150,25349.46,0.66
2024-03-22,NIFTY_MIDCAP150,25120.74,-0.8999999999999999
2024-03-25,NIFTY_MIDCAP150,24929.87,-0.76
2024-03-26,NIFTY_MIDCAP150,25421.46,1.97
2024-03-27,NIFTY_MIDCAP150,26065.73,2.53
2024-03-28,NIFTY_MIDCAP150,25766.61,-1.15
2024-03-29,NIFTY_MIDCAP150,25715.61,-0.2
2024-04-01,NIFTY_MIDCAP150,25695.82,-0.08
2024-04-02,NIFTY_MIDCAP150,25927.97,0.8999999999999999
2024-04-03,NIFTY_MIDCAP150,25806.46,-0.47000000000000003
2024-04-04,NIFTY_MIDCAP150,25588.14,-0.8500000000000001
2024-04-05,NIFTY_MIDCAP150,25689.63,0.4
2024-04-08,NIFTY_MIDCAP150,25729.56,0.16
2024-04-09,NIFTY_MIDCAP150,26000.44,1.05
2024-04-10,NIFTY_MIDCAP150,25816.42,-0.7100000000000001
2024-04-11,NIFTY_MIDCAP150,25772.88,-0.16999999999999998
2024-04-12,NIFTY_MIDCAP150,26017.53,0.95
2024-04-15,NIFTY_MIDCAP150,26016.11,-0.01
2024-04-16,NIFTY_MIDCAP150,25541.71,-1.82
2024-04-17,NIFTY_MIDCAP150,26033.2,1.92
2024-04-18,NIFTY_MIDCAP150,26024.84,-0.03
2024-04-19,NIFTY_MIDCAP150,26021.75,-0.01
2024-04-22,NIFTY_MIDCAP150,26795.23,2.97
2024-04-23,NIFTY_MIDCAP150,27462.3,2.4899999999999998
2024-04-24,NIFTY_MIDCAP150,27777.35,1.15
2024-04-25,NIFTY_MIDCAP150,27454.75,-1.16
2024-04-26,NIFTY_MIDCAP150,27903.93,1.6400000000000001
2024-04-29,NIFTY_MIDCAP150,27366.36,-1.9300000000000002
2024-04-30,NIFTY_MIDCAP150,27425.99,0.22
2024-05-01,NIFTY_MIDCAP150,27299.31,-0.45999999999999996
2024-05-02,NIFTY_MIDCAP150,27100.19,-0.73
2024-05-03,NIFTY_MIDCAP150,27188.78,0.33
2024-05-06,NIFTY_MIDCAP150,27395.82,0.76
2024-05-07,NIFTY_MIDCAP150,27658.74,0.96
2024-05-08,NIFTY_MIDCAP150,27650.75,-0.03
2024-05-09,NIFTY_MIDCAP150,27602.49,-0.16999999999999998
2024-05-10,NIFTY_MIDCAP150,27888.82,1.04
2024-05-13,NIFTY_MIDCAP150,28185.85,1.0699999999999998
2024-05-14,NIFTY_MIDCAP150,28247.89,0.22
2024-05-15,NIFTY_MIDCAP150,27989.76,-0.91
2024-05-16,NIFTY_MIDCAP150,27475.73,-1.8399999999999999
2024-05-17,NIFTY_MIDCAP150,27699.54,0.8099999999999999
2024-05-20,NIFTY_MIDCAP150,28024.56,1.17
2024-05-21,NIFTY_MIDCAP150,27977.94,-0.16999999999999998
2024-05-22,NIFTY_MIDCAP150,28114.42,0.49
2024-05-23,NIFTY_MIDCAP150,28556.53,1.5699999999999998
2024-05-24,NIFTY_MIDCAP150,29233.71,2.37
2024-05-27,NIFTY_MIDCAP150,29121.41,-0.38
2024-05-28,NIFTY_MIDCAP150,29110.99,-0.04
2024-05-29,NIFTY_MIDCAP150,29279.9,0.58
2024-05-30,NIFTY_MIDCAP150,28897.63,-1.31
2024-05-31,NIFTY_MIDCAP150,28221.43,-2.34
2024-06-03,NIFTY_MIDCAP150,27815.24,-1.44
2024-06-04,NIFTY_MIDCAP150,27746.21,-0.25
2024-06-05,NIFTY_MIDCAP150,27536.84,-0.75
2024-06-06,NIFTY_MIDCAP150,27300.7,-0.86
2024-06-07,NIFTY_MIDCAP150,27333.86,0.12
2024-06-10,NIFTY_MIDCAP150,27346.65,0.05
2024-06-11,NIFTY_MIDCAP150,27130.41,-0.79
2024-06-12,NIFTY_MIDCAP150,26655.2,-1.7500000000000002
2024-06-13,NIFTY_MIDCAP150,26795.81,0.53
2024-06-14,NIFTY_MIDCAP150,27135.17,1.27
2024-06-17,NIFTY_MIDCAP150,26962.64,-0.64
2024-06-18,NIFTY_MIDCAP150,26862.34,-0.37
2024-06-19,NIFTY_MIDCAP150,27128.23,0.9900000000000001
2024-06-20,NIFTY_MIDCAP150,27470.09,1.26
2024-06-21,NIFTY_MIDCAP150,27345.17,-0.44999999999999996
2024-06-24,NIFTY_MIDCAP150,27330.37,-0.05
2024-06-25,NIFTY_MIDCAP150,27808.99,1.7500000000000002
2024-06-26,NIFTY_MIDCAP150,28104.76,1.06
2024-06-27,NIFTY_MIDCAP150,27761.45,-1.22
2024-06-28,NIFTY_MIDCAP150,27243.68,-1.87
2024-07-01,NIFTY_MIDCAP150,27175.42,-0.25
2024-07-02,NIFTY_MIDCAP150,26896.48,-1.03
2024-07-03,NIFTY_MIDCAP150,27056.68,0.6
2024-07-04,NIFTY_MIDCAP150,27293.8,0.88
2024-07-05,NIFTY_MIDCAP150,27390.57,0.35000000000000003
2024-07-08,NIFTY_MIDCAP150,27158.7,-0.8500000000000001
2024-07-09,NIFTY_MIDCAP150,26787.25,-1.37
2024-07-10,NIFTY_MIDCAP150,27005.95,0.8200000000000001
2024-07-11,NIFTY_MIDCAP150,27278.3,1.01
2024-07-12,NIFTY_MIDCAP150,27640.52,1.3299999999999998
2024-07-15,NIFTY_MIDCAP150,27567.21,-0.27
2024-07-16,NIFTY_MIDCAP150,27556.16,-0.04
2024-07-17,NIFTY_MIDCAP150,27828.51,0.9900000000000001
2024-07-18,NIFTY_MIDCAP150,27849.89,0.08
2024-07-19,NIFTY_MIDCAP150,27687.25,-0.58
2024-07-22,NIFTY_MIDCAP150,27442.49,-0.88
2024-07-23,NIFTY_MIDCAP150,27684.51,0.88
2024-07-24,NIFTY_MIDCAP150,27610.56,-0.27
2024-07-25,NIFTY_MIDCAP150,27458.11,-0.5499999999999999
2024-07-26,NIFTY_MIDCAP150,27616.14,0.58
2024-07-29,NIFTY_MIDCAP150,27411.37,-0.74
2024-07-30,NIFTY_MIDCAP150,27249.63,-0.59
2024-07-31,NIFTY_MIDCAP150,27279.32,0.11
2024-08-01,NIFTY_MIDCAP150,27152.66,-0.45999999999999996
2024-08-02,NIFTY_MIDCAP150,27609.24,1.68
2024-08-05,NIFTY_MIDCAP150,27794.38,0.67
2024-08-06,NIFTY_MIDCAP150,27852.07,0.21
2024-08-07,NIFTY_MIDCAP150,28317.15,1.67
2024-08-08,NIFTY_MIDCAP150,28360.75,0.15
2024-08-09,NIFTY_MIDCAP150,28729.05,1.3
2024-08-12,NIFTY_MIDCAP150,28424.91,-1.06
2024-08-13,NIFTY_MIDCAP150,28239.86,-0.65
2024-08-14,NIFTY_MIDCAP150,27952.48,-1.02
2024-08-15,NIFTY_MIDCAP150,28130.66,0.64
2024-08-16,NIFTY_MIDCAP150,27659.71,-1.67
2024-08-19,NIFTY_MIDCAP150,27777.14,0.42
2024-08-20,NIFTY_MIDCAP150,27639.56,-0.5
2024-08-21,NIFTY_MIDCAP150,27698.08,0.21
2024-08-22,NIFTY_MIDCAP150,27709.53,0.04
2024-08-23,NIFTY_MIDCAP150,27902.21,0.7000000000000001
2024-08-26,NIFTY_MIDCAP150,28636.89,2.63
2024-08-27,NIFTY_MIDCAP150,29318.73,2.3800000000000003
2024-08-28,NIFTY_MIDCAP150,29610.33,0.9900000000000001
2024-08-29,NIFTY_MIDCAP150,29514.1,-0.32
2024-08-30,NIFTY_MIDCAP150,29596.07,0.27999999999999997
2024-09-02,NIFTY_MIDCAP150,29481.68,-0.38999999999999996
2024-09-03,NIFTY_MIDCAP150,29255.28,-0.77
2024-09-04,NIFTY_MIDCAP150,28632.74,-2.13
2024-09-05,NIFTY_MIDCAP150,28576.99,-0.19
2024-09-06,NIFTY_MIDCAP150,28684.76,0.38
2024-09-09,NIFTY_MIDCAP150,28902.69,0.76
2024-09-10,NIFTY_MIDCAP150,28958.06,0.19
2024-09-11,NIFTY_MIDCAP150,28749.24,-0.72
2024-09-12,NIFTY_MIDCAP150,28605.42,-0.5
2024-09-13,NIFTY_MIDCAP150,28924.9,1.1199999999999999
2024-09-16,NIFTY_MIDCAP150,28387.59,-1.8599999999999999
2024-09-17,NIFTY_MIDCAP150,28242.01,-0.51
2024-09-18,NIFTY_MIDCAP150,28267.44,0.09
2024-09-19,NIFTY_MIDCAP150,28154.12,-0.4
2024-09-20,NIFTY_MIDCAP150,27691.17,-1.6400000000000001
2024-09-23,NIFTY_MIDCAP150,28004.07,1.13
2024-09-24,NIFTY_MIDCAP150,28394.2,1.39
2024-09-25,NIFTY_MIDCAP150,28095.96,-1.05
2024-09-26,NIFTY_MIDCAP150,27109.45,-3.51
2024-09-27,NIFTY_MIDCAP150,27748.81,2.36
2024-09-30,NIFTY_MIDCAP150,27635.87,-0.41000000000000003
2024-10-01,NIFTY_MIDCAP150,27350.11,-1.03
2024-10-02,NIFTY_MIDCAP150,27332.93,-0.06
2024-10-03,NIFTY_MIDCAP150,27449.92,0.43
2024-10-04,NIFTY_MIDCAP150,27272.19,-0.65
2024-10-07,NIFTY_MIDCAP150,27329.83,0.21
2024-10-08,NIFTY_MIDCAP150,27310.18,-0.06999999999999999
2024-10-09,NIFTY_MIDCAP150,27115.28,-0.7100000000000001
2024-10-10,NIFTY_MIDCAP150,26634.68,-1.77
2024-10-11,NIFTY_MIDCAP150,27057.16,1.59
2024-10-14,NIFTY_MIDCAP150,27248.24,0.7100000000000001
2024-10-15,NIFTY_MIDCAP150,27029.11,-0.8
2024-10-16,NIFTY_MIDCAP150,27170.99,0.52
2024-10-17,NIFTY_MIDCAP150,26921.58,-0.9199999999999999
2024-10-18,NIFTY_MIDCAP150,26926.99,0.02
2024-10-21,NIFTY_MIDCAP150,27126.03,0.74
2024-10-22,NIFTY_MIDCAP150,27286.43,0.59
2024-10-23,NIFTY_MIDCAP150,27178.22,-0.4
2024-10-24,NIFTY_MIDCAP150,27448.38,0.9900000000000001
2024-10-25,NIFTY_MIDCAP150,27469.11,0.08
2024-10-28,NIFTY_MIDCAP150,27322.79,-0.53
2024-10-29,NIFTY_MIDCAP150,27864.48,1.9800000000000002
2024-10-30,NIFTY_MIDCAP150,27529.05,-1.2
2024-10-31,NIFTY_MIDCAP150,27671.69,0.52
2024-11-01,NIFTY_MIDCAP150,28137.69,1.68
2024-11-04,NIFTY_MIDCAP150,27617.39,-1.8499999999999999
2024-11-05,NIFTY_MIDCAP150,28152.57,1.94
2024-11-06,NIFTY_MIDCAP150,28715.39,2.0
2024-11-07,NIFTY_MIDCAP150,28581.36,-0.47000000000000003
2024-11-08,NIFTY_MIDCAP150,28693.51,0.38999999999999996
2024-11-11,NIFTY_MIDCAP150,28472.99,-0.77
2024-11-12,NIFTY_MIDCAP150,28225.76,-0.8699999999999999
2024-11-13,NIFTY_MIDCAP150,27883.52,-1.21
2024-11-14,NIFTY_MIDCAP150,28442.44,2.0
2024-11-15,NIFTY_MIDCAP150,28385.63,-0.2
2024-11-18,NIFTY_MIDCAP150,27960.82,-1.5
2024-11-19,NIFTY_MIDCAP150,28310.01,1.25
2024-11-20,NIFTY_MIDCAP150,28545.1,0.83
2024-11-21,NIFTY_MIDCAP150,28685.21,0.49
2024-11-22,NIFTY_MIDCAP150,28489.96,-0.6799999999999999
2024-11-25,NIFTY_MIDCAP150,28377.97,-0.38999999999999996
2024-11-26,NIFTY_MIDCAP150,29071.23,2.44
2024-11-27,NIFTY_MIDCAP150,29217.02,0.5
2024-11-28,NIFTY_MIDCAP150,29060.84,-0.53
2024-11-29,NIFTY_MIDCAP150,29325.47,0.91
2024-12-02,NIFTY_MIDCAP150,29626.17,1.03
2024-12-03,NIFTY_MIDCAP150,30260.81,2.1399999999999997
2024-12-04,NIFTY_MIDCAP150,30302.55,0.13999999999999999
2024-12-05,NIFTY_MIDCAP150,30574.68,0.8999999999999999
2024-12-06,NIFTY_MIDCAP150,30779.0,0.67
2024-12-09,NIFTY_MIDCAP150,30550.08,-0.74
2024-12-10,NIFTY_MIDCAP150,30099.69,-1.47
2024-12-11,NIFTY_MIDCAP150,30331.81,0.77
2024-12-12,NIFTY_MIDCAP150,30590.31,0.8500000000000001
2024-12-13,NIFTY_MIDCAP150,29777.13,-2.6599999999999997
2024-12-16,NIFTY_MIDCAP150,29975.62,0.67
2024-12-17,NIFTY_MIDCAP150,29967.79,-0.03
2024-12-18,NIFTY_MIDCAP150,30135.31,0.5599999999999999
2024-12-19,NIFTY_MIDCAP150,29990.34,-0.48
2024-12-20,NIFTY_MIDCAP150,30508.39,1.73
2024-12-23,NIFTY_MIDCAP150,30886.4,1.24
2024-12-24,NIFTY_MIDCAP150,30423.0,-1.5
2024-12-25,NIFTY_MIDCAP150,30106.07,-1.04
2024-12-26,NIFTY_MIDCAP150,30145.79,0.13
2024-12-27,NIFTY_MIDCAP150,29954.01,-0.64
2024-12-30,NIFTY_MIDCAP150,30342.83,1.3
2024-12-31,NIFTY_MIDCAP150,30015.58,-1.08
2025-01-01,NIFTY_MIDCAP150,30402.21,1.29
2025-01-02,NIFTY_MIDCAP150,29595.57,-2.65
2025-01-03,NIFTY_MIDCAP150,29478.76,-0.38999999999999996
2025-01-06,NIFTY_MIDCAP150,29965.55,1.6500000000000001
2025-01-07,NIFTY_MIDCAP150,29965.1,-0.0
2025-01-08,NIFTY_MIDCAP150,29993.57,0.1
2025-01-09,NIFTY_MIDCAP150,30278.52,0.95
2025-01-10,NIFTY_MIDCAP150,30479.55,0.66
2025-01-13,NIFTY_MIDCAP150,30460.14,-0.06
2025-01-14,NIFTY_MIDCAP150,30938.52,1.5699999999999998
2025-01-15,NIFTY_MIDCAP150,31003.57,0.21
2025-01-16,NIFTY_MIDCAP150,31214.67,0.6799999999999999
2025-01-17,NIFTY_MIDCAP150,31571.01,1.1400000000000001
2025-01-20,NIFTY_MIDCAP150,30732.77,-2.6599999999999997
2025-01-21,NIFTY_MIDCAP150,30502.46,-0.75
2025-01-22,NIFTY_MIDCAP150,30318.42,-0.6
2025-01-23,NIFTY_MIDCAP150,30565.15,0.8099999999999999
2025-01-24,NIFTY_MIDCAP150,31195.14,2.06
2025-01-27,NIFTY_MIDCAP150,30561.45,-2.03
2025-01-28,NIFTY_MIDCAP150,30436.93,-0.41000000000000003
2025-01-29,NIFTY_MIDCAP150,30836.5,1.31
2025-01-30,NIFTY_MIDCAP150,30253.33,-1.8900000000000001
2025-01-31,NIFTY_MIDCAP150,30404.41,0.5
2025-02-03,NIFTY_MIDCAP150,30581.28,0.58
2025-02-04,NIFTY_MIDCAP150,30787.79,0.6799999999999999
2025-02-05,NIFTY_MIDCAP150,30417.12,-1.2
2025-02-06,NIFTY_MIDCAP150,30422.48,0.02
2025-02-07,NIFTY_MIDCAP150,30029.74,-1.29
2025-02-10,NIFTY_MIDCAP150,30428.47,1.3299999999999998
2025-02-11,NIFTY_MIDCAP150,30082.58,-1.1400000000000001
2025-02-12,NIFTY_MIDCAP150,30114.49,0.11
2025-02-13,NIFTY_MIDCAP150,30856.56,2.46
2025-02-14,NIFTY_MIDCAP150,31273.5,1.35
2025-02-17,NIFTY_MIDCAP150,30672.14,-1.92
2025-02-18,NIFTY_MIDCAP150,30586.08,-0.27999999999999997
2025-02-19,NIFTY_MIDCAP150,30628.36,0.13999999999999999
2025-02-20,NIFTY_MIDCAP150,30581.87,-0.15
2025-02-21,NIFTY_MIDCAP150,30736.33,0.51
2025-02-24,NIFTY_MIDCAP150,30971.31,0.76
2025-02-25,NIFTY_MIDCAP150,31642.0,2.17
2025-02-26,NIFTY_MIDCAP150,31494.8,-0.47000000000000003
2025-02-27,NIFTY_MIDCAP150,31781.54,0.91
2025-02-28,NIFTY_MIDCAP150,31736.23,-0.13999999999999999
2025-03-03,NIFTY_MIDCAP150,32326.19,1.8599999999999999
2025-03-04,NIFTY_MIDCAP150,32490.53,0.51
2025-03-05,NIFTY_MIDCAP150,32526.17,0.11
2025-03-06,NIFTY_MIDCAP150,32450.48,-0.22999999999999998
2025-03-07,NIFTY_MIDCAP150,32152.27,-0.9199999999999999
2025-03-10,NIFTY_MIDCAP150,32490.39,1.05
2025-03-11,NIFTY_MIDCAP150,32209.86,-0.86
2025-03-12,NIFTY_MIDCAP150,31555.45,-2.03
2025-03-13,NIFTY_MIDCAP150,31233.4,-1.02
2025-03-14,NIFTY_MIDCAP150,31307.49,0.24
2025-03-17,NIFTY_MIDCAP150,30896.39,-1.31
2025-03-18,NIFTY_MIDCAP150,30635.08,-0.8500000000000001
2025-03-19,NIFTY_MIDCAP150,30004.32,-2.06
2025-03-20,NIFTY_MIDCAP150,29743.03,-0.8699999999999999
2025-03-21,NIFTY_MIDCAP150,30345.26,2.02
2025-03-24,NIFTY_MIDCAP150,30147.32,-0.65
2025-03-25,NIFTY_MIDCAP150,30129.46,-0.06
2025-03-26,NIFTY_MIDCAP150,30924.71,2.64
2025-03-27,NIFTY_MIDCAP150,31060.78,0.44
2025-03-28,NIFTY_MIDCAP150,31183.52,0.4
2025-03-31,NIFTY_MIDCAP150,30867.41,-1.01
2025-04-01,NIFTY_MIDCAP150,30966.5,0.32
2025-04-02,NIFTY_MIDCAP150,31600.7,2.0500000000000003
2025-04-03,NIFTY_MIDCAP150,31190.44,-1.3
2025-04-04,NIFTY_MIDCAP150,31144.6,-0.15
2025-04-07,NIFTY_MIDCAP150,30752.24,-1.26
2025-04-08,NIFTY_MIDCAP150,31340.99,1.91
2025-04-09,NIFTY_MIDCAP150,30944.13,-1.27
2025-04-10,NIFTY_MIDCAP150,30717.7,-0.73
2025-04-11,NIFTY_MIDCAP150,30335.75,-1.24
2025-04-14,NIFTY_MIDCAP150,29882.89,-1.49
2025-04-15,NIFTY_MIDCAP150,29933.13,0.16999999999999998
2025-04-16,NIFTY_MIDCAP150,29833.5,-0.33
2025-04-17,NIFTY_MIDCAP150,29971.49,0.45999999999999996
2025-04-18,NIFTY_MIDCAP150,30202.55,0.77
2025-04-21,NIFTY_MIDCAP150,29650.96,-1.83
2025-04-22,NIFTY_MIDCAP150,29771.52,0.41000000000000003
2025-04-23,NIFTY_MIDCAP150,29483.71,-0.97
2025-04-24,NIFTY_MIDCAP150,29550.61,0.22999999999999998
2025-04-25,NIFTY_MIDCAP150,29681.49,0.44
2025-04-28,NIFTY_MIDCAP150,29613.28,-0.22999999999999998
2025-04-29,NIFTY_MIDCAP150,30077.78,1.5699999999999998
2025-04-30,NIFTY_MIDCAP150,29611.85,-1.55
2025-05-01,NIFTY_MIDCAP150,29254.78,-1.21
2025-05-02,NIFTY_MIDCAP150,29354.44,0.33999999999999997
2025-05-05,NIFTY_MIDCAP150,30084.96,2.4899999999999998
2025-05-06,NIFTY_MIDCAP150,29784.44,-1.0
2025-05-07,NIFTY_MIDCAP150,29781.31,-0.01
2025-05-08,NIFTY_MIDCAP150,30205.38,1.4200000000000002
2025-05-09,NIFTY_MIDCAP150,30540.16,1.11
2025-05-12,NIFTY_MIDCAP150,30773.41,0.76
2025-05-13,NIFTY_MIDCAP150,30542.78,-0.75
2025-05-14,NIFTY_MIDCAP150,30553.37,0.03
2025-05-15,NIFTY_MIDCAP150,30583.05,0.1
2025-05-16,NIFTY_MIDCAP150,30966.6,1.25
2025-05-19,NIFTY_MIDCAP150,30939.58,-0.09
2025-05-20,NIFTY_MIDCAP150,31438.92,1.6099999999999999
2025-05-21,NIFTY_MIDCAP150,31439.4,0.0
2025-05-22,NIFTY_MIDCAP150,31509.14,0.22
2025-05-23,NIFTY_MIDCAP150,31483.39,-0.08
2025-05-26,NIFTY_MIDCAP150,31440.07,-0.13999999999999999
2025-05-27,NIFTY_MIDCAP150,31434.69,-0.02
2025-05-28,NIFTY_MIDCAP150,31466.92,0.1
2025-05-29,NIFTY_MIDCAP150,30913.33,-1.76
2025-05-30,NIFTY_MIDCAP150,30834.97,-0.25
2025-06-02,NIFTY_MIDCAP150,31451.06,2.0
2025-06-03,NIFTY_MIDCAP150,30830.52,-1.97
2025-06-04,NIFTY_MIDCAP150,30764.57,-0.21
2025-06-05,NIFTY_MIDCAP150,30588.81,-0.5700000000000001
2025-06-06,NIFTY_MIDCAP150,30721.85,0.43
2025-06-09,NIFTY_MIDCAP150,30919.72,0.64
2025-06-10,NIFTY_MIDCAP150,30990.57,0.22999999999999998
2025-06-11,NIFTY_MIDCAP150,30310.63,-2.19
2025-06-12,NIFTY_MIDCAP150,29640.44,-2.21
2025-06-13,NIFTY_MIDCAP150,28776.7,-2.91
2025-06-16,NIFTY_MIDCAP150,28750.66,-0.09
2025-06-17,NIFTY_MIDCAP150,28237.73,-1.78
2025-06-18,NIFTY_MIDCAP150,27513.22,-2.5700000000000003
2025-06-19,NIFTY_MIDCAP150,27245.07,-0.97
2025-06-20,NIFTY_MIDCAP150,27052.15,-0.7100000000000001
2025-06-23,NIFTY_MIDCAP150,27044.13,-0.03
2025-06-24,NIFTY_MIDCAP150,27063.55,0.06999999999999999
2025-06-25,NIFTY_MIDCAP150,27099.35,0.13
2025-06-26,NIFTY_MIDCAP150,27369.87,1.0
2025-06-27,NIFTY_MIDCAP150,27296.36,-0.27
2025-06-30,NIFTY_MIDCAP150,27546.64,0.9199999999999999
2025-07-01,NIFTY_MIDCAP150,27454.98,-0.33
2025-07-02,NIFTY_MIDCAP150,27348.67,-0.38999999999999996
2025-07-03,NIFTY_MIDCAP150,27189.32,-0.58
2025-07-04,NIFTY_MIDCAP150,27195.37,0.02
2025-07-07,NIFTY_MIDCAP150,27417.0,0.8099999999999999
2025-07-08,NIFTY_MIDCAP150,27634.14,0.79
2025-07-09,NIFTY_MIDCAP150,27843.41,0.76
2025-07-10,NIFTY_MIDCAP150,27959.35,0.42
2025-07-11,NIFTY_MIDCAP150,27613.89,-1.24
2025-07-14,NIFTY_MIDCAP150,28508.94,3.2399999999999998
2025-07-15,NIFTY_MIDCAP150,28098.98,-1.44
2025-07-16,NIFTY_MIDCAP150,28155.85,0.2
2025-07-17,NIFTY_MIDCAP150,29147.84,3.52
2025-07-18,NIFTY_MIDCAP150,29459.64,1.0699999999999998
2025-07-21,NIFTY_MIDCAP150,29245.2,-0.73
2025-07-22,NIFTY_MIDCAP150,29670.86,1.46
2025-07-23,NIFTY_MIDCAP150,29755.46,0.29
2025-07-24,NIFTY_MIDCAP150,29500.02,-0.86
2025-07-25,NIFTY_MIDCAP150,29591.85,0.31
2025-07-28,NIFTY_MIDCAP150,29489.1,-0.35000000000000003
2025-07-29,NIFTY_MIDCAP150,29436.08,-0.18
2025-07-30,NIFTY_MIDCAP150,29468.96,0.11
2025-07-31,NIFTY_MIDCAP150,29722.51,0.86
2025-08-01,NIFTY_MIDCAP150,30047.02,1.09
2025-08-04,NIFTY_MIDCAP150,29818.84,-0.76
2025-08-05,NIFTY_MIDCAP150,29959.88,0.47000000000000003
2025-08-06,NIFTY_MIDCAP150,29888.06,-0.24
2025-08-07,NIFTY_MIDCAP150,30168.35,0.9400000000000001
2025-08-08,NIFTY_MIDCAP150,29839.93,-1.09
2025-08-11,NIFTY_MIDCAP150,29851.86,0.04
2025-08-12,NIFTY_MIDCAP150,29257.7,-1.9900000000000002
2025-08-13,NIFTY_MIDCAP150,29511.01,0.8699999999999999
2025-08-14,NIFTY_MIDCAP150,30139.19,2.13
2025-08-15,NIFTY_MIDCAP150,30691.92,1.83
2025-08-18,NIFTY_MIDCAP150,31004.49,1.02
2025-08-19,NIFTY_MIDCAP150,31227.06,0.72
2025-08-20,NIFTY_MIDCAP150,31987.55,2.44
2025-08-21,NIFTY_MIDCAP150,31806.46,-0.5700000000000001
2025-08-22,NIFTY_MIDCAP150,31735.38,-0.22
2025-08-25,NIFTY_MIDCAP150,32268.28,1.68
2025-08-26,NIFTY_MIDCAP150,32237.8,-0.09
2025-08-27,NIFTY_MIDCAP150,31921.64,-0.98
2025-08-28,NIFTY_MIDCAP150,31396.03,-1.6500000000000001
2025-08-29,NIFTY_MIDCAP150,31118.29,-0.88
2025-09-01,NIFTY_MIDCAP150,31765.03,2.08
2025-09-02,NIFTY_MIDCAP150,31747.98,-0.05
2025-09-03,NIFTY_MIDCAP150,31495.39,-0.8
2025-09-04,NIFTY_MIDCAP150,31483.81,-0.04
2025-09-05,NIFTY_MIDCAP150,31620.21,0.43
2025-09-08,NIFTY_MIDCAP150,30980.47,-2.02
2025-09-09,NIFTY_MIDCAP150,30688.66,-0.9400000000000001
2025-09-10,NIFTY_MIDCAP150,30194.5,-1.6099999999999999
2025-09-11,NIFTY_MIDCAP150,30719.14,1.7399999999999998
2025-09-12,NIFTY_MIDCAP150,30697.57,-0.06999999999999999
2025-09-15,NIFTY_MIDCAP150,30656.11,-0.13999999999999999
2025-09-16,NIFTY_MIDCAP150,30612.92,-0.13999999999999999
2025-09-17,NIFTY_MIDCAP150,30245.84,-1.2
2025-09-18,NIFTY_MIDCAP150,30443.35,0.65
2025-09-19,NIFTY_MIDCAP150,31103.25,2.17
2025-09-22,NIFTY_MIDCAP150,30905.79,-0.63
2025-09-23,NIFTY_MIDCAP150,31238.47,1.08
2025-09-24,NIFTY_MIDCAP150,31218.75,-0.06
2025-09-25,NIFTY_MIDCAP150,30969.29,-0.8
2025-09-26,NIFTY_MIDCAP150,31308.76,1.0999999999999999
2025-09-29,NIFTY_MIDCAP150,30758.05,-1.76
2025-09-30,NIFTY_MIDCAP150,30285.16,-1.54
2025-10-01,NIFTY_MIDCAP150,30917.91,2.09
2025-10-02,NIFTY_MIDCAP150,30796.43,-0.38999999999999996
2025-10-03,NIFTY_MIDCAP150,31235.16,1.4200000000000002
2025-10-06,NIFTY_MIDCAP150,31213.34,-0.06999999999999999
2025-10-07,NIFTY_MIDCAP150,30347.31,-2.77
2025-10-08,NIFTY_MIDCAP150,30601.69,0.84
2025-10-09,NIFTY_MIDCAP150,30749.15,0.48
2025-10-10,NIFTY_MIDCAP150,30508.98,-0.7799999999999999
2025-10-13,NIFTY_MIDCAP150,30910.17,1.31
2025-10-14,NIFTY_MIDCAP150,31259.55,1.13
2025-10-15,NIFTY_MIDCAP150,31012.76,-0.79
2025-10-16,NIFTY_MIDCAP150,31415.78,1.3
2025-10-17,NIFTY_MIDCAP150,31514.25,0.31
2025-10-20,NIFTY_MIDCAP150,31558.95,0.13999999999999999
2025-10-21,NIFTY_MIDCAP150,31316.12,-0.77
2025-10-22,NIFTY_MIDCAP150,31012.22,-0.97
2025-10-23,NIFTY_MIDCAP150,31535.25,1.69
2025-10-24,NIFTY_MIDCAP150,31692.73,0.5
2025-10-27,NIFTY_MIDCAP150,32054.25,1.1400000000000001
2025-10-28,NIFTY_MIDCAP150,31900.64,-0.48
2025-10-29,NIFTY_MIDCAP150,32103.83,0.64
2025-10-30,NIFTY_MIDCAP150,31997.5,-0.33
2025-10-31,NIFTY_MIDCAP150,32260.83,0.8200000000000001
2025-11-03,NIFTY_MIDCAP150,31771.89,-1.52
2025-11-04,NIFTY_MIDCAP150,31296.59,-1.5
2025-11-05,NIFTY_MIDCAP150,30926.29,-1.18
2025-11-06,NIFTY_MIDCAP150,30941.68,0.05
2025-11-07,NIFTY_MIDCAP150,30192.05,-2.42
2025-11-10,NIFTY_MIDCAP150,30369.47,0.59
2025-11-11,NIFTY_MIDCAP150,30600.75,0.76
2025-11-12,NIFTY_MIDCAP150,30019.5,-1.9
2025-11-13,NIFTY_MIDCAP150,29900.49,-0.4
2025-11-14,NIFTY_MIDCAP150,30556.05,2.19
2025-11-17,NIFTY_MIDCAP150,30423.58,-0.43
2025-11-18,NIFTY_MIDCAP150,30097.03,-1.0699999999999998
2025-11-19,NIFTY_MIDCAP150,29988.21,-0.36
2025-11-20,NIFTY_MIDCAP150,30408.66,1.4000000000000001
2025-11-21,NIFTY_MIDCAP150,30034.14,-1.23
2025-11-24,NIFTY_MIDCAP150,30242.04,0.69
2025-11-25,NIFTY_MIDCAP150,30406.8,0.54
2025-11-26,NIFTY_MIDCAP150,30422.44,0.05
2025-11-27,NIFTY_MIDCAP150,30311.71,-0.36
2025-11-28,NIFTY_MIDCAP150,30651.57,1.1199999999999999
2025-12-01,NIFTY_MIDCAP150,30277.25,-1.22
2025-12-02,NIFTY_MIDCAP150,30435.44,0.52
2025-12-03,NIFTY_MIDCAP150,29923.96,-1.68
2025-12-04,NIFTY_MIDCAP150,30272.29,1.16
2025-12-05,NIFTY_MIDCAP150,30552.69,0.9299999999999999
2025-12-08,NIFTY_MIDCAP150,30427.87,-0.41000000000000003
2025-12-09,NIFTY_MIDCAP150,30366.77,-0.2
2025-12-10,NIFTY_MIDCAP150,30551.15,0.61
2025-12-11,NIFTY_MIDCAP150,30104.14,-1.46
2025-12-12,NIFTY_MIDCAP150,30021.57,-0.27
2025-12-15,NIFTY_MIDCAP150,30039.92,0.06
2025-12-16,NIFTY_MIDCAP150,29483.0,-1.8499999999999999
2025-12-17,NIFTY_MIDCAP150,29803.55,1.09
2025-12-18,NIFTY_MIDCAP150,30534.29,2.45
2025-12-19,NIFTY_MIDCAP150,31398.29,2.83
2025-12-22,NIFTY_MIDCAP150,30730.64,-2.13
2025-12-23,NIFTY_MIDCAP150,31157.45,1.39
2025-12-24,NIFTY_MIDCAP150,30954.95,-0.65
2025-12-25,NIFTY_MIDCAP150,30935.73,-0.06
2025-12-26,NIFTY_MIDCAP150,30612.61,-1.04
2025-12-29,NIFTY_MIDCAP150,30843.73,0.75
2025-12-30,NIFTY_MIDCAP150,29999.82,-2.74
2025-12-31,NIFTY_MIDCAP150,29613.27,-1.29
2026-01-01,NIFTY_MIDCAP150,28882.82,-2.4699999999999998
2026-01-02,NIFTY_MIDCAP150,28712.3,-0.59
2026-01-05,NIFTY_MIDCAP150,28628.65,-0.29
2026-01-06,NIFTY_MIDCAP150,28140.18,-1.71
2026-01-07,NIFTY_MIDCAP150,28325.04,0.66
2026-01-08,NIFTY_MIDCAP150,28482.63,0.5599999999999999
2026-01-09,NIFTY_MIDCAP150,28781.91,1.05
2026-01-12,NIFTY_MIDCAP150,29263.11,1.67
2026-01-13,NIFTY_MIDCAP150,29193.46,-0.24
2026-01-14,NIFTY_MIDCAP150,29285.83,0.32
2026-01-15,NIFTY_MIDCAP150,28966.56,-1.09
2026-01-16,NIFTY_MIDCAP150,29007.09,0.13999999999999999
2026-01-19,NIFTY_MIDCAP150,29062.67,0.19
2026-01-20,NIFTY_MIDCAP150,29588.43,1.81
2026-01-21,NIFTY_MIDCAP150,29787.74,0.67
2026-01-22,NIFTY_MIDCAP150,29995.08,0.7000000000000001
2026-01-23,NIFTY_MIDCAP150,29911.47,-0.27999999999999997
2026-01-26,NIFTY_MIDCAP150,28842.18,-3.5700000000000003
2026-01-27,NIFTY_MIDCAP150,28868.27,0.09
2026-01-28,NIFTY_MIDCAP150,28730.88,-0.48
2026-01-29,NIFTY_MIDCAP150,28389.01,-1.1900000000000002
2026-01-30,NIFTY_MIDCAP150,28646.64,0.91
2026-02-02,NIFTY_MIDCAP150,28987.51,1.1900000000000002
2026-02-03,NIFTY_MIDCAP150,28676.71,-1.0699999999999998
2026-02-04,NIFTY_MIDCAP150,28707.29,0.11
2026-02-05,NIFTY_MIDCAP150,28690.44,-0.06
2026-02-06,NIFTY_MIDCAP150,29080.87,1.3599999999999999
2026-02-09,NIFTY_MIDCAP150,29244.0,0.5599999999999999
2026-02-10,NIFTY_MIDCAP150,29500.03,0.88
2026-02-11,NIFTY_MIDCAP150,29395.55,-0.35000000000000003
2026-02-12,NIFTY_MIDCAP150,29552.37,0.53
2026-02-13,NIFTY_MIDCAP150,29865.06,1.06
2026-02-16,NIFTY_MIDCAP150,30679.14,2.73
2026-02-17,NIFTY_MIDCAP150,30510.85,-0.5499999999999999
2026-02-18,NIFTY_MIDCAP150,30404.11,-0.35000000000000003
2026-02-19,NIFTY_MIDCAP150,30169.65,-0.77
2026-02-20,NIFTY_MIDCAP150,30036.14,-0.44
2026-02-23,NIFTY_MIDCAP150,30529.92,1.6400000000000001
2026-02-24,NIFTY_MIDCAP150,30263.53,-0.8699999999999999
2026-02-25,NIFTY_MIDCAP150,30416.85,0.51
2026-02-26,NIFTY_MIDCAP150,30782.5,1.2
2026-02-27,NIFTY_MIDCAP150,31223.71,1.43
2026-03-02,NIFTY_MIDCAP150,31763.06,1.73
2026-03-03,NIFTY_MIDCAP150,31953.29,0.6
2026-03-04,NIFTY_MIDCAP150,32109.07,0.49
2026-03-05,NIFTY_MIDCAP150,31923.09,-0.58
2026-03-06,NIFTY_MIDCAP150,31238.0,-2.15
2026-03-09,NIFTY_MIDCAP150,31047.48,-0.61
2026-03-10,NIFTY_MIDCAP150,31123.31,0.24
2026-03-11,NIFTY_MIDCAP150,31503.08,1.22
2026-03-12,NIFTY_MIDCAP150,32064.32,1.78
2026-03-13,NIFTY_MIDCAP150,32087.05,0.06999999999999999
2026-03-16,NIFTY_MIDCAP150,32519.41,1.35
2026-03-17,NIFTY_MIDCAP150,32601.9,0.25
2026-03-18,NIFTY_MIDCAP150,32699.66,0.3
2026-03-19,NIFTY_MIDCAP150,32609.61,-0.27999999999999997
2026-03-20,NIFTY_MIDCAP150,32454.84,-0.47000000000000003
2026-03-23,NIFTY_MIDCAP150,32261.91,-0.59
2026-03-24,NIFTY_MIDCAP150,32081.59,-0.5599999999999999
2026-03-25,NIFTY_MIDCAP150,31857.44,-0.7000000000000001
2026-03-26,NIFTY_MIDCAP150,32186.46,1.03
2026-03-27,NIFTY_MIDCAP150,32673.63,1.51
2026-03-30,NIFTY_MIDCAP150,32414.16,-0.79
2026-03-31,NIFTY_MIDCAP150,32108.14,-0.9400000000000001
2026-04-01,NIFTY_MIDCAP150,32060.72,-0.15
2026-04-02,NIFTY_MIDCAP150,31765.19,-0.9199999999999999
2026-04-03,NIFTY_MIDCAP150,31420.75,-1.08
2026-04-06,NIFTY_MIDCAP150,31316.6,-0.33
2026-04-07,NIFTY_MIDCAP150,31423.15,0.33999999999999997
2026-04-08,NIFTY_MIDCAP150,31525.63,0.33
2026-04-09,NIFTY_MIDCAP150,31433.73,-0.29
2026-04-10,NIFTY_MIDCAP150,31267.19,-0.53
2026-04-13,NIFTY_MIDCAP150,31503.77,0.76
2026-04-14,NIFTY_MIDCAP150,31662.95,0.51
2026-04-15,NIFTY_MIDCAP150,31744.99,0.26
2026-04-16,NIFTY_MIDCAP150,31562.54,-0.5700000000000001
2026-04-17,NIFTY_MIDCAP150,32063.61,1.59
2026-04-20,NIFTY_MIDCAP150,31610.65,-1.41
2026-04-21,NIFTY_MIDCAP150,31430.8,-0.5700000000000001
2026-04-22,NIFTY_MIDCAP150,31100.86,-1.05
2026-04-23,NIFTY_MIDCAP150,31121.22,0.06999999999999999
2026-04-24,NIFTY_MIDCAP150,30906.25,-0.69
2026-04-27,NIFTY_MIDCAP150,30958.91,0.16999999999999998
2026-04-28,NIFTY_MIDCAP150,31163.05,0.66
2026-04-29,NIFTY_MIDCAP150,31633.27,1.51
2026-04-30,NIFTY_MIDCAP150,31730.44,0.31
2026-05-01,NIFTY_MIDCAP150,31822.38,0.29
2026-05-04,NIFTY_MIDCAP150,31998.33,0.5499999999999999
2026-05-05,NIFTY_MIDCAP150,31199.73,-2.5
2026-05-06,NIFTY_MIDCAP150,31239.91,0.13
2026-05-07,NIFTY_MIDCAP150,30869.71,-1.1900000000000002
2026-05-08,NIFTY_MIDCAP150,30662.83,-0.67
2026-05-11,NIFTY_MIDCAP150,30640.59,-0.06999999999999999
2026-05-12,NIFTY_MIDCAP150,30992.97,1.15
2026-05-13,NIFTY_MIDCAP150,30397.31,-1.92
2026-05-14,NIFTY_MIDCAP150,30499.17,0.33999999999999997
2026-05-15,NIFTY_MIDCAP150,30554.41,0.18
2026-05-18,NIFTY_MIDCAP150,30723.63,0.5499999999999999
2026-05-19,NIFTY_MIDCAP150,31532.84,2.63
2026-05-20,NIFTY_MIDCAP150,32114.68,1.8499999999999999
2026-05-21,NIFTY_MIDCAP150,32241.35,0.38999999999999996
2026-05-22,NIFTY_MIDCAP150,32467.58,0.7000000000000001
2026-05-25,NIFTY_MIDCAP150,32474.69,0.02
2026-05-26,NIFTY_MIDCAP150,32776.35,0.9299999999999999
2026-05-27,NIFTY_MIDCAP150,32810.37,0.1
2026-05-28,NIFTY_MIDCAP150,32990.66,0.5499999999999999
2026-05-29,NIFTY_MIDCAP150,32763.85,-0.69
