investor_id,age,gender,city,city_tier,risk_profile,kyc_status,annual_income_lakh,occupation,pan_verified,registration_date
INV00001,30,F,Nashik,B30,Conservative,Pending,55.9,Self-Employed,True,2018-12-08
INV00002,35,M,Visakhapatnam,B30,Aggressive,Verified,54.2,Salaried,True,2024-07-07
INV00003,35,M,Indore,B30,Conservative,Verified,26.4,Self-Employed,True,2022-02-23
INV00004,62,M,Ranchi,B30,Conservative,Verified,71.9,Retired,True,2024-11-26
INV00005,54,M,Meerut,B30,Conservative,Verified,85.1,Self-Employed,True,2020-06-20
INV00006,58,M,Bengaluru,T30,Conservative,Verified,58.4,Retired,True,2018-04-19
INV00007,62,F,Bhopal,B30,Conservative,Verified,24.0,Student,True,2020-12-04
INV00008,25,F,Bhopal,B30,Conservative,Pending,7.5,Salaried,False,2021-08-04
INV00009,47,M,Amritsar,B30,Conservative,Verified,31.2,Business,True,2025-11-23
INV00010,45,F,Ludhiana,B30,Moderate,Verified,92.2,Retired,True,2021-10-04
INV00011,36,M,Meerut,B30,Moderate,Verified,62.0,Business,True,2024-08-15
INV00012,54,F,Visakhapatnam,B30,Aggressive,Pending,67.3,Salaried,True,2019-11-18
INV00013,32,M,Ranchi,B30,Aggressive,Verified,53.0,Salaried,True,2019-02-26
INV00014,26,F,Indore,B30,Aggressive,Verified,92.1,Self-Employed,True,2021-08-22
INV00015,57,M,Bengaluru,T30,Aggressive,Pending,8.6,Salaried,True,2020-06-11
INV00016,63,M,Hyderabad,T30,Moderate,Verified,50.6,Retired,True,2024-05-03
INV00017,51,F,Jaipur,T30,Moderate,Verified,9.6,Retired,True,2023-05-26
INV00018,42,F,Agra,B30,Moderate,Verified,51.3,Student,False,2018-03-03
INV00019,59,M,Lucknow,B30,Moderate,Verified,41.0,Business,True,2020-05-19
INV00020,53,F,Bhubaneswar,B30,Aggressive,Verified,45.6,Retired,True,2020-02-25
INV00021,26,F,Ranchi,B30,Aggressive,Verified,6.2,Salaried,True,2024-04-06
INV00022,40,M,Jaipur,T30,Moderate,Pending,64.9,Retired,True,2018-05-08
INV00023,37,M,Patna,B30,Moderate,Rejected,88.8,Salaried,True,2018-05-29
INV00024,43,F,Pune,T30,Moderate,Verified,33.6,Salaried,True,2022-01-29
INV00025,64,M,Bhopal,B30,Aggressive,Pending,15.1,Self-Employed,True,2019-05-21
INV00026,40,M,Hyderabad,T30,Aggressive,Verified,47.1,Self-Employed,True,2025-12-14
INV00027,56,F,Bhubaneswar,B30,Conservative,Verified,34.8,Salaried,True,2022-03-28
INV00028,55,M,Mysuru,B30,Conservative,Verified,42.1,Student,True,2019-01-08
INV00029,40,M,Nashik,B30,Conservative,Verified,97.0,Salaried,True,2022-10-17
INV00030,43,M,Ranchi,B30,Aggressive,Verified,31.2,Retired,True,2024-05-05
INV00031,37,F,Varanasi,B30,Moderate,Verified,24.3,Student,True,2020-01-19
INV00032,58,F,Ludhiana,B30,Aggressive,Verified,48.3,Business,False,2022-07-19
INV00033,60,M,Jaipur,T30,Moderate,Verified,36.4,Salaried,True,2019-01-30
INV00034,57,F,Lucknow,B30,Conservative,Verified,42.7,Business,True,2022-12-24
INV00035,38,F,Visakhapatnam,B30,Moderate,Pending,18.8,Salaried,True,2024-10-08
INV00036,59,F,Kochi,B30,Aggressive,Verified,14.4,Student,True,2022-10-26
INV00037,39,M,Pune,T30,Moderate,Verified,25.7,Business,False,2023-05-19
INV00038,60,M,Indore,B30,Moderate,Verified,44.1,Student,False,2019-07-29
INV00039,29,M,Patna,B30,Conservative,Verified,66.3,Student,True,2024-01-06
INV00040,25,M,Amritsar,B30,Conservative,Verified,64.7,Business,True,2024-05-29
INV00041,56,F,Kochi,B30,Conservative,Verified,39.4,Retired,True,2023-11-17
INV00042,65,F,Ludhiana,B30,Conservative,Verified,37.0,Self-Employed,True,2018-08-31
INV00043,58,M,Guwahati,B30,Conservative,Verified,44.5,Salaried,True,2018-06-08
INV00044,39,F,Agra,B30,Moderate,Verified,20.4,Retired,True,2025-01-14
INV00045,61,F,Ahmedabad,T30,Aggressive,Verified,68.5,Self-Employed,True,2020-03-06
INV00046,31,M,Ahmedabad,T30,Aggressive,Verified,75.9,Self-Employed,True,2018-04-23
INV00047,36,M,Amritsar,B30,Moderate,Verified,6.9,Business,True,2021-11-26
INV00048,23,M,Agra,B30,Conservative,Verified,99.1,Retired,True,2024-03-12
INV00049,39,F,Agra,B30,Conservative,Verified,9.8,Business,True,2024-07-25
INV00050,48,M,Meerut,B30,Conservative,Verified,66.2,Salaried,True,2021-08-12
INV00051,33,M,Kolkata,T30,Moderate,Verified,18.6,Salaried,True,2020-01-17
INV00052,64,F,Ahmedabad,T30,Moderate,Verified,77.8,Self-Employed,True,2022-11-29
INV00053,46,F,Agra,B30,Conservative,Verified,48.0,Business,True,2019-08-31
INV00054,27,F,Meerut,B30,Aggressive,Verified,17.2,Student,True,2022-07-26
INV00055,46,F,Hyderabad,T30,Conservative,Verified,47.4,Self-Employed,True,2020-05-07
INV00056,35,F,Jaipur,T30,Moderate,Verified,54.0,Salaried,True,2024-12-19
INV00057,43,F,Coimbatore,B30,Conservative,Verified,90.7,Self-Employed,True,2022-08-23
INV00058,46,F,Agra,B30,Aggressive,Verified,70.5,Salaried,True,2020-03-10
INV00059,26,F,Hyderabad,T30,Conservative,Verified,86.2,Salaried,True,2021-08-23
INV00060,35,F,Pune,T30,Moderate,Verified,57.7,Salaried,True,2020-12-02
INV00061,40,M,Ahmedabad,T30,Moderate,Verified,59.6,Salaried,True,2021-05-21
INV00062,23,M,Indore,B30,Aggressive,Verified,39.6,Salaried,True,2019-12-25
INV00063,23,F,Nagpur,B30,Aggressive,Verified,30.7,Retired,True,2019-03-05
INV00064,23,F,Lucknow,B30,Moderate,Verified,25.9,Self-Employed,True,2024-11-02
INV00065,49,M,Ludhiana,B30,Moderate,Verified,10.2,Student,True,2020-05-30
INV00066,39,F,Ahmedabad,T30,Moderate,Verified,23.2,Student,True,2025-04-10
INV00067,36,M,Kolkata,T30,Conservative,Rejected,97.7,Retired,True,2021-10-05
INV00068,25,M,Varanasi,B30,Conservative,Verified,74.0,Self-Employed,True,2021-11-18
INV00069,27,M,Kolkata,T30,Moderate,Verified,92.1,Student,True,2022-12-14
INV00070,38,F,Ludhiana,B30,Conservative,Verified,50.4,Business,True,2025-08-29
INV00071,49,F,Meerut,B30,Conservative,Verified,27.8,Self-Employed,True,2022-03-10
INV00072,32,M,Surat,T30,Conservative,Pending,93.2,Retired,True,2018-11-13
INV00073,25,M,Agra,B30,Moderate,Verified,44.1,Business,True,2023-05-25
INV00074,32,M,Bhopal,B30,Conservative,Verified,4.9,Business,True,2024-05-28
INV00075,60,M,Pune,T30,Conservative,Verified,87.8,Salaried,True,2023-08-06
INV00076,33,M,Jaipur,T30,Moderate,Verified,36.2,Self-Employed,False,2023-03-08
INV00077,33,M,Varanasi,B30,Aggressive,Pending,57.1,Self-Employed,True,2022-04-20
INV00078,22,F,Ahmedabad,T30,Conservative,Verified,86.0,Student,True,2025-03-22
INV00079,23,M,Coimbatore,B30,Moderate,Verified,71.5,Self-Employed,True,2023-11-23
INV00080,52,M,Delhi,T30,Conservative,Verified,68.5,Student,True,2019-04-09
INV00081,45,F,Agra,B30,Moderate,Verified,63.6,Salaried,False,2020-09-27
INV00082,29,M,Kolkata,T30,Conservative,Verified,75.7,Student,True,2019-12-02
INV00083,24,M,Amritsar,B30,Moderate,Verified,26.2,Salaried,True,2025-09-10
INV00084,51,F,Surat,T30,Aggressive,Verified,41.7,Business,True,2023-10-19
INV00085,56,F,Kochi,B30,Aggressive,Verified,5.5,Business,True,2021-07-08
INV00086,55,F,Ranchi,B30,Aggressive,Verified,30.5,Retired,True,2024-03-30
INV00087,47,F,Rajkot,B30,Aggressive,Pending,97.4,Self-Employed,True,2024-11-03
INV00088,54,F,Kolkata,T30,Conservative,Verified,42.0,Retired,True,2019-03-28
INV00089,26,F,Pune,T30,Moderate,Verified,53.4,Self-Employed,True,2024-05-25
INV00090,48,F,Nashik,B30,Moderate,Verified,10.1,Salaried,True,2025-10-06
INV00091,42,F,Mumbai,T30,Conservative,Verified,11.8,Retired,True,2018-02-13
INV00092,49,M,Pune,T30,Moderate,Pending,10.8,Salaried,True,2024-07-09
INV00093,30,F,Visakhapatnam,B30,Moderate,Verified,74.1,Salaried,True,2019-02-27
INV00094,36,F,Mumbai,T30,Moderate,Verified,84.9,Retired,False,2022-03-04
INV00095,51,F,Nagpur,B30,Conservative,Verified,7.0,Business,True,2024-07-20
INV00096,25,M,Bhopal,B30,Conservative,Pending,77.5,Retired,True,2023-05-30
INV00097,28,F,Ludhiana,B30,Moderate,Verified,5.8,Student,False,2023-05-06
INV00098,46,F,Nagpur,B30,Conservative,Verified,94.2,Salaried,True,2020-02-28
INV00099,54,F,Varanasi,B30,Conservative,Pending,36.5,Student,True,2024-04-28
INV00100,52,M,Meerut,B30,Moderate,Verified,79.3,Student,True,2019-01-01
INV00101,54,M,Surat,T30,Conservative,Rejected,18.4,Self-Employed,True,2025-05-12
INV00102,57,F,Hyderabad,T30,Conservative,Verified,8.7,Business,True,2025-02-22
INV00103,62,F,Pune,T30,Conservative,Verified,99.2,Business,True,2021-12-10
INV00104,61,F,Patna,B30,Moderate,Verified,94.8,Retired,True,2021-05-26
INV00105,45,M,Surat,T30,Aggressive,Verified,38.1,Student,True,2023-05-19
INV00106,50,F,Nashik,B30,Moderate,Verified,55.4,Retired,True,2021-01-15
INV00107,64,M,Delhi,T30,Conservative,Pending,46.6,Self-Employed,True,2024-03-05
INV00108,43,F,Lucknow,B30,Aggressive,Verified,94.8,Self-Employed,True,2021-07-28
INV00109,31,M,Jaipur,T30,Conservative,Verified,32.4,Retired,True,2020-04-07
INV00110,39,F,Lucknow,B30,Conservative,Verified,94.8,Salaried,True,2018-12-25
INV00111,22,M,Surat,T30,Conservative,Verified,70.2,Student,True,2023-11-05
INV00112,48,M,Pune,T30,Moderate,Verified,61.0,Student,True,2022-10-13
INV00113,35,M,Jaipur,T30,Conservative,Verified,27.5,Retired,True,2022-03-27
INV00114,38,F,Delhi,T30,Conservative,Verified,84.5,Retired,True,2021-07-21
INV00115,32,F,Ludhiana,B30,Conservative,Verified,10.1,Self-Employed,True,2022-08-22
INV00116,43,F,Nagpur,B30,Moderate,Rejected,48.0,Student,True,2024-03-18
INV00117,58,F,Jaipur,T30,Aggressive,Verified,31.2,Student,True,2025-12-11
INV00118,31,F,Coimbatore,B30,Aggressive,Verified,42.0,Retired,True,2020-04-25
INV00119,36,M,Ahmedabad,T30,Moderate,Verified,47.9,Business,True,2021-08-20
INV00120,54,F,Patna,B30,Moderate,Rejected,16.2,Business,True,2022-07-04
INV00121,25,F,Lucknow,B30,Moderate,Verified,16.5,Business,True,2024-07-15
INV00122,57,M,Hyderabad,T30,Conservative,Pending,59.6,Self-Employed,True,2022-02-10
INV00123,51,M,Ahmedabad,T30,Conservative,Verified,63.3,Student,True,2025-02-04
INV00124,45,F,Coimbatore,B30,Aggressive,Verified,98.3,Business,True,2024-06-13
INV00125,43,F,Mysuru,B30,Conservative,Verified,37.6,Retired,True,2018-02-22
INV00126,52,M,Agra,B30,Moderate,Pending,74.0,Retired,True,2025-06-27
INV00127,49,F,Delhi,T30,Moderate,Verified,65.6,Student,True,2022-01-13
INV00128,23,F,Indore,B30,Moderate,Verified,29.1,Retired,True,2024-11-16
INV00129,53,F,Ahmedabad,T30,Moderate,Verified,47.5,Student,True,2019-02-21
INV00130,49,M,Lucknow,B30,Moderate,Verified,37.1,Student,True,2021-08-17
INV00131,32,F,Visakhapatnam,B30,Conservative,Verified,94.2,Student,True,2024-08-15
INV00132,46,M,Mysuru,B30,Conservative,Verified,48.1,Salaried,True,2025-02-10
INV00133,22,M,Visakhapatnam,B30,Aggressive,Verified,80.0,Student,True,2024-10-24
INV00134,27,M,Nashik,B30,Conservative,Verified,59.8,Retired,True,2025-09-19
INV00135,24,M,Kolkata,T30,Moderate,Rejected,51.1,Business,True,2020-03-05
INV00136,65,F,Varanasi,B30,Aggressive,Verified,66.9,Retired,True,2022-11-24
INV00137,32,F,Delhi,T30,Moderate,Verified,68.6,Self-Employed,True,2021-07-01
INV00138,27,M,Mysuru,B30,Aggressive,Verified,27.3,Business,True,2020-10-01
INV00139,34,M,Ludhiana,B30,Moderate,Verified,44.7,Salaried,True,2020-12-15
INV00140,28,F,Indore,B30,Aggressive,Verified,57.6,Retired,True,2021-12-29
INV00141,55,M,Rajkot,B30,Aggressive,Verified,65.5,Business,True,2022-08-25
INV00142,51,F,Bengaluru,T30,Conservative,Verified,92.2,Retired,False,2019-09-16
INV00143,54,M,Bhubaneswar,B30,Moderate,Verified,42.7,Self-Employed,True,2019-11-14
INV00144,40,M,Bhubaneswar,B30,Moderate,Pending,28.0,Salaried,True,2020-03-22
INV00145,32,F,Guwahati,B30,Moderate,Verified,10.3,Self-Employed,True,2020-01-26
INV00146,41,F,Coimbatore,B30,Aggressive,Verified,78.0,Salaried,True,2020-10-23
INV00147,48,M,Lucknow,B30,Moderate,Verified,47.8,Salaried,True,2023-07-10
INV00148,37,F,Pune,T30,Conservative,Verified,12.4,Self-Employed,True,2021-10-23
INV00149,27,M,Delhi,T30,Aggressive,Pending,75.0,Salaried,True,2024-11-26
INV00150,28,F,Hyderabad,T30,Conservative,Verified,68.6,Business,True,2021-09-08
INV00151,40,F,Bengaluru,T30,Aggressive,Verified,12.5,Retired,False,2025-04-10
INV00152,52,F,Ahmedabad,T30,Moderate,Verified,25.1,Retired,True,2020-08-28
INV00153,64,F,Ranchi,B30,Aggressive,Verified,49.0,Self-Employed,True,2024-03-08
INV00154,63,M,Indore,B30,Moderate,Verified,77.6,Retired,True,2019-12-27
INV00155,44,M,Pune,T30,Conservative,Verified,50.5,Business,True,2024-09-01
INV00156,38,F,Meerut,B30,Conservative,Verified,77.6,Business,True,2020-01-05
INV00157,64,F,Nagpur,B30,Aggressive,Pending,94.1,Business,True,2022-07-28
INV00158,30,F,Nagpur,B30,Aggressive,Rejected,33.0,Salaried,True,2023-06-02
INV00159,64,F,Bhopal,B30,Aggressive,Pending,52.9,Salaried,True,2022-05-03
INV00160,22,M,Kolkata,T30,Moderate,Verified,35.2,Business,False,2018-06-29
INV00161,43,M,Indore,B30,Conservative,Pending,21.0,Business,True,2021-04-04
INV00162,54,F,Ahmedabad,T30,Moderate,Pending,95.7,Salaried,True,2022-05-08
INV00163,33,F,Vadodara,B30,Conservative,Verified,18.5,Salaried,True,2021-05-04
INV00164,45,F,Ranchi,B30,Aggressive,Verified,97.0,Business,True,2022-03-17
INV00165,28,F,Mumbai,T30,Aggressive,Verified,67.0,Salaried,True,2023-08-07
INV00166,43,F,Hyderabad,T30,Aggressive,Verified,16.4,Retired,True,2019-10-08
INV00167,59,M,Coimbatore,B30,Moderate,Verified,20.5,Salaried,True,2018-03-01
INV00168,24,F,Vadodara,B30,Aggressive,Verified,58.1,Student,False,2021-05-27
INV00169,56,F,Surat,T30,Conservative,Verified,85.3,Salaried,True,2020-04-11
INV00170,48,M,Mumbai,T30,Moderate,Verified,34.0,Business,True,2020-08-04
INV00171,51,M,Bhopal,B30,Moderate,Verified,91.5,Student,True,2025-11-21
INV00172,50,F,Ahmedabad,T30,Moderate,Pending,63.4,Retired,True,2022-08-20
INV00173,24,M,Meerut,B30,Aggressive,Pending,70.7,Business,True,2018-05-26
INV00174,47,F,Jaipur,T30,Conservative,Verified,18.1,Student,True,2020-10-04
INV00175,36,F,Delhi,T30,Conservative,Verified,81.1,Business,True,2025-07-23
INV00176,25,M,Bhopal,B30,Moderate,Verified,3.7,Self-Employed,True,2023-05-07
INV00177,56,F,Nashik,B30,Conservative,Verified,31.5,Self-Employed,True,2023-10-18
INV00178,62,F,Vadodara,B30,Aggressive,Verified,71.2,Retired,True,2020-01-08
INV00179,59,M,Indore,B30,Aggressive,Verified,64.5,Retired,False,2023-05-22
INV00180,29,M,Surat,T30,Moderate,Verified,14.5,Retired,True,2024-01-24
INV00181,33,M,Patna,B30,Conservative,Verified,53.7,Business,True,2023-07-11
INV00182,43,M,Bengaluru,T30,Moderate,Verified,83.3,Self-Employed,True,2024-08-19
INV00183,38,M,Hyderabad,T30,Aggressive,Verified,27.1,Business,True,2019-10-24
INV00184,48,M,Jaipur,T30,Moderate,Verified,89.6,Student,True,2019-02-13
INV00185,45,M,Kolkata,T30,Moderate,Verified,19.9,Self-Employed,True,2020-05-24
INV00186,57,M,Kochi,B30,Conservative,Rejected,82.9,Salaried,True,2019-05-02
INV00187,29,M,Meerut,B30,Conservative,Verified,79.6,Self-Employed,True,2023-03-20
INV00188,39,M,Amritsar,B30,Conservative,Verified,38.3,Self-Employed,True,2023-07-24
INV00189,29,F,Patna,B30,Aggressive,Verified,81.3,Self-Employed,True,2022-04-25
INV00190,61,F,Guwahati,B30,Conservative,Verified,50.1,Retired,False,2023-03-05
INV00191,44,M,Bengaluru,T30,Moderate,Verified,87.9,Business,True,2019-06-11
INV00192,38,M,Kochi,B30,Aggressive,Verified,92.0,Retired,True,2025-12-12
INV00193,27,M,Visakhapatnam,B30,Conservative,Verified,24.8,Retired,True,2019-09-03
INV00194,55,M,Kolkata,T30,Moderate,Rejected,41.5,Business,True,2022-11-14
INV00195,62,F,Amritsar,B30,Conservative,Verified,51.9,Retired,True,2021-08-16
INV00196,49,M,Lucknow,B30,Aggressive,Verified,90.7,Salaried,True,2024-03-14
INV00197,35,M,Lucknow,B30,Conservative,Verified,66.7,Self-Employed,True,2018-12-23
INV00198,59,M,Indore,B30,Aggressive,Verified,17.7,Business,True,2021-03-06
INV00199,53,F,Guwahati,B30,Moderate,Verified,11.4,Business,True,2022-12-01
INV00200,34,M,Varanasi,B30,Conservative,Verified,79.7,Retired,True,2018-02-11
INV00201,58,F,Mumbai,T30,Conservative,Rejected,76.6,Salaried,True,2019-05-13
INV00202,45,F,Ludhiana,B30,Moderate,Verified,66.3,Self-Employed,True,2025-06-24
INV00203,42,F,Mumbai,T30,Conservative,Verified,8.6,Business,True,2023-07-28
INV00204,60,M,Chennai,T30,Aggressive,Verified,45.7,Student,False,2022-03-13
INV00205,57,F,Indore,B30,Conservative,Verified,84.6,Business,True,2020-04-18
INV00206,62,F,Delhi,T30,Conservative,Verified,9.6,Retired,True,2022-05-27
INV00207,49,F,Rajkot,B30,Conservative,Pending,60.5,Salaried,True,2021-02-04
INV00208,41,M,Delhi,T30,Aggressive,Verified,97.4,Self-Employed,True,2023-08-26
INV00209,31,F,Lucknow,B30,Moderate,Verified,3.8,Salaried,True,2021-08-20
INV00210,55,F,Bengaluru,T30,Conservative,Verified,65.8,Business,True,2023-05-28
INV00211,41,F,Vadodara,B30,Conservative,Verified,17.4,Retired,True,2020-10-04
INV00212,42,M,Surat,T30,Aggressive,Verified,62.1,Salaried,True,2019-09-23
INV00213,55,M,Hyderabad,T30,Moderate,Verified,79.1,Retired,False,2023-01-26
INV00214,43,F,Jaipur,T30,Conservative,Verified,35.5,Salaried,False,2023-07-28
INV00215,59,M,Pune,T30,Conservative,Verified,62.2,Salaried,True,2018-09-24
INV00216,57,M,Surat,T30,Aggressive,Verified,21.5,Business,True,2018-03-28
INV00217,56,F,Mysuru,B30,Aggressive,Verified,48.0,Student,True,2024-02-09
INV00218,47,M,Chennai,T30,Moderate,Pending,43.0,Retired,True,2024-04-13
INV00219,27,F,Bhopal,B30,Moderate,Verified,70.3,Student,True,2021-11-04
INV00220,26,M,Hyderabad,T30,Aggressive,Verified,33.1,Business,True,2022-11-15
INV00221,52,M,Nashik,B30,Moderate,Verified,60.8,Student,False,2020-11-02
INV00222,56,M,Lucknow,B30,Moderate,Verified,12.2,Student,True,2023-10-14
INV00223,37,M,Kochi,B30,Moderate,Verified,97.5,Student,True,2019-04-13
INV00224,58,M,Ranchi,B30,Aggressive,Verified,93.9,Salaried,True,2019-12-14
INV00225,35,M,Indore,B30,Conservative,Verified,23.2,Retired,True,2020-07-17
INV00226,65,M,Rajkot,B30,Moderate,Verified,68.4,Student,True,2023-02-09
INV00227,39,M,Coimbatore,B30,Moderate,Verified,4.3,Retired,True,2020-06-18
INV00228,49,M,Delhi,T30,Aggressive,Verified,18.7,Self-Employed,True,2025-11-26
INV00229,55,F,Pune,T30,Moderate,Verified,13.5,Business,True,2021-07-03
INV00230,48,F,Mysuru,B30,Moderate,Verified,93.3,Self-Employed,True,2023-07-14
INV00231,29,F,Meerut,B30,Moderate,Verified,72.2,Retired,False,2023-08-29
INV00232,22,M,Indore,B30,Moderate,Verified,52.2,Salaried,True,2022-03-29
INV00233,38,M,Vadodara,B30,Aggressive,Verified,38.3,Student,True,2025-02-13
INV00234,59,M,Ranchi,B30,Aggressive,Verified,49.0,Salaried,True,2025-09-12
INV00235,24,M,Bhubaneswar,B30,Conservative,Verified,27.9,Salaried,True,2020-11-25
INV00236,26,F,Vadodara,B30,Conservative,Rejected,65.3,Salaried,True,2021-07-14
INV00237,29,M,Jaipur,T30,Aggressive,Verified,34.6,Retired,True,2018-03-29
INV00238,22,F,Chennai,T30,Conservative,Verified,57.2,Salaried,True,2025-03-13
INV00239,31,M,Nagpur,B30,Aggressive,Verified,65.4,Self-Employed,True,2018-10-13
INV00240,45,F,Chennai,T30,Moderate,Verified,48.5,Student,True,2024-09-08
INV00241,65,F,Coimbatore,B30,Moderate,Verified,35.9,Business,True,2023-09-29
INV00242,62,M,Meerut,B30,Conservative,Verified,58.7,Business,True,2020-05-21
INV00243,64,M,Pune,T30,Moderate,Verified,69.2,Retired,True,2020-12-29
INV00244,49,M,Jaipur,T30,Moderate,Verified,13.4,Retired,True,2025-03-08
INV00245,32,M,Nagpur,B30,Conservative,Verified,98.8,Retired,True,2018-01-15
INV00246,40,M,Coimbatore,B30,Moderate,Verified,66.2,Business,True,2023-09-22
INV00247,31,F,Surat,T30,Moderate,Verified,24.5,Student,False,2024-12-30
INV00248,22,F,Amritsar,B30,Aggressive,Verified,69.2,Retired,True,2018-09-02
INV00249,44,F,Nagpur,B30,Aggressive,Verified,75.5,Student,True,2022-07-02
INV00250,39,F,Pune,T30,Moderate,Verified,42.7,Student,True,2022-08-13
INV00251,36,F,Indore,B30,Conservative,Verified,16.1,Self-Employed,True,2018-02-21
INV00252,63,F,Ahmedabad,T30,Moderate,Verified,27.8,Retired,True,2024-03-27
INV00253,54,M,Kochi,B30,Conservative,Verified,13.6,Self-Employed,False,2024-09-06
INV00254,55,F,Varanasi,B30,Aggressive,Verified,71.7,Self-Employed,True,2022-01-23
INV00255,64,F,Meerut,B30,Aggressive,Verified,85.0,Business,True,2021-07-04
INV00256,58,M,Bengaluru,T30,Conservative,Pending,16.3,Salaried,True,2024-11-24
INV00257,37,M,Jaipur,T30,Aggressive,Verified,67.4,Retired,False,2023-11-11
INV00258,22,M,Coimbatore,B30,Conservative,Verified,68.0,Salaried,True,2018-11-24
INV00259,57,F,Bhubaneswar,B30,Aggressive,Verified,37.1,Business,True,2024-07-12
INV00260,34,M,Indore,B30,Conservative,Verified,45.7,Salaried,True,2025-05-10
INV00261,49,F,Vadodara,B30,Aggressive,Verified,25.3,Retired,True,2022-12-04
INV00262,34,F,Mysuru,B30,Aggressive,Verified,80.4,Salaried,True,2018-09-10
INV00263,58,F,Agra,B30,Conservative,Verified,94.6,Self-Employed,True,2022-03-28
INV00264,34,M,Agra,B30,Moderate,Verified,19.2,Business,True,2024-06-02
INV00265,44,F,Patna,B30,Conservative,Verified,27.8,Self-Employed,True,2021-10-03
INV00266,36,F,Indore,B30,Aggressive,Verified,60.4,Self-Employed,True,2024-02-25
INV00267,28,M,Bengaluru,T30,Conservative,Verified,79.1,Salaried,True,2025-11-03
INV00268,35,F,Delhi,T30,Moderate,Verified,44.6,Student,True,2022-08-13
INV00269,26,M,Vadodara,B30,Aggressive,Rejected,62.8,Self-Employed,True,2021-07-19
INV00270,50,M,Kochi,B30,Conservative,Verified,94.0,Retired,True,2018-10-13
INV00271,45,M,Pune,T30,Conservative,Verified,52.1,Student,False,2021-03-04
INV00272,59,F,Ludhiana,B30,Conservative,Rejected,87.3,Business,True,2023-01-04
INV00273,59,F,Ranchi,B30,Conservative,Verified,49.9,Retired,True,2024-01-31
INV00274,37,M,Ludhiana,B30,Conservative,Verified,51.9,Retired,True,2025-10-03
INV00275,60,M,Visakhapatnam,B30,Conservative,Verified,48.8,Salaried,True,2021-02-13
INV00276,56,M,Jaipur,T30,Aggressive,Verified,43.4,Salaried,True,2024-11-04
INV00277,22,F,Vadodara,B30,Conservative,Verified,14.3,Self-Employed,True,2018-08-15
INV00278,43,M,Nashik,B30,Conservative,Verified,84.5,Business,True,2025-08-01
INV00279,58,F,Ahmedabad,T30,Conservative,Verified,9.0,Student,True,2019-10-31
INV00280,44,F,Varanasi,B30,Aggressive,Verified,54.5,Business,True,2022-07-19
INV00281,28,M,Mumbai,T30,Aggressive,Verified,35.8,Self-Employed,True,2019-05-02
INV00282,32,M,Kolkata,T30,Aggressive,Verified,22.1,Business,True,2021-12-06
INV00283,34,M,Kolkata,T30,Conservative,Verified,22.3,Student,True,2020-10-01
INV00284,25,F,Nagpur,B30,Conservative,Verified,66.2,Business,True,2021-03-04
INV00285,29,M,Delhi,T30,Moderate,Verified,65.9,Student,False,2024-02-01
INV00286,41,F,Nashik,B30,Conservative,Verified,42.1,Business,True,2019-12-14
INV00287,32,F,Rajkot,B30,Moderate,Verified,62.0,Student,True,2022-05-08
INV00288,24,M,Varanasi,B30,Aggressive,Verified,21.1,Student,True,2025-05-19
INV00289,28,M,Bhopal,B30,Conservative,Verified,35.3,Self-Employed,True,2019-06-01
INV00290,48,M,Hyderabad,T30,Moderate,Verified,44.0,Salaried,True,2019-06-10
INV00291,32,F,Rajkot,B30,Aggressive,Verified,94.5,Business,True,2018-01-30
INV00292,65,F,Kochi,B30,Moderate,Verified,99.1,Business,True,2018-01-06
INV00293,56,M,Agra,B30,Moderate,Verified,47.8,Student,False,2022-12-10
INV00294,50,F,Agra,B30,Moderate,Verified,78.0,Self-Employed,True,2022-01-21
INV00295,23,M,Pune,T30,Moderate,Verified,66.1,Student,True,2020-10-28
INV00296,56,F,Amritsar,B30,Conservative,Pending,46.8,Student,True,2024-05-26
INV00297,30,M,Chennai,T30,Conservative,Verified,45.1,Retired,False,2024-10-11
INV00298,29,F,Kochi,B30,Moderate,Pending,9.8,Self-Employed,True,2025-08-28
INV00299,30,M,Mysuru,B30,Aggressive,Verified,13.5,Retired,True,2025-08-01
INV00300,36,M,Nashik,B30,Conservative,Pending,70.5,Retired,True,2021-08-10
INV00301,60,M,Coimbatore,B30,Conservative,Verified,79.3,Self-Employed,True,2024-07-20
INV00302,43,M,Bengaluru,T30,Moderate,Verified,43.5,Student,True,2020-10-26
INV00303,30,M,Kochi,B30,Conservative,Verified,14.1,Student,True,2022-04-17
INV00304,35,M,Meerut,B30,Conservative,Verified,19.3,Salaried,False,2020-04-05
INV00305,55,M,Bengaluru,T30,Aggressive,Verified,75.0,Student,True,2019-11-10
INV00306,62,M,Bhopal,B30,Aggressive,Verified,17.2,Salaried,True,2020-02-13
INV00307,32,F,Nagpur,B30,Moderate,Verified,94.2,Business,True,2018-01-04
INV00308,22,M,Amritsar,B30,Aggressive,Verified,75.9,Salaried,True,2020-11-15
INV00309,23,M,Meerut,B30,Moderate,Verified,39.3,Student,True,2018-07-21
INV00310,62,M,Vadodara,B30,Conservative,Verified,32.8,Retired,True,2018-01-15
INV00311,28,F,Indore,B30,Aggressive,Verified,81.6,Retired,False,2021-07-22
INV00312,62,M,Delhi,T30,Aggressive,Verified,71.3,Business,True,2025-01-20
INV00313,42,F,Varanasi,B30,Aggressive,Verified,97.6,Business,True,2019-02-22
INV00314,54,F,Ludhiana,B30,Moderate,Verified,42.3,Student,True,2022-06-21
INV00315,56,M,Bengaluru,T30,Aggressive,Verified,39.0,Student,True,2024-06-23
INV00316,52,F,Kochi,B30,Moderate,Verified,25.0,Self-Employed,True,2018-11-25
INV00317,26,M,Amritsar,B30,Conservative,Verified,41.3,Self-Employed,True,2019-06-17
INV00318,54,M,Surat,T30,Moderate,Verified,59.1,Salaried,True,2022-06-13
INV00319,54,F,Delhi,T30,Moderate,Verified,60.1,Student,True,2022-08-30
INV00320,25,M,Agra,B30,Aggressive,Verified,70.4,Retired,True,2025-08-06
INV00321,46,F,Ahmedabad,T30,Aggressive,Verified,89.5,Business,True,2020-06-05
INV00322,55,F,Varanasi,B30,Aggressive,Verified,60.7,Student,True,2018-12-14
INV00323,58,M,Lucknow,B30,Conservative,Verified,19.6,Student,False,2025-01-31
INV00324,39,M,Visakhapatnam,B30,Moderate,Verified,26.6,Student,True,2022-09-24
INV00325,45,F,Delhi,T30,Conservative,Verified,87.6,Business,True,2022-05-14
INV00326,24,M,Lucknow,B30,Aggressive,Verified,47.1,Salaried,True,2021-02-26
INV00327,35,M,Bhopal,B30,Moderate,Verified,15.7,Self-Employed,True,2021-01-17
INV00328,57,F,Agra,B30,Aggressive,Verified,37.7,Business,True,2021-06-09
INV00329,61,M,Mumbai,T30,Conservative,Verified,29.5,Retired,True,2025-06-09
INV00330,25,M,Jaipur,T30,Moderate,Verified,16.1,Student,True,2021-03-21
INV00331,29,M,Coimbatore,B30,Moderate,Verified,39.6,Student,True,2021-10-08
INV00332,63,M,Jaipur,T30,Aggressive,Pending,75.9,Salaried,True,2024-08-31
INV00333,37,M,Indore,B30,Moderate,Verified,37.4,Retired,True,2022-02-27
INV00334,55,M,Pune,T30,Moderate,Verified,6.9,Self-Employed,True,2022-06-07
INV00335,65,M,Hyderabad,T30,Conservative,Verified,70.5,Business,True,2025-11-09
INV00336,65,F,Agra,B30,Aggressive,Verified,58.9,Business,True,2022-11-01
INV00337,63,F,Mysuru,B30,Moderate,Verified,89.0,Retired,True,2018-01-03
INV00338,37,F,Mumbai,T30,Aggressive,Verified,76.2,Salaried,False,2018-01-28
INV00339,55,F,Vadodara,B30,Conservative,Verified,90.3,Student,True,2025-07-16
INV00340,38,M,Amritsar,B30,Moderate,Pending,99.8,Salaried,False,2022-11-18
INV00341,46,F,Rajkot,B30,Aggressive,Verified,20.0,Retired,True,2021-06-09
INV00342,45,F,Varanasi,B30,Conservative,Verified,48.9,Student,True,2022-02-22
INV00343,36,F,Visakhapatnam,B30,Moderate,Verified,81.6,Business,True,2018-12-12
INV00344,40,M,Kolkata,T30,Aggressive,Verified,3.7,Retired,True,2018-09-27
INV00345,52,F,Bengaluru,T30,Moderate,Verified,95.6,Student,True,2020-07-17
INV00346,40,M,Jaipur,T30,Conservative,Verified,14.4,Self-Employed,True,2018-12-09
INV00347,37,M,Varanasi,B30,Moderate,Verified,34.3,Business,False,2024-07-15
INV00348,51,M,Hyderabad,T30,Aggressive,Verified,86.4,Retired,False,2022-02-05
INV00349,40,M,Delhi,T30,Moderate,Verified,30.7,Self-Employed,False,2022-02-02
INV00350,35,M,Ludhiana,B30,Moderate,Verified,42.0,Retired,True,2021-07-27
INV00351,38,F,Coimbatore,B30,Aggressive,Verified,76.4,Salaried,True,2022-07-11
INV00352,36,M,Vadodara,B30,Conservative,Verified,65.1,Retired,True,2022-01-17
INV00353,60,F,Bhubaneswar,B30,Aggressive,Verified,89.0,Salaried,True,2019-09-23
INV00354,29,M,Nashik,B30,Aggressive,Rejected,95.3,Student,True,2019-02-14
INV00355,59,M,Ahmedabad,T30,Aggressive,Verified,72.0,Retired,False,2020-01-14
INV00356,35,M,Indore,B30,Moderate,Verified,17.4,Salaried,True,2024-12-28
INV00357,24,F,Ahmedabad,T30,Conservative,Verified,34.6,Salaried,True,2024-05-09
INV00358,61,F,Bengaluru,T30,Moderate,Rejected,49.4,Self-Employed,True,2025-04-07
INV00359,51,F,Chennai,T30,Aggressive,Verified,64.9,Student,True,2025-09-13
INV00360,22,M,Coimbatore,B30,Conservative,Verified,38.9,Business,True,2025-11-15
INV00361,23,M,Mumbai,T30,Moderate,Verified,42.3,Self-Employed,False,2021-08-24
INV00362,57,M,Chennai,T30,Aggressive,Verified,91.7,Student,True,2024-06-19
INV00363,37,F,Mumbai,T30,Moderate,Verified,85.3,Retired,True,2019-11-20
INV00364,53,F,Bhubaneswar,B30,Aggressive,Verified,98.4,Business,True,2024-01-06
INV00365,29,F,Agra,B30,Conservative,Pending,99.1,Retired,True,2022-12-03
INV00366,35,F,Guwahati,B30,Moderate,Verified,30.6,Retired,True,2018-09-03
INV00367,30,M,Varanasi,B30,Conservative,Verified,21.4,Student,True,2020-07-31
INV00368,29,F,Bengaluru,T30,Conservative,Verified,13.5,Business,True,2024-02-19
INV00369,36,F,Ahmedabad,T30,Aggressive,Verified,99.7,Self-Employed,True,2018-03-02
INV00370,23,M,Rajkot,B30,Moderate,Verified,39.3,Business,True,2019-05-09
INV00371,32,M,Rajkot,B30,Aggressive,Verified,93.9,Salaried,True,2018-05-24
INV00372,26,M,Hyderabad,T30,Moderate,Verified,11.2,Business,True,2020-04-19
INV00373,48,M,Patna,B30,Conservative,Verified,8.0,Retired,True,2021-12-22
INV00374,40,M,Delhi,T30,Aggressive,Verified,56.5,Student,True,2025-06-06
INV00375,24,F,Vadodara,B30,Aggressive,Verified,18.3,Self-Employed,True,2023-12-22
INV00376,43,M,Visakhapatnam,B30,Moderate,Pending,56.5,Business,True,2021-04-09
INV00377,49,M,Bhopal,B30,Aggressive,Verified,40.0,Student,True,2018-02-27
INV00378,30,F,Chennai,T30,Conservative,Pending,58.2,Self-Employed,True,2022-01-10
INV00379,25,M,Pune,T30,Moderate,Verified,20.4,Retired,True,2023-02-08
INV00380,60,M,Nashik,B30,Conservative,Verified,54.5,Retired,True,2023-05-03
INV00381,51,M,Guwahati,B30,Moderate,Pending,53.9,Business,True,2023-10-22
INV00382,28,M,Pune,T30,Conservative,Verified,53.3,Self-Employed,True,2024-08-12
INV00383,44,M,Patna,B30,Moderate,Verified,68.8,Student,False,2025-04-15
INV00384,49,M,Kolkata,T30,Moderate,Verified,19.7,Business,True,2019-09-01
INV00385,49,M,Indore,B30,Aggressive,Verified,39.4,Retired,False,2025-07-21
INV00386,38,F,Coimbatore,B30,Aggressive,Rejected,35.3,Student,True,2021-04-19
INV00387,37,F,Chennai,T30,Aggressive,Verified,3.9,Salaried,True,2022-01-08
INV00388,50,M,Coimbatore,B30,Moderate,Verified,65.0,Business,True,2024-04-08
INV00389,64,M,Indore,B30,Moderate,Verified,29.6,Retired,True,2025-06-06
INV00390,63,F,Ahmedabad,T30,Aggressive,Verified,85.4,Business,True,2020-06-22
INV00391,28,F,Delhi,T30,Moderate,Verified,72.2,Self-Employed,True,2018-06-21
INV00392,60,M,Mumbai,T30,Aggressive,Verified,86.1,Retired,True,2023-03-07
INV00393,59,M,Mysuru,B30,Moderate,Verified,40.3,Self-Employed,True,2024-03-30
INV00394,23,F,Kolkata,T30,Moderate,Verified,61.9,Salaried,True,2024-12-15
INV00395,47,F,Kolkata,T30,Aggressive,Verified,67.3,Student,True,2022-05-25
INV00396,64,F,Lucknow,B30,Aggressive,Verified,57.3,Salaried,True,2023-12-03
INV00397,60,F,Amritsar,B30,Conservative,Pending,68.2,Business,True,2020-09-29
INV00398,31,F,Surat,T30,Aggressive,Verified,69.6,Salaried,True,2022-03-18
INV00399,37,M,Mysuru,B30,Moderate,Verified,50.2,Salaried,True,2021-06-08
INV00400,23,F,Surat,T30,Aggressive,Verified,39.9,Self-Employed,True,2023-09-07
INV00401,34,M,Meerut,B30,Conservative,Verified,95.3,Self-Employed,True,2019-05-11
INV00402,36,F,Rajkot,B30,Conservative,Verified,75.4,Salaried,True,2020-12-15
INV00403,47,M,Bhopal,B30,Moderate,Verified,50.3,Student,True,2020-08-02
INV00404,57,F,Mumbai,T30,Conservative,Verified,61.8,Salaried,True,2020-02-13
INV00405,51,F,Chennai,T30,Conservative,Verified,55.4,Retired,True,2018-12-02
INV00406,35,F,Kolkata,T30,Aggressive,Pending,37.4,Student,True,2025-06-02
INV00407,36,M,Vadodara,B30,Moderate,Verified,34.1,Retired,True,2018-01-24
INV00408,45,M,Agra,B30,Aggressive,Verified,18.7,Salaried,True,2022-10-16
INV00409,57,M,Nashik,B30,Moderate,Verified,5.2,Student,True,2025-12-11
INV00410,44,F,Nashik,B30,Aggressive,Verified,70.1,Business,True,2023-05-09
INV00411,58,F,Hyderabad,T30,Moderate,Verified,81.0,Retired,True,2023-12-10
INV00412,31,F,Visakhapatnam,B30,Aggressive,Verified,50.6,Student,True,2020-02-01
INV00413,65,M,Kochi,B30,Moderate,Verified,72.1,Business,True,2025-09-11
INV00414,57,F,Bengaluru,T30,Aggressive,Verified,8.0,Salaried,True,2023-06-10
INV00415,62,M,Bhopal,B30,Conservative,Verified,79.2,Business,True,2018-07-08
INV00416,49,M,Indore,B30,Aggressive,Verified,30.7,Business,True,2021-07-07
INV00417,31,M,Nashik,B30,Aggressive,Verified,88.0,Business,True,2022-12-19
INV00418,29,F,Patna,B30,Conservative,Verified,11.9,Self-Employed,True,2022-01-24
INV00419,56,M,Lucknow,B30,Conservative,Verified,10.1,Self-Employed,True,2020-12-09
INV00420,41,F,Amritsar,B30,Aggressive,Pending,39.3,Student,True,2019-11-26
INV00421,23,M,Meerut,B30,Moderate,Verified,9.6,Business,True,2020-05-14
INV00422,22,F,Mumbai,T30,Aggressive,Verified,46.1,Student,True,2019-12-20
INV00423,46,M,Nashik,B30,Conservative,Verified,4.5,Retired,False,2018-08-16
INV00424,46,M,Amritsar,B30,Conservative,Verified,34.7,Business,True,2019-08-13
INV00425,61,F,Pune,T30,Conservative,Verified,66.6,Salaried,True,2021-08-26
INV00426,46,M,Bengaluru,T30,Aggressive,Verified,35.4,Retired,True,2021-05-21
INV00427,40,M,Bengaluru,T30,Aggressive,Verified,18.3,Salaried,True,2021-03-05
INV00428,48,M,Nagpur,B30,Aggressive,Verified,89.7,Self-Employed,True,2019-05-05
INV00429,59,F,Meerut,B30,Aggressive,Verified,33.9,Retired,True,2019-03-20
INV00430,25,F,Hyderabad,T30,Conservative,Verified,5.8,Salaried,False,2024-05-09
INV00431,23,F,Jaipur,T30,Moderate,Verified,7.1,Business,False,2020-12-29
INV00432,47,M,Surat,T30,Conservative,Verified,74.7,Business,True,2018-03-04
INV00433,30,F,Nagpur,B30,Moderate,Verified,55.9,Student,True,2023-04-08
INV00434,30,F,Agra,B30,Conservative,Verified,26.5,Retired,True,2023-05-29
INV00435,53,F,Bengaluru,T30,Moderate,Pending,38.6,Business,True,2022-10-30
INV00436,58,M,Kolkata,T30,Moderate,Verified,47.8,Business,True,2025-02-01
INV00437,55,F,Ludhiana,B30,Conservative,Rejected,22.7,Self-Employed,True,2023-09-08
INV00438,34,F,Pune,T30,Conservative,Verified,65.9,Self-Employed,True,2018-11-06
INV00439,42,F,Hyderabad,T30,Aggressive,Pending,30.2,Business,True,2019-10-18
INV00440,44,F,Pune,T30,Conservative,Verified,21.1,Retired,True,2019-08-09
INV00441,27,F,Ludhiana,B30,Conservative,Verified,91.4,Business,True,2025-06-16
INV00442,32,M,Nashik,B30,Conservative,Verified,34.8,Self-Employed,True,2025-02-08
INV00443,46,M,Mumbai,T30,Conservative,Verified,95.4,Business,True,2019-11-01
INV00444,54,F,Ahmedabad,T30,Conservative,Verified,94.7,Self-Employed,True,2021-03-07
INV00445,58,F,Kochi,B30,Moderate,Verified,93.3,Salaried,True,2021-12-02
INV00446,50,M,Pune,T30,Aggressive,Verified,16.0,Retired,True,2024-11-26
INV00447,38,M,Surat,T30,Aggressive,Rejected,47.2,Retired,True,2020-03-22
INV00448,59,F,Meerut,B30,Conservative,Verified,71.2,Self-Employed,True,2021-10-24
INV00449,40,M,Lucknow,B30,Conservative,Verified,96.5,Retired,True,2023-08-17
INV00450,25,M,Surat,T30,Moderate,Verified,75.6,Business,True,2025-10-29
INV00451,28,F,Jaipur,T30,Moderate,Verified,5.3,Self-Employed,True,2019-12-23
INV00452,31,F,Ludhiana,B30,Aggressive,Verified,57.4,Self-Employed,True,2025-08-17
INV00453,54,M,Guwahati,B30,Conservative,Verified,53.4,Business,True,2023-01-06
INV00454,32,M,Rajkot,B30,Moderate,Pending,52.3,Retired,True,2024-06-30
INV00455,56,M,Mysuru,B30,Conservative,Verified,85.9,Salaried,False,2022-09-28
INV00456,55,F,Jaipur,T30,Conservative,Verified,61.7,Student,True,2025-08-16
INV00457,53,F,Patna,B30,Conservative,Verified,84.3,Salaried,True,2019-08-07
INV00458,36,M,Meerut,B30,Conservative,Verified,12.0,Business,True,2024-04-13
INV00459,56,F,Kolkata,T30,Moderate,Verified,11.4,Self-Employed,True,2018-05-20
INV00460,58,F,Ahmedabad,T30,Aggressive,Verified,4.7,Student,True,2021-10-19
INV00461,59,F,Visakhapatnam,B30,Moderate,Verified,32.1,Student,True,2022-09-07
INV00462,51,F,Chennai,T30,Aggressive,Verified,19.9,Student,True,2018-07-05
INV00463,53,M,Meerut,B30,Moderate,Verified,13.7,Retired,True,2020-02-06
INV00464,31,M,Visakhapatnam,B30,Moderate,Verified,9.5,Retired,True,2023-12-09
INV00465,56,M,Lucknow,B30,Conservative,Verified,25.6,Self-Employed,True,2019-10-07
INV00466,33,M,Kolkata,T30,Aggressive,Verified,52.7,Student,True,2020-05-22
INV00467,32,M,Guwahati,B30,Moderate,Verified,85.1,Business,True,2020-04-25
INV00468,45,M,Guwahati,B30,Moderate,Verified,88.9,Student,True,2018-12-26
INV00469,28,F,Nagpur,B30,Moderate,Verified,64.4,Salaried,True,2019-02-04
INV00470,26,M,Vadodara,B30,Conservative,Rejected,39.9,Retired,True,2019-06-29
INV00471,42,F,Hyderabad,T30,Moderate,Verified,51.5,Salaried,True,2021-05-01
INV00472,57,F,Delhi,T30,Conservative,Verified,29.8,Self-Employed,True,2020-06-09
INV00473,56,F,Agra,B30,Aggressive,Pending,17.2,Business,True,2021-04-27
INV00474,30,M,Kolkata,T30,Moderate,Verified,24.9,Retired,True,2022-10-09
INV00475,36,F,Agra,B30,Aggressive,Verified,72.6,Business,True,2025-07-28
INV00476,38,F,Bhubaneswar,B30,Aggressive,Verified,52.7,Retired,True,2025-12-18
INV00477,60,F,Nashik,B30,Aggressive,Verified,67.7,Student,True,2018-01-23
INV00478,62,M,Kochi,B30,Aggressive,Verified,47.3,Self-Employed,False,2022-05-01
INV00479,50,F,Varanasi,B30,Conservative,Verified,62.2,Self-Employed,True,2022-01-12
INV00480,27,F,Nagpur,B30,Conservative,Verified,59.2,Student,False,2024-08-22
INV00481,47,F,Kochi,B30,Moderate,Verified,51.1,Salaried,True,2018-09-12
INV00482,64,M,Kochi,B30,Conservative,Pending,13.9,Retired,True,2024-11-04
INV00483,39,F,Nagpur,B30,Conservative,Rejected,13.6,Salaried,True,2024-06-16
INV00484,62,F,Bengaluru,T30,Moderate,Verified,85.0,Retired,True,2024-03-26
INV00485,46,M,Indore,B30,Aggressive,Verified,16.7,Business,True,2018-02-20
INV00486,54,F,Bhopal,B30,Aggressive,Verified,65.7,Student,True,2022-12-14
INV00487,30,F,Rajkot,B30,Aggressive,Verified,49.9,Salaried,True,2020-09-17
INV00488,24,F,Indore,B30,Aggressive,Verified,66.9,Business,True,2019-05-24
INV00489,63,M,Lucknow,B30,Aggressive,Verified,93.3,Retired,True,2021-06-28
INV00490,45,M,Ahmedabad,T30,Aggressive,Verified,80.9,Business,True,2025-02-04
INV00491,64,F,Mumbai,T30,Moderate,Verified,43.3,Retired,True,2018-12-07
INV00492,43,F,Agra,B30,Aggressive,Verified,25.3,Business,True,2019-01-14
INV00493,29,M,Guwahati,B30,Moderate,Pending,44.5,Retired,True,2024-09-02
INV00494,43,F,Kolkata,T30,Moderate,Verified,90.2,Self-Employed,True,2025-01-21
INV00495,55,F,Ludhiana,B30,Moderate,Verified,78.6,Self-Employed,True,2018-04-27
INV00496,30,F,Pune,T30,Aggressive,Verified,72.5,Student,True,2019-02-09
INV00497,37,M,Ranchi,B30,Aggressive,Verified,29.2,Retired,True,2023-02-16
INV00498,39,F,Mysuru,B30,Conservative,Pending,50.1,Student,True,2023-01-11
INV00499,56,M,Pune,T30,Moderate,Verified,50.5,Business,True,2023-10-06
INV00500,27,F,Jaipur,T30,Conservative,Verified,43.3,Business,True,2019-06-05
INV00501,52,M,Patna,B30,Moderate,Verified,35.8,Retired,False,2025-08-02
INV00502,32,F,Mysuru,B30,Aggressive,Verified,61.9,Salaried,True,2020-06-19
INV00503,36,F,Bhubaneswar,B30,Aggressive,Verified,79.3,Self-Employed,True,2019-03-29
INV00504,45,M,Guwahati,B30,Conservative,Pending,14.4,Retired,True,2020-09-10
INV00505,28,F,Coimbatore,B30,Moderate,Verified,59.2,Retired,True,2025-04-16
INV00506,53,F,Ranchi,B30,Moderate,Pending,45.6,Retired,True,2020-01-30
INV00507,42,M,Kochi,B30,Aggressive,Verified,62.4,Salaried,True,2025-08-29
INV00508,65,F,Indore,B30,Moderate,Verified,97.7,Salaried,True,2023-12-14
INV00509,41,M,Pune,T30,Aggressive,Pending,30.9,Business,False,2020-07-23
INV00510,58,M,Rajkot,B30,Conservative,Pending,81.4,Student,True,2020-01-21
INV00511,52,M,Agra,B30,Conservative,Verified,66.9,Student,False,2019-09-03
INV00512,43,M,Rajkot,B30,Moderate,Verified,9.1,Self-Employed,False,2025-04-05
INV00513,45,M,Bengaluru,T30,Moderate,Verified,68.1,Business,True,2020-08-02
INV00514,40,F,Patna,B30,Conservative,Verified,52.6,Self-Employed,True,2019-08-19
INV00515,34,M,Patna,B30,Conservative,Verified,38.7,Salaried,True,2020-07-26
INV00516,61,M,Varanasi,B30,Moderate,Verified,31.4,Business,True,2018-04-22
INV00517,55,M,Meerut,B30,Conservative,Verified,57.1,Retired,True,2020-01-09
INV00518,42,M,Nagpur,B30,Conservative,Rejected,47.4,Student,True,2022-12-08
INV00519,31,M,Jaipur,T30,Moderate,Rejected,79.7,Retired,True,2023-01-03
INV00520,27,M,Visakhapatnam,B30,Moderate,Verified,75.8,Retired,True,2025-06-06
INV00521,61,M,Lucknow,B30,Aggressive,Verified,41.5,Student,True,2020-12-29
INV00522,57,M,Indore,B30,Aggressive,Verified,5.5,Self-Employed,True,2025-09-12
INV00523,52,M,Hyderabad,T30,Moderate,Verified,12.8,Business,True,2018-12-26
INV00524,54,F,Ahmedabad,T30,Moderate,Verified,55.0,Retired,True,2018-06-17
INV00525,43,F,Hyderabad,T30,Moderate,Verified,82.0,Student,True,2024-08-14
INV00526,59,F,Patna,B30,Moderate,Verified,26.3,Salaried,True,2023-06-15
INV00527,41,M,Jaipur,T30,Conservative,Verified,66.6,Retired,True,2019-05-29
INV00528,54,F,Patna,B30,Aggressive,Pending,93.0,Retired,True,2019-04-24
INV00529,56,F,Jaipur,T30,Aggressive,Verified,44.6,Self-Employed,True,2024-10-14
INV00530,42,F,Varanasi,B30,Conservative,Verified,73.6,Student,True,2022-06-05
INV00531,61,M,Surat,T30,Conservative,Verified,98.0,Student,True,2018-05-09
INV00532,43,M,Bhopal,B30,Conservative,Pending,76.0,Salaried,False,2022-06-28
INV00533,24,M,Mumbai,T30,Conservative,Verified,68.5,Student,True,2019-09-12
INV00534,62,M,Varanasi,B30,Aggressive,Verified,55.9,Self-Employed,True,2020-12-31
INV00535,26,M,Ahmedabad,T30,Conservative,Verified,64.8,Business,True,2023-05-25
INV00536,29,F,Rajkot,B30,Moderate,Verified,5.8,Business,True,2025-07-02
INV00537,42,F,Mumbai,T30,Moderate,Verified,15.3,Retired,True,2020-06-28
INV00538,62,F,Pune,T30,Aggressive,Verified,36.9,Business,True,2022-07-27
INV00539,28,F,Guwahati,B30,Moderate,Verified,37.7,Retired,True,2018-04-11
INV00540,55,F,Coimbatore,B30,Moderate,Verified,95.9,Student,True,2021-07-03
INV00541,53,M,Bhubaneswar,B30,Moderate,Rejected,92.4,Business,True,2020-07-06
INV00542,36,F,Bhubaneswar,B30,Moderate,Pending,88.5,Student,True,2018-07-27
INV00543,50,F,Visakhapatnam,B30,Aggressive,Verified,57.2,Retired,True,2022-10-15
INV00544,22,M,Vadodara,B30,Moderate,Verified,46.6,Retired,True,2021-09-14
INV00545,32,F,Vadodara,B30,Moderate,Verified,9.7,Salaried,True,2021-02-11
INV00546,55,M,Bengaluru,T30,Conservative,Verified,23.3,Salaried,True,2025-12-18
INV00547,28,M,Visakhapatnam,B30,Conservative,Verified,38.2,Self-Employed,False,2020-04-21
INV00548,34,M,Hyderabad,T30,Aggressive,Verified,59.9,Student,True,2021-04-05
INV00549,61,M,Surat,T30,Conservative,Verified,38.7,Student,False,2021-09-12
INV00550,27,M,Mumbai,T30,Moderate,Verified,18.2,Self-Employed,True,2025-08-23
INV00551,35,F,Kolkata,T30,Moderate,Verified,7.9,Salaried,True,2020-08-26
INV00552,52,F,Kolkata,T30,Aggressive,Verified,37.5,Retired,True,2023-04-13
INV00553,51,M,Guwahati,B30,Conservative,Pending,39.7,Retired,True,2025-07-30
INV00554,51,F,Indore,B30,Moderate,Verified,84.2,Salaried,True,2024-01-03
INV00555,57,F,Varanasi,B30,Moderate,Verified,98.2,Self-Employed,True,2019-06-01
INV00556,58,M,Hyderabad,T30,Moderate,Verified,40.7,Self-Employed,True,2023-08-18
INV00557,54,F,Bengaluru,T30,Moderate,Pending,69.2,Student,True,2020-06-07
INV00558,37,M,Kochi,B30,Moderate,Verified,29.3,Salaried,True,2018-11-20
INV00559,33,F,Meerut,B30,Conservative,Verified,4.3,Business,True,2025-10-08
INV00560,26,F,Kolkata,T30,Aggressive,Verified,57.9,Salaried,True,2023-09-19
INV00561,35,M,Nagpur,B30,Conservative,Verified,97.2,Student,True,2019-11-26
INV00562,31,M,Kolkata,T30,Aggressive,Verified,42.4,Salaried,True,2023-12-02
INV00563,28,F,Kolkata,T30,Moderate,Verified,46.3,Self-Employed,True,2021-10-30
INV00564,26,F,Mysuru,B30,Conservative,Verified,94.7,Business,True,2018-02-21
INV00565,37,M,Hyderabad,T30,Moderate,Verified,73.5,Student,True,2019-09-26
INV00566,37,M,Bhubaneswar,B30,Moderate,Verified,76.0,Retired,True,2019-12-26
INV00567,39,F,Surat,T30,Conservative,Verified,98.1,Salaried,True,2023-12-09
INV00568,51,F,Ranchi,B30,Conservative,Verified,34.1,Salaried,True,2023-08-08
INV00569,40,M,Lucknow,B30,Conservative,Verified,72.7,Student,True,2020-10-14
INV00570,38,F,Jaipur,T30,Aggressive,Verified,49.7,Salaried,True,2018-07-11
INV00571,33,F,Chennai,T30,Aggressive,Verified,17.1,Self-Employed,True,2019-12-24
INV00572,59,F,Meerut,B30,Conservative,Verified,46.8,Retired,True,2022-08-21
INV00573,50,M,Kolkata,T30,Conservative,Verified,24.6,Self-Employed,True,2025-05-13
INV00574,64,F,Ahmedabad,T30,Aggressive,Pending,26.7,Business,True,2019-12-02
INV00575,29,M,Vadodara,B30,Moderate,Verified,61.3,Business,True,2025-07-08
INV00576,42,M,Rajkot,B30,Aggressive,Rejected,84.1,Business,True,2020-06-08
INV00577,55,M,Ludhiana,B30,Conservative,Verified,91.4,Retired,True,2018-01-21
INV00578,65,M,Visakhapatnam,B30,Conservative,Verified,94.1,Self-Employed,True,2024-04-20
INV00579,25,M,Lucknow,B30,Conservative,Verified,63.8,Business,True,2023-01-11
INV00580,38,F,Delhi,T30,Aggressive,Verified,50.1,Self-Employed,True,2019-11-15
INV00581,51,F,Guwahati,B30,Moderate,Verified,65.7,Student,False,2018-09-19
INV00582,45,F,Bhubaneswar,B30,Conservative,Verified,78.6,Student,True,2023-03-11
INV00583,47,M,Kochi,B30,Conservative,Verified,91.9,Business,True,2024-06-07
INV00584,41,M,Jaipur,T30,Moderate,Verified,14.7,Business,True,2019-11-25
INV00585,58,F,Rajkot,B30,Conservative,Verified,58.3,Retired,True,2025-02-16
INV00586,32,M,Varanasi,B30,Aggressive,Verified,48.7,Salaried,True,2024-01-18
INV00587,27,M,Ludhiana,B30,Conservative,Verified,86.0,Retired,True,2018-09-13
INV00588,59,F,Kolkata,T30,Aggressive,Verified,61.4,Student,True,2022-04-07
INV00589,34,F,Surat,T30,Moderate,Verified,81.9,Business,True,2025-04-29
INV00590,54,M,Vadodara,B30,Conservative,Verified,70.2,Retired,True,2018-01-26
INV00591,22,F,Pune,T30,Moderate,Verified,14.7,Salaried,True,2020-11-08
INV00592,59,F,Guwahati,B30,Conservative,Verified,92.2,Self-Employed,True,2019-01-30
INV00593,31,F,Chennai,T30,Conservative,Verified,65.3,Self-Employed,True,2019-01-25
INV00594,31,M,Vadodara,B30,Conservative,Verified,76.2,Business,True,2021-11-25
INV00595,65,F,Meerut,B30,Moderate,Verified,43.1,Business,True,2022-04-30
INV00596,30,M,Guwahati,B30,Conservative,Verified,87.8,Retired,True,2018-08-24
INV00597,65,M,Vadodara,B30,Conservative,Verified,56.8,Self-Employed,True,2022-04-10
INV00598,28,M,Lucknow,B30,Conservative,Verified,24.6,Business,False,2023-12-06
INV00599,24,F,Agra,B30,Conservative,Verified,71.6,Business,False,2020-12-26
INV00600,55,F,Guwahati,B30,Conservative,Verified,15.0,Self-Employed,True,2025-03-21
INV00601,35,M,Agra,B30,Moderate,Verified,47.8,Retired,True,2018-12-29
INV00602,46,F,Bhopal,B30,Conservative,Verified,42.0,Business,True,2025-10-30
INV00603,33,F,Guwahati,B30,Aggressive,Pending,56.1,Salaried,True,2020-10-01
INV00604,41,M,Visakhapatnam,B30,Conservative,Verified,8.6,Retired,True,2019-12-22
INV00605,33,M,Surat,T30,Conservative,Verified,41.7,Self-Employed,True,2022-03-22
INV00606,57,F,Visakhapatnam,B30,Aggressive,Verified,92.4,Retired,True,2019-01-22
INV00607,43,M,Ludhiana,B30,Aggressive,Verified,32.2,Salaried,True,2022-08-07
INV00608,31,F,Hyderabad,T30,Moderate,Verified,81.4,Self-Employed,True,2019-09-18
INV00609,59,M,Rajkot,B30,Aggressive,Verified,24.8,Student,True,2025-03-05
INV00610,46,M,Varanasi,B30,Aggressive,Verified,35.3,Student,True,2023-11-08
INV00611,35,F,Mumbai,T30,Conservative,Verified,30.6,Retired,True,2023-07-30
INV00612,53,M,Mysuru,B30,Conservative,Verified,52.4,Salaried,True,2023-04-08
INV00613,29,M,Nagpur,B30,Moderate,Verified,85.1,Student,True,2018-09-18
INV00614,44,F,Ludhiana,B30,Aggressive,Verified,3.8,Salaried,True,2020-07-08
INV00615,30,M,Surat,T30,Conservative,Verified,4.2,Business,True,2021-08-24
INV00616,31,M,Bengaluru,T30,Conservative,Rejected,11.7,Business,True,2020-04-15
INV00617,25,F,Ludhiana,B30,Conservative,Verified,3.5,Student,False,2025-02-17
INV00618,52,M,Kolkata,T30,Aggressive,Verified,56.7,Student,True,2022-09-06
INV00619,32,M,Delhi,T30,Moderate,Verified,92.4,Self-Employed,True,2018-02-16
INV00620,49,F,Bengaluru,T30,Aggressive,Verified,83.8,Salaried,True,2025-06-07
INV00621,30,M,Ahmedabad,T30,Moderate,Verified,31.3,Business,True,2021-03-16
INV00622,28,F,Nashik,B30,Moderate,Verified,49.9,Student,True,2020-11-14
INV00623,32,M,Meerut,B30,Conservative,Verified,53.1,Self-Employed,True,2021-09-20
INV00624,40,M,Meerut,B30,Conservative,Verified,61.4,Retired,True,2020-04-07
INV00625,61,F,Mumbai,T30,Moderate,Rejected,61.9,Retired,True,2022-02-13
INV00626,62,F,Mysuru,B30,Moderate,Verified,12.9,Business,True,2025-09-04
INV00627,41,M,Visakhapatnam,B30,Moderate,Verified,64.5,Retired,True,2022-08-17
INV00628,44,F,Guwahati,B30,Moderate,Verified,96.4,Self-Employed,True,2025-12-17
INV00629,37,F,Kolkata,T30,Moderate,Verified,18.3,Salaried,True,2021-09-09
INV00630,38,F,Hyderabad,T30,Moderate,Verified,30.8,Student,True,2025-12-03
INV00631,57,M,Delhi,T30,Conservative,Verified,26.1,Student,True,2018-07-16
INV00632,29,M,Coimbatore,B30,Conservative,Verified,47.8,Salaried,True,2019-03-18
INV00633,48,M,Ludhiana,B30,Conservative,Verified,95.0,Student,True,2020-05-15
INV00634,27,F,Jaipur,T30,Conservative,Verified,94.9,Student,True,2023-03-05
INV00635,56,M,Delhi,T30,Aggressive,Verified,41.4,Salaried,True,2020-07-25
INV00636,64,F,Vadodara,B30,Moderate,Verified,40.1,Salaried,True,2021-11-22
INV00637,23,M,Mysuru,B30,Moderate,Verified,57.9,Student,True,2024-11-29
INV00638,27,M,Nagpur,B30,Aggressive,Verified,70.0,Salaried,True,2018-05-08
INV00639,28,M,Nagpur,B30,Conservative,Verified,8.1,Business,False,2018-06-16
INV00640,43,M,Ahmedabad,T30,Conservative,Verified,77.8,Salaried,True,2018-02-19
INV00641,45,F,Surat,T30,Moderate,Verified,54.5,Retired,True,2021-10-18
INV00642,47,M,Visakhapatnam,B30,Conservative,Verified,46.9,Retired,True,2025-12-22
INV00643,23,F,Mumbai,T30,Conservative,Verified,61.6,Self-Employed,False,2020-04-15
INV00644,55,F,Meerut,B30,Moderate,Verified,15.7,Business,True,2023-08-29
INV00645,60,F,Bhopal,B30,Moderate,Verified,26.9,Retired,True,2019-12-20
INV00646,57,M,Chennai,T30,Moderate,Verified,61.3,Student,True,2019-07-07
INV00647,34,F,Guwahati,B30,Conservative,Verified,57.1,Self-Employed,False,2020-12-05
INV00648,50,F,Ludhiana,B30,Moderate,Pending,60.1,Salaried,True,2024-12-09
INV00649,31,M,Bhopal,B30,Moderate,Verified,24.0,Self-Employed,True,2022-08-13
INV00650,37,M,Coimbatore,B30,Aggressive,Pending,77.1,Salaried,True,2022-12-01
INV00651,24,M,Mumbai,T30,Moderate,Verified,46.6,Business,True,2023-09-07
INV00652,28,F,Bhopal,B30,Moderate,Verified,65.7,Student,True,2023-08-17
INV00653,26,M,Mumbai,T30,Conservative,Verified,54.8,Salaried,True,2022-03-22
INV00654,64,F,Indore,B30,Conservative,Pending,51.3,Retired,True,2023-02-04
INV00655,23,F,Delhi,T30,Aggressive,Verified,74.1,Business,True,2023-09-10
INV00656,57,M,Amritsar,B30,Aggressive,Verified,98.8,Business,True,2024-03-11
INV00657,62,F,Bhubaneswar,B30,Aggressive,Verified,66.3,Self-Employed,True,2024-03-08
INV00658,64,M,Ahmedabad,T30,Moderate,Verified,35.8,Retired,True,2025-03-09
INV00659,38,M,Delhi,T30,Aggressive,Verified,21.6,Retired,True,2022-05-21
INV00660,60,F,Rajkot,B30,Moderate,Verified,61.9,Self-Employed,True,2021-09-30
INV00661,53,M,Coimbatore,B30,Aggressive,Verified,52.0,Self-Employed,True,2019-03-01
INV00662,59,F,Nagpur,B30,Aggressive,Verified,90.3,Self-Employed,True,2021-02-12
INV00663,46,F,Bhopal,B30,Conservative,Verified,67.8,Business,True,2018-06-22
INV00664,28,M,Lucknow,B30,Conservative,Verified,77.8,Salaried,True,2018-07-13
INV00665,53,F,Delhi,T30,Aggressive,Verified,61.4,Salaried,True,2024-02-05
INV00666,33,F,Ahmedabad,T30,Moderate,Verified,10.1,Salaried,True,2020-04-09
INV00667,54,F,Vadodara,B30,Aggressive,Verified,16.9,Student,True,2024-04-05
INV00668,61,F,Chennai,T30,Conservative,Verified,36.3,Retired,True,2021-12-08
INV00669,38,M,Rajkot,B30,Moderate,Verified,8.8,Salaried,True,2024-09-27
INV00670,30,M,Guwahati,B30,Conservative,Verified,33.4,Student,True,2024-09-04
INV00671,51,M,Coimbatore,B30,Conservative,Verified,73.0,Self-Employed,True,2025-05-03
INV00672,32,M,Delhi,T30,Aggressive,Verified,69.2,Self-Employed,True,2023-08-11
INV00673,38,M,Ranchi,B30,Aggressive,Pending,84.8,Salaried,True,2018-06-11
INV00674,27,M,Visakhapatnam,B30,Moderate,Verified,25.6,Student,True,2024-10-13
INV00675,61,F,Amritsar,B30,Conservative,Pending,29.5,Self-Employed,True,2019-03-05
INV00676,50,M,Bengaluru,T30,Aggressive,Verified,33.8,Self-Employed,False,2020-05-02
INV00677,62,F,Coimbatore,B30,Aggressive,Verified,26.2,Business,True,2018-02-21
INV00678,26,F,Rajkot,B30,Moderate,Verified,22.1,Salaried,True,2023-04-28
INV00679,32,M,Hyderabad,T30,Moderate,Pending,35.3,Student,True,2023-01-22
INV00680,44,M,Nashik,B30,Aggressive,Rejected,61.7,Student,False,2019-10-09
INV00681,45,F,Coimbatore,B30,Conservative,Verified,56.1,Salaried,True,2025-11-03
INV00682,23,F,Delhi,T30,Aggressive,Verified,29.6,Retired,True,2020-10-31
INV00683,42,F,Indore,B30,Aggressive,Verified,33.8,Salaried,True,2023-07-22
INV00684,33,M,Rajkot,B30,Moderate,Verified,72.7,Business,True,2023-03-18
INV00685,60,F,Surat,T30,Conservative,Verified,98.9,Self-Employed,True,2019-09-11
INV00686,27,M,Guwahati,B30,Aggressive,Pending,76.3,Business,True,2021-09-29
INV00687,59,F,Guwahati,B30,Conservative,Verified,40.8,Self-Employed,False,2023-09-27
INV00688,57,M,Bhopal,B30,Moderate,Verified,47.4,Student,False,2025-09-13
INV00689,59,F,Lucknow,B30,Aggressive,Verified,7.0,Student,True,2024-11-11
INV00690,24,F,Jaipur,T30,Conservative,Verified,94.6,Student,True,2018-10-19
INV00691,27,F,Jaipur,T30,Conservative,Verified,41.6,Salaried,True,2018-07-02
INV00692,53,M,Delhi,T30,Conservative,Verified,51.7,Business,True,2018-02-28
INV00693,57,M,Guwahati,B30,Moderate,Verified,22.8,Retired,True,2019-02-02
INV00694,28,F,Varanasi,B30,Aggressive,Verified,26.7,Retired,False,2018-04-30
INV00695,64,F,Visakhapatnam,B30,Conservative,Verified,11.3,Student,True,2022-06-05
INV00696,60,F,Delhi,T30,Aggressive,Verified,75.9,Student,True,2024-04-28
INV00697,61,F,Rajkot,B30,Moderate,Verified,40.9,Retired,True,2018-12-12
INV00698,38,F,Vadodara,B30,Conservative,Verified,46.7,Retired,True,2018-06-11
INV00699,41,M,Coimbatore,B30,Conservative,Verified,74.0,Retired,True,2020-12-03
INV00700,57,F,Hyderabad,T30,Conservative,Verified,16.9,Self-Employed,True,2024-04-12
INV00701,44,M,Kolkata,T30,Aggressive,Verified,82.5,Salaried,False,2024-11-19
INV00702,56,M,Kochi,B30,Conservative,Verified,75.7,Salaried,True,2020-07-04
INV00703,36,F,Mysuru,B30,Aggressive,Verified,85.2,Self-Employed,True,2022-10-12
INV00704,54,M,Bhubaneswar,B30,Aggressive,Verified,6.2,Student,True,2018-06-08
INV00705,30,F,Bhopal,B30,Moderate,Verified,99.0,Self-Employed,True,2019-06-06
INV00706,55,F,Amritsar,B30,Aggressive,Verified,98.4,Student,True,2025-03-23
INV00707,23,M,Bhopal,B30,Conservative,Verified,40.6,Student,True,2022-08-01
INV00708,29,M,Pune,T30,Moderate,Verified,24.1,Salaried,True,2025-07-20
INV00709,62,M,Agra,B30,Conservative,Verified,31.5,Self-Employed,True,2022-07-10
INV00710,36,M,Chennai,T30,Moderate,Verified,73.9,Retired,True,2020-02-24
INV00711,22,F,Nashik,B30,Conservative,Rejected,69.4,Salaried,True,2018-04-08
INV00712,38,F,Delhi,T30,Aggressive,Verified,45.3,Self-Employed,True,2019-08-09
INV00713,43,M,Lucknow,B30,Conservative,Verified,14.1,Student,True,2023-08-24
INV00714,41,F,Jaipur,T30,Conservative,Verified,17.8,Business,True,2023-06-07
INV00715,28,F,Agra,B30,Moderate,Verified,60.6,Self-Employed,True,2022-01-09
INV00716,34,F,Meerut,B30,Moderate,Verified,73.0,Salaried,True,2022-12-31
INV00717,48,F,Mysuru,B30,Conservative,Verified,10.7,Salaried,False,2024-06-18
INV00718,52,M,Vadodara,B30,Aggressive,Verified,61.2,Business,False,2022-03-15
INV00719,60,M,Jaipur,T30,Aggressive,Verified,27.8,Business,True,2020-10-06
INV00720,22,F,Ludhiana,B30,Moderate,Verified,20.7,Self-Employed,True,2022-04-01
INV00721,28,F,Hyderabad,T30,Conservative,Verified,62.2,Salaried,True,2020-09-09
INV00722,55,M,Bhopal,B30,Conservative,Verified,22.1,Business,True,2021-02-02
INV00723,33,F,Agra,B30,Aggressive,Verified,84.8,Self-Employed,True,2021-06-18
INV00724,56,F,Jaipur,T30,Aggressive,Verified,23.8,Student,True,2023-01-18
INV00725,37,F,Agra,B30,Aggressive,Verified,52.2,Student,True,2023-03-06
INV00726,41,F,Nagpur,B30,Aggressive,Verified,79.1,Retired,True,2023-07-22
INV00727,27,F,Nashik,B30,Moderate,Verified,80.3,Student,True,2025-04-07
INV00728,64,M,Patna,B30,Conservative,Verified,81.7,Student,True,2021-01-27
INV00729,60,M,Hyderabad,T30,Conservative,Verified,80.0,Student,True,2019-06-17
INV00730,52,F,Amritsar,B30,Conservative,Verified,60.0,Student,True,2019-08-12
INV00731,24,F,Lucknow,B30,Conservative,Verified,97.2,Business,True,2021-09-15
INV00732,49,M,Bengaluru,T30,Conservative,Verified,27.8,Business,True,2022-07-07
INV00733,57,F,Kochi,B30,Conservative,Verified,31.6,Student,True,2022-06-12
INV00734,48,M,Ahmedabad,T30,Conservative,Verified,74.8,Self-Employed,True,2021-04-05
INV00735,42,F,Jaipur,T30,Aggressive,Verified,78.4,Student,True,2025-10-11
INV00736,22,M,Indore,B30,Conservative,Verified,82.4,Salaried,True,2025-06-12
INV00737,58,F,Ranchi,B30,Conservative,Verified,39.1,Retired,True,2021-08-10
INV00738,38,M,Mysuru,B30,Conservative,Verified,52.4,Self-Employed,True,2021-03-11
INV00739,46,F,Lucknow,B30,Aggressive,Pending,41.8,Student,False,2023-12-05
INV00740,49,F,Agra,B30,Moderate,Verified,42.3,Salaried,True,2019-02-24
INV00741,49,F,Patna,B30,Conservative,Verified,36.2,Salaried,True,2018-07-12
INV00742,41,F,Visakhapatnam,B30,Moderate,Pending,35.9,Salaried,True,2018-03-16
INV00743,50,F,Indore,B30,Aggressive,Pending,88.6,Business,True,2025-12-20
INV00744,50,F,Mysuru,B30,Moderate,Rejected,32.5,Salaried,False,2025-03-21
INV00745,54,M,Pune,T30,Moderate,Verified,26.6,Business,True,2018-01-05
INV00746,45,F,Meerut,B30,Moderate,Pending,82.0,Salaried,True,2022-10-30
INV00747,30,M,Visakhapatnam,B30,Moderate,Verified,36.3,Student,True,2021-02-14
INV00748,25,M,Surat,T30,Moderate,Verified,89.2,Retired,True,2020-08-09
INV00749,60,F,Agra,B30,Conservative,Pending,84.9,Student,True,2018-09-23
INV00750,65,F,Mumbai,T30,Conservative,Pending,42.9,Business,True,2023-08-15
INV00751,33,M,Chennai,T30,Moderate,Verified,6.0,Self-Employed,True,2025-02-22
INV00752,50,F,Amritsar,B30,Moderate,Verified,57.2,Business,True,2025-09-21
INV00753,41,F,Indore,B30,Conservative,Verified,25.5,Business,True,2018-09-12
INV00754,26,F,Agra,B30,Conservative,Verified,85.7,Student,True,2022-12-24
INV00755,39,M,Kolkata,T30,Conservative,Verified,28.3,Salaried,True,2019-12-05
INV00756,54,F,Meerut,B30,Aggressive,Verified,97.4,Self-Employed,True,2020-05-15
INV00757,46,M,Ranchi,B30,Conservative,Verified,35.2,Business,True,2019-07-27
INV00758,22,M,Kochi,B30,Moderate,Verified,55.0,Business,True,2021-10-04
INV00759,52,F,Lucknow,B30,Aggressive,Verified,17.2,Salaried,True,2020-11-14
INV00760,27,M,Meerut,B30,Aggressive,Verified,3.2,Self-Employed,True,2019-10-09
INV00761,50,M,Varanasi,B30,Moderate,Verified,23.3,Self-Employed,True,2023-12-09
INV00762,48,F,Bhubaneswar,B30,Conservative,Verified,67.3,Salaried,True,2019-06-18
INV00763,26,M,Bhopal,B30,Aggressive,Verified,92.8,Self-Employed,True,2018-02-26
INV00764,25,M,Kolkata,T30,Aggressive,Verified,71.9,Business,True,2022-06-18
INV00765,52,F,Vadodara,B30,Conservative,Verified,39.3,Self-Employed,True,2018-11-21
INV00766,59,F,Bhubaneswar,B30,Aggressive,Verified,72.6,Self-Employed,True,2022-05-25
INV00767,44,M,Kochi,B30,Moderate,Rejected,4.5,Retired,True,2018-07-24
INV00768,33,F,Coimbatore,B30,Conservative,Verified,58.7,Student,True,2022-07-27
INV00769,36,F,Kochi,B30,Moderate,Verified,47.4,Retired,True,2019-09-09
INV00770,39,M,Amritsar,B30,Conservative,Verified,58.1,Retired,True,2025-01-11
INV00771,38,F,Bhopal,B30,Aggressive,Verified,6.6,Self-Employed,True,2019-01-07
INV00772,51,F,Ranchi,B30,Aggressive,Verified,61.1,Student,True,2021-11-12
INV00773,26,M,Pune,T30,Conservative,Pending,94.5,Student,True,2018-01-08
INV00774,50,F,Hyderabad,T30,Aggressive,Verified,35.3,Student,True,2019-06-03
INV00775,53,M,Vadodara,B30,Moderate,Verified,84.2,Business,True,2019-01-14
INV00776,47,M,Amritsar,B30,Conservative,Verified,30.1,Business,True,2024-04-17
INV00777,63,M,Ranchi,B30,Moderate,Verified,9.5,Self-Employed,True,2024-10-20
INV00778,57,F,Pune,T30,Aggressive,Verified,83.9,Business,True,2020-01-10
INV00779,52,F,Bengaluru,T30,Aggressive,Verified,79.5,Salaried,True,2025-08-08
INV00780,25,M,Kochi,B30,Aggressive,Verified,58.7,Student,True,2022-04-25
INV00781,24,F,Ahmedabad,T30,Moderate,Verified,39.1,Retired,True,2024-12-12
INV00782,24,F,Pune,T30,Aggressive,Rejected,52.3,Business,False,2018-04-12
INV00783,42,M,Ahmedabad,T30,Moderate,Verified,89.2,Self-Employed,True,2020-09-23
INV00784,43,M,Ahmedabad,T30,Moderate,Verified,17.4,Retired,True,2018-02-08
INV00785,62,M,Meerut,B30,Aggressive,Verified,17.4,Business,False,2020-04-23
INV00786,47,F,Meerut,B30,Moderate,Verified,98.9,Student,True,2019-11-14
INV00787,26,F,Coimbatore,B30,Moderate,Rejected,10.2,Business,True,2022-01-04
INV00788,38,F,Jaipur,T30,Aggressive,Rejected,19.4,Self-Employed,True,2020-12-31
INV00789,38,F,Jaipur,T30,Conservative,Verified,83.7,Salaried,True,2018-06-15
INV00790,56,F,Pune,T30,Aggressive,Verified,86.6,Self-Employed,True,2023-07-06
INV00791,61,M,Agra,B30,Moderate,Verified,80.8,Retired,True,2018-11-06
INV00792,28,M,Kochi,B30,Aggressive,Verified,82.6,Business,True,2019-10-21
INV00793,64,F,Amritsar,B30,Conservative,Verified,59.8,Student,True,2025-04-15
INV00794,31,F,Chennai,T30,Aggressive,Verified,18.0,Self-Employed,True,2022-07-24
INV00795,56,F,Jaipur,T30,Aggressive,Verified,82.8,Student,True,2024-11-18
INV00796,59,M,Bhopal,B30,Aggressive,Verified,81.4,Self-Employed,True,2023-06-11
INV00797,42,F,Surat,T30,Aggressive,Verified,69.6,Self-Employed,True,2022-01-24
INV00798,52,M,Rajkot,B30,Moderate,Verified,52.9,Retired,True,2020-06-02
INV00799,30,F,Guwahati,B30,Moderate,Verified,70.5,Self-Employed,True,2018-04-16
INV00800,27,F,Visakhapatnam,B30,Aggressive,Verified,86.5,Student,True,2024-12-20
INV00801,30,M,Jaipur,T30,Aggressive,Verified,76.5,Self-Employed,True,2018-02-18
INV00802,50,M,Mysuru,B30,Aggressive,Verified,86.6,Retired,True,2025-02-21
INV00803,28,M,Mysuru,B30,Conservative,Rejected,80.7,Self-Employed,False,2018-12-21
INV00804,57,F,Guwahati,B30,Conservative,Verified,82.9,Salaried,True,2023-10-02
INV00805,32,M,Rajkot,B30,Conservative,Verified,48.5,Student,True,2021-09-06
INV00806,25,M,Coimbatore,B30,Conservative,Verified,6.5,Retired,True,2021-07-29
INV00807,29,M,Delhi,T30,Conservative,Verified,52.0,Salaried,True,2019-03-14
INV00808,22,M,Nashik,B30,Conservative,Verified,75.9,Business,True,2022-05-12
INV00809,51,F,Lucknow,B30,Moderate,Verified,63.5,Self-Employed,True,2022-03-16
INV00810,23,F,Ludhiana,B30,Aggressive,Verified,31.9,Student,True,2025-03-12
INV00811,57,M,Mumbai,T30,Moderate,Verified,96.5,Retired,True,2024-01-21
INV00812,27,F,Lucknow,B30,Conservative,Pending,76.2,Self-Employed,True,2022-01-24
INV00813,57,F,Ahmedabad,T30,Moderate,Verified,93.0,Student,True,2024-10-20
INV00814,27,M,Ranchi,B30,Moderate,Verified,94.5,Business,True,2019-01-05
INV00815,57,M,Visakhapatnam,B30,Conservative,Verified,42.3,Self-Employed,True,2019-02-11
INV00816,59,F,Bhopal,B30,Aggressive,Verified,89.0,Salaried,True,2022-09-20
INV00817,22,M,Delhi,T30,Aggressive,Verified,25.0,Student,True,2021-06-18
INV00818,51,F,Mumbai,T30,Conservative,Verified,64.8,Self-Employed,True,2023-07-12
INV00819,39,F,Rajkot,B30,Aggressive,Verified,68.8,Business,False,2021-02-05
INV00820,26,F,Nagpur,B30,Conservative,Pending,93.0,Business,True,2021-07-23
INV00821,49,F,Delhi,T30,Aggressive,Verified,87.3,Salaried,True,2023-04-22
INV00822,27,M,Jaipur,T30,Conservative,Pending,41.5,Student,True,2022-03-17
INV00823,45,F,Lucknow,B30,Conservative,Verified,42.2,Business,True,2023-07-06
INV00824,36,F,Bhubaneswar,B30,Conservative,Verified,3.0,Salaried,True,2021-11-23
INV00825,42,M,Kochi,B30,Moderate,Verified,32.6,Self-Employed,True,2021-07-21
INV00826,59,F,Ludhiana,B30,Aggressive,Verified,51.3,Business,True,2025-10-18
INV00827,61,M,Coimbatore,B30,Moderate,Verified,41.7,Retired,True,2018-05-23
INV00828,34,F,Amritsar,B30,Moderate,Verified,73.9,Business,True,2019-02-20
INV00829,57,M,Surat,T30,Moderate,Verified,90.9,Self-Employed,True,2022-03-11
INV00830,58,F,Mysuru,B30,Conservative,Verified,86.0,Retired,True,2018-11-26
INV00831,22,M,Nagpur,B30,Aggressive,Verified,70.2,Business,True,2018-01-11
INV00832,55,M,Kochi,B30,Moderate,Verified,72.0,Salaried,True,2021-07-27
INV00833,64,F,Guwahati,B30,Aggressive,Verified,5.4,Self-Employed,True,2020-12-02
INV00834,45,F,Mumbai,T30,Conservative,Verified,82.7,Business,True,2019-02-07
INV00835,26,F,Meerut,B30,Moderate,Verified,17.0,Student,True,2021-09-30
INV00836,37,M,Agra,B30,Conservative,Pending,46.0,Student,True,2024-10-20
INV00837,49,F,Hyderabad,T30,Moderate,Verified,22.0,Salaried,False,2018-07-17
INV00838,55,M,Ranchi,B30,Moderate,Verified,48.7,Retired,True,2018-08-05
INV00839,57,M,Bengaluru,T30,Aggressive,Verified,16.6,Business,True,2018-04-14
INV00840,26,F,Hyderabad,T30,Moderate,Verified,39.5,Salaried,False,2018-08-19
INV00841,29,F,Patna,B30,Moderate,Verified,60.3,Business,True,2023-10-25
INV00842,27,M,Bhubaneswar,B30,Moderate,Verified,76.5,Salaried,True,2018-01-23
INV00843,33,M,Agra,B30,Conservative,Verified,80.4,Retired,True,2019-02-27
INV00844,63,M,Visakhapatnam,B30,Moderate,Verified,81.8,Student,False,2022-06-22
INV00845,59,F,Bhubaneswar,B30,Conservative,Verified,91.9,Student,True,2021-09-03
INV00846,32,M,Kolkata,T30,Aggressive,Pending,61.6,Student,True,2022-05-31
INV00847,54,M,Patna,B30,Moderate,Verified,35.2,Business,True,2024-12-17
INV00848,38,F,Bhubaneswar,B30,Moderate,Pending,20.1,Student,True,2021-01-04
INV00849,57,F,Chennai,T30,Aggressive,Verified,6.4,Salaried,True,2021-01-13
INV00850,24,F,Indore,B30,Moderate,Verified,47.1,Student,True,2025-06-10
INV00851,22,M,Hyderabad,T30,Conservative,Verified,7.8,Business,True,2020-01-19
INV00852,53,M,Varanasi,B30,Aggressive,Verified,99.0,Salaried,True,2018-08-28
INV00853,25,M,Vadodara,B30,Aggressive,Verified,89.9,Self-Employed,True,2024-01-13
INV00854,43,F,Ludhiana,B30,Moderate,Rejected,29.4,Student,True,2019-10-29
INV00855,32,M,Nagpur,B30,Conservative,Verified,39.1,Student,True,2020-08-21
INV00856,52,M,Meerut,B30,Aggressive,Verified,32.0,Business,True,2019-07-30
INV00857,61,F,Kochi,B30,Aggressive,Pending,7.0,Student,True,2023-01-06
INV00858,22,M,Jaipur,T30,Conservative,Verified,55.6,Retired,True,2024-09-05
INV00859,55,M,Ranchi,B30,Conservative,Verified,52.8,Business,True,2023-04-23
INV00860,50,M,Bhubaneswar,B30,Conservative,Verified,50.1,Salaried,True,2020-10-05
INV00861,26,F,Bhopal,B30,Aggressive,Pending,4.1,Student,True,2025-04-09
INV00862,45,M,Visakhapatnam,B30,Moderate,Verified,74.6,Business,False,2023-06-12
INV00863,44,M,Visakhapatnam,B30,Conservative,Verified,57.2,Student,True,2024-06-07
INV00864,22,M,Varanasi,B30,Moderate,Pending,20.3,Student,True,2025-12-30
INV00865,64,M,Chennai,T30,Moderate,Verified,39.3,Retired,False,2020-07-03
INV00866,24,F,Bengaluru,T30,Conservative,Pending,56.2,Retired,True,2020-08-25
INV00867,50,M,Meerut,B30,Aggressive,Verified,87.5,Salaried,True,2024-11-20
INV00868,24,F,Delhi,T30,Conservative,Verified,84.8,Self-Employed,True,2024-12-27
INV00869,42,M,Mysuru,B30,Conservative,Rejected,7.3,Student,True,2019-04-04
INV00870,63,M,Jaipur,T30,Aggressive,Verified,66.3,Student,True,2019-08-03
INV00871,57,F,Surat,T30,Aggressive,Verified,52.2,Self-Employed,True,2022-08-08
INV00872,63,M,Visakhapatnam,B30,Aggressive,Verified,99.0,Retired,True,2021-11-04
INV00873,59,M,Bhopal,B30,Moderate,Verified,29.9,Salaried,True,2020-09-05
INV00874,38,F,Agra,B30,Moderate,Verified,17.9,Business,True,2024-07-16
INV00875,27,M,Bhopal,B30,Moderate,Verified,11.6,Business,True,2021-02-16
INV00876,56,M,Surat,T30,Conservative,Pending,75.0,Self-Employed,True,2019-03-26
INV00877,26,M,Vadodara,B30,Moderate,Verified,62.1,Business,True,2021-12-17
INV00878,44,F,Hyderabad,T30,Conservative,Verified,82.6,Self-Employed,True,2023-09-06
INV00879,51,F,Bengaluru,T30,Conservative,Rejected,57.9,Salaried,False,2023-07-12
INV00880,45,F,Visakhapatnam,B30,Moderate,Verified,54.1,Business,True,2020-05-06
INV00881,37,F,Nashik,B30,Conservative,Verified,17.0,Self-Employed,True,2018-02-16
INV00882,47,F,Delhi,T30,Aggressive,Verified,90.3,Retired,True,2018-10-14
INV00883,49,F,Vadodara,B30,Conservative,Verified,3.9,Self-Employed,True,2024-05-17
INV00884,38,F,Ahmedabad,T30,Aggressive,Verified,31.7,Salaried,True,2025-01-18
INV00885,41,M,Kochi,B30,Moderate,Verified,44.8,Self-Employed,True,2022-06-17
INV00886,62,F,Lucknow,B30,Moderate,Pending,43.8,Retired,True,2024-02-25
INV00887,25,F,Kochi,B30,Moderate,Verified,45.6,Retired,True,2021-07-14
INV00888,50,F,Rajkot,B30,Aggressive,Verified,72.9,Retired,True,2025-11-06
INV00889,50,F,Varanasi,B30,Moderate,Verified,60.8,Salaried,True,2018-08-16
INV00890,32,M,Lucknow,B30,Aggressive,Verified,59.7,Self-Employed,True,2018-12-19
INV00891,22,M,Rajkot,B30,Aggressive,Pending,44.6,Business,True,2022-09-06
INV00892,42,M,Nashik,B30,Conservative,Verified,48.6,Salaried,True,2022-06-27
INV00893,41,M,Bhubaneswar,B30,Aggressive,Rejected,19.8,Salaried,True,2025-01-22
INV00894,36,M,Chennai,T30,Conservative,Rejected,25.4,Self-Employed,True,2023-09-30
INV00895,54,F,Nagpur,B30,Conservative,Verified,77.9,Self-Employed,True,2022-11-29
INV00896,23,M,Guwahati,B30,Moderate,Verified,26.7,Retired,True,2023-04-30
INV00897,50,F,Bhubaneswar,B30,Conservative,Verified,87.5,Student,True,2024-07-08
INV00898,32,M,Kolkata,T30,Moderate,Verified,35.9,Retired,True,2025-08-04
INV00899,36,F,Varanasi,B30,Moderate,Verified,17.7,Self-Employed,True,2019-06-27
INV00900,65,M,Bengaluru,T30,Conservative,Pending,75.7,Self-Employed,True,2020-03-01
INV00901,30,M,Guwahati,B30,Moderate,Pending,87.1,Retired,True,2020-01-12
INV00902,58,F,Visakhapatnam,B30,Conservative,Verified,51.4,Student,True,2019-06-04
INV00903,48,M,Meerut,B30,Conservative,Verified,61.6,Self-Employed,True,2023-01-14
INV00904,35,M,Patna,B30,Moderate,Rejected,60.0,Business,True,2020-05-19
INV00905,65,F,Ranchi,B30,Moderate,Verified,6.7,Salaried,True,2025-01-09
INV00906,43,M,Agra,B30,Moderate,Verified,49.2,Salaried,True,2019-09-23
INV00907,53,M,Rajkot,B30,Moderate,Verified,63.0,Self-Employed,True,2019-05-06
INV00908,30,F,Meerut,B30,Aggressive,Verified,20.9,Student,True,2022-12-11
INV00909,44,F,Ludhiana,B30,Aggressive,Verified,69.4,Self-Employed,True,2021-06-18
INV00910,64,M,Ahmedabad,T30,Conservative,Verified,88.2,Student,True,2022-12-12
INV00911,40,M,Lucknow,B30,Moderate,Verified,86.0,Self-Employed,True,2021-03-08
INV00912,35,M,Mumbai,T30,Conservative,Verified,91.6,Self-Employed,True,2025-01-02
INV00913,24,M,Hyderabad,T30,Moderate,Verified,80.7,Retired,True,2020-05-22
INV00914,40,M,Agra,B30,Conservative,Verified,36.9,Student,True,2018-04-15
INV00915,61,M,Ranchi,B30,Conservative,Rejected,10.1,Retired,True,2018-07-30
INV00916,61,M,Patna,B30,Aggressive,Verified,41.6,Salaried,True,2022-12-02
INV00917,37,F,Amritsar,B30,Aggressive,Verified,13.2,Student,True,2020-11-21
INV00918,24,F,Hyderabad,T30,Moderate,Verified,15.4,Salaried,True,2019-03-24
INV00919,48,F,Delhi,T30,Aggressive,Pending,92.4,Salaried,True,2023-02-15
INV00920,63,M,Mumbai,T30,Moderate,Verified,90.8,Student,True,2019-06-06
INV00921,57,M,Ludhiana,B30,Conservative,Verified,14.4,Retired,True,2019-11-19
INV00922,50,F,Bhubaneswar,B30,Moderate,Verified,11.0,Retired,True,2021-09-10
INV00923,37,F,Bhubaneswar,B30,Aggressive,Verified,25.3,Student,True,2024-08-23
INV00924,30,M,Guwahati,B30,Aggressive,Verified,87.8,Self-Employed,True,2020-06-26
INV00925,40,F,Meerut,B30,Aggressive,Verified,90.3,Retired,True,2022-07-21
INV00926,36,M,Varanasi,B30,Conservative,Verified,12.4,Business,True,2019-02-03
INV00927,46,M,Nagpur,B30,Moderate,Verified,88.1,Retired,True,2021-10-28
INV00928,32,F,Pune,T30,Conservative,Verified,72.6,Business,True,2019-09-11
INV00929,46,F,Pune,T30,Moderate,Verified,6.8,Retired,True,2023-12-05
INV00930,33,F,Lucknow,B30,Conservative,Verified,75.5,Salaried,True,2025-08-18
INV00931,33,M,Jaipur,T30,Aggressive,Verified,41.1,Business,True,2018-06-26
INV00932,31,M,Mysuru,B30,Conservative,Verified,36.2,Retired,True,2023-06-30
INV00933,28,M,Meerut,B30,Conservative,Verified,94.3,Student,True,2020-03-30
INV00934,58,M,Delhi,T30,Aggressive,Pending,90.3,Student,True,2019-10-09
INV00935,65,M,Bhopal,B30,Moderate,Verified,81.1,Retired,True,2022-04-01
INV00936,56,F,Ranchi,B30,Aggressive,Verified,34.7,Salaried,True,2019-02-27
INV00937,31,M,Mumbai,T30,Conservative,Verified,91.0,Self-Employed,True,2019-10-11
INV00938,36,M,Nagpur,B30,Aggressive,Pending,6.2,Salaried,True,2022-03-08
INV00939,65,F,Surat,T30,Moderate,Verified,97.9,Retired,True,2023-06-10
INV00940,58,F,Nashik,B30,Moderate,Pending,22.3,Retired,True,2022-06-26
INV00941,33,M,Meerut,B30,Conservative,Verified,54.4,Retired,True,2022-06-05
INV00942,49,F,Mysuru,B30,Conservative,Verified,30.7,Self-Employed,True,2020-11-20
INV00943,37,F,Ahmedabad,T30,Aggressive,Verified,37.0,Retired,True,2021-10-05
INV00944,22,M,Kolkata,T30,Moderate,Verified,13.2,Retired,True,2022-07-12
INV00945,33,M,Coimbatore,B30,Moderate,Verified,44.7,Salaried,False,2020-09-23
INV00946,23,M,Nagpur,B30,Conservative,Pending,18.4,Self-Employed,True,2018-05-21
INV00947,27,F,Chennai,T30,Conservative,Verified,38.7,Retired,True,2019-05-29
INV00948,57,M,Amritsar,B30,Conservative,Verified,42.4,Self-Employed,True,2019-10-13
INV00949,32,M,Bhubaneswar,B30,Aggressive,Verified,19.2,Self-Employed,True,2019-01-23
INV00950,64,M,Vadodara,B30,Conservative,Verified,7.2,Self-Employed,True,2023-03-04
INV00951,55,M,Ludhiana,B30,Aggressive,Verified,15.9,Business,True,2024-02-09
INV00952,22,F,Indore,B30,Aggressive,Verified,59.1,Self-Employed,True,2024-10-24
INV00953,29,F,Chennai,T30,Conservative,Verified,72.8,Salaried,True,2025-01-30
INV00954,57,M,Patna,B30,Aggressive,Verified,40.3,Retired,True,2025-08-07
INV00955,58,F,Patna,B30,Aggressive,Rejected,3.3,Salaried,True,2019-07-04
INV00956,28,F,Kolkata,T30,Aggressive,Verified,41.9,Business,True,2020-09-06
INV00957,25,F,Bhubaneswar,B30,Conservative,Verified,76.8,Self-Employed,True,2019-06-06
INV00958,60,M,Amritsar,B30,Conservative,Verified,14.6,Business,True,2020-06-11
INV00959,60,M,Lucknow,B30,Aggressive,Pending,39.4,Self-Employed,True,2022-03-03
INV00960,33,F,Indore,B30,Moderate,Rejected,60.1,Retired,True,2018-11-30
INV00961,25,M,Surat,T30,Aggressive,Verified,84.9,Business,True,2020-11-14
INV00962,52,M,Vadodara,B30,Conservative,Verified,70.2,Salaried,True,2023-01-07
INV00963,35,F,Kochi,B30,Aggressive,Verified,38.2,Student,True,2024-08-09
INV00964,36,M,Ludhiana,B30,Aggressive,Pending,81.5,Salaried,True,2021-10-19
INV00965,38,M,Delhi,T30,Moderate,Verified,63.1,Business,True,2020-11-24
INV00966,63,M,Jaipur,T30,Aggressive,Verified,61.8,Retired,True,2020-12-28
INV00967,55,M,Vadodara,B30,Conservative,Verified,13.5,Business,True,2025-05-06
INV00968,58,M,Varanasi,B30,Aggressive,Verified,69.8,Self-Employed,True,2023-10-16
INV00969,62,M,Hyderabad,T30,Conservative,Verified,48.3,Self-Employed,True,2025-05-23
INV00970,25,F,Pune,T30,Aggressive,Verified,38.7,Business,True,2020-11-16
INV00971,30,M,Ahmedabad,T30,Aggressive,Verified,78.6,Student,True,2025-06-26
INV00972,30,M,Varanasi,B30,Conservative,Verified,62.0,Salaried,True,2023-04-22
INV00973,24,M,Pune,T30,Aggressive,Verified,97.4,Student,False,2020-04-17
INV00974,25,F,Patna,B30,Moderate,Verified,74.8,Student,True,2025-12-15
INV00975,65,M,Mumbai,T30,Moderate,Verified,5.0,Salaried,True,2019-12-23
INV00976,36,F,Agra,B30,Moderate,Verified,10.9,Student,True,2021-06-28
INV00977,59,M,Lucknow,B30,Aggressive,Verified,28.8,Business,True,2020-08-01
INV00978,26,M,Hyderabad,T30,Aggressive,Verified,84.7,Business,True,2021-03-17
INV00979,27,F,Agra,B30,Aggressive,Pending,76.1,Business,True,2022-07-02
INV00980,26,F,Guwahati,B30,Moderate,Verified,11.4,Business,True,2022-09-24
INV00981,24,M,Agra,B30,Aggressive,Verified,51.1,Business,True,2019-07-20
INV00982,35,M,Coimbatore,B30,Conservative,Verified,36.8,Business,True,2024-01-17
INV00983,56,F,Rajkot,B30,Conservative,Verified,44.2,Retired,True,2023-02-08
INV00984,32,M,Lucknow,B30,Aggressive,Verified,91.4,Business,True,2023-05-11
INV00985,34,M,Meerut,B30,Moderate,Verified,90.2,Self-Employed,True,2023-08-19
INV00986,25,F,Coimbatore,B30,Moderate,Verified,57.9,Student,True,2025-04-21
INV00987,48,F,Varanasi,B30,Moderate,Rejected,77.1,Retired,True,2023-02-27
INV00988,24,F,Nashik,B30,Conservative,Verified,73.7,Salaried,True,2019-07-16
INV00989,31,M,Ludhiana,B30,Aggressive,Verified,40.4,Retired,True,2018-06-01
INV00990,45,F,Lucknow,B30,Conservative,Verified,48.1,Salaried,False,2021-10-11
INV00991,38,F,Surat,T30,Aggressive,Verified,3.2,Salaried,True,2022-05-24
INV00992,47,M,Bhopal,B30,Aggressive,Verified,67.6,Salaried,False,2018-07-31
INV00993,34,M,Amritsar,B30,Aggressive,Verified,4.7,Student,True,2019-06-26
INV00994,41,F,Mumbai,T30,Conservative,Verified,40.5,Business,True,2019-04-13
INV00995,32,F,Hyderabad,T30,Conservative,Verified,62.0,Retired,True,2024-09-29
INV00996,29,M,Rajkot,B30,Moderate,Rejected,21.7,Student,True,2022-03-27
INV00997,35,F,Jaipur,T30,Aggressive,Verified,73.0,Retired,True,2020-04-30
INV00998,43,F,Rajkot,B30,Moderate,Verified,89.3,Retired,True,2023-11-20
INV00999,65,M,Chennai,T30,Aggressive,Verified,33.5,Student,True,2023-04-04
INV01000,65,M,Agra,B30,Aggressive,Verified,86.6,Student,True,2021-05-06
INV01001,31,M,Bhopal,B30,Aggressive,Verified,94.4,Self-Employed,True,2025-02-06
INV01002,27,F,Rajkot,B30,Moderate,Verified,32.8,Business,True,2024-02-01
INV01003,43,M,Kochi,B30,Conservative,Verified,11.7,Student,True,2024-04-09
INV01004,51,M,Surat,T30,Moderate,Verified,45.4,Student,True,2023-11-20
INV01005,56,M,Varanasi,B30,Conservative,Verified,14.1,Student,True,2019-11-18
INV01006,24,M,Pune,T30,Conservative,Verified,88.6,Retired,True,2019-08-24
INV01007,45,F,Rajkot,B30,Moderate,Verified,31.3,Retired,True,2020-01-24
INV01008,39,F,Vadodara,B30,Moderate,Verified,7.0,Student,True,2019-02-12
INV01009,58,F,Lucknow,B30,Moderate,Verified,86.1,Student,True,2021-12-19
INV01010,47,F,Nagpur,B30,Aggressive,Verified,67.4,Self-Employed,True,2024-09-06
INV01011,62,F,Nashik,B30,Conservative,Verified,56.6,Student,True,2022-08-13
INV01012,49,F,Ahmedabad,T30,Aggressive,Verified,62.9,Self-Employed,False,2023-05-31
INV01013,39,F,Meerut,B30,Moderate,Pending,91.8,Retired,True,2020-11-02
INV01014,54,F,Agra,B30,Conservative,Verified,23.8,Retired,False,2019-03-28
INV01015,39,M,Nashik,B30,Conservative,Verified,81.5,Salaried,True,2020-12-19
INV01016,45,M,Surat,T30,Aggressive,Verified,48.9,Retired,True,2022-02-21
INV01017,58,F,Mumbai,T30,Aggressive,Pending,72.2,Retired,True,2019-01-24
INV01018,54,M,Surat,T30,Moderate,Verified,66.2,Business,True,2024-03-10
INV01019,60,M,Lucknow,B30,Moderate,Verified,24.7,Business,True,2019-05-17
INV01020,58,F,Varanasi,B30,Moderate,Verified,13.9,Salaried,True,2021-01-01
INV01021,33,M,Nagpur,B30,Conservative,Verified,31.0,Student,True,2020-07-02
INV01022,39,M,Meerut,B30,Conservative,Verified,56.3,Retired,True,2020-09-21
INV01023,59,M,Bhubaneswar,B30,Moderate,Verified,35.5,Self-Employed,True,2025-08-22
INV01024,40,M,Chennai,T30,Aggressive,Rejected,54.1,Salaried,True,2020-09-21
INV01025,56,M,Ranchi,B30,Conservative,Verified,3.1,Salaried,True,2024-09-28
INV01026,48,M,Kolkata,T30,Moderate,Verified,28.7,Business,True,2023-08-22
INV01027,41,M,Nashik,B30,Aggressive,Verified,54.4,Self-Employed,True,2024-11-16
INV01028,58,F,Nagpur,B30,Conservative,Verified,17.3,Self-Employed,True,2018-01-16
INV01029,36,M,Nagpur,B30,Aggressive,Pending,6.2,Retired,True,2022-03-04
INV01030,56,M,Mumbai,T30,Moderate,Pending,64.9,Self-Employed,True,2021-10-26
INV01031,44,M,Rajkot,B30,Conservative,Pending,63.7,Business,True,2018-10-26
INV01032,45,F,Bengaluru,T30,Conservative,Pending,55.0,Self-Employed,True,2024-08-08
INV01033,39,F,Kochi,B30,Conservative,Verified,36.6,Self-Employed,True,2022-07-29
INV01034,64,F,Rajkot,B30,Aggressive,Pending,68.2,Salaried,True,2025-05-02
INV01035,54,F,Bhopal,B30,Moderate,Verified,11.2,Salaried,True,2020-10-21
INV01036,63,F,Guwahati,B30,Conservative,Verified,9.3,Business,True,2025-02-21
INV01037,63,M,Pune,T30,Aggressive,Pending,68.1,Salaried,True,2021-12-14
INV01038,23,F,Guwahati,B30,Moderate,Pending,29.4,Business,True,2018-11-07
INV01039,31,M,Rajkot,B30,Moderate,Verified,46.6,Business,True,2025-01-18
INV01040,58,F,Hyderabad,T30,Moderate,Verified,52.1,Retired,True,2019-01-26
INV01041,34,M,Bhopal,B30,Moderate,Verified,56.8,Salaried,True,2024-06-01
INV01042,25,M,Jaipur,T30,Aggressive,Verified,91.6,Salaried,True,2021-06-16
INV01043,31,F,Rajkot,B30,Aggressive,Verified,55.4,Business,False,2020-06-08
INV01044,45,F,Ludhiana,B30,Aggressive,Verified,15.8,Retired,True,2019-08-06
INV01045,24,M,Delhi,T30,Conservative,Verified,71.7,Self-Employed,True,2022-09-18
INV01046,33,M,Guwahati,B30,Conservative,Verified,38.6,Salaried,True,2020-04-18
INV01047,51,M,Patna,B30,Conservative,Verified,60.4,Salaried,False,2021-01-05
INV01048,41,M,Agra,B30,Aggressive,Verified,47.7,Student,True,2024-07-04
INV01049,35,F,Chennai,T30,Aggressive,Verified,82.1,Retired,True,2021-07-07
INV01050,27,F,Bhubaneswar,B30,Conservative,Pending,4.5,Salaried,True,2022-01-26
INV01051,29,M,Pune,T30,Moderate,Verified,75.3,Retired,True,2024-05-11
INV01052,31,F,Varanasi,B30,Conservative,Pending,74.0,Business,False,2023-03-09
INV01053,60,M,Mumbai,T30,Aggressive,Verified,7.1,Student,True,2018-08-20
INV01054,53,M,Meerut,B30,Moderate,Verified,35.8,Student,True,2020-09-06
INV01055,61,F,Varanasi,B30,Aggressive,Verified,79.0,Retired,True,2019-05-20
INV01056,37,M,Ludhiana,B30,Conservative,Verified,17.5,Student,True,2021-11-15
INV01057,50,M,Bhubaneswar,B30,Aggressive,Verified,68.4,Salaried,True,2025-06-02
INV01058,55,M,Nashik,B30,Conservative,Verified,20.2,Business,True,2020-07-30
INV01059,52,M,Meerut,B30,Moderate,Verified,45.9,Business,True,2018-10-13
INV01060,49,F,Ahmedabad,T30,Conservative,Verified,45.2,Retired,True,2020-02-14
INV01061,52,F,Delhi,T30,Conservative,Pending,29.1,Student,True,2024-12-22
INV01062,51,M,Kochi,B30,Aggressive,Verified,17.9,Salaried,True,2024-08-11
INV01063,53,M,Agra,B30,Aggressive,Verified,34.8,Student,True,2023-03-08
INV01064,34,F,Rajkot,B30,Conservative,Verified,72.5,Salaried,True,2019-03-13
INV01065,29,M,Indore,B30,Moderate,Verified,22.9,Student,True,2024-12-19
INV01066,57,M,Ranchi,B30,Aggressive,Verified,19.1,Retired,True,2025-06-01
INV01067,33,M,Ranchi,B30,Moderate,Verified,29.2,Business,True,2019-04-14
INV01068,62,F,Rajkot,B30,Aggressive,Verified,98.1,Self-Employed,True,2019-02-17
INV01069,38,F,Kochi,B30,Moderate,Verified,15.7,Salaried,True,2021-06-26
INV01070,38,M,Nagpur,B30,Conservative,Verified,23.4,Business,True,2021-12-31
INV01071,31,M,Pune,T30,Conservative,Pending,53.2,Student,True,2023-12-07
INV01072,23,M,Coimbatore,B30,Aggressive,Verified,24.6,Retired,False,2023-01-31
INV01073,44,M,Hyderabad,T30,Aggressive,Verified,26.5,Business,True,2021-10-26
INV01074,62,M,Guwahati,B30,Conservative,Verified,80.1,Self-Employed,True,2023-03-13
INV01075,47,M,Varanasi,B30,Moderate,Verified,47.8,Retired,True,2025-10-29
INV01076,61,F,Nashik,B30,Conservative,Verified,51.6,Retired,True,2020-11-27
INV01077,46,M,Delhi,T30,Aggressive,Verified,74.9,Business,False,2025-09-15
INV01078,37,M,Indore,B30,Aggressive,Verified,18.8,Business,True,2021-07-31
INV01079,39,F,Delhi,T30,Aggressive,Verified,94.4,Retired,True,2019-02-17
INV01080,28,M,Jaipur,T30,Conservative,Verified,14.8,Student,True,2022-06-25
INV01081,36,F,Patna,B30,Conservative,Verified,31.4,Student,True,2022-02-07
INV01082,31,M,Patna,B30,Aggressive,Verified,19.8,Business,True,2025-05-21
INV01083,46,M,Amritsar,B30,Moderate,Verified,54.3,Salaried,True,2020-03-25
INV01084,40,F,Coimbatore,B30,Conservative,Verified,86.6,Retired,True,2023-01-29
INV01085,52,F,Vadodara,B30,Moderate,Verified,91.6,Salaried,False,2019-09-02
INV01086,39,F,Vadodara,B30,Conservative,Verified,13.2,Self-Employed,True,2024-03-03
INV01087,58,M,Jaipur,T30,Conservative,Pending,16.4,Self-Employed,True,2019-06-23
INV01088,26,F,Guwahati,B30,Conservative,Verified,33.5,Self-Employed,True,2018-05-31
INV01089,39,M,Vadodara,B30,Conservative,Verified,87.1,Salaried,True,2022-07-18
INV01090,65,F,Ludhiana,B30,Moderate,Verified,57.1,Salaried,True,2021-11-13
INV01091,58,M,Mumbai,T30,Aggressive,Verified,34.8,Business,True,2024-03-27
INV01092,35,F,Mysuru,B30,Moderate,Verified,65.2,Retired,True,2019-11-05
INV01093,33,M,Varanasi,B30,Moderate,Verified,88.5,Salaried,True,2024-02-16
INV01094,30,M,Visakhapatnam,B30,Moderate,Verified,16.1,Business,True,2021-01-28
INV01095,64,M,Kolkata,T30,Conservative,Verified,24.1,Salaried,True,2022-08-05
INV01096,53,M,Ranchi,B30,Conservative,Verified,68.1,Business,True,2018-07-01
INV01097,31,F,Bengaluru,T30,Conservative,Pending,41.7,Salaried,True,2020-08-21
INV01098,37,F,Mysuru,B30,Aggressive,Verified,83.7,Retired,True,2020-05-01
INV01099,58,F,Kochi,B30,Moderate,Verified,82.8,Business,True,2021-08-03
INV01100,52,M,Coimbatore,B30,Conservative,Verified,80.6,Student,False,2020-06-29
INV01101,52,M,Indore,B30,Conservative,Verified,54.4,Self-Employed,True,2024-10-01
INV01102,33,M,Amritsar,B30,Moderate,Verified,27.1,Self-Employed,True,2021-11-04
INV01103,23,F,Guwahati,B30,Moderate,Verified,78.8,Salaried,True,2022-08-15
INV01104,56,F,Coimbatore,B30,Aggressive,Verified,54.2,Business,True,2020-02-10
INV01105,37,M,Varanasi,B30,Aggressive,Verified,45.6,Self-Employed,True,2025-12-02
INV01106,41,M,Nashik,B30,Conservative,Verified,30.1,Student,True,2019-04-02
INV01107,46,F,Ranchi,B30,Moderate,Verified,83.8,Business,True,2022-12-14
INV01108,65,F,Coimbatore,B30,Conservative,Verified,86.8,Retired,True,2024-09-26
INV01109,24,M,Hyderabad,T30,Conservative,Verified,32.6,Salaried,True,2023-03-17
INV01110,23,F,Varanasi,B30,Moderate,Verified,58.7,Self-Employed,False,2021-11-16
INV01111,40,F,Jaipur,T30,Moderate,Verified,59.8,Student,True,2019-12-04
INV01112,25,M,Bhubaneswar,B30,Conservative,Verified,21.5,Business,True,2023-12-03
INV01113,51,F,Kochi,B30,Moderate,Verified,99.5,Student,False,2023-07-09
INV01114,49,F,Guwahati,B30,Moderate,Verified,40.3,Self-Employed,False,2024-02-07
INV01115,59,F,Nagpur,B30,Moderate,Pending,67.1,Student,True,2024-03-07
INV01116,48,M,Bengaluru,T30,Moderate,Pending,15.3,Retired,True,2021-03-11
INV01117,24,F,Bhopal,B30,Moderate,Verified,19.6,Retired,True,2018-09-03
INV01118,37,F,Bhopal,B30,Moderate,Verified,53.4,Student,True,2021-10-27
INV01119,34,M,Indore,B30,Aggressive,Verified,8.1,Retired,True,2020-05-08
INV01120,58,F,Jaipur,T30,Aggressive,Verified,98.4,Salaried,True,2018-03-14
INV01121,50,M,Nagpur,B30,Conservative,Pending,92.8,Retired,True,2021-07-24
INV01122,63,F,Mysuru,B30,Conservative,Verified,54.1,Student,False,2023-02-25
INV01123,36,F,Lucknow,B30,Conservative,Verified,66.7,Business,True,2018-03-05
INV01124,59,F,Varanasi,B30,Aggressive,Verified,73.0,Self-Employed,True,2022-12-29
INV01125,44,M,Varanasi,B30,Conservative,Verified,68.5,Business,True,2025-11-09
INV01126,48,M,Nagpur,B30,Moderate,Verified,41.6,Salaried,True,2021-09-03
INV01127,42,F,Bengaluru,T30,Aggressive,Verified,44.6,Retired,True,2018-10-24
INV01128,58,F,Kochi,B30,Aggressive,Verified,82.9,Retired,True,2020-08-08
INV01129,40,F,Ludhiana,B30,Aggressive,Verified,38.0,Self-Employed,True,2023-06-25
INV01130,43,F,Surat,T30,Moderate,Verified,97.6,Retired,False,2025-11-18
INV01131,38,M,Surat,T30,Moderate,Verified,73.6,Retired,True,2019-11-22
INV01132,58,M,Lucknow,B30,Aggressive,Verified,47.7,Student,False,2024-02-28
INV01133,38,F,Bhubaneswar,B30,Aggressive,Verified,91.5,Self-Employed,True,2022-04-14
INV01134,58,F,Ahmedabad,T30,Moderate,Verified,87.3,Retired,True,2023-04-30
INV01135,65,M,Coimbatore,B30,Conservative,Verified,82.1,Self-Employed,True,2020-12-13
INV01136,43,F,Mysuru,B30,Conservative,Verified,66.2,Retired,True,2018-04-27
INV01137,35,F,Indore,B30,Conservative,Verified,14.2,Student,True,2025-04-20
INV01138,22,F,Chennai,T30,Conservative,Verified,95.4,Retired,True,2019-04-20
INV01139,29,F,Kolkata,T30,Conservative,Verified,98.8,Retired,False,2023-03-01
INV01140,55,F,Surat,T30,Conservative,Verified,92.3,Business,True,2018-02-17
INV01141,48,F,Bhubaneswar,B30,Moderate,Verified,29.0,Retired,True,2018-10-31
INV01142,30,M,Mysuru,B30,Conservative,Verified,31.1,Salaried,False,2025-11-15
INV01143,41,F,Delhi,T30,Aggressive,Verified,31.2,Self-Employed,True,2021-01-18
INV01144,46,M,Surat,T30,Conservative,Verified,34.6,Retired,True,2023-01-01
INV01145,58,M,Ahmedabad,T30,Conservative,Verified,57.0,Retired,True,2020-09-03
INV01146,44,M,Vadodara,B30,Conservative,Verified,74.2,Salaried,True,2024-05-14
INV01147,51,F,Pune,T30,Moderate,Pending,25.7,Retired,True,2021-03-18
INV01148,60,F,Coimbatore,B30,Conservative,Verified,88.9,Retired,True,2024-08-08
INV01149,62,F,Patna,B30,Conservative,Verified,9.8,Salaried,True,2023-10-30
INV01150,27,M,Bhopal,B30,Conservative,Verified,57.8,Student,True,2022-05-06
INV01151,57,F,Varanasi,B30,Conservative,Verified,74.7,Salaried,True,2018-05-16
INV01152,47,F,Patna,B30,Conservative,Verified,19.6,Self-Employed,True,2022-06-28
INV01153,56,F,Ahmedabad,T30,Conservative,Pending,91.6,Business,True,2022-04-23
INV01154,33,M,Surat,T30,Moderate,Verified,47.1,Student,True,2023-07-19
INV01155,30,M,Guwahati,B30,Conservative,Verified,33.6,Retired,True,2021-11-11
INV01156,40,M,Nagpur,B30,Moderate,Verified,62.5,Retired,True,2018-12-30
INV01157,28,M,Ranchi,B30,Moderate,Verified,86.4,Salaried,True,2022-11-18
INV01158,59,F,Nagpur,B30,Aggressive,Verified,81.1,Salaried,True,2023-11-16
INV01159,64,F,Guwahati,B30,Aggressive,Verified,56.1,Business,True,2021-09-17
INV01160,57,F,Delhi,T30,Aggressive,Verified,86.5,Student,True,2022-12-18
INV01161,58,F,Hyderabad,T30,Moderate,Verified,98.5,Retired,True,2023-01-08
INV01162,31,M,Delhi,T30,Aggressive,Verified,5.2,Salaried,True,2022-04-20
INV01163,50,F,Indore,B30,Conservative,Verified,39.4,Self-Employed,True,2025-02-23
INV01164,24,F,Pune,T30,Conservative,Verified,71.1,Salaried,True,2019-05-06
INV01165,31,M,Delhi,T30,Aggressive,Verified,48.0,Self-Employed,True,2023-05-26
INV01166,45,M,Rajkot,B30,Conservative,Verified,17.1,Self-Employed,False,2025-11-15
INV01167,61,F,Kochi,B30,Moderate,Verified,26.6,Business,True,2019-06-22
INV01168,50,F,Kolkata,T30,Aggressive,Pending,61.3,Self-Employed,True,2024-03-30
INV01169,32,M,Ludhiana,B30,Conservative,Verified,45.7,Retired,True,2022-07-30
INV01170,61,M,Hyderabad,T30,Conservative,Verified,74.5,Self-Employed,True,2018-06-02
INV01171,43,F,Hyderabad,T30,Aggressive,Rejected,89.9,Student,True,2021-09-14
INV01172,35,M,Pune,T30,Conservative,Verified,33.0,Business,True,2018-12-12
INV01173,38,F,Pune,T30,Moderate,Verified,19.5,Retired,True,2022-03-27
INV01174,29,F,Vadodara,B30,Moderate,Verified,34.4,Business,True,2020-06-03
INV01175,22,F,Rajkot,B30,Moderate,Verified,64.8,Self-Employed,True,2020-04-29
INV01176,61,F,Indore,B30,Moderate,Verified,26.0,Business,True,2024-01-15
INV01177,25,M,Vadodara,B30,Moderate,Verified,32.0,Retired,False,2025-01-11
INV01178,25,M,Pune,T30,Conservative,Pending,8.1,Self-Employed,True,2019-03-05
INV01179,59,F,Vadodara,B30,Moderate,Verified,95.2,Business,False,2025-04-19
INV01180,35,F,Mumbai,T30,Aggressive,Pending,11.0,Student,True,2024-10-24
INV01181,30,M,Visakhapatnam,B30,Conservative,Verified,78.8,Self-Employed,True,2023-08-30
INV01182,26,M,Nagpur,B30,Conservative,Verified,48.4,Retired,False,2022-10-28
INV01183,32,M,Kolkata,T30,Moderate,Verified,68.0,Salaried,True,2024-06-14
INV01184,25,F,Varanasi,B30,Aggressive,Verified,38.9,Student,True,2025-03-11
INV01185,38,F,Rajkot,B30,Aggressive,Verified,86.6,Self-Employed,False,2025-09-01
INV01186,52,F,Chennai,T30,Moderate,Verified,51.6,Salaried,True,2020-01-25
INV01187,28,M,Bhopal,B30,Moderate,Verified,44.9,Self-Employed,True,2023-03-13
INV01188,62,M,Varanasi,B30,Aggressive,Pending,95.4,Self-Employed,True,2018-04-06
INV01189,31,F,Nagpur,B30,Aggressive,Verified,81.3,Self-Employed,True,2019-12-26
INV01190,26,M,Coimbatore,B30,Conservative,Verified,85.6,Student,True,2018-04-26
INV01191,59,F,Delhi,T30,Moderate,Verified,40.7,Business,True,2020-03-20
INV01192,40,F,Kochi,B30,Aggressive,Verified,32.5,Salaried,True,2024-12-12
INV01193,37,F,Hyderabad,T30,Conservative,Verified,69.9,Business,False,2018-01-03
INV01194,58,M,Nagpur,B30,Conservative,Verified,78.8,Salaried,True,2025-06-14
INV01195,27,M,Bengaluru,T30,Conservative,Verified,66.2,Retired,True,2019-06-10
INV01196,24,M,Coimbatore,B30,Aggressive,Verified,30.8,Retired,True,2025-09-28
INV01197,57,F,Bhubaneswar,B30,Aggressive,Verified,98.8,Student,True,2020-04-28
INV01198,26,F,Guwahati,B30,Conservative,Pending,22.7,Salaried,False,2022-10-03
INV01199,40,M,Indore,B30,Aggressive,Pending,25.9,Business,True,2018-05-06
INV01200,31,F,Agra,B30,Conservative,Verified,7.1,Retired,True,2021-10-10
INV01201,61,F,Agra,B30,Aggressive,Verified,71.1,Student,True,2022-05-13
INV01202,42,M,Agra,B30,Moderate,Verified,62.7,Retired,True,2023-01-19
INV01203,31,F,Kolkata,T30,Moderate,Verified,88.7,Student,True,2018-05-24
INV01204,36,F,Ahmedabad,T30,Conservative,Verified,58.9,Retired,True,2018-04-06
INV01205,40,M,Varanasi,B30,Conservative,Verified,81.7,Student,True,2020-01-31
INV01206,46,F,Kolkata,T30,Aggressive,Verified,54.6,Retired,True,2019-08-11
INV01207,63,F,Mysuru,B30,Conservative,Pending,36.1,Business,True,2018-04-04
INV01208,22,M,Vadodara,B30,Conservative,Rejected,76.8,Retired,True,2021-04-26
INV01209,41,F,Surat,T30,Conservative,Verified,66.4,Business,True,2022-01-25
INV01210,55,F,Rajkot,B30,Aggressive,Verified,53.6,Student,True,2020-09-29
INV01211,43,M,Ludhiana,B30,Moderate,Verified,18.0,Business,False,2022-01-30
INV01212,32,M,Visakhapatnam,B30,Moderate,Verified,63.1,Student,True,2023-12-15
INV01213,54,F,Lucknow,B30,Conservative,Verified,31.6,Salaried,True,2019-02-27
INV01214,42,M,Meerut,B30,Aggressive,Verified,89.5,Self-Employed,False,2018-11-23
INV01215,61,M,Jaipur,T30,Moderate,Verified,66.8,Retired,True,2024-07-23
INV01216,35,M,Guwahati,B30,Aggressive,Verified,65.3,Self-Employed,True,2021-05-12
INV01217,36,F,Bhopal,B30,Conservative,Verified,68.7,Salaried,True,2022-01-26
INV01218,52,F,Indore,B30,Conservative,Verified,74.9,Self-Employed,True,2019-10-12
INV01219,58,M,Varanasi,B30,Conservative,Verified,70.0,Self-Employed,True,2024-06-16
INV01220,47,F,Nashik,B30,Aggressive,Verified,69.1,Student,True,2020-02-20
INV01221,60,M,Visakhapatnam,B30,Conservative,Verified,95.4,Retired,True,2020-10-08
INV01222,32,M,Mysuru,B30,Aggressive,Verified,63.3,Self-Employed,True,2020-12-27
INV01223,42,F,Bengaluru,T30,Conservative,Verified,72.3,Retired,True,2025-07-20
INV01224,42,F,Mysuru,B30,Aggressive,Verified,10.4,Salaried,True,2018-02-11
INV01225,36,F,Lucknow,B30,Conservative,Verified,76.6,Student,True,2020-09-10
INV01226,31,F,Vadodara,B30,Conservative,Verified,8.9,Self-Employed,True,2020-01-29
INV01227,40,M,Vadodara,B30,Conservative,Verified,77.6,Student,True,2019-01-26
INV01228,43,F,Bengaluru,T30,Aggressive,Verified,87.1,Salaried,True,2018-04-22
INV01229,64,F,Ranchi,B30,Conservative,Verified,60.5,Business,True,2025-10-11
INV01230,28,M,Vadodara,B30,Aggressive,Verified,83.6,Student,True,2024-01-28
INV01231,24,M,Meerut,B30,Moderate,Verified,76.7,Business,False,2019-02-07
INV01232,36,M,Meerut,B30,Conservative,Verified,91.8,Business,True,2020-07-03
INV01233,33,M,Bengaluru,T30,Conservative,Pending,51.1,Business,True,2019-04-28
INV01234,26,F,Kolkata,T30,Aggressive,Verified,11.0,Salaried,True,2023-05-08
INV01235,29,F,Guwahati,B30,Aggressive,Verified,3.8,Salaried,True,2025-02-13
INV01236,56,F,Bhopal,B30,Aggressive,Verified,19.3,Business,True,2021-06-11
INV01237,41,M,Lucknow,B30,Conservative,Verified,40.0,Retired,True,2025-12-23
INV01238,55,F,Chennai,T30,Moderate,Verified,62.5,Student,True,2020-08-16
INV01239,46,F,Delhi,T30,Moderate,Verified,51.4,Business,True,2025-03-13
INV01240,65,M,Rajkot,B30,Conservative,Verified,57.1,Student,True,2023-04-18
INV01241,58,F,Kolkata,T30,Moderate,Verified,26.0,Self-Employed,True,2018-06-17
INV01242,37,F,Indore,B30,Aggressive,Verified,97.7,Salaried,True,2021-12-25
INV01243,46,F,Vadodara,B30,Moderate,Pending,50.6,Salaried,False,2024-03-10
INV01244,41,M,Lucknow,B30,Aggressive,Verified,8.2,Retired,True,2022-02-23
INV01245,35,F,Hyderabad,T30,Aggressive,Verified,11.4,Self-Employed,True,2024-07-31
INV01246,31,F,Agra,B30,Conservative,Verified,75.5,Salaried,True,2025-06-03
INV01247,33,M,Pune,T30,Moderate,Verified,32.9,Business,True,2019-03-01
INV01248,40,M,Delhi,T30,Aggressive,Verified,47.1,Self-Employed,True,2020-03-15
INV01249,29,F,Pune,T30,Aggressive,Verified,62.9,Business,True,2025-11-30
INV01250,58,M,Coimbatore,B30,Conservative,Verified,62.7,Student,True,2025-04-18
INV01251,50,M,Agra,B30,Moderate,Verified,50.9,Student,True,2019-08-28
INV01252,61,F,Agra,B30,Aggressive,Verified,45.5,Salaried,True,2020-05-25
INV01253,63,M,Chennai,T30,Aggressive,Verified,14.7,Retired,True,2019-09-30
INV01254,57,M,Chennai,T30,Conservative,Verified,8.3,Business,True,2025-11-29
INV01255,49,F,Bhopal,B30,Conservative,Verified,90.2,Student,True,2018-05-29
INV01256,32,M,Vadodara,B30,Conservative,Verified,43.5,Salaried,True,2021-03-14
INV01257,34,M,Ludhiana,B30,Aggressive,Verified,46.4,Self-Employed,True,2021-01-20
INV01258,47,M,Kochi,B30,Conservative,Verified,32.2,Business,True,2020-08-09
INV01259,24,F,Ranchi,B30,Conservative,Verified,90.3,Salaried,True,2018-04-14
INV01260,55,M,Nashik,B30,Aggressive,Verified,46.0,Business,False,2022-06-29
INV01261,44,M,Ludhiana,B30,Moderate,Verified,71.5,Self-Employed,True,2021-07-20
INV01262,32,M,Agra,B30,Conservative,Verified,81.3,Self-Employed,True,2020-10-14
INV01263,49,M,Kochi,B30,Moderate,Verified,72.6,Salaried,True,2021-09-25
INV01264,37,M,Ludhiana,B30,Conservative,Verified,53.5,Self-Employed,True,2018-03-11
INV01265,35,F,Nashik,B30,Aggressive,Verified,25.2,Student,True,2018-07-26
INV01266,35,F,Pune,T30,Moderate,Pending,57.3,Business,True,2018-11-27
INV01267,54,F,Bengaluru,T30,Aggressive,Verified,5.4,Salaried,True,2024-05-09
INV01268,56,F,Ranchi,B30,Conservative,Verified,7.3,Business,True,2021-10-05
INV01269,37,F,Chennai,T30,Aggressive,Verified,9.9,Retired,True,2019-08-21
INV01270,28,M,Amritsar,B30,Conservative,Verified,68.0,Business,True,2022-01-09
INV01271,54,M,Guwahati,B30,Conservative,Pending,76.1,Salaried,True,2023-08-18
INV01272,60,M,Bhubaneswar,B30,Conservative,Verified,73.3,Self-Employed,True,2022-05-11
INV01273,54,M,Meerut,B30,Moderate,Pending,21.5,Business,True,2020-04-25
INV01274,60,M,Nagpur,B30,Aggressive,Verified,85.9,Business,True,2025-02-27
INV01275,23,F,Bhubaneswar,B30,Moderate,Verified,33.9,Retired,True,2022-07-23
INV01276,63,M,Chennai,T30,Moderate,Verified,82.4,Business,True,2023-07-07
INV01277,45,M,Vadodara,B30,Conservative,Verified,57.3,Salaried,False,2018-12-30
INV01278,56,M,Ludhiana,B30,Aggressive,Verified,36.4,Retired,True,2020-09-28
INV01279,26,M,Ahmedabad,T30,Moderate,Verified,35.3,Salaried,True,2024-06-16
INV01280,29,F,Bhopal,B30,Aggressive,Verified,12.0,Business,False,2025-01-22
INV01281,59,F,Varanasi,B30,Aggressive,Pending,60.5,Business,True,2023-04-27
INV01282,37,F,Ranchi,B30,Moderate,Verified,74.0,Salaried,True,2024-10-10
INV01283,65,M,Kolkata,T30,Aggressive,Verified,64.9,Retired,True,2021-04-23
INV01284,47,F,Hyderabad,T30,Moderate,Verified,12.1,Self-Employed,True,2021-08-01
INV01285,47,F,Rajkot,B30,Conservative,Verified,4.2,Student,True,2021-06-24
INV01286,58,M,Varanasi,B30,Conservative,Verified,20.0,Retired,True,2018-04-22
INV01287,41,M,Pune,T30,Moderate,Verified,44.9,Retired,True,2023-01-23
INV01288,39,F,Agra,B30,Aggressive,Verified,71.5,Retired,True,2018-09-19
INV01289,50,F,Amritsar,B30,Conservative,Verified,21.6,Retired,True,2022-05-24
INV01290,23,F,Agra,B30,Moderate,Verified,84.8,Business,True,2023-03-04
INV01291,61,F,Hyderabad,T30,Moderate,Verified,88.7,Student,False,2019-01-06
INV01292,26,F,Surat,T30,Aggressive,Verified,82.5,Salaried,True,2024-07-15
INV01293,23,M,Indore,B30,Aggressive,Verified,98.7,Self-Employed,False,2023-05-31
INV01294,41,F,Nagpur,B30,Moderate,Verified,28.2,Retired,True,2025-04-10
INV01295,61,F,Guwahati,B30,Moderate,Verified,36.1,Retired,True,2024-05-08
INV01296,34,F,Coimbatore,B30,Conservative,Verified,29.2,Business,True,2021-12-29
INV01297,40,F,Ahmedabad,T30,Aggressive,Pending,81.0,Retired,False,2019-11-30
INV01298,35,F,Patna,B30,Aggressive,Verified,64.4,Retired,True,2024-01-15
INV01299,56,M,Visakhapatnam,B30,Moderate,Verified,76.9,Salaried,True,2024-12-22
INV01300,56,M,Mysuru,B30,Moderate,Verified,49.0,Self-Employed,True,2020-02-19
INV01301,60,M,Mumbai,T30,Aggressive,Verified,56.8,Retired,True,2022-01-17
INV01302,47,M,Visakhapatnam,B30,Moderate,Rejected,7.6,Self-Employed,True,2025-08-06
INV01303,24,M,Chennai,T30,Moderate,Verified,49.7,Salaried,True,2025-03-26
INV01304,24,F,Nagpur,B30,Moderate,Verified,100.0,Business,True,2023-03-28
INV01305,25,M,Agra,B30,Aggressive,Verified,43.4,Salaried,True,2024-05-17
INV01306,38,F,Kochi,B30,Aggressive,Verified,47.7,Self-Employed,True,2019-04-11
INV01307,22,M,Ahmedabad,T30,Aggressive,Verified,20.1,Salaried,True,2021-12-13
INV01308,52,F,Patna,B30,Aggressive,Verified,56.4,Student,True,2024-05-15
INV01309,37,F,Kochi,B30,Moderate,Verified,62.9,Self-Employed,True,2025-07-17
INV01310,28,F,Vadodara,B30,Moderate,Rejected,83.8,Student,True,2019-04-10
INV01311,22,M,Ahmedabad,T30,Moderate,Verified,36.1,Salaried,True,2018-11-21
INV01312,22,M,Ludhiana,B30,Conservative,Verified,59.5,Student,True,2019-03-01
INV01313,44,F,Guwahati,B30,Aggressive,Verified,28.3,Business,True,2025-03-01
INV01314,60,F,Mysuru,B30,Aggressive,Verified,35.7,Salaried,True,2021-09-06
INV01315,44,F,Ludhiana,B30,Moderate,Verified,65.1,Salaried,True,2022-01-07
INV01316,58,M,Jaipur,T30,Moderate,Rejected,17.8,Salaried,True,2024-10-09
INV01317,40,F,Guwahati,B30,Moderate,Verified,7.2,Student,True,2025-01-18
INV01318,52,M,Coimbatore,B30,Aggressive,Verified,65.9,Business,False,2024-01-04
INV01319,32,F,Indore,B30,Aggressive,Verified,70.4,Salaried,False,2019-08-22
INV01320,29,M,Mumbai,T30,Moderate,Verified,56.6,Self-Employed,True,2018-11-21
INV01321,29,M,Bhubaneswar,B30,Conservative,Verified,78.9,Salaried,True,2025-12-09
INV01322,41,F,Surat,T30,Conservative,Verified,16.5,Business,True,2021-06-13
INV01323,47,F,Delhi,T30,Moderate,Verified,56.3,Self-Employed,True,2022-04-21
INV01324,57,F,Bhopal,B30,Moderate,Verified,33.1,Salaried,True,2022-12-29
INV01325,46,M,Delhi,T30,Conservative,Verified,98.6,Self-Employed,True,2022-05-31
INV01326,44,F,Ludhiana,B30,Moderate,Verified,85.7,Business,True,2022-03-01
INV01327,49,M,Ludhiana,B30,Conservative,Pending,12.7,Salaried,True,2023-03-14
INV01328,29,M,Kolkata,T30,Moderate,Verified,54.7,Student,True,2018-08-02
INV01329,62,F,Ludhiana,B30,Moderate,Verified,71.2,Retired,True,2021-11-06
INV01330,53,F,Jaipur,T30,Moderate,Pending,63.8,Retired,True,2024-03-14
INV01331,56,F,Surat,T30,Aggressive,Verified,67.6,Salaried,True,2018-01-28
INV01332,60,M,Varanasi,B30,Aggressive,Verified,12.5,Student,True,2018-02-04
INV01333,28,M,Kolkata,T30,Aggressive,Verified,85.7,Retired,True,2019-04-12
INV01334,53,M,Mumbai,T30,Conservative,Verified,6.4,Salaried,True,2025-01-05
INV01335,44,M,Vadodara,B30,Conservative,Verified,13.6,Student,True,2023-11-19
INV01336,60,M,Rajkot,B30,Conservative,Verified,45.9,Student,True,2019-10-25
INV01337,30,M,Lucknow,B30,Conservative,Pending,78.2,Student,True,2024-09-21
INV01338,52,M,Bengaluru,T30,Aggressive,Verified,15.7,Student,True,2019-05-05
INV01339,53,M,Nagpur,B30,Moderate,Verified,98.3,Retired,True,2023-02-20
INV01340,63,M,Kochi,B30,Aggressive,Verified,45.9,Student,False,2021-12-18
INV01341,65,F,Patna,B30,Aggressive,Verified,47.4,Salaried,True,2023-10-04
INV01342,59,F,Kolkata,T30,Conservative,Verified,11.0,Self-Employed,True,2020-12-28
INV01343,30,F,Varanasi,B30,Conservative,Verified,12.2,Retired,True,2023-07-28
INV01344,42,F,Coimbatore,B30,Moderate,Verified,35.5,Retired,True,2024-09-10
INV01345,26,M,Nagpur,B30,Moderate,Pending,89.6,Salaried,True,2018-06-26
INV01346,62,M,Coimbatore,B30,Moderate,Verified,67.0,Retired,True,2025-06-21
INV01347,38,F,Bengaluru,T30,Moderate,Verified,12.5,Student,True,2018-07-07
INV01348,36,F,Indore,B30,Aggressive,Verified,6.8,Salaried,True,2025-07-10
INV01349,31,F,Amritsar,B30,Moderate,Pending,32.8,Student,True,2019-06-03
INV01350,40,M,Vadodara,B30,Moderate,Verified,24.0,Business,True,2023-09-18
INV01351,41,F,Mysuru,B30,Conservative,Verified,51.0,Business,False,2025-02-08
INV01352,60,M,Meerut,B30,Conservative,Verified,28.3,Student,True,2020-08-15
INV01353,54,M,Indore,B30,Conservative,Verified,85.6,Salaried,True,2024-06-04
INV01354,35,F,Coimbatore,B30,Conservative,Pending,23.8,Student,True,2023-11-14
INV01355,34,M,Bengaluru,T30,Aggressive,Verified,29.2,Self-Employed,True,2024-09-26
INV01356,33,F,Agra,B30,Conservative,Verified,4.4,Retired,True,2019-12-30
INV01357,56,M,Coimbatore,B30,Aggressive,Verified,11.8,Self-Employed,False,2023-11-15
INV01358,33,F,Visakhapatnam,B30,Aggressive,Verified,8.9,Retired,True,2018-05-17
INV01359,40,F,Mumbai,T30,Conservative,Verified,33.5,Retired,True,2021-01-24
INV01360,42,M,Bengaluru,T30,Conservative,Verified,14.6,Salaried,True,2020-07-08
INV01361,48,F,Surat,T30,Aggressive,Verified,29.3,Business,True,2025-06-17
INV01362,36,F,Patna,B30,Aggressive,Verified,98.2,Student,True,2019-04-26
INV01363,58,M,Coimbatore,B30,Moderate,Verified,39.6,Salaried,True,2018-08-06
INV01364,34,F,Indore,B30,Moderate,Pending,84.5,Self-Employed,True,2022-05-14
INV01365,27,F,Indore,B30,Moderate,Verified,77.6,Retired,True,2022-10-04
INV01366,32,F,Ludhiana,B30,Aggressive,Pending,79.2,Student,True,2018-02-12
INV01367,36,M,Surat,T30,Moderate,Verified,29.6,Salaried,True,2021-11-26
INV01368,58,F,Agra,B30,Moderate,Verified,16.5,Salaried,True,2020-04-22
INV01369,38,F,Bhopal,B30,Conservative,Verified,95.6,Self-Employed,True,2024-10-02
INV01370,59,M,Mysuru,B30,Aggressive,Verified,20.5,Retired,True,2022-05-15
INV01371,56,F,Delhi,T30,Moderate,Verified,80.6,Retired,True,2020-08-19
INV01372,56,M,Mumbai,T30,Aggressive,Verified,58.7,Self-Employed,True,2018-03-05
INV01373,28,M,Kolkata,T30,Aggressive,Verified,64.6,Salaried,True,2021-01-08
INV01374,55,F,Guwahati,B30,Moderate,Verified,64.3,Salaried,False,2019-01-19
INV01375,46,F,Surat,T30,Aggressive,Pending,57.9,Retired,True,2025-05-27
INV01376,55,F,Amritsar,B30,Aggressive,Verified,28.8,Self-Employed,True,2019-01-20
INV01377,64,F,Nashik,B30,Aggressive,Verified,4.3,Self-Employed,True,2025-04-17
INV01378,57,F,Kolkata,T30,Moderate,Verified,50.9,Salaried,True,2022-04-09
INV01379,58,F,Bhubaneswar,B30,Aggressive,Verified,27.3,Salaried,False,2018-07-11
INV01380,29,M,Coimbatore,B30,Conservative,Verified,31.5,Student,True,2021-01-03
INV01381,59,F,Nagpur,B30,Aggressive,Verified,77.9,Retired,True,2024-07-31
INV01382,64,M,Guwahati,B30,Conservative,Verified,94.6,Retired,False,2024-04-16
INV01383,34,F,Kochi,B30,Conservative,Verified,17.9,Retired,True,2022-02-16
INV01384,43,F,Ludhiana,B30,Moderate,Pending,70.9,Self-Employed,True,2018-08-30
INV01385,28,F,Visakhapatnam,B30,Conservative,Verified,47.1,Business,True,2024-08-05
INV01386,32,F,Amritsar,B30,Aggressive,Verified,33.8,Salaried,True,2020-09-15
INV01387,35,M,Kolkata,T30,Conservative,Verified,10.9,Self-Employed,False,2022-02-16
INV01388,49,M,Patna,B30,Conservative,Verified,69.8,Student,True,2019-10-31
INV01389,53,M,Agra,B30,Moderate,Pending,78.0,Salaried,True,2024-06-11
INV01390,58,M,Patna,B30,Conservative,Verified,93.6,Self-Employed,True,2021-04-12
INV01391,64,M,Agra,B30,Conservative,Verified,37.4,Self-Employed,False,2019-09-14
INV01392,25,F,Mysuru,B30,Moderate,Verified,34.2,Self-Employed,True,2021-10-07
INV01393,49,F,Meerut,B30,Aggressive,Verified,50.2,Student,True,2024-05-03
INV01394,45,M,Rajkot,B30,Aggressive,Verified,43.0,Business,True,2021-02-22
INV01395,54,M,Patna,B30,Aggressive,Verified,40.8,Student,True,2019-03-24
INV01396,22,F,Vadodara,B30,Conservative,Verified,16.4,Self-Employed,True,2023-12-20
INV01397,23,M,Lucknow,B30,Conservative,Verified,13.5,Retired,True,2019-08-21
INV01398,59,M,Visakhapatnam,B30,Conservative,Verified,33.4,Self-Employed,True,2024-09-30
INV01399,56,M,Meerut,B30,Aggressive,Rejected,85.1,Student,True,2022-11-24
INV01400,30,F,Surat,T30,Moderate,Verified,19.8,Business,True,2021-09-12
INV01401,49,M,Vadodara,B30,Aggressive,Verified,10.7,Salaried,True,2023-02-21
INV01402,42,M,Coimbatore,B30,Aggressive,Verified,83.2,Business,True,2020-07-01
INV01403,40,F,Delhi,T30,Conservative,Pending,64.5,Retired,True,2023-11-17
INV01404,35,F,Surat,T30,Conservative,Verified,17.5,Salaried,True,2020-12-15
INV01405,43,F,Nashik,B30,Conservative,Verified,73.1,Student,True,2018-06-03
INV01406,30,F,Lucknow,B30,Conservative,Verified,47.9,Business,True,2020-11-08
INV01407,54,F,Varanasi,B30,Aggressive,Verified,34.8,Self-Employed,True,2025-06-16
INV01408,37,M,Varanasi,B30,Aggressive,Verified,86.8,Business,True,2022-10-26
INV01409,56,F,Patna,B30,Moderate,Verified,74.4,Salaried,True,2023-06-06
INV01410,40,F,Ranchi,B30,Aggressive,Verified,38.9,Salaried,True,2024-10-05
INV01411,43,F,Ranchi,B30,Moderate,Verified,58.3,Self-Employed,True,2020-07-10
INV01412,58,M,Indore,B30,Moderate,Verified,94.4,Salaried,False,2020-04-11
INV01413,29,M,Nashik,B30,Moderate,Verified,59.7,Student,True,2024-09-04
INV01414,65,M,Lucknow,B30,Aggressive,Verified,80.1,Self-Employed,True,2025-08-06
INV01415,37,F,Coimbatore,B30,Moderate,Verified,50.0,Salaried,True,2022-01-07
INV01416,32,F,Mumbai,T30,Aggressive,Verified,18.2,Student,True,2019-11-13
INV01417,43,M,Mumbai,T30,Moderate,Verified,77.1,Business,True,2019-10-22
INV01418,46,F,Bengaluru,T30,Moderate,Verified,72.2,Student,True,2023-01-25
INV01419,65,F,Bhubaneswar,B30,Conservative,Verified,9.0,Self-Employed,True,2025-03-15
INV01420,61,F,Chennai,T30,Moderate,Verified,70.7,Student,False,2019-12-04
INV01421,43,F,Pune,T30,Moderate,Verified,7.7,Student,True,2023-03-11
INV01422,45,M,Delhi,T30,Conservative,Verified,77.7,Business,True,2025-06-08
INV01423,56,M,Kochi,B30,Conservative,Verified,77.8,Retired,False,2019-09-27
INV01424,22,F,Pune,T30,Conservative,Verified,72.6,Salaried,True,2022-09-08
INV01425,49,M,Pune,T30,Aggressive,Pending,32.0,Student,True,2020-07-24
INV01426,62,F,Jaipur,T30,Aggressive,Verified,10.1,Business,True,2024-04-08
INV01427,55,M,Chennai,T30,Aggressive,Verified,64.8,Retired,False,2022-04-08
INV01428,23,F,Pune,T30,Aggressive,Verified,84.8,Retired,False,2021-09-01
INV01429,53,F,Bhopal,B30,Moderate,Verified,88.1,Retired,True,2020-10-13
INV01430,64,M,Meerut,B30,Aggressive,Verified,52.1,Self-Employed,True,2019-06-08
INV01431,56,F,Coimbatore,B30,Aggressive,Verified,22.8,Salaried,True,2020-11-03
INV01432,39,F,Amritsar,B30,Moderate,Verified,52.5,Self-Employed,True,2019-11-01
INV01433,37,F,Bhubaneswar,B30,Aggressive,Verified,51.3,Salaried,True,2023-08-05
INV01434,30,F,Nagpur,B30,Conservative,Verified,42.9,Retired,True,2025-05-11
INV01435,34,M,Nashik,B30,Aggressive,Rejected,26.4,Student,True,2025-08-10
INV01436,57,M,Visakhapatnam,B30,Conservative,Verified,94.5,Retired,False,2020-05-06
INV01437,39,M,Rajkot,B30,Conservative,Verified,20.9,Self-Employed,True,2025-09-08
INV01438,59,M,Pune,T30,Aggressive,Verified,87.5,Salaried,True,2021-09-27
INV01439,52,F,Kochi,B30,Aggressive,Verified,62.9,Self-Employed,True,2023-10-30
INV01440,36,M,Coimbatore,B30,Conservative,Verified,30.2,Retired,True,2018-06-28
INV01441,52,F,Amritsar,B30,Conservative,Verified,57.8,Self-Employed,True,2018-06-29
INV01442,36,M,Chennai,T30,Aggressive,Verified,74.8,Business,False,2018-07-05
INV01443,29,F,Ludhiana,B30,Conservative,Verified,87.7,Salaried,True,2022-03-07
INV01444,48,M,Ranchi,B30,Conservative,Verified,49.7,Business,True,2025-01-27
INV01445,30,F,Lucknow,B30,Moderate,Verified,70.1,Salaried,True,2018-12-01
INV01446,38,M,Delhi,T30,Aggressive,Verified,27.9,Student,True,2018-11-08
INV01447,36,M,Meerut,B30,Aggressive,Verified,25.4,Retired,False,2021-05-07
INV01448,44,F,Ranchi,B30,Moderate,Verified,72.9,Retired,True,2018-03-19
INV01449,39,M,Jaipur,T30,Conservative,Verified,38.8,Salaried,True,2024-01-08
INV01450,53,F,Bhubaneswar,B30,Conservative,Verified,91.9,Business,True,2022-05-24
INV01451,39,F,Kolkata,T30,Conservative,Verified,67.5,Self-Employed,True,2018-10-16
INV01452,26,M,Ranchi,B30,Aggressive,Verified,33.4,Retired,True,2020-04-12
INV01453,41,M,Agra,B30,Aggressive,Pending,94.8,Salaried,True,2022-12-31
INV01454,39,F,Hyderabad,T30,Conservative,Verified,25.2,Business,True,2023-01-03
INV01455,57,F,Vadodara,B30,Conservative,Verified,57.7,Business,True,2022-04-24
INV01456,58,F,Jaipur,T30,Conservative,Verified,83.2,Student,True,2024-01-15
INV01457,27,F,Varanasi,B30,Moderate,Verified,40.6,Business,True,2019-11-10
INV01458,40,M,Kolkata,T30,Moderate,Verified,46.5,Student,True,2022-04-17
INV01459,63,M,Bhubaneswar,B30,Conservative,Verified,40.4,Retired,True,2019-08-16
INV01460,56,M,Chennai,T30,Conservative,Verified,43.2,Retired,True,2022-12-29
INV01461,55,F,Lucknow,B30,Conservative,Verified,15.9,Student,True,2023-09-18
INV01462,25,F,Pune,T30,Conservative,Verified,61.1,Salaried,True,2023-07-04
INV01463,50,M,Lucknow,B30,Conservative,Pending,25.9,Salaried,True,2024-07-30
INV01464,24,M,Hyderabad,T30,Aggressive,Verified,91.3,Self-Employed,True,2022-02-06
INV01465,37,F,Visakhapatnam,B30,Moderate,Verified,86.7,Salaried,True,2025-05-05
INV01466,58,F,Bengaluru,T30,Conservative,Verified,76.5,Business,True,2019-05-06
INV01467,59,M,Kochi,B30,Conservative,Verified,76.3,Business,True,2023-08-01
INV01468,60,F,Indore,B30,Conservative,Verified,63.3,Self-Employed,True,2022-02-06
INV01469,37,M,Indore,B30,Moderate,Rejected,24.5,Retired,True,2023-06-24
INV01470,22,M,Mysuru,B30,Moderate,Verified,74.5,Business,True,2018-04-06
INV01471,27,M,Nagpur,B30,Conservative,Verified,52.4,Salaried,True,2019-11-08
INV01472,32,M,Kolkata,T30,Conservative,Verified,16.4,Self-Employed,True,2023-06-07
INV01473,46,M,Rajkot,B30,Aggressive,Verified,75.0,Business,True,2019-08-07
INV01474,26,F,Nashik,B30,Moderate,Verified,45.1,Student,True,2022-02-24
INV01475,23,F,Chennai,T30,Moderate,Pending,30.8,Self-Employed,True,2022-09-08
INV01476,39,F,Bhubaneswar,B30,Conservative,Rejected,23.2,Salaried,False,2020-07-23
INV01477,58,M,Chennai,T30,Aggressive,Verified,89.7,Retired,True,2021-03-04
INV01478,52,M,Bengaluru,T30,Moderate,Verified,13.1,Business,True,2020-04-25
INV01479,48,M,Ahmedabad,T30,Conservative,Verified,44.0,Self-Employed,True,2023-01-25
INV01480,41,F,Amritsar,B30,Conservative,Verified,75.3,Business,True,2022-09-07
INV01481,27,F,Hyderabad,T30,Conservative,Verified,9.7,Business,True,2023-07-13
INV01482,35,F,Kolkata,T30,Conservative,Verified,23.4,Student,True,2021-05-01
INV01483,64,M,Vadodara,B30,Aggressive,Verified,48.5,Salaried,True,2018-03-04
INV01484,50,F,Vadodara,B30,Conservative,Verified,17.2,Self-Employed,True,2023-02-25
INV01485,35,M,Mumbai,T30,Moderate,Verified,54.0,Business,True,2024-03-24
INV01486,42,M,Varanasi,B30,Conservative,Pending,24.7,Retired,True,2025-08-08
INV01487,48,M,Indore,B30,Aggressive,Verified,80.7,Retired,True,2019-08-10
INV01488,41,M,Rajkot,B30,Aggressive,Verified,53.0,Business,True,2020-04-01
INV01489,44,F,Varanasi,B30,Conservative,Verified,57.6,Salaried,True,2025-04-21
INV01490,28,M,Hyderabad,T30,Aggressive,Verified,9.0,Business,True,2021-08-10
INV01491,56,M,Patna,B30,Conservative,Verified,83.1,Retired,True,2019-10-23
INV01492,47,F,Kochi,B30,Aggressive,Verified,57.3,Retired,True,2023-07-08
INV01493,48,F,Kochi,B30,Moderate,Verified,28.5,Retired,True,2019-05-19
INV01494,54,F,Visakhapatnam,B30,Conservative,Verified,13.1,Salaried,True,2018-06-10
INV01495,25,M,Lucknow,B30,Aggressive,Verified,10.6,Self-Employed,True,2019-07-09
INV01496,51,F,Surat,T30,Conservative,Verified,7.8,Business,True,2022-01-06
INV01497,50,M,Ahmedabad,T30,Aggressive,Verified,39.1,Self-Employed,True,2019-09-23
INV01498,53,F,Delhi,T30,Aggressive,Verified,69.1,Salaried,True,2022-10-13
INV01499,27,F,Hyderabad,T30,Moderate,Verified,41.6,Student,False,2020-07-18
INV01500,58,M,Lucknow,B30,Moderate,Verified,14.1,Business,False,2023-05-11
INV01501,62,M,Vadodara,B30,Conservative,Verified,65.2,Retired,True,2024-08-18
INV01502,39,F,Ahmedabad,T30,Aggressive,Verified,69.5,Salaried,True,2024-07-03
INV01503,24,M,Nagpur,B30,Conservative,Verified,49.5,Retired,False,2025-03-19
INV01504,48,F,Coimbatore,B30,Moderate,Verified,92.2,Retired,False,2021-12-07
INV01505,22,M,Hyderabad,T30,Conservative,Rejected,49.5,Retired,True,2018-12-09
INV01506,53,M,Pune,T30,Conservative,Verified,34.2,Student,True,2018-04-15
INV01507,22,M,Patna,B30,Conservative,Verified,68.3,Salaried,True,2022-09-09
INV01508,23,F,Mumbai,T30,Conservative,Verified,41.8,Business,True,2023-02-03
INV01509,47,F,Vadodara,B30,Conservative,Verified,32.5,Self-Employed,True,2024-03-31
INV01510,22,M,Agra,B30,Aggressive,Verified,98.5,Retired,True,2020-08-04
INV01511,58,M,Amritsar,B30,Conservative,Verified,89.2,Self-Employed,True,2022-10-03
INV01512,22,M,Lucknow,B30,Aggressive,Rejected,17.7,Self-Employed,True,2025-09-02
INV01513,27,F,Meerut,B30,Aggressive,Verified,90.1,Self-Employed,True,2025-04-29
INV01514,31,M,Ranchi,B30,Conservative,Verified,71.1,Salaried,True,2025-02-15
INV01515,51,F,Pune,T30,Aggressive,Verified,50.8,Retired,True,2025-06-01
INV01516,46,M,Delhi,T30,Aggressive,Verified,91.9,Retired,True,2022-02-18
INV01517,41,M,Patna,B30,Aggressive,Verified,79.2,Self-Employed,True,2023-05-22
INV01518,46,M,Jaipur,T30,Conservative,Verified,75.7,Business,True,2021-09-04
INV01519,60,F,Ludhiana,B30,Aggressive,Verified,24.2,Retired,False,2021-03-10
INV01520,29,M,Bhopal,B30,Aggressive,Verified,76.7,Self-Employed,True,2021-08-25
INV01521,27,M,Nagpur,B30,Aggressive,Pending,62.9,Self-Employed,False,2020-05-20
INV01522,27,F,Patna,B30,Aggressive,Verified,33.6,Retired,True,2021-05-18
INV01523,31,F,Coimbatore,B30,Conservative,Rejected,6.5,Retired,True,2024-07-24
INV01524,62,F,Pune,T30,Aggressive,Verified,77.2,Student,True,2022-08-14
INV01525,35,F,Varanasi,B30,Conservative,Verified,62.5,Business,True,2024-12-02
INV01526,23,F,Bhopal,B30,Moderate,Verified,31.4,Salaried,True,2018-02-11
INV01527,60,F,Mysuru,B30,Moderate,Verified,56.1,Business,True,2020-01-31
INV01528,39,F,Bhubaneswar,B30,Moderate,Verified,14.6,Business,True,2018-02-22
INV01529,25,M,Bhubaneswar,B30,Conservative,Verified,69.1,Retired,True,2024-02-21
INV01530,63,M,Jaipur,T30,Conservative,Verified,56.5,Student,True,2018-08-31
INV01531,27,M,Kochi,B30,Conservative,Verified,92.8,Retired,True,2025-02-11
INV01532,50,F,Coimbatore,B30,Conservative,Verified,75.0,Business,True,2022-01-22
INV01533,47,M,Nashik,B30,Conservative,Verified,4.6,Self-Employed,True,2024-07-23
INV01534,26,F,Coimbatore,B30,Moderate,Verified,22.8,Self-Employed,True,2023-07-11
INV01535,30,F,Nashik,B30,Conservative,Verified,34.2,Student,True,2018-10-08
INV01536,62,M,Varanasi,B30,Moderate,Verified,59.5,Student,False,2021-02-19
INV01537,36,F,Ludhiana,B30,Moderate,Verified,67.9,Self-Employed,True,2019-12-21
INV01538,27,M,Surat,T30,Aggressive,Verified,68.9,Retired,True,2025-11-20
INV01539,57,M,Amritsar,B30,Aggressive,Verified,43.8,Salaried,True,2024-06-26
INV01540,57,M,Chennai,T30,Aggressive,Verified,39.6,Salaried,True,2018-10-02
INV01541,62,M,Bengaluru,T30,Aggressive,Rejected,67.7,Student,True,2024-02-14
INV01542,58,M,Varanasi,B30,Moderate,Verified,64.8,Salaried,True,2018-12-24
INV01543,47,M,Nashik,B30,Conservative,Verified,80.1,Self-Employed,True,2022-02-13
INV01544,33,M,Agra,B30,Conservative,Verified,58.5,Retired,True,2024-05-03
INV01545,23,M,Bhopal,B30,Conservative,Verified,62.8,Retired,True,2022-09-14
INV01546,55,M,Ahmedabad,T30,Moderate,Verified,70.2,Business,True,2022-12-04
INV01547,33,M,Bengaluru,T30,Conservative,Verified,73.4,Self-Employed,True,2024-08-09
INV01548,62,F,Ludhiana,B30,Conservative,Verified,72.1,Salaried,True,2018-01-11
INV01549,23,F,Hyderabad,T30,Aggressive,Verified,28.2,Student,False,2024-12-11
INV01550,53,F,Mumbai,T30,Moderate,Verified,67.4,Student,True,2022-07-11
INV01551,38,F,Ahmedabad,T30,Moderate,Verified,17.1,Student,True,2020-10-21
INV01552,41,M,Nashik,B30,Conservative,Rejected,3.7,Salaried,True,2023-07-22
INV01553,36,F,Bhopal,B30,Moderate,Verified,45.1,Retired,True,2021-03-28
INV01554,28,M,Mumbai,T30,Moderate,Verified,53.7,Retired,False,2019-03-16
INV01555,53,M,Varanasi,B30,Aggressive,Verified,22.3,Self-Employed,True,2020-10-03
INV01556,31,F,Meerut,B30,Conservative,Verified,65.5,Self-Employed,True,2020-11-09
INV01557,27,F,Bhopal,B30,Moderate,Verified,37.6,Self-Employed,False,2018-11-13
INV01558,42,M,Kolkata,T30,Aggressive,Verified,24.4,Student,True,2024-12-05
INV01559,51,M,Rajkot,B30,Moderate,Verified,45.3,Retired,True,2018-09-08
INV01560,54,F,Mumbai,T30,Moderate,Verified,52.3,Retired,True,2024-10-06
INV01561,44,F,Lucknow,B30,Conservative,Pending,98.5,Self-Employed,False,2023-11-27
INV01562,26,F,Jaipur,T30,Moderate,Pending,26.7,Self-Employed,True,2024-01-30
INV01563,54,F,Nagpur,B30,Aggressive,Verified,19.2,Self-Employed,True,2022-04-04
INV01564,27,M,Nagpur,B30,Aggressive,Verified,60.3,Business,True,2025-05-22
INV01565,45,M,Pune,T30,Conservative,Verified,4.8,Salaried,False,2019-01-27
INV01566,28,F,Ludhiana,B30,Aggressive,Verified,40.8,Student,True,2019-12-29
INV01567,31,M,Surat,T30,Conservative,Verified,97.2,Student,True,2025-10-10
INV01568,35,F,Jaipur,T30,Conservative,Verified,67.1,Self-Employed,True,2023-11-30
INV01569,46,M,Bhopal,B30,Conservative,Verified,36.0,Salaried,True,2022-04-01
INV01570,62,F,Patna,B30,Moderate,Verified,88.4,Student,False,2021-11-26
INV01571,44,M,Amritsar,B30,Moderate,Verified,50.4,Self-Employed,True,2020-10-05
INV01572,33,M,Visakhapatnam,B30,Moderate,Verified,61.3,Salaried,True,2021-09-02
INV01573,40,M,Jaipur,T30,Conservative,Verified,49.6,Business,True,2020-02-15
INV01574,61,F,Bhubaneswar,B30,Conservative,Verified,71.5,Retired,True,2020-08-15
INV01575,55,M,Bengaluru,T30,Moderate,Verified,75.7,Business,True,2024-03-05
INV01576,64,F,Meerut,B30,Conservative,Verified,62.6,Business,True,2025-04-26
INV01577,65,F,Patna,B30,Aggressive,Pending,15.2,Self-Employed,True,2018-07-15
INV01578,33,M,Coimbatore,B30,Aggressive,Verified,18.7,Self-Employed,True,2018-05-09
INV01579,48,M,Mysuru,B30,Moderate,Verified,37.6,Student,True,2019-06-02
INV01580,23,F,Meerut,B30,Conservative,Verified,31.2,Student,True,2018-12-20
INV01581,33,M,Delhi,T30,Conservative,Verified,62.1,Self-Employed,True,2023-07-21
INV01582,41,M,Varanasi,B30,Aggressive,Verified,36.9,Business,True,2020-11-28
INV01583,33,M,Bengaluru,T30,Conservative,Verified,65.9,Student,True,2019-08-18
INV01584,25,F,Lucknow,B30,Aggressive,Verified,58.3,Business,True,2023-04-25
INV01585,49,M,Coimbatore,B30,Conservative,Verified,88.4,Business,True,2018-10-10
INV01586,63,F,Chennai,T30,Conservative,Rejected,10.6,Retired,False,2018-04-01
INV01587,32,M,Pune,T30,Aggressive,Verified,93.6,Retired,False,2020-03-15
INV01588,50,M,Agra,B30,Conservative,Verified,67.3,Salaried,True,2019-06-07
INV01589,24,M,Jaipur,T30,Conservative,Verified,54.5,Student,True,2019-01-18
INV01590,52,M,Ludhiana,B30,Conservative,Verified,50.7,Self-Employed,False,2024-03-31
INV01591,53,M,Bhubaneswar,B30,Aggressive,Verified,16.9,Business,True,2021-11-05
INV01592,63,F,Amritsar,B30,Conservative,Verified,8.2,Self-Employed,True,2024-10-01
INV01593,62,F,Chennai,T30,Conservative,Verified,8.6,Student,True,2022-07-07
INV01594,65,M,Varanasi,B30,Aggressive,Verified,6.5,Student,True,2019-10-11
INV01595,59,F,Chennai,T30,Aggressive,Verified,74.4,Self-Employed,True,2018-01-25
INV01596,43,F,Coimbatore,B30,Conservative,Verified,98.7,Self-Employed,True,2018-06-20
INV01597,35,F,Bengaluru,T30,Moderate,Verified,97.6,Retired,True,2022-03-09
INV01598,32,M,Coimbatore,B30,Conservative,Verified,83.8,Business,True,2019-02-23
INV01599,57,F,Kolkata,T30,Aggressive,Verified,80.3,Business,True,2025-06-12
INV01600,30,F,Indore,B30,Aggressive,Verified,81.7,Retired,True,2018-01-08
INV01601,36,F,Bhubaneswar,B30,Conservative,Pending,47.5,Student,True,2019-12-15
INV01602,49,M,Chennai,T30,Aggressive,Verified,3.0,Self-Employed,True,2023-06-27
INV01603,61,F,Chennai,T30,Conservative,Verified,48.3,Self-Employed,True,2023-11-21
INV01604,65,F,Pune,T30,Moderate,Verified,65.0,Salaried,True,2022-03-12
INV01605,29,M,Amritsar,B30,Moderate,Verified,98.5,Student,True,2021-11-09
INV01606,24,F,Ahmedabad,T30,Moderate,Verified,92.4,Student,True,2024-11-10
INV01607,22,M,Chennai,T30,Moderate,Verified,5.2,Retired,True,2022-07-10
INV01608,57,F,Guwahati,B30,Moderate,Verified,15.3,Self-Employed,True,2024-11-25
INV01609,24,M,Coimbatore,B30,Conservative,Verified,67.3,Salaried,True,2019-10-04
INV01610,40,M,Guwahati,B30,Conservative,Verified,73.3,Business,True,2025-05-08
INV01611,33,M,Lucknow,B30,Conservative,Verified,82.1,Business,False,2024-07-02
INV01612,46,F,Delhi,T30,Aggressive,Verified,30.1,Retired,True,2018-01-17
INV01613,38,F,Nagpur,B30,Aggressive,Verified,35.6,Salaried,True,2025-11-06
INV01614,50,F,Lucknow,B30,Conservative,Verified,51.0,Business,True,2020-07-04
INV01615,29,M,Bhubaneswar,B30,Aggressive,Verified,54.7,Business,True,2020-09-18
INV01616,45,M,Ludhiana,B30,Conservative,Verified,9.7,Salaried,True,2024-07-18
INV01617,29,F,Vadodara,B30,Moderate,Verified,22.4,Salaried,True,2021-03-30
INV01618,26,M,Lucknow,B30,Moderate,Pending,80.5,Retired,True,2025-11-01
INV01619,34,F,Pune,T30,Conservative,Rejected,12.1,Self-Employed,True,2019-01-06
INV01620,63,F,Rajkot,B30,Conservative,Verified,22.9,Self-Employed,True,2022-03-14
INV01621,29,M,Pune,T30,Aggressive,Verified,89.3,Retired,True,2019-07-20
INV01622,40,M,Kochi,B30,Conservative,Verified,70.7,Business,True,2019-05-09
INV01623,28,F,Surat,T30,Aggressive,Verified,59.5,Retired,True,2019-02-24
INV01624,22,F,Bengaluru,T30,Conservative,Verified,26.1,Student,True,2021-04-19
INV01625,45,M,Chennai,T30,Moderate,Verified,16.7,Business,True,2024-07-02
INV01626,57,F,Varanasi,B30,Aggressive,Verified,25.4,Student,True,2022-10-08
INV01627,37,M,Bhubaneswar,B30,Aggressive,Pending,13.8,Retired,True,2020-04-13
INV01628,43,M,Agra,B30,Moderate,Verified,35.1,Student,True,2019-04-28
INV01629,22,F,Bengaluru,T30,Conservative,Verified,52.1,Salaried,True,2024-03-22
INV01630,39,F,Nashik,B30,Moderate,Verified,39.9,Student,True,2021-03-11
INV01631,53,F,Hyderabad,T30,Conservative,Verified,82.2,Business,False,2023-02-10
INV01632,57,F,Ahmedabad,T30,Moderate,Verified,38.6,Salaried,True,2023-09-01
INV01633,29,M,Ludhiana,B30,Aggressive,Verified,74.3,Self-Employed,True,2025-06-13
INV01634,50,F,Nashik,B30,Moderate,Verified,7.4,Self-Employed,False,2025-03-16
INV01635,36,F,Hyderabad,T30,Aggressive,Verified,66.4,Retired,True,2024-10-14
INV01636,43,F,Chennai,T30,Moderate,Verified,46.3,Retired,True,2018-07-18
INV01637,62,M,Meerut,B30,Aggressive,Verified,33.0,Retired,False,2021-02-22
INV01638,32,M,Nagpur,B30,Aggressive,Verified,5.6,Student,True,2025-07-14
INV01639,40,F,Hyderabad,T30,Moderate,Verified,3.2,Business,True,2023-05-09
INV01640,45,F,Rajkot,B30,Moderate,Verified,27.7,Self-Employed,True,2025-11-15
INV01641,31,M,Nagpur,B30,Moderate,Verified,51.8,Salaried,True,2020-10-07
INV01642,23,F,Chennai,T30,Conservative,Verified,92.4,Student,False,2023-03-25
INV01643,51,M,Coimbatore,B30,Moderate,Verified,55.6,Student,True,2023-02-25
INV01644,63,F,Jaipur,T30,Aggressive,Rejected,58.4,Salaried,True,2020-05-26
INV01645,36,F,Amritsar,B30,Aggressive,Verified,59.0,Self-Employed,True,2025-06-22
INV01646,28,F,Pune,T30,Moderate,Verified,47.7,Self-Employed,False,2022-06-20
INV01647,55,M,Ahmedabad,T30,Conservative,Pending,65.1,Retired,True,2021-04-24
INV01648,26,F,Surat,T30,Aggressive,Verified,97.2,Salaried,True,2023-04-05
INV01649,51,M,Bhubaneswar,B30,Moderate,Verified,53.9,Student,True,2019-02-20
INV01650,33,F,Mysuru,B30,Moderate,Verified,32.4,Student,True,2019-04-22
INV01651,65,F,Lucknow,B30,Conservative,Pending,74.2,Salaried,True,2023-06-22
INV01652,57,F,Kolkata,T30,Conservative,Verified,73.6,Salaried,True,2018-07-04
INV01653,38,M,Bhopal,B30,Conservative,Verified,94.9,Retired,True,2021-02-22
INV01654,46,M,Nashik,B30,Conservative,Verified,36.4,Student,True,2024-08-20
INV01655,35,F,Bengaluru,T30,Conservative,Verified,13.9,Student,True,2019-11-07
INV01656,47,F,Ludhiana,B30,Moderate,Verified,94.7,Salaried,True,2022-02-26
INV01657,60,M,Varanasi,B30,Conservative,Pending,87.9,Self-Employed,True,2024-02-01
INV01658,54,F,Bhopal,B30,Aggressive,Verified,98.3,Student,True,2024-06-26
INV01659,64,M,Nashik,B30,Moderate,Verified,88.7,Retired,True,2022-07-21
INV01660,55,F,Ludhiana,B30,Aggressive,Verified,61.9,Salaried,True,2019-12-18
INV01661,25,F,Kolkata,T30,Moderate,Verified,66.6,Self-Employed,True,2020-11-28
INV01662,22,F,Jaipur,T30,Conservative,Verified,97.4,Self-Employed,True,2024-01-03
INV01663,60,M,Rajkot,B30,Moderate,Verified,26.1,Retired,False,2019-06-10
INV01664,27,F,Bhopal,B30,Aggressive,Pending,96.8,Student,False,2024-01-13
INV01665,38,M,Bhopal,B30,Moderate,Verified,86.7,Student,False,2024-02-07
INV01666,42,F,Ranchi,B30,Moderate,Verified,74.7,Self-Employed,True,2023-07-10
INV01667,54,F,Indore,B30,Moderate,Verified,56.5,Salaried,True,2019-04-20
INV01668,38,M,Varanasi,B30,Moderate,Pending,18.2,Business,True,2023-09-10
INV01669,23,M,Mysuru,B30,Aggressive,Verified,9.0,Retired,False,2018-05-16
INV01670,33,F,Meerut,B30,Conservative,Pending,19.9,Salaried,True,2021-04-05
INV01671,30,F,Vadodara,B30,Aggressive,Verified,56.7,Business,True,2022-04-07
INV01672,33,M,Delhi,T30,Aggressive,Verified,6.0,Self-Employed,True,2025-07-21
INV01673,28,M,Chennai,T30,Moderate,Verified,12.5,Retired,True,2023-12-05
INV01674,53,F,Ranchi,B30,Aggressive,Verified,69.5,Salaried,True,2018-03-12
INV01675,28,F,Indore,B30,Conservative,Verified,69.2,Student,True,2023-10-24
INV01676,32,F,Surat,T30,Conservative,Verified,49.3,Business,True,2023-11-24
INV01677,57,F,Rajkot,B30,Aggressive,Verified,92.6,Retired,True,2024-03-03
INV01678,45,M,Delhi,T30,Conservative,Verified,25.8,Business,True,2021-07-06
INV01679,22,M,Mysuru,B30,Aggressive,Pending,67.5,Salaried,True,2018-08-26
INV01680,33,M,Kolkata,T30,Conservative,Verified,70.3,Self-Employed,True,2019-05-11
INV01681,57,M,Mysuru,B30,Conservative,Rejected,28.7,Business,True,2019-07-31
INV01682,39,M,Nashik,B30,Aggressive,Verified,38.1,Retired,True,2023-08-22
INV01683,26,M,Indore,B30,Moderate,Verified,31.5,Self-Employed,True,2021-09-21
INV01684,26,F,Meerut,B30,Moderate,Pending,9.0,Business,True,2023-03-02
INV01685,23,M,Amritsar,B30,Conservative,Verified,45.1,Student,True,2023-09-27
INV01686,50,M,Pune,T30,Moderate,Verified,78.7,Retired,True,2021-08-06
INV01687,40,M,Delhi,T30,Conservative,Verified,40.0,Retired,True,2022-12-31
INV01688,51,M,Rajkot,B30,Moderate,Pending,49.7,Student,True,2025-04-14
INV01689,58,M,Lucknow,B30,Conservative,Pending,16.1,Student,True,2023-01-19
INV01690,32,F,Nagpur,B30,Moderate,Verified,33.8,Salaried,True,2021-06-09
INV01691,57,M,Ahmedabad,T30,Aggressive,Verified,51.8,Salaried,True,2022-08-10
INV01692,24,F,Mysuru,B30,Moderate,Verified,20.5,Salaried,True,2022-09-18
INV01693,44,F,Kolkata,T30,Conservative,Verified,38.8,Salaried,True,2023-01-13
INV01694,60,M,Ahmedabad,T30,Conservative,Verified,68.4,Student,True,2021-03-08
INV01695,53,M,Kolkata,T30,Aggressive,Pending,87.1,Retired,True,2020-09-23
INV01696,58,M,Kolkata,T30,Moderate,Verified,17.4,Retired,True,2025-02-10
INV01697,25,F,Ranchi,B30,Aggressive,Verified,82.2,Student,False,2024-11-08
INV01698,30,F,Delhi,T30,Aggressive,Verified,4.9,Salaried,True,2025-08-12
INV01699,63,F,Lucknow,B30,Conservative,Verified,20.0,Self-Employed,True,2018-11-28
INV01700,57,F,Kolkata,T30,Moderate,Rejected,88.3,Self-Employed,True,2019-05-16
INV01701,53,F,Mysuru,B30,Aggressive,Verified,52.0,Student,True,2025-05-13
INV01702,45,M,Mysuru,B30,Moderate,Verified,20.5,Student,True,2021-08-06
INV01703,56,F,Coimbatore,B30,Moderate,Verified,63.3,Self-Employed,True,2023-06-28
INV01704,53,F,Bhopal,B30,Moderate,Verified,18.4,Retired,True,2022-05-26
INV01705,32,M,Mumbai,T30,Aggressive,Verified,50.1,Salaried,True,2025-03-08
INV01706,28,M,Bhubaneswar,B30,Aggressive,Verified,42.4,Student,True,2022-10-03
INV01707,26,F,Kolkata,T30,Moderate,Pending,67.6,Student,True,2024-09-13
INV01708,61,M,Ahmedabad,T30,Moderate,Verified,12.7,Self-Employed,True,2021-03-31
INV01709,24,M,Mysuru,B30,Conservative,Pending,72.4,Retired,True,2020-11-26
INV01710,34,M,Varanasi,B30,Conservative,Verified,69.9,Self-Employed,True,2022-10-29
INV01711,37,F,Kolkata,T30,Conservative,Verified,14.8,Business,True,2019-11-11
INV01712,45,F,Visakhapatnam,B30,Moderate,Pending,52.8,Student,True,2024-11-10
INV01713,29,M,Delhi,T30,Moderate,Verified,84.4,Salaried,True,2019-04-22
INV01714,65,M,Visakhapatnam,B30,Conservative,Pending,72.6,Student,True,2025-06-18
INV01715,54,F,Mysuru,B30,Aggressive,Verified,67.9,Salaried,False,2025-09-18
INV01716,34,M,Agra,B30,Conservative,Pending,50.0,Salaried,True,2018-12-13
INV01717,37,F,Surat,T30,Conservative,Verified,35.9,Business,True,2025-08-21
INV01718,22,M,Hyderabad,T30,Moderate,Verified,29.5,Business,True,2018-04-01
INV01719,56,M,Vadodara,B30,Conservative,Verified,43.8,Self-Employed,True,2025-05-03
INV01720,39,F,Visakhapatnam,B30,Conservative,Verified,31.9,Salaried,True,2024-09-21
INV01721,25,F,Mysuru,B30,Moderate,Verified,66.8,Retired,True,2025-01-20
INV01722,42,M,Lucknow,B30,Conservative,Verified,49.8,Retired,True,2022-03-10
INV01723,53,F,Ahmedabad,T30,Conservative,Verified,63.8,Student,True,2019-04-27
INV01724,41,F,Nagpur,B30,Moderate,Verified,97.7,Student,True,2025-10-29
INV01725,22,F,Ludhiana,B30,Conservative,Verified,75.5,Retired,True,2019-08-25
INV01726,39,M,Meerut,B30,Aggressive,Verified,98.4,Student,True,2024-09-11
INV01727,43,M,Nagpur,B30,Aggressive,Verified,67.1,Business,True,2025-08-17
INV01728,50,M,Lucknow,B30,Aggressive,Verified,67.0,Salaried,False,2025-03-11
INV01729,45,M,Indore,B30,Aggressive,Verified,73.6,Business,True,2023-11-03
INV01730,39,F,Bhopal,B30,Moderate,Verified,89.2,Salaried,True,2018-06-10
INV01731,54,F,Meerut,B30,Moderate,Verified,89.1,Self-Employed,True,2019-12-17
INV01732,31,M,Nashik,B30,Aggressive,Verified,10.8,Self-Employed,True,2024-06-07
INV01733,36,M,Nagpur,B30,Conservative,Verified,5.8,Self-Employed,True,2018-03-13
INV01734,64,F,Kolkata,T30,Moderate,Pending,24.8,Self-Employed,False,2018-10-20
INV01735,25,M,Jaipur,T30,Conservative,Verified,95.6,Retired,True,2018-03-29
INV01736,44,M,Bengaluru,T30,Moderate,Verified,34.0,Self-Employed,True,2025-04-09
INV01737,28,F,Patna,B30,Conservative,Verified,87.1,Student,True,2021-09-21
INV01738,28,M,Hyderabad,T30,Moderate,Verified,79.8,Business,True,2021-03-11
INV01739,25,F,Rajkot,B30,Moderate,Pending,20.6,Retired,True,2021-08-09
INV01740,62,M,Nagpur,B30,Moderate,Verified,5.4,Retired,True,2021-05-23
INV01741,45,F,Hyderabad,T30,Conservative,Verified,67.7,Student,True,2024-08-30
INV01742,54,M,Bengaluru,T30,Aggressive,Verified,44.0,Self-Employed,True,2022-05-04
INV01743,65,F,Ranchi,B30,Aggressive,Pending,91.1,Business,True,2019-05-06
INV01744,29,M,Visakhapatnam,B30,Aggressive,Pending,16.1,Salaried,True,2020-03-13
INV01745,41,F,Mumbai,T30,Moderate,Verified,27.3,Business,True,2018-11-27
INV01746,62,F,Indore,B30,Aggressive,Verified,67.7,Business,True,2019-11-29
INV01747,37,M,Pune,T30,Aggressive,Verified,8.4,Retired,True,2024-01-18
INV01748,49,F,Kochi,B30,Conservative,Verified,38.4,Salaried,True,2023-03-25
INV01749,25,M,Agra,B30,Moderate,Verified,55.0,Business,True,2020-10-12
INV01750,64,F,Kochi,B30,Moderate,Verified,22.3,Student,True,2022-11-25
INV01751,55,F,Nashik,B30,Aggressive,Verified,66.8,Retired,True,2022-12-24
INV01752,44,M,Visakhapatnam,B30,Aggressive,Verified,29.8,Business,True,2020-09-04
INV01753,42,F,Amritsar,B30,Aggressive,Verified,11.7,Salaried,True,2019-11-11
INV01754,47,M,Hyderabad,T30,Conservative,Verified,57.0,Retired,True,2023-06-30
INV01755,47,F,Jaipur,T30,Conservative,Verified,76.9,Business,True,2018-10-18
INV01756,32,F,Amritsar,B30,Moderate,Pending,61.5,Salaried,True,2025-08-16
INV01757,62,F,Meerut,B30,Aggressive,Verified,53.3,Retired,True,2024-01-19
INV01758,59,F,Visakhapatnam,B30,Conservative,Verified,77.4,Business,True,2022-07-08
INV01759,33,F,Kolkata,T30,Conservative,Verified,15.0,Student,True,2023-09-11
INV01760,33,F,Kochi,B30,Aggressive,Verified,81.6,Salaried,True,2020-04-15
INV01761,62,F,Ludhiana,B30,Conservative,Verified,53.8,Self-Employed,True,2025-12-16
INV01762,50,M,Surat,T30,Aggressive,Verified,16.8,Self-Employed,True,2018-12-30
INV01763,38,M,Mysuru,B30,Aggressive,Verified,63.9,Student,True,2019-04-11
INV01764,32,M,Meerut,B30,Conservative,Pending,92.4,Business,True,2024-05-07
INV01765,40,M,Bengaluru,T30,Aggressive,Verified,62.0,Retired,True,2023-01-21
INV01766,60,F,Mumbai,T30,Moderate,Verified,84.6,Retired,True,2020-11-07
INV01767,50,M,Bhubaneswar,B30,Conservative,Verified,73.9,Salaried,True,2020-11-08
INV01768,38,F,Mumbai,T30,Conservative,Rejected,87.1,Self-Employed,True,2021-01-31
INV01769,49,M,Varanasi,B30,Conservative,Verified,48.0,Self-Employed,True,2019-08-05
INV01770,40,M,Rajkot,B30,Conservative,Verified,54.8,Student,True,2025-08-18
INV01771,26,M,Agra,B30,Aggressive,Verified,94.2,Business,True,2021-05-05
INV01772,36,M,Mysuru,B30,Moderate,Verified,97.1,Business,True,2019-11-15
INV01773,61,M,Kochi,B30,Conservative,Verified,28.1,Student,True,2018-05-21
INV01774,51,M,Rajkot,B30,Conservative,Pending,30.5,Retired,True,2018-12-31
INV01775,46,M,Ahmedabad,T30,Aggressive,Verified,41.0,Retired,True,2024-11-10
INV01776,55,M,Mumbai,T30,Moderate,Verified,15.2,Business,True,2019-10-23
INV01777,42,F,Delhi,T30,Moderate,Verified,77.3,Student,True,2018-08-16
INV01778,65,F,Ludhiana,B30,Conservative,Verified,22.2,Retired,False,2020-04-03
INV01779,30,F,Bhopal,B30,Moderate,Verified,25.4,Retired,True,2024-02-18
INV01780,44,M,Coimbatore,B30,Conservative,Verified,13.2,Salaried,True,2020-11-05
INV01781,51,M,Ahmedabad,T30,Conservative,Verified,56.5,Business,True,2024-05-21
INV01782,50,F,Bengaluru,T30,Aggressive,Verified,63.3,Self-Employed,True,2019-06-01
INV01783,65,M,Ahmedabad,T30,Conservative,Rejected,67.9,Self-Employed,True,2024-09-20
INV01784,34,F,Nashik,B30,Conservative,Verified,30.0,Student,True,2020-12-15
INV01785,61,F,Ludhiana,B30,Moderate,Verified,64.9,Retired,True,2018-06-15
INV01786,41,M,Bhopal,B30,Conservative,Verified,48.6,Self-Employed,True,2020-08-29
INV01787,44,F,Lucknow,B30,Moderate,Verified,91.0,Self-Employed,True,2025-04-06
INV01788,34,F,Vadodara,B30,Conservative,Verified,84.0,Salaried,True,2024-07-01
INV01789,46,F,Guwahati,B30,Moderate,Rejected,45.2,Student,True,2024-12-25
INV01790,24,F,Nashik,B30,Aggressive,Verified,4.0,Business,True,2019-12-18
INV01791,60,F,Jaipur,T30,Conservative,Verified,69.4,Retired,True,2021-05-09
INV01792,39,F,Delhi,T30,Conservative,Verified,97.7,Salaried,True,2022-08-25
INV01793,43,M,Meerut,B30,Aggressive,Verified,11.4,Business,True,2025-05-03
INV01794,27,F,Mumbai,T30,Aggressive,Verified,89.7,Retired,True,2019-12-09
INV01795,33,F,Pune,T30,Aggressive,Verified,43.6,Business,True,2023-01-08
INV01796,32,F,Nashik,B30,Aggressive,Verified,47.8,Salaried,True,2020-09-27
INV01797,39,F,Surat,T30,Conservative,Verified,66.3,Business,True,2023-03-04
INV01798,36,F,Kolkata,T30,Moderate,Verified,37.7,Retired,True,2018-11-29
INV01799,34,F,Patna,B30,Aggressive,Verified,61.8,Student,True,2024-01-01
INV01800,22,M,Mysuru,B30,Moderate,Pending,97.4,Salaried,False,2021-12-24
INV01801,56,F,Amritsar,B30,Aggressive,Verified,72.4,Salaried,True,2023-06-11
INV01802,30,F,Rajkot,B30,Aggressive,Verified,14.8,Salaried,True,2018-04-02
INV01803,51,M,Jaipur,T30,Conservative,Verified,58.5,Retired,True,2024-02-27
INV01804,39,M,Vadodara,B30,Aggressive,Verified,19.7,Retired,True,2023-04-09
INV01805,60,F,Mumbai,T30,Conservative,Verified,22.3,Retired,True,2019-10-03
INV01806,62,F,Patna,B30,Moderate,Verified,97.0,Self-Employed,True,2022-12-17
INV01807,33,M,Jaipur,T30,Moderate,Verified,98.4,Retired,True,2022-08-07
INV01808,42,M,Ahmedabad,T30,Conservative,Verified,7.6,Student,True,2018-05-12
INV01809,52,M,Ahmedabad,T30,Moderate,Verified,26.0,Salaried,True,2020-01-30
INV01810,41,F,Delhi,T30,Aggressive,Verified,41.8,Salaried,True,2020-01-20
INV01811,28,F,Vadodara,B30,Conservative,Verified,73.2,Self-Employed,True,2020-05-01
INV01812,55,F,Ludhiana,B30,Moderate,Verified,46.0,Student,True,2021-05-23
INV01813,47,F,Delhi,T30,Conservative,Verified,11.1,Retired,True,2022-12-23
INV01814,63,F,Nagpur,B30,Moderate,Verified,88.6,Salaried,True,2020-11-25
INV01815,51,M,Bhopal,B30,Aggressive,Pending,11.6,Student,True,2020-07-12
INV01816,36,F,Amritsar,B30,Aggressive,Pending,55.2,Self-Employed,True,2019-11-26
INV01817,26,F,Nashik,B30,Aggressive,Verified,45.0,Retired,True,2019-10-26
INV01818,27,F,Bhubaneswar,B30,Aggressive,Verified,50.4,Retired,True,2023-06-09
INV01819,24,M,Mysuru,B30,Conservative,Verified,74.4,Student,True,2025-06-24
INV01820,32,M,Ludhiana,B30,Conservative,Verified,68.4,Salaried,True,2021-10-08
INV01821,43,M,Surat,T30,Aggressive,Verified,99.5,Self-Employed,True,2018-07-27
INV01822,57,F,Rajkot,B30,Conservative,Verified,62.3,Student,True,2023-04-27
INV01823,45,F,Ahmedabad,T30,Moderate,Verified,50.3,Business,True,2022-10-31
INV01824,24,M,Nashik,B30,Aggressive,Verified,25.5,Self-Employed,True,2020-01-30
INV01825,49,M,Jaipur,T30,Conservative,Verified,44.0,Business,True,2018-07-19
INV01826,63,F,Indore,B30,Aggressive,Verified,79.5,Retired,True,2025-05-12
INV01827,47,F,Rajkot,B30,Aggressive,Verified,48.0,Salaried,True,2018-04-03
INV01828,29,M,Nashik,B30,Conservative,Verified,3.9,Business,True,2025-06-25
INV01829,48,F,Bhopal,B30,Aggressive,Verified,48.0,Salaried,True,2022-10-18
INV01830,27,M,Amritsar,B30,Aggressive,Verified,42.3,Self-Employed,True,2024-03-30
INV01831,54,F,Ranchi,B30,Moderate,Verified,71.1,Self-Employed,True,2021-10-19
INV01832,43,M,Amritsar,B30,Moderate,Verified,3.8,Business,True,2019-01-11
INV01833,58,F,Pune,T30,Conservative,Verified,80.5,Student,False,2019-06-27
INV01834,32,F,Rajkot,B30,Moderate,Verified,90.0,Salaried,True,2021-03-31
INV01835,42,F,Meerut,B30,Conservative,Verified,3.8,Retired,True,2025-03-10
INV01836,41,M,Ranchi,B30,Conservative,Verified,8.9,Self-Employed,True,2020-08-29
INV01837,51,M,Bhubaneswar,B30,Moderate,Verified,77.2,Student,True,2025-06-22
INV01838,49,M,Kochi,B30,Aggressive,Pending,74.0,Salaried,True,2021-09-09
INV01839,50,M,Guwahati,B30,Moderate,Verified,40.7,Student,True,2024-09-30
INV01840,25,M,Kolkata,T30,Moderate,Verified,94.2,Self-Employed,True,2024-10-20
INV01841,65,M,Mysuru,B30,Moderate,Verified,12.7,Business,True,2020-06-14
INV01842,59,M,Visakhapatnam,B30,Aggressive,Verified,86.3,Salaried,True,2023-02-02
INV01843,65,M,Bengaluru,T30,Moderate,Verified,18.4,Business,True,2023-03-22
INV01844,48,F,Hyderabad,T30,Conservative,Verified,55.5,Salaried,True,2025-09-08
INV01845,51,M,Ahmedabad,T30,Moderate,Verified,62.3,Salaried,True,2023-07-24
INV01846,22,F,Ludhiana,B30,Moderate,Verified,11.2,Salaried,True,2022-05-03
INV01847,47,F,Kolkata,T30,Conservative,Verified,85.6,Self-Employed,False,2021-05-10
INV01848,59,M,Bhubaneswar,B30,Conservative,Verified,42.9,Salaried,True,2024-06-14
INV01849,42,F,Ahmedabad,T30,Aggressive,Rejected,16.5,Business,True,2023-03-16
INV01850,23,M,Agra,B30,Moderate,Verified,49.6,Business,True,2023-01-12
INV01851,61,F,Mysuru,B30,Moderate,Verified,78.3,Salaried,True,2022-11-21
INV01852,60,M,Lucknow,B30,Conservative,Verified,79.3,Salaried,True,2018-12-07
INV01853,56,F,Rajkot,B30,Conservative,Verified,72.2,Retired,True,2018-01-04
INV01854,60,M,Jaipur,T30,Moderate,Verified,59.0,Self-Employed,True,2024-04-03
INV01855,54,F,Ludhiana,B30,Aggressive,Verified,73.6,Self-Employed,True,2022-12-08
INV01856,25,M,Visakhapatnam,B30,Aggressive,Verified,9.5,Business,True,2018-10-11
INV01857,26,F,Vadodara,B30,Aggressive,Verified,72.3,Business,True,2024-03-12
INV01858,52,M,Bhopal,B30,Moderate,Verified,36.4,Retired,True,2018-10-01
INV01859,39,M,Ranchi,B30,Aggressive,Verified,5.9,Student,False,2023-12-29
INV01860,63,M,Nashik,B30,Conservative,Verified,83.9,Business,True,2021-09-05
INV01861,38,M,Meerut,B30,Aggressive,Verified,90.4,Retired,True,2018-10-10
INV01862,22,M,Patna,B30,Moderate,Verified,28.6,Salaried,True,2022-07-07
INV01863,52,M,Chennai,T30,Aggressive,Rejected,22.9,Student,True,2022-02-04
INV01864,62,F,Bhopal,B30,Conservative,Verified,94.3,Student,True,2022-12-18
INV01865,35,M,Delhi,T30,Aggressive,Verified,66.4,Salaried,False,2022-07-16
INV01866,55,M,Delhi,T30,Moderate,Verified,55.8,Business,True,2019-10-31
INV01867,55,M,Hyderabad,T30,Aggressive,Pending,88.7,Business,True,2021-03-01
INV01868,33,F,Kochi,B30,Moderate,Verified,73.2,Student,False,2020-07-19
INV01869,23,M,Patna,B30,Moderate,Verified,20.4,Student,True,2023-02-19
INV01870,64,F,Coimbatore,B30,Aggressive,Verified,88.3,Business,True,2020-05-08
INV01871,51,F,Ranchi,B30,Conservative,Verified,54.4,Business,True,2020-11-21
INV01872,22,F,Kochi,B30,Aggressive,Verified,5.9,Self-Employed,False,2020-08-09
INV01873,60,F,Vadodara,B30,Conservative,Verified,89.9,Self-Employed,True,2025-01-15
INV01874,47,F,Indore,B30,Conservative,Verified,70.7,Retired,True,2024-10-18
INV01875,55,M,Delhi,T30,Conservative,Verified,44.0,Business,True,2021-04-18
INV01876,51,M,Chennai,T30,Aggressive,Verified,24.3,Self-Employed,True,2023-08-03
INV01877,48,M,Kolkata,T30,Aggressive,Pending,76.1,Business,True,2020-04-07
INV01878,39,F,Jaipur,T30,Conservative,Verified,64.7,Business,True,2023-08-28
INV01879,46,M,Agra,B30,Aggressive,Verified,64.1,Salaried,True,2020-12-22
INV01880,65,F,Coimbatore,B30,Conservative,Verified,34.0,Self-Employed,True,2018-11-15
INV01881,40,M,Mumbai,T30,Moderate,Verified,68.9,Salaried,True,2022-10-26
INV01882,45,M,Nashik,B30,Moderate,Verified,8.6,Student,True,2025-04-05
INV01883,27,M,Mysuru,B30,Conservative,Verified,43.3,Retired,True,2020-07-04
INV01884,22,M,Ahmedabad,T30,Aggressive,Pending,85.9,Salaried,True,2018-04-10
INV01885,50,F,Mysuru,B30,Aggressive,Verified,42.0,Business,True,2021-12-14
INV01886,46,F,Agra,B30,Conservative,Verified,92.3,Retired,True,2022-06-10
INV01887,40,M,Amritsar,B30,Moderate,Verified,91.3,Business,True,2018-06-20
INV01888,41,M,Meerut,B30,Moderate,Verified,90.4,Self-Employed,True,2020-07-06
INV01889,49,F,Bhubaneswar,B30,Aggressive,Verified,22.5,Salaried,True,2021-08-12
INV01890,56,F,Bhubaneswar,B30,Moderate,Verified,95.2,Self-Employed,True,2021-09-22
INV01891,65,M,Jaipur,T30,Conservative,Pending,70.5,Retired,True,2025-03-18
INV01892,39,M,Rajkot,B30,Conservative,Verified,81.1,Student,True,2023-12-21
INV01893,58,F,Bhubaneswar,B30,Moderate,Verified,93.4,Student,True,2021-03-16
INV01894,39,F,Varanasi,B30,Moderate,Verified,82.3,Salaried,True,2024-01-17
INV01895,30,M,Pune,T30,Moderate,Verified,85.5,Business,True,2023-12-21
INV01896,51,F,Lucknow,B30,Moderate,Verified,63.7,Salaried,True,2021-12-03
INV01897,45,F,Hyderabad,T30,Aggressive,Verified,70.7,Retired,True,2019-01-20
INV01898,64,M,Ludhiana,B30,Conservative,Verified,4.5,Business,True,2020-06-07
INV01899,33,F,Jaipur,T30,Conservative,Verified,91.0,Salaried,True,2021-05-04
INV01900,58,M,Bhopal,B30,Conservative,Verified,42.2,Salaried,True,2018-10-17
INV01901,26,F,Lucknow,B30,Aggressive,Verified,74.8,Salaried,True,2022-02-23
INV01902,34,F,Kolkata,T30,Moderate,Verified,30.7,Self-Employed,True,2025-05-17
INV01903,60,M,Mysuru,B30,Aggressive,Pending,29.8,Business,True,2022-03-05
INV01904,57,M,Agra,B30,Conservative,Verified,85.1,Retired,True,2022-01-24
INV01905,52,F,Kochi,B30,Aggressive,Verified,74.8,Student,True,2022-06-01
INV01906,53,F,Bhubaneswar,B30,Aggressive,Verified,8.1,Salaried,True,2022-01-26
INV01907,49,M,Ludhiana,B30,Moderate,Verified,41.7,Self-Employed,True,2024-02-16
INV01908,55,M,Jaipur,T30,Conservative,Verified,31.5,Self-Employed,True,2019-05-01
INV01909,38,M,Meerut,B30,Conservative,Verified,65.6,Business,True,2018-09-20
INV01910,55,M,Agra,B30,Aggressive,Verified,89.7,Business,False,2022-10-25
INV01911,47,M,Hyderabad,T30,Conservative,Verified,11.8,Business,True,2024-11-17
INV01912,40,F,Bengaluru,T30,Conservative,Verified,72.2,Student,False,2021-08-30
INV01913,51,F,Guwahati,B30,Conservative,Verified,50.7,Business,True,2022-08-10
INV01914,26,F,Vadodara,B30,Aggressive,Verified,77.3,Salaried,True,2018-05-25
INV01915,24,F,Ahmedabad,T30,Aggressive,Pending,24.8,Business,True,2023-01-25
INV01916,35,F,Bengaluru,T30,Conservative,Verified,45.6,Student,True,2018-08-07
INV01917,58,F,Coimbatore,B30,Moderate,Verified,92.7,Salaried,True,2018-11-30
INV01918,56,F,Ranchi,B30,Conservative,Verified,48.4,Student,False,2024-11-25
INV01919,56,F,Agra,B30,Aggressive,Verified,88.2,Self-Employed,True,2022-08-10
INV01920,46,F,Guwahati,B30,Conservative,Verified,19.7,Student,True,2023-11-19
INV01921,30,F,Guwahati,B30,Conservative,Verified,11.4,Salaried,True,2022-11-03
INV01922,63,M,Bhubaneswar,B30,Conservative,Verified,76.1,Self-Employed,True,2021-12-04
INV01923,43,M,Ahmedabad,T30,Conservative,Verified,7.7,Self-Employed,True,2018-06-14
INV01924,49,F,Indore,B30,Aggressive,Pending,36.8,Student,True,2025-03-08
INV01925,61,F,Chennai,T30,Aggressive,Pending,39.0,Business,True,2022-10-12
INV01926,30,M,Lucknow,B30,Aggressive,Rejected,22.2,Retired,True,2019-03-13
INV01927,47,M,Varanasi,B30,Conservative,Verified,88.8,Student,True,2020-02-08
INV01928,45,M,Guwahati,B30,Aggressive,Pending,57.8,Retired,True,2022-08-18
INV01929,61,F,Nagpur,B30,Moderate,Verified,97.6,Student,True,2024-09-12
INV01930,49,F,Coimbatore,B30,Moderate,Verified,48.9,Retired,True,2022-05-23
INV01931,63,F,Amritsar,B30,Conservative,Verified,38.7,Student,True,2019-05-17
INV01932,41,F,Visakhapatnam,B30,Moderate,Verified,40.2,Salaried,True,2024-06-26
INV01933,42,M,Kolkata,T30,Conservative,Verified,39.4,Salaried,True,2024-06-10
INV01934,64,F,Indore,B30,Moderate,Verified,85.4,Business,True,2021-03-14
INV01935,53,F,Delhi,T30,Moderate,Verified,63.7,Salaried,True,2020-06-18
INV01936,26,F,Kolkata,T30,Moderate,Verified,90.1,Salaried,True,2022-10-03
INV01937,27,M,Bhopal,B30,Conservative,Verified,32.1,Business,True,2022-01-10
INV01938,61,M,Patna,B30,Aggressive,Verified,33.2,Self-Employed,True,2025-07-11
INV01939,34,M,Indore,B30,Moderate,Verified,70.7,Self-Employed,True,2020-12-27
INV01940,33,F,Surat,T30,Moderate,Verified,17.4,Business,True,2024-07-02
INV01941,40,M,Nagpur,B30,Moderate,Verified,30.6,Self-Employed,True,2023-04-02
INV01942,50,F,Mumbai,T30,Conservative,Verified,66.5,Salaried,True,2018-07-25
INV01943,26,M,Patna,B30,Aggressive,Verified,39.6,Salaried,True,2024-12-19
INV01944,42,M,Bhopal,B30,Aggressive,Verified,58.9,Self-Employed,True,2020-06-28
INV01945,62,M,Indore,B30,Aggressive,Verified,31.9,Salaried,True,2022-06-26
INV01946,44,M,Amritsar,B30,Moderate,Verified,87.1,Self-Employed,True,2019-12-24
INV01947,32,F,Guwahati,B30,Conservative,Verified,71.6,Retired,True,2018-10-28
INV01948,34,F,Lucknow,B30,Conservative,Verified,47.0,Salaried,True,2018-04-23
INV01949,57,F,Bengaluru,T30,Aggressive,Verified,22.4,Business,True,2021-03-11
INV01950,56,M,Varanasi,B30,Aggressive,Verified,46.5,Self-Employed,True,2022-08-17
INV01951,42,F,Chennai,T30,Moderate,Verified,47.0,Retired,True,2019-07-04
INV01952,61,F,Visakhapatnam,B30,Aggressive,Verified,70.3,Business,True,2024-04-05
INV01953,64,M,Agra,B30,Moderate,Verified,28.3,Salaried,True,2023-02-15
INV01954,52,M,Indore,B30,Conservative,Verified,59.9,Student,True,2025-06-11
INV01955,37,M,Mysuru,B30,Aggressive,Verified,39.2,Retired,True,2023-04-03
INV01956,41,M,Nashik,B30,Aggressive,Verified,20.7,Salaried,False,2023-07-02
INV01957,37,M,Mumbai,T30,Conservative,Verified,77.5,Salaried,True,2025-03-22
INV01958,23,M,Kochi,B30,Aggressive,Verified,39.3,Retired,True,2023-02-22
INV01959,32,M,Amritsar,B30,Conservative,Verified,43.8,Student,True,2020-06-10
INV01960,56,F,Ludhiana,B30,Aggressive,Pending,45.9,Student,True,2019-09-15
INV01961,23,F,Ranchi,B30,Aggressive,Verified,27.9,Self-Employed,False,2018-06-27
INV01962,47,F,Hyderabad,T30,Conservative,Verified,78.6,Self-Employed,True,2025-07-05
INV01963,27,F,Patna,B30,Moderate,Verified,52.3,Salaried,True,2025-07-31
INV01964,60,M,Bhubaneswar,B30,Conservative,Verified,23.1,Student,True,2022-07-07
INV01965,48,M,Patna,B30,Conservative,Verified,29.9,Business,True,2022-05-30
INV01966,60,F,Pune,T30,Moderate,Verified,61.3,Salaried,True,2025-11-07
INV01967,54,M,Mumbai,T30,Moderate,Verified,27.0,Business,False,2025-03-10
INV01968,60,F,Coimbatore,B30,Conservative,Verified,82.1,Retired,True,2022-06-29
INV01969,65,M,Delhi,T30,Aggressive,Verified,26.5,Student,True,2023-11-14
INV01970,56,F,Bengaluru,T30,Conservative,Verified,84.8,Salaried,True,2023-01-12
INV01971,65,M,Pune,T30,Moderate,Verified,55.2,Salaried,True,2024-03-18
INV01972,43,F,Chennai,T30,Aggressive,Verified,29.9,Retired,True,2023-12-26
INV01973,43,M,Delhi,T30,Moderate,Verified,97.9,Salaried,True,2025-01-08
INV01974,29,M,Guwahati,B30,Aggressive,Verified,96.3,Student,True,2018-07-10
INV01975,40,F,Delhi,T30,Aggressive,Verified,29.7,Student,False,2025-11-25
INV01976,31,M,Kolkata,T30,Moderate,Verified,24.3,Student,True,2018-08-26
INV01977,52,M,Nashik,B30,Moderate,Verified,14.1,Business,False,2018-11-04
INV01978,45,F,Jaipur,T30,Moderate,Verified,11.6,Retired,False,2025-08-01
INV01979,25,M,Bhubaneswar,B30,Aggressive,Pending,51.8,Student,True,2018-03-15
INV01980,50,M,Bengaluru,T30,Moderate,Verified,6.3,Salaried,True,2020-03-22
INV01981,61,F,Bengaluru,T30,Aggressive,Verified,61.3,Self-Employed,True,2018-07-04
INV01982,48,F,Jaipur,T30,Moderate,Rejected,35.2,Retired,True,2023-04-30
INV01983,48,M,Hyderabad,T30,Conservative,Verified,7.1,Retired,True,2025-10-25
INV01984,58,F,Amritsar,B30,Conservative,Verified,33.5,Student,True,2025-12-22
INV01985,30,F,Mumbai,T30,Conservative,Verified,51.9,Retired,True,2021-05-22
INV01986,23,M,Surat,T30,Moderate,Verified,39.3,Salaried,False,2025-09-20
INV01987,50,M,Kochi,B30,Conservative,Pending,95.2,Business,True,2021-12-25
INV01988,47,M,Coimbatore,B30,Moderate,Pending,35.8,Salaried,True,2018-08-27
INV01989,47,M,Delhi,T30,Conservative,Verified,32.9,Salaried,True,2019-08-06
INV01990,49,M,Ahmedabad,T30,Moderate,Verified,25.4,Business,True,2024-02-29
INV01991,55,M,Vadodara,B30,Aggressive,Verified,63.3,Salaried,False,2021-12-13
INV01992,22,M,Jaipur,T30,Conservative,Pending,78.3,Retired,True,2022-05-04
INV01993,24,M,Mysuru,B30,Conservative,Verified,84.9,Retired,True,2024-12-18
INV01994,37,M,Vadodara,B30,Conservative,Verified,96.8,Retired,False,2021-07-26
INV01995,60,F,Mumbai,T30,Moderate,Verified,31.4,Salaried,True,2019-06-18
INV01996,51,F,Pune,T30,Aggressive,Verified,85.6,Business,True,2019-02-03
INV01997,45,M,Agra,B30,Conservative,Verified,53.5,Self-Employed,True,2023-12-31
INV01998,33,F,Rajkot,B30,Conservative,Verified,37.9,Self-Employed,True,2019-07-17
INV01999,56,F,Bhubaneswar,B30,Conservative,Verified,45.0,Retired,True,2021-12-20
INV02000,44,F,Nagpur,B30,Moderate,Verified,94.2,Self-Employed,True,2018-01-30
