fund_id,date,nav,nav_change_pct
F001,2022-01-03,100.434,
F001,2022-01-04,100.2936,-0.1398
F001,2022-01-05,101.1782,0.882
F001,2022-01-06,103.2219,2.0199
F001,2022-01-07,102.949,-0.2644
F001,2022-01-10,102.6768,-0.2644
F001,2022-01-11,104.8258,2.093
F001,2022-01-12,105.9135,1.0376
F001,2022-01-13,105.3095,-0.5703
F001,2022-01-14,106.0944,0.7453
F001,2022-01-17,105.4977,-0.5624
F001,2022-01-18,104.9012,-0.5654
F001,2022-01-19,105.2731,0.3545
F001,2022-01-20,102.6968,-2.4473
F001,2022-01-21,100.435,-2.2024
F001,2022-01-24,99.741,-0.691
F001,2022-01-25,98.4676,-1.2767
F001,2022-01-26,98.9092,0.4485
F001,2022-01-27,97.7812,-1.1404
F001,2022-01-28,96.0251,-1.7959
F001,2022-01-31,97.8931,1.9453
F001,2022-02-01,97.6449,-0.2535
F001,2022-02-02,97.7697,0.1278
F001,2022-02-03,95.9979,-1.8122
F001,2022-02-04,95.3569,-0.6677
F001,2022-02-07,95.5325,0.1842
F001,2022-02-08,94.1413,-1.4563
F001,2022-02-09,94.6387,0.5284
F001,2022-02-10,93.9376,-0.7408
F001,2022-02-11,93.619,-0.3392
F001,2022-02-14,92.9241,-0.7423
F001,2022-02-15,95.1988,2.4479
F001,2022-02-16,95.2202,0.0225
F001,2022-02-17,93.949,-1.335
F001,2022-02-18,94.9912,1.1093
F001,2022-02-21,93.5216,-1.5471
F001,2022-02-22,93.8129,0.3115
F001,2022-02-23,91.4605,-2.5075
F001,2022-02-24,89.9179,-1.6866
F001,2022-02-25,90.184,0.2959
F001,2022-02-28,91.0858,1.0
F001,2022-03-01,91.3252,0.2628
F001,2022-03-02,91.2244,-0.1104
F001,2022-03-03,90.9038,-0.3514
F001,2022-03-04,89.1929,-1.8821
F001,2022-03-07,88.3939,-0.8958
F001,2022-03-08,87.8999,-0.5589
F001,2022-03-09,89.143,1.4142
F001,2022-03-10,89.5769,0.4867
F001,2022-03-11,87.5597,-2.2519
F001,2022-03-14,87.9636,0.4613
F001,2022-03-15,87.5584,-0.4606
F001,2022-03-16,86.8229,-0.84
F001,2022-03-17,87.548,0.8351
F001,2022-03-18,88.7564,1.3803
F001,2022-03-21,89.8664,1.2506
F001,2022-03-22,88.9219,-1.051
F001,2022-03-23,88.6,-0.362
F001,2022-03-24,89.017,0.4707
F001,2022-03-25,90.1815,1.3082
F001,2022-03-28,89.6558,-0.5829
F001,2022-03-29,89.4753,-0.2013
F001,2022-03-30,88.2242,-1.3983
F001,2022-03-31,86.8875,-1.5151
F001,2022-04-01,87.84,1.0962
F001,2022-04-04,89.4239,1.8032
F001,2022-04-05,89.376,-0.0536
F001,2022-04-06,90.5777,1.3445
F001,2022-04-07,91.0398,0.5102
F001,2022-04-08,90.3127,-0.7987
F001,2022-04-11,90.7731,0.5098
F001,2022-04-12,92.6244,2.0395
F001,2022-04-13,92.6183,-0.0066
F001,2022-04-14,94.5392,2.074
F001,2022-04-15,91.3573,-3.3657
F001,2022-04-18,92.37,1.1085
F001,2022-04-19,92.5115,0.1532
F001,2022-04-20,92.1889,-0.3487
F001,2022-04-21,92.3357,0.1592
F001,2022-04-22,89.9868,-2.5439
F001,2022-04-25,89.7658,-0.2456
F001,2022-04-26,90.2184,0.5042
F001,2022-04-27,91.9878,1.9612
F001,2022-04-28,91.4048,-0.6338
F001,2022-04-29,90.4807,-1.011
F001,2022-05-02,89.9267,-0.6123
F001,2022-05-03,91.0328,1.23
F001,2022-05-04,91.4583,0.4674
F001,2022-05-05,90.865,-0.6487
F001,2022-05-06,91.5076,0.7072
F001,2022-05-09,91.6597,0.1662
F001,2022-05-10,92.8506,1.2993
F001,2022-05-11,92.0403,-0.8727
F001,2022-05-12,92.0403,0.0
F001,2022-05-13,91.2544,-0.8539
F001,2022-05-16,89.5547,-1.8626
F001,2022-05-17,89.9353,0.425
F001,2022-05-18,90.2765,0.3794
F001,2022-05-19,90.3186,0.0466
F001,2022-05-20,90.0793,-0.265
F001,2022-05-23,88.4579,-1.8
F001,2022-05-24,88.0096,-0.5068
F001,2022-05-25,87.6527,-0.4055
F001,2022-05-26,86.7736,-1.0029
F001,2022-05-27,86.6264,-0.1696
F001,2022-05-30,87.1161,0.5653
F001,2022-05-31,89.2871,2.4921
F001,2022-06-01,89.5255,0.267
F001,2022-06-02,89.8611,0.3749
F001,2022-06-03,89.8101,-0.0568
F001,2022-06-06,87.6058,-2.4544
F001,2022-06-07,87.6106,0.0055
F001,2022-06-08,87.7142,0.1183
F001,2022-06-09,90.5581,3.2422
F001,2022-06-10,90.3679,-0.21
F001,2022-06-13,90.7583,0.432
F001,2022-06-14,90.7536,-0.0052
F001,2022-06-15,89.4111,-1.4793
F001,2022-06-16,90.7752,1.5256
F001,2022-06-17,91.6988,1.0175
F001,2022-06-20,92.6785,1.0684
F001,2022-06-21,91.6199,-1.1422
F001,2022-06-22,93.3274,1.8637
F001,2022-06-23,91.6639,-1.7824
F001,2022-06-24,92.3999,0.8029
F001,2022-06-27,95.068,2.8876
F001,2022-06-28,93.8818,-1.2477
F001,2022-06-29,93.2282,-0.6962
F001,2022-06-30,93.3863,0.1696
F001,2022-07-01,92.8124,-0.6145
F001,2022-07-04,90.9786,-1.9758
F001,2022-07-05,91.0961,0.1292
F001,2022-07-06,89.8745,-1.341
F001,2022-07-07,90.4638,0.6557
F001,2022-07-08,89.4187,-1.1553
F001,2022-07-11,91.2562,2.0549
F001,2022-07-12,90.3635,-0.9782
F001,2022-07-13,90.0213,-0.3787
F001,2022-07-14,91.0093,1.0975
F001,2022-07-15,89.5894,-1.5602
F001,2022-07-18,89.8901,0.3356
F001,2022-07-19,91.4535,1.7392
F001,2022-07-20,89.579,-2.0497
F001,2022-07-21,89.8298,0.28
F001,2022-07-22,90.1692,0.3778
F001,2022-07-25,91.1217,1.0563
F001,2022-07-26,89.6929,-1.568
F001,2022-07-27,88.1891,-1.6766
F001,2022-07-28,88.8228,0.7186
F001,2022-07-29,89.2013,0.4261
F001,2022-08-01,89.5275,0.3657
F001,2022-08-02,89.9665,0.4904
F001,2022-08-03,89.2072,-0.844
F001,2022-08-04,89.5122,0.3419
F001,2022-08-05,89.889,0.4209
F001,2022-08-08,89.0902,-0.8887
F001,2022-08-09,91.2867,2.4655
F001,2022-08-10,91.8855,0.656
F001,2022-08-11,90.4992,-1.5087
F001,2022-08-12,91.3078,0.8935
F001,2022-08-15,90.1874,-1.2271
F001,2022-08-16,91.1463,1.0632
F001,2022-08-17,92.5556,1.5462
F001,2022-08-18,91.6052,-1.0268
F001,2022-08-19,92.7891,1.2924
F001,2022-08-22,93.3241,0.5766
F001,2022-08-23,94.3588,1.1087
F001,2022-08-24,96.7233,2.5059
F001,2022-08-25,96.4534,-0.279
F001,2022-08-26,95.5469,-0.9398
F001,2022-08-29,94.4802,-1.1164
F001,2022-08-30,93.516,-1.0205
F001,2022-08-31,93.4597,-0.0602
F001,2022-09-01,93.9116,0.4835
F001,2022-09-02,94.287,0.3997
F001,2022-09-05,95.3386,1.1153
F001,2022-09-06,95.3929,0.057
F001,2022-09-07,97.2336,1.9296
F001,2022-09-08,96.938,-0.304
F001,2022-09-09,100.4047,3.5762
F001,2022-09-12,101.2615,0.8533
F001,2022-09-13,100.1736,-1.0743
F001,2022-09-14,98.8191,-1.3522
F001,2022-09-15,99.4784,0.6672
F001,2022-09-16,99.2292,-0.2505
F001,2022-09-19,100.1899,0.9682
F001,2022-09-20,100.8464,0.6553
F001,2022-09-21,100.7913,-0.0546
F001,2022-09-22,99.7221,-1.0608
F001,2022-09-23,97.7982,-1.9293
F001,2022-09-26,97.2696,-0.5405
F001,2022-09-27,98.3914,1.1533
F001,2022-09-28,98.7046,0.3183
F001,2022-09-29,97.1456,-1.5795
F001,2022-09-30,97.4032,0.2652
F001,2022-10-03,97.9301,0.5409
F001,2022-10-04,96.844,-1.1091
F001,2022-10-05,97.0763,0.2399
F001,2022-10-06,97.1886,0.1157
F001,2022-10-07,95.7834,-1.4458
F001,2022-10-10,96.2672,0.5051
F001,2022-10-11,97.0075,0.769
F001,2022-10-12,98.4121,1.4479
F001,2022-10-13,99.7997,1.41
F001,2022-10-14,98.0522,-1.751
F001,2022-10-17,96.896,-1.1792
F001,2022-10-18,97.5835,0.7095
F001,2022-10-19,98.2743,0.7079
F001,2022-10-20,98.9716,0.7095
F001,2022-10-21,103.9682,5.0485
F001,2022-10-24,104.7814,0.7822
F001,2022-10-25,106.3701,1.5162
F001,2022-10-26,107.7319,1.2802
F001,2022-10-27,108.6873,0.8868
F001,2022-10-28,108.2853,-0.3699
F001,2022-10-31,109.397,1.0266
F001,2022-11-01,108.3417,-0.9647
F001,2022-11-02,108.0515,-0.2679
F001,2022-11-03,107.4129,-0.591
F001,2022-11-04,107.5702,0.1464
F001,2022-11-07,110.8501,3.0491
F001,2022-11-08,108.2036,-2.3875
F001,2022-11-09,109.2122,0.9321
F001,2022-11-10,106.9662,-2.0565
F001,2022-11-11,106.3527,-0.5735
F001,2022-11-14,107.9008,1.4556
F001,2022-11-15,108.0341,0.1235
F001,2022-11-16,106.5637,-1.3611
F001,2022-11-17,105.6154,-0.8899
F001,2022-11-18,106.5907,0.9234
F001,2022-11-21,105.6213,-0.9095
F001,2022-11-22,105.9608,0.3214
F001,2022-11-23,106.066,0.0993
F001,2022-11-24,105.21,-0.807
F001,2022-11-25,108.1844,2.8271
F001,2022-11-28,109.1192,0.8641
F001,2022-11-29,106.2901,-2.5927
F001,2022-11-30,106.5903,0.2824
F001,2022-12-01,106.5903,0.0
F001,2022-12-02,106.9297,0.3184
F001,2022-12-05,105.8708,-0.9903
F001,2022-12-06,105.7552,-0.1092
F001,2022-12-07,106.4918,0.6965
F001,2022-12-08,107.7329,1.1654
F001,2022-12-09,106.0949,-1.5204
F001,2022-12-12,105.676,-0.3948
F001,2022-12-13,105.0658,-0.5774
F001,2022-12-14,104.2155,-0.8093
F001,2022-12-15,106.649,2.3351
F001,2022-12-16,107.2531,0.5664
F001,2022-12-19,105.538,-1.5991
F001,2022-12-20,106.8395,1.2332
F001,2022-12-21,109.8297,2.7988
F001,2022-12-22,111.3478,1.3822
F001,2022-12-23,109.193,-1.9352
F001,2022-12-26,108.5493,-0.5895
F001,2022-12-27,110.3805,1.687
F001,2022-12-28,109.4092,-0.88
F001,2022-12-29,110.0842,0.6169
F001,2022-12-30,110.0842,0.0
F001,2023-01-02,109.9409,-0.1302
F001,2023-01-03,109.8998,-0.0374
F001,2023-01-04,105.313,-4.1736
F001,2023-01-05,103.9527,-1.2917
F001,2023-01-06,103.653,-0.2883
F001,2023-01-09,102.0131,-1.5821
F001,2023-01-10,102.0131,0.0
F001,2023-01-11,102.3229,0.3037
F001,2023-01-12,101.7785,-0.532
F001,2023-01-13,101.9922,0.21
F001,2023-01-16,103.944,1.9137
F001,2023-01-17,102.0453,-1.8267
F001,2023-01-18,103.6292,1.5522
F001,2023-01-19,103.6844,0.0533
F001,2023-01-20,102.4029,-1.236
F001,2023-01-23,103.059,0.6407
F001,2023-01-24,103.3669,0.2988
F001,2023-01-25,102.6017,-0.7403
F001,2023-01-26,102.7358,0.1307
F001,2023-01-27,102.2623,-0.4609
F001,2023-01-30,102.4541,0.1876
F001,2023-01-31,103.377,0.9008
F001,2023-02-01,105.5498,2.1018
F001,2023-02-02,103.8936,-1.5691
F001,2023-02-03,106.8161,2.813
F001,2023-02-06,104.1481,-2.4978
F001,2023-02-07,103.9843,-0.1573
F001,2023-02-08,104.8212,0.8048
F001,2023-02-09,105.246,0.4053
F001,2023-02-10,104.4361,-0.7695
F001,2023-02-13,104.1953,-0.2306
F001,2023-02-14,103.5692,-0.6009
F001,2023-02-15,102.8171,-0.7262
F001,2023-02-16,103.9938,1.1445
F001,2023-02-17,104.5181,0.5042
F001,2023-02-20,103.6184,-0.8608
F001,2023-02-21,104.8716,1.2094
F001,2023-02-22,105.3325,0.4395
F001,2023-02-23,106.4877,1.0967
F001,2023-02-24,107.4019,0.8585
F001,2023-02-27,106.2874,-1.0377
F001,2023-02-28,105.5559,-0.6882
F001,2023-03-01,106.6236,1.0115
F001,2023-03-02,107.5123,0.8335
F001,2023-03-03,107.5261,0.0128
F001,2023-03-06,107.7331,0.1925
F001,2023-03-07,109.5656,1.701
F001,2023-03-08,108.7668,-0.7291
F001,2023-03-09,109.5839,0.7512
F001,2023-03-10,109.3397,-0.2228
F001,2023-03-13,109.074,-0.243
F001,2023-03-14,110.6757,1.4685
F001,2023-03-15,111.9076,1.1131
F001,2023-03-16,113.1359,1.0976
F001,2023-03-17,115.1012,1.7371
F001,2023-03-20,115.1787,0.0673
F001,2023-03-21,116.2459,0.9266
F001,2023-03-22,115.8235,-0.3634
F001,2023-03-23,116.3579,0.4614
F001,2023-03-24,116.2076,-0.1292
F001,2023-03-27,116.4006,0.1661
F001,2023-03-28,117.3478,0.8137
F001,2023-03-29,116.1465,-1.0237
F001,2023-03-30,119.3523,2.7601
F001,2023-03-31,117.8391,-1.2678
F001,2023-04-03,116.0262,-1.5385
F001,2023-04-04,117.8194,1.5455
F001,2023-04-05,119.0791,1.0692
F001,2023-04-06,120.0929,0.8514
F001,2023-04-07,121.1219,0.8568
F001,2023-04-10,121.1511,0.0241
F001,2023-04-11,119.7864,-1.1264
F001,2023-04-12,119.9524,0.1386
F001,2023-04-13,118.9444,-0.8403
F001,2023-04-14,120.4998,1.3077
F001,2023-04-17,120.3176,-0.1512
F001,2023-04-18,119.0745,-1.0332
F001,2023-04-19,119.0745,0.0
F001,2023-04-20,119.3088,0.1968
F001,2023-04-21,118.4822,-0.6928
F001,2023-04-24,117.2632,-1.0288
F001,2023-04-25,117.6816,0.3568
F001,2023-04-26,118.1034,0.3584
F001,2023-04-27,117.3723,-0.619
F001,2023-04-28,116.7005,-0.5724
F001,2023-05-01,117.0992,0.3416
F001,2023-05-02,114.9416,-1.8425
F001,2023-05-03,112.8845,-1.7897
F001,2023-05-04,111.8753,-0.894
F001,2023-05-05,111.6096,-0.2375
F001,2023-05-08,112.1053,0.4441
F001,2023-05-09,114.3003,1.958
F001,2023-05-10,115.6204,1.1549
F001,2023-05-11,115.4263,-0.1679
F001,2023-05-12,115.4439,0.0152
F001,2023-05-15,113.9855,-1.2633
F001,2023-05-16,114.0037,0.016
F001,2023-05-17,113.6215,-0.3353
F001,2023-05-18,114.1436,0.4595
F001,2023-05-19,112.9618,-1.0354
F001,2023-05-22,113.7696,0.7151
F001,2023-05-23,116.082,2.0325
F001,2023-05-24,115.9643,-0.1014
F001,2023-05-25,115.9643,0.0
F001,2023-05-26,117.7092,1.5047
F001,2023-05-29,117.1423,-0.4816
F001,2023-05-30,117.5304,0.3313
F001,2023-05-31,117.5967,0.0564
F001,2023-06-01,117.7931,0.167
F001,2023-06-02,116.6565,-0.9649
F001,2023-06-05,116.7403,0.0718
F001,2023-06-06,117.5428,0.6874
F001,2023-06-07,119.8072,1.9264
F001,2023-06-08,121.3492,1.2871
F001,2023-06-09,124.7945,2.8392
F001,2023-06-12,123.5995,-0.9576
F001,2023-06-13,125.0506,1.174
F001,2023-06-14,125.3987,0.2784
F001,2023-06-15,129.0186,2.8867
F001,2023-06-16,127.7145,-1.0108
F001,2023-06-19,126.3714,-1.0516
F001,2023-06-20,125.4372,-0.7392
F001,2023-06-21,122.024,-2.721
F001,2023-06-22,121.2388,-0.6435
F001,2023-06-23,120.0908,-0.9469
F001,2023-06-26,120.3736,0.2355
F001,2023-06-27,120.9565,0.4842
F001,2023-06-28,123.955,2.479
F001,2023-06-29,125.5361,1.2755
F001,2023-06-30,124.6448,-0.71
F001,2023-07-03,123.2389,-1.1279
F001,2023-07-04,124.0763,0.6795
F001,2023-07-05,121.9964,-1.6763
F001,2023-07-06,124.9498,2.4209
F001,2023-07-07,126.9156,1.5733
F001,2023-07-10,126.1923,-0.5699
F001,2023-07-11,126.1923,0.0
F001,2023-07-12,125.6542,-0.4264
F001,2023-07-13,125.5174,-0.1089
F001,2023-07-14,127.5874,1.6492
F001,2023-07-17,124.9939,-2.0327
F001,2023-07-18,124.07,-0.7392
F001,2023-07-19,124.1281,0.0468
F001,2023-07-20,124.2536,0.1011
F001,2023-07-21,123.5763,-0.5451
F001,2023-07-24,124.6263,0.8497
F001,2023-07-25,122.9465,-1.3479
F001,2023-07-26,122.7681,-0.1451
F001,2023-07-27,123.0092,0.1964
F001,2023-07-28,123.8811,0.7088
F001,2023-07-31,125.0767,0.9651
F001,2023-08-01,123.2981,-1.422
F001,2023-08-02,120.8884,-1.9544
F001,2023-08-03,122.9447,1.701
F001,2023-08-04,123.525,0.472
F001,2023-08-07,122.3725,-0.933
F001,2023-08-08,124.8891,2.0565
F001,2023-08-09,125.1269,0.1904
F001,2023-08-10,127.0953,1.5731
F001,2023-08-11,127.2577,0.1278
F001,2023-08-14,130.7178,2.719
F001,2023-08-15,133.753,2.3219
F001,2023-08-16,133.3736,-0.2837
F001,2023-08-17,135.1115,1.303
F001,2023-08-18,136.2991,0.879
F001,2023-08-21,138.7787,1.8192
F001,2023-08-22,137.0934,-1.2144
F001,2023-08-23,138.3709,0.9318
F001,2023-08-24,140.3302,1.416
F001,2023-08-25,137.1779,-2.2463
F001,2023-08-28,135.1227,-1.4982
F001,2023-08-29,131.5946,-2.611
F001,2023-08-30,131.1864,-0.3102
F001,2023-08-31,132.4626,0.9728
F001,2023-09-01,135.1027,1.9931
F001,2023-09-04,135.2869,0.1363
F001,2023-09-05,138.2053,2.1572
F001,2023-09-06,135.781,-1.7541
F001,2023-09-07,132.8286,-2.1744
F001,2023-09-08,132.7858,-0.0322
F001,2023-09-11,133.5019,0.5393
F001,2023-09-12,133.4986,-0.0025
F001,2023-09-13,129.964,-2.6477
F001,2023-09-14,129.8654,-0.0759
F001,2023-09-15,127.7151,-1.6558
F001,2023-09-18,128.878,0.9105
F001,2023-09-19,129.5438,0.5166
F001,2023-09-20,128.0128,-1.1818
F001,2023-09-21,127.2088,-0.6281
F001,2023-09-22,125.508,-1.337
F001,2023-09-25,125.508,0.0
F001,2023-09-26,127.0638,1.2396
F001,2023-09-27,125.4864,-1.2414
F001,2023-09-28,126.3589,0.6953
F001,2023-09-29,125.5384,-0.6493
F001,2023-10-02,124.2946,-0.9908
F001,2023-10-03,124.1714,-0.0991
F001,2023-10-04,122.55,-1.3058
F001,2023-10-05,121.717,-0.6797
F001,2023-10-06,119.8703,-1.5172
F001,2023-10-09,122.9799,2.5941
F001,2023-10-10,123.0855,0.0859
F001,2023-10-11,122.0151,-0.8696
F001,2023-10-12,122.4033,0.3182
F001,2023-10-13,122.2735,-0.106
F001,2023-10-16,121.9712,-0.2472
F001,2023-10-17,122.9938,0.8384
F001,2023-10-18,124.2542,1.0248
F001,2023-10-19,123.447,-0.6496
F001,2023-10-20,122.5723,-0.7086
F001,2023-10-23,122.1831,-0.3175
F001,2023-10-24,118.5756,-2.9525
F001,2023-10-25,116.2874,-1.9297
F001,2023-10-26,118.4003,1.817
F001,2023-10-27,120.9796,2.1785
F001,2023-10-30,120.6363,-0.2838
F001,2023-10-31,121.5888,0.7896
F001,2023-11-01,122.1294,0.4446
F001,2023-11-02,127.0665,4.0425
F001,2023-11-03,128.9667,1.4954
F001,2023-11-06,128.8038,-0.1263
F001,2023-11-07,127.2553,-1.2022
F001,2023-11-08,124.6486,-2.0484
F001,2023-11-09,125.0282,0.3045
F001,2023-11-10,123.8489,-0.9432
F001,2023-11-13,121.6086,-1.8089
F001,2023-11-14,120.6351,-0.8005
F001,2023-11-15,118.9872,-1.366
F001,2023-11-16,121.6445,2.2333
F001,2023-11-17,123.0874,1.1862
F001,2023-11-20,123.1239,0.0297
F001,2023-11-21,125.542,1.964
F001,2023-11-22,125.7185,0.1406
F001,2023-11-23,124.3612,-1.0796
F001,2023-11-24,126.8734,2.0201
F001,2023-11-27,127.813,0.7406
F001,2023-11-28,126.1407,-1.3084
F001,2023-11-29,125.879,-0.2075
F001,2023-11-30,124.4965,-1.0983
F001,2023-12-01,122.3083,-1.7576
F001,2023-12-04,123.8299,1.2441
F001,2023-12-05,126.9532,2.5223
F001,2023-12-06,124.6958,-1.7781
F001,2023-12-07,125.6583,0.7719
F001,2023-12-08,124.6457,-0.8058
F001,2023-12-11,123.9062,-0.5933
F001,2023-12-12,123.0015,-0.7301
F001,2023-12-13,121.6692,-1.0832
F001,2023-12-14,121.7946,0.1031
F001,2023-12-15,120.5276,-1.0403
F001,2023-12-18,120.9996,0.3916
F001,2023-12-19,120.969,-0.0253
F001,2023-12-20,120.6416,-0.2706
F001,2023-12-21,119.2665,-1.1398
F001,2023-12-22,118.4199,-0.7098
F001,2023-12-25,119.6302,1.022
F001,2023-12-26,120.4571,0.6912
F001,2023-12-27,118.9745,-1.2308
F001,2023-12-28,119.1757,0.1691
F001,2023-12-29,120.3875,1.0168
F001,2024-01-01,117.823,-2.1302
F001,2024-01-02,118.7024,0.7464
F001,2024-01-03,117.7274,-0.8214
F001,2024-01-04,118.6478,0.7818
F001,2024-01-05,117.518,-0.9522
F001,2024-01-08,114.8076,-2.3064
F001,2024-01-09,112.4244,-2.0758
F001,2024-01-10,112.5396,0.1025
F001,2024-01-11,112.9646,0.3776
F001,2024-01-12,111.6818,-1.1356
F001,2024-01-15,112.6536,0.8702
F001,2024-01-16,110.2654,-2.12
F001,2024-01-17,110.2148,-0.0459
F001,2024-01-18,108.5238,-1.5343
F001,2024-01-19,107.6476,-0.8074
F001,2024-01-22,107.757,0.1016
F001,2024-01-23,106.5948,-1.0785
F001,2024-01-24,106.1045,-0.46
F001,2024-01-25,107.535,1.3482
F001,2024-01-26,106.7715,-0.71
F001,2024-01-29,107.9742,1.1264
F001,2024-01-30,106.4317,-1.4286
F001,2024-01-31,107.2073,0.7287
F001,2024-02-01,109.2593,1.914
F001,2024-02-02,105.7924,-3.1731
F001,2024-02-05,104.7387,-0.996
F001,2024-02-06,105.5663,0.7902
F001,2024-02-07,105.3299,-0.2239
F001,2024-02-08,105.8802,0.5225
F001,2024-02-09,105.0912,-0.7452
F001,2024-02-12,105.2515,0.1525
F001,2024-02-13,105.0806,-0.1624
F001,2024-02-14,106.7179,1.5581
F001,2024-02-15,107.1136,0.3708
F001,2024-02-16,107.6265,0.4788
F001,2024-02-19,107.0933,-0.4954
F001,2024-02-20,106.4573,-0.5939
F001,2024-02-21,105.9012,-0.5224
F001,2024-02-22,106.4866,0.5528
F001,2024-02-23,105.9464,-0.5073
F001,2024-02-26,106.3879,0.4167
F001,2024-02-27,109.3008,2.738
F001,2024-02-28,110.5823,1.1725
F001,2024-02-29,110.1579,-0.3838
F001,2024-03-01,111.9222,1.6016
F001,2024-03-04,111.3732,-0.4905
F001,2024-03-05,108.4668,-2.6096
F001,2024-03-06,107.0887,-1.2705
F001,2024-03-07,104.5271,-2.392
F001,2024-03-08,104.0913,-0.4169
F001,2024-03-11,104.1579,0.064
F001,2024-03-12,106.4695,2.2193
F001,2024-03-13,106.9646,0.465
F001,2024-03-14,106.7027,-0.2448
F001,2024-03-15,107.8959,1.1182
F001,2024-03-18,104.8376,-2.8345
F001,2024-03-19,105.2007,0.3463
F001,2024-03-20,106.297,1.0421
F001,2024-03-21,104.2963,-1.8822
F001,2024-03-22,105.8888,1.5269
F001,2024-03-25,106.3971,0.48
F001,2024-03-26,105.8652,-0.4999
F001,2024-03-27,106.7784,0.8626
F001,2024-03-28,109.9731,2.9919
F001,2024-03-29,110.2771,0.2764
F001,2024-04-01,110.6771,0.3627
F001,2024-04-02,110.0604,-0.5572
F001,2024-04-03,108.8885,-1.0648
F001,2024-04-04,110.1074,1.1194
F001,2024-04-05,108.926,-1.073
F001,2024-04-08,109.0709,0.133
F001,2024-04-09,108.4372,-0.581
F001,2024-04-10,109.1558,0.6627
F001,2024-04-11,109.6729,0.4737
F001,2024-04-12,111.196,1.3888
F001,2024-04-15,110.5032,-0.623
F001,2024-04-16,110.1597,-0.3109
F001,2024-04-17,108.8021,-1.2324
F001,2024-04-18,108.2172,-0.5376
F001,2024-04-19,108.7913,0.5305
F001,2024-04-22,109.9054,1.0241
F001,2024-04-23,108.6318,-1.1588
F001,2024-04-24,109.9033,1.1705
F001,2024-04-25,111.8841,1.8023
F001,2024-04-26,112.5302,0.5775
F001,2024-04-29,115.3208,2.4799
F001,2024-04-30,114.2069,-0.9659
F001,2024-05-01,112.4047,-1.578
F001,2024-05-02,109.8505,-2.2723
F001,2024-05-03,112.0309,1.9849
F001,2024-05-06,113.0287,0.8906
F001,2024-05-07,112.9922,-0.0323
F001,2024-05-08,113.4486,0.4039
F001,2024-05-09,111.8341,-1.4231
F001,2024-05-10,115.4346,3.2195
F001,2024-05-13,115.6747,0.208
F001,2024-05-14,115.8855,0.1822
F001,2024-05-15,117.0252,0.9835
F001,2024-05-16,117.8038,0.6653
F001,2024-05-17,118.1938,0.3311
F001,2024-05-20,117.0265,-0.9876
F001,2024-05-21,117.7906,0.6529
F001,2024-05-22,120.7196,2.4866
F001,2024-05-23,122.8793,1.789
F001,2024-05-24,125.4735,2.1112
F001,2024-05-27,124.6898,-0.6246
F001,2024-05-28,123.1356,-1.2465
F001,2024-05-29,122.9835,-0.1235
F001,2024-05-30,123.1218,0.1125
F001,2024-05-31,124.9224,1.4625
F001,2024-06-03,122.2238,-2.1602
F001,2024-06-04,124.703,2.0284
F001,2024-06-05,124.4967,-0.1654
F001,2024-06-06,123.8556,-0.515
F001,2024-06-07,122.2755,-1.2758
F001,2024-06-10,119.6939,-2.1113
F001,2024-06-11,121.0226,1.1101
F001,2024-06-12,121.1864,0.1353
F001,2024-06-13,119.2026,-1.637
F001,2024-06-14,117.2434,-1.6436
F001,2024-06-17,116.7785,-0.3965
F001,2024-06-18,119.359,2.2097
F001,2024-06-19,119.0039,-0.2975
F001,2024-06-20,116.7261,-1.9141
F001,2024-06-21,116.3999,-0.2795
F001,2024-06-24,116.0338,-0.3145
F001,2024-06-25,112.0121,-3.466
F001,2024-06-26,111.9778,-0.0306
F001,2024-06-27,111.6864,-0.2602
F001,2024-06-28,112.7419,0.9451
F001,2024-07-01,115.4969,2.4436
F001,2024-07-02,117.2346,1.5045
F001,2024-07-03,116.8717,-0.3096
F001,2024-07-04,116.8717,0.0
F001,2024-07-05,119.1385,1.9396
F001,2024-07-08,119.2779,0.117
F001,2024-07-09,119.3472,0.0581
F001,2024-07-10,119.3575,0.0086
F001,2024-07-11,119.7126,0.2975
F001,2024-07-12,119.5358,-0.1477
F001,2024-07-15,118.6922,-0.7057
F001,2024-07-16,117.8959,-0.6709
F001,2024-07-17,117.8929,-0.0025
F001,2024-07-18,117.1072,-0.6665
F001,2024-07-19,116.0688,-0.8867
F001,2024-07-22,116.2758,0.1783
F001,2024-07-23,115.9369,-0.2915
F001,2024-07-24,118.2501,1.9952
F001,2024-07-25,114.2222,-3.4063
F001,2024-07-26,115.8887,1.459
F001,2024-07-29,117.8123,1.6599
F001,2024-07-30,114.6839,-2.6554
F001,2024-07-31,114.2189,-0.4055
F001,2024-08-01,113.7131,-0.4428
F001,2024-08-02,111.6779,-1.7898
F001,2024-08-05,110.5933,-0.9712
F001,2024-08-06,109.0408,-1.4038
F001,2024-08-07,111.5683,2.3179
F001,2024-08-08,112.97,1.2564
F001,2024-08-09,114.8826,1.693
F001,2024-08-12,116.0064,0.9782
F001,2024-08-13,114.3501,-1.4278
F001,2024-08-14,113.6161,-0.6419
F001,2024-08-15,114.3844,0.6762
F001,2024-08-16,112.6129,-1.5487
F001,2024-08-19,113.7018,0.9669
F001,2024-08-20,113.3921,-0.2724
F001,2024-08-21,112.8849,-0.4473
F001,2024-08-22,113.9734,0.9643
F001,2024-08-23,114.6772,0.6175
F001,2024-08-26,114.1849,-0.4293
F001,2024-08-27,115.9515,1.5471
F001,2024-08-28,114.3683,-1.3654
F001,2024-08-29,115.3298,0.8407
F001,2024-08-30,116.2652,0.8111
F001,2024-09-02,115.8438,-0.3624
F001,2024-09-03,116.3813,0.464
F001,2024-09-04,114.535,-1.5864
F001,2024-09-05,115.9566,1.2412
F001,2024-09-06,115.7243,-0.2003
F001,2024-09-09,114.9842,-0.6395
F001,2024-09-10,116.5982,1.4037
F001,2024-09-11,115.5772,-0.8757
F001,2024-09-12,113.5072,-1.791
F001,2024-09-13,111.2557,-1.9836
F001,2024-09-16,112.1767,0.8278
F001,2024-09-17,110.3543,-1.6246
F001,2024-09-18,112.9159,2.3213
F001,2024-09-19,109.905,-2.6665
F001,2024-09-20,112.3728,2.2454
F001,2024-09-23,112.726,0.3143
F001,2024-09-24,112.6294,-0.0857
F001,2024-09-25,111.8766,-0.6684
F001,2024-09-26,112.5019,0.5589
F001,2024-09-27,112.4919,-0.0089
F001,2024-09-30,114.1504,1.4743
F001,2024-10-01,114.3656,0.1885
F001,2024-10-02,114.6348,0.2354
F001,2024-10-03,114.1388,-0.4327
F001,2024-10-04,114.1,-0.034
F001,2024-10-07,114.6022,0.4401
F001,2024-10-08,112.1002,-2.1832
F001,2024-10-09,110.1803,-1.7127
F001,2024-10-10,111.289,1.0063
F001,2024-10-11,111.5807,0.2621
F001,2024-10-14,111.3585,-0.1991
F001,2024-10-15,111.4297,0.0639
F001,2024-10-16,111.9778,0.4919
F001,2024-10-17,111.2369,-0.6616
F001,2024-10-18,110.1559,-0.9718
F001,2024-10-21,110.4804,0.2946
F001,2024-10-22,109.1194,-1.2319
F001,2024-10-23,109.7422,0.5708
F001,2024-10-24,107.3571,-2.1734
F001,2024-10-25,108.8364,1.3779
F001,2024-10-28,109.5486,0.6544
F001,2024-10-29,109.957,0.3728
F001,2024-10-30,111.4057,1.3175
F001,2024-10-31,113.8623,2.2051
F001,2024-11-01,115.4093,1.3587
F001,2024-11-04,112.6936,-2.3531
F001,2024-11-05,110.8641,-1.6234
F001,2024-11-06,110.0079,-0.7723
F001,2024-11-07,110.0892,0.0739
F001,2024-11-08,110.8741,0.713
F001,2024-11-11,109.8724,-0.9035
F001,2024-11-12,110.1831,0.2828
F001,2024-11-13,109.1452,-0.942
F001,2024-11-14,108.3212,-0.755
F001,2024-11-15,106.3837,-1.7887
F001,2024-11-18,105.1494,-1.1602
F001,2024-11-19,103.3438,-1.7172
F001,2024-11-20,102.0741,-1.2286
F001,2024-11-21,103.5131,1.4098
F001,2024-11-22,102.2769,-1.1942
F001,2024-11-25,105.8178,3.4621
F001,2024-11-26,106.5388,0.6814
F001,2024-11-27,106.8374,0.2803
F001,2024-11-28,105.688,-1.0758
F001,2024-11-29,106.6925,0.9504
F001,2024-12-02,105.9368,-0.7083
F001,2024-12-03,106.1472,0.1986
F001,2024-12-04,109.7224,3.3682
F001,2024-12-05,109.6293,-0.0849
F001,2024-12-06,111.3111,1.5341
F001,2024-12-09,110.3381,-0.8741
F001,2024-12-10,110.332,-0.0055
F001,2024-12-11,112.916,2.342
F001,2024-12-12,112.0408,-0.7751
F001,2024-12-13,114.7255,2.3962
F001,2024-12-16,115.827,0.9601
F001,2024-12-17,115.0264,-0.6912
F001,2024-12-18,116.0181,0.8621
F001,2024-12-19,117.5313,1.3043
F001,2024-12-20,118.5284,0.8484
F001,2024-12-23,116.1563,-2.0013
F001,2024-12-24,115.1048,-0.9052
F001,2024-12-25,114.7805,-0.2817
F001,2024-12-26,114.7153,-0.0568
F001,2024-12-27,115.6868,0.8469
F001,2024-12-30,116.0003,0.271
F001,2024-12-31,114.033,-1.6959
F001,2025-01-01,114.6422,0.5342
F001,2025-01-02,115.598,0.8337
F001,2025-01-03,116.4855,0.7677
F001,2025-01-06,118.1687,1.445
F001,2025-01-07,119.497,1.1241
F001,2025-01-08,120.2581,0.6369
F001,2025-01-09,120.1965,-0.0512
F001,2025-01-10,117.6492,-2.1193
F001,2025-01-13,118.3533,0.5985
F001,2025-01-14,118.7202,0.31
F001,2025-01-15,119.1868,0.393
F001,2025-01-16,117.2562,-1.6198
F001,2025-01-17,115.6552,-1.3654
F001,2025-01-20,117.2849,1.4091
F001,2025-01-21,117.2715,-0.0114
F001,2025-01-22,118.3574,0.926
F001,2025-01-23,118.4483,0.0768
F001,2025-01-24,118.5415,0.0787
F001,2025-01-27,120.0348,1.2597
F001,2025-01-28,119.2776,-0.6308
F001,2025-01-29,119.4744,0.165
F001,2025-01-30,118.8042,-0.561
F001,2025-01-31,118.1807,-0.5248
F001,2025-02-03,117.753,-0.3619
F001,2025-02-04,118.1401,0.3287
F001,2025-02-05,117.4521,-0.5824
F001,2025-02-06,119.4165,1.6725
F001,2025-02-07,118.0755,-1.123
F001,2025-02-10,117.8359,-0.2029
F001,2025-02-11,117.2094,-0.5317
F001,2025-02-12,119.4611,1.9211
F001,2025-02-13,119.8141,0.2955
F001,2025-02-14,121.4692,1.3814
F001,2025-02-17,119.1719,-1.8913
F001,2025-02-18,119.6333,0.3872
F001,2025-02-19,121.0647,1.1965
F001,2025-02-20,121.2426,0.1469
F001,2025-02-21,122.9705,1.4252
F001,2025-02-24,122.1927,-0.6325
F001,2025-02-25,124.4803,1.8721
F001,2025-02-26,128.2503,3.0286
F001,2025-02-27,127.6967,-0.4317
F001,2025-02-28,127.0082,-0.5392
F001,2025-03-03,129.4587,1.9294
F001,2025-03-04,132.1688,2.0934
F001,2025-03-05,131.3233,-0.6397
F001,2025-03-06,130.6585,-0.5062
F001,2025-03-07,130.2321,-0.3263
F001,2025-03-10,128.008,-1.7078
F001,2025-03-11,126.5305,-1.1542
F001,2025-03-12,124.9294,-1.2654
F001,2025-03-13,123.7324,-0.9581
F001,2025-03-14,123.7261,-0.0051
F001,2025-03-17,124.1523,0.3445
F001,2025-03-18,126.7044,2.0556
F001,2025-03-19,125.1106,-1.2579
F001,2025-03-20,126.7616,1.3196
F001,2025-03-21,126.4597,-0.2382
F001,2025-03-24,126.429,-0.0243
F001,2025-03-25,127.5887,0.9173
F001,2025-03-26,125.7775,-1.4196
F001,2025-03-27,126.4531,0.5371
F001,2025-03-28,126.7773,0.2564
F001,2025-03-31,127.6396,0.6802
F001,2025-04-01,128.1705,0.4159
F001,2025-04-02,132.3128,3.2319
F001,2025-04-03,131.2688,-0.789
F001,2025-04-04,130.4152,-0.6503
F001,2025-04-07,129.4109,-0.7701
F001,2025-04-08,129.4109,0.0
F001,2025-04-09,127.5146,-1.4653
F001,2025-04-10,129.5366,1.5857
F001,2025-04-11,131.9805,1.8866
F001,2025-04-14,131.054,-0.702
F001,2025-04-15,129.6883,-1.0421
F001,2025-04-16,130.535,0.6529
F001,2025-04-17,129.6501,-0.6779
F001,2025-04-18,130.7687,0.8628
F001,2025-04-21,131.166,0.3038
F001,2025-04-22,128.6339,-1.9305
F001,2025-04-23,131.2732,2.0518
F001,2025-04-24,134.3905,2.3747
F001,2025-04-25,133.3737,-0.7566
F001,2025-04-28,132.7548,-0.464
F001,2025-04-29,133.3013,0.4117
F001,2025-04-30,133.9342,0.4748
F001,2025-05-01,135.1344,0.8961
F001,2025-05-02,138.7199,2.6533
F001,2025-05-05,138.4563,-0.19
F001,2025-05-06,137.0748,-0.9978
F001,2025-05-07,134.6717,-1.7531
F001,2025-05-08,133.4459,-0.9102
F001,2025-05-09,133.4418,-0.0031
F001,2025-05-12,136.6083,2.3729
F001,2025-05-13,135.7437,-0.6329
F001,2025-05-14,136.1929,0.3309
F001,2025-05-15,136.2183,0.0187
F001,2025-05-16,138.3772,1.5849
F001,2025-05-19,142.9783,3.325
F001,2025-05-20,142.0488,-0.6501
F001,2025-05-21,141.2018,-0.5963
F001,2025-05-22,143.175,1.3974
F001,2025-05-23,144.5015,0.9265
F001,2025-05-26,148.0284,2.4407
F001,2025-05-27,149.2113,0.7991
F001,2025-05-28,148.574,-0.4271
F001,2025-05-29,149.7743,0.8079
F001,2025-05-30,151.9929,1.4813
F001,2025-06-02,153.6749,1.1066
F001,2025-06-03,154.7498,0.6995
F001,2025-06-04,156.9576,1.4267
F001,2025-06-05,159.4063,1.5601
F001,2025-06-06,162.3343,1.8368
F001,2025-06-09,163.7682,0.8833
F001,2025-06-10,163.4779,-0.1773
F001,2025-06-11,163.8551,0.2307
F001,2025-06-12,166.4906,1.6084
F001,2025-06-13,164.789,-1.022
F001,2025-06-16,165.6447,0.5193
F001,2025-06-17,164.8639,-0.4714
F001,2025-06-18,164.9915,0.0774
F001,2025-06-19,167.7996,1.702
F001,2025-06-20,168.2836,0.2884
F001,2025-06-23,168.4525,0.1004
F001,2025-06-24,165.542,-1.7278
F001,2025-06-25,167.2142,1.0101
F001,2025-06-26,168.6842,0.8791
F001,2025-06-27,173.4955,2.8523
F001,2025-06-30,172.8707,-0.3601
F001,2025-07-01,173.4323,0.3249
F001,2025-07-02,174.0639,0.3642
F001,2025-07-03,177.703,2.0907
F001,2025-07-04,177.5539,-0.0839
F001,2025-07-07,178.269,0.4028
F001,2025-07-08,179.7491,0.8303
F001,2025-07-09,180.2571,0.2826
F001,2025-07-10,179.2831,-0.5403
F001,2025-07-11,179.8072,0.2923
F001,2025-07-14,182.3887,1.4357
F001,2025-07-15,180.0277,-1.2945
F001,2025-07-16,180.4109,0.2129
F001,2025-07-17,178.841,-0.8702
F001,2025-07-18,181.6909,1.5935
F001,2025-07-21,178.1658,-1.9402
F001,2025-07-22,176.9425,-0.6866
F001,2025-07-23,177.881,0.5304
F001,2025-07-24,181.5724,2.0752
F001,2025-07-25,181.4898,-0.0455
F001,2025-07-28,180.2525,-0.6817
F001,2025-07-29,184.7327,2.4855
F001,2025-07-30,181.3292,-1.8424
F001,2025-07-31,176.2185,-2.8185
F001,2025-08-01,177.297,0.612
F001,2025-08-04,176.2108,-0.6126
F001,2025-08-05,173.9419,-1.2876
F001,2025-08-06,175.6132,0.9608
F001,2025-08-07,176.24,0.3569
F001,2025-08-08,175.0181,-0.6933
F001,2025-08-11,172.1751,-1.6244
F001,2025-08-12,174.1968,1.1742
F001,2025-08-13,175.7389,0.8853
F001,2025-08-14,175.5826,-0.0889
F001,2025-08-15,179.8679,2.4406
F001,2025-08-18,177.4377,-1.3511
F001,2025-08-19,173.9898,-1.9432
F001,2025-08-20,172.4944,-0.8595
F001,2025-08-21,172.4612,-0.0192
F001,2025-08-22,173.0758,0.3564
F001,2025-08-25,172.6023,-0.2736
F001,2025-08-26,173.4613,0.4977
F001,2025-08-27,170.7085,-1.587
F001,2025-08-28,173.9808,1.9169
F001,2025-08-29,173.8646,-0.0668
F001,2025-09-01,176.4595,1.4925
F001,2025-09-02,177.3163,0.4856
F001,2025-09-03,178.4401,0.6338
F001,2025-09-04,179.8332,0.7807
F001,2025-09-05,180.9518,0.622
F001,2025-09-08,182.5361,0.8755
F001,2025-09-09,185.7632,1.7679
F001,2025-09-10,186.3121,0.2955
F001,2025-09-11,188.1039,0.9617
F001,2025-09-12,187.9597,-0.0767
F001,2025-09-15,191.5538,1.9122
F001,2025-09-16,189.9461,-0.8393
F001,2025-09-17,194.4691,2.3812
F001,2025-09-18,194.4454,-0.0122
F001,2025-09-19,190.9065,-1.82
F001,2025-09-22,191.3008,0.2065
F001,2025-09-23,189.6836,-0.8454
F001,2025-09-24,191.8324,1.1328
F001,2025-09-25,190.2816,-0.8084
F001,2025-09-26,189.254,-0.54
F001,2025-09-29,184.6809,-2.4164
F001,2025-09-30,183.6689,-0.548
F001,2025-10-01,177.9549,-3.111
F001,2025-10-02,174.3619,-2.0191
F001,2025-10-03,176.1553,1.0286
F001,2025-10-06,178.0253,1.0616
F001,2025-10-07,179.0812,0.5931
F001,2025-10-08,176.9017,-1.217
F001,2025-10-09,176.8627,-0.022
F001,2025-10-10,176.9252,0.0353
F001,2025-10-13,174.3317,-1.4659
F001,2025-10-14,177.8086,1.9944
F001,2025-10-15,179.9078,1.1806
F001,2025-10-16,179.463,-0.2472
F001,2025-10-17,179.5975,0.0749
F001,2025-10-20,180.1559,0.3109
F001,2025-10-21,175.4462,-2.6142
F001,2025-10-22,174.9526,-0.2813
F001,2025-10-23,173.4715,-0.8466
F001,2025-10-24,171.2821,-1.2621
F001,2025-10-27,171.2821,0.0
F001,2025-10-28,174.7828,2.0438
F001,2025-10-29,176.3088,0.8731
F001,2025-10-30,175.0702,-0.7025
F001,2025-10-31,176.4434,0.7844
F001,2025-11-03,179.7238,1.8592
F001,2025-11-04,181.956,1.242
F001,2025-11-05,182.1698,0.1175
F001,2025-11-06,180.7106,-0.801
F001,2025-11-07,182.4232,0.9477
F001,2025-11-10,183.4293,0.5515
F001,2025-11-11,185.6373,1.2037
F001,2025-11-12,187.2444,0.8657
F001,2025-11-13,189.8741,1.4044
F001,2025-11-14,188.6289,-0.6558
F001,2025-11-17,191.9348,1.7526
F001,2025-11-18,192.5046,0.2969
F001,2025-11-19,197.7751,2.7379
F001,2025-11-20,196.0823,-0.8559
F001,2025-11-21,200.5858,2.2967
F001,2025-11-24,201.1821,0.2973
F001,2025-11-25,199.5589,-0.8068
F001,2025-11-26,198.3834,-0.589
F001,2025-11-27,197.6366,-0.3764
F001,2025-11-28,198.8055,0.5914
F001,2025-12-01,200.2363,0.7197
F001,2025-12-02,198.823,-0.7058
F001,2025-12-03,198.8396,0.0083
F001,2025-12-04,204.4567,2.8249
F001,2025-12-05,209.1302,2.2858
F001,2025-12-08,210.4001,0.6072
F001,2025-12-09,210.5882,0.0894
F001,2025-12-10,211.001,0.196
F001,2025-12-11,212.7683,0.8376
F001,2025-12-12,210.0244,-1.2896
F001,2025-12-15,209.4057,-0.2946
F001,2025-12-16,204.9471,-2.1292
F001,2025-12-17,206.0927,0.559
F001,2025-12-18,207.9091,0.8814
F001,2025-12-19,206.6863,-0.5881
F001,2025-12-22,210.9982,2.0862
F001,2025-12-23,207.7204,-1.5535
F001,2025-12-24,203.8491,-1.8637
F001,2025-12-25,204.5254,0.3318
F001,2025-12-26,207.3913,1.4012
F001,2025-12-29,212.0143,2.2291
F001,2025-12-30,210.8343,-0.5566
F001,2025-12-31,213.8751,1.4423
F001,2026-01-01,213.8536,-0.0101
F001,2026-01-02,213.4592,-0.1844
F001,2026-01-05,215.9967,1.1888
F001,2026-01-06,217.9148,0.888
F001,2026-01-07,213.5362,-2.0093
F001,2026-01-08,217.7204,1.9595
F001,2026-01-09,221.7137,1.8341
F001,2026-01-12,219.9993,-0.7732
F001,2026-01-13,221.2193,0.5545
F001,2026-01-14,222.7285,0.6822
F001,2026-01-15,223.5724,0.3789
F001,2026-01-16,222.0624,-0.6754
F001,2026-01-19,220.2124,-0.8331
F001,2026-01-20,220.2273,0.0068
F001,2026-01-21,223.6729,1.5646
F001,2026-01-22,225.343,0.7467
F001,2026-01-23,224.3474,-0.4418
F001,2026-01-26,226.6878,1.0432
F001,2026-01-27,218.384,-3.6631
F001,2026-01-28,221.7327,1.5334
F001,2026-01-29,216.8066,-2.2216
F001,2026-01-30,215.8718,-0.4312
F001,2026-02-02,212.816,-1.4156
F001,2026-02-03,209.3193,-1.6431
F001,2026-02-04,212.5618,1.5491
F001,2026-02-05,211.3544,-0.568
F001,2026-02-06,212.391,0.4905
F001,2026-02-09,212.3464,-0.021
F001,2026-02-10,213.7482,0.6601
F001,2026-02-11,214.0472,0.1399
F001,2026-02-12,210.5627,-1.6279
F001,2026-02-13,213.374,1.3351
F001,2026-02-16,212.0897,-0.6019
F001,2026-02-17,207.8828,-1.9835
F001,2026-02-18,206.809,-0.5165
F001,2026-02-19,210.9265,1.991
F001,2026-02-20,213.3422,1.1453
F001,2026-02-23,212.4606,-0.4132
F001,2026-02-24,211.5809,-0.4141
F001,2026-02-25,210.7809,-0.3781
F001,2026-02-26,216.5558,2.7398
F001,2026-02-27,217.7177,0.5365
F001,2026-03-02,219.0219,0.599
F001,2026-03-03,222.043,1.3794
F001,2026-03-04,222.8211,0.3504
F001,2026-03-05,222.1599,-0.2967
F001,2026-03-06,221.6817,-0.2153
F001,2026-03-09,221.564,-0.0531
F001,2026-03-10,221.5454,-0.0084
F001,2026-03-11,223.7297,0.9859
F001,2026-03-12,223.9703,0.1075
F001,2026-03-13,226.1931,0.9925
F001,2026-03-16,226.0462,-0.0649
F001,2026-03-17,226.3677,0.1422
F001,2026-03-18,220.578,-2.5577
F001,2026-03-19,223.2938,1.2312
F001,2026-03-20,224.3889,0.4904
F001,2026-03-23,227.3899,1.3374
F001,2026-03-24,218.9193,-3.7251
F001,2026-03-25,218.9193,0.0
F001,2026-03-26,224.6321,2.6095
F001,2026-03-27,227.9581,1.4806
F001,2026-03-30,224.9676,-1.3119
F001,2026-03-31,226.8497,0.8366
F001,2026-04-01,223.8339,-1.3294
F001,2026-04-02,222.1084,-0.7709
F001,2026-04-03,227.7238,2.5282
F001,2026-04-06,227.2504,-0.2079
F001,2026-04-07,227.9837,0.3227
F001,2026-04-08,230.6536,1.1711
F001,2026-04-09,232.2322,0.6844
F001,2026-04-10,232.7792,0.2355
F001,2026-04-13,233.9767,0.5144
F001,2026-04-14,241.3808,3.1645
F001,2026-04-15,241.2965,-0.0349
F001,2026-04-16,242.0238,0.3014
F001,2026-04-17,245.4263,1.4059
F001,2026-04-20,249.0517,1.4772
F001,2026-04-21,252.9945,1.5831
F001,2026-04-22,255.1964,0.8703
F001,2026-04-23,251.5065,-1.4459
F001,2026-04-24,256.9477,2.1634
F001,2026-04-27,253.2213,-1.4503
F001,2026-04-28,254.3188,0.4334
F001,2026-04-29,251.9268,-0.9406
F001,2026-04-30,251.8175,-0.0434
F001,2026-05-01,252.9945,0.4674
F001,2026-05-04,254.1526,0.4578
F001,2026-05-05,255.6483,0.5885
F001,2026-05-06,261.1136,2.1378
F001,2026-05-07,262.7576,0.6296
F001,2026-05-08,262.0287,-0.2774
F001,2026-05-11,265.4176,1.2933
F001,2026-05-12,269.628,1.5863
F001,2026-05-13,269.628,0.0
F001,2026-05-14,267.6005,-0.752
F001,2026-05-15,270.1468,0.9515
F001,2026-05-18,269.2098,-0.3468
F001,2026-05-19,274.1321,1.8284
F001,2026-05-20,273.707,-0.1551
F001,2026-05-21,273.707,0.0
F001,2026-05-22,273.7559,0.0179
F001,2026-05-25,273.9208,0.0602
F001,2026-05-26,270.1266,-1.3851
F001,2026-05-27,265.1777,-1.8321
F001,2026-05-28,270.7805,2.1128
F001,2026-05-29,267.9074,-1.061
F001,2026-06-01,264.5617,-1.2488
F001,2026-06-02,257.2614,-2.7594
F001,2026-06-03,255.2274,-0.7906
F001,2026-06-04,250.9395,-1.68
F001,2026-06-05,256.3965,2.1746
F001,2026-06-08,259.8649,1.3527
F001,2026-06-09,257.6441,-0.8546
F001,2026-06-10,265.2914,2.9682
F001,2026-06-11,268.7834,1.3163
F001,2026-06-12,267.7559,-0.3823
F001,2026-06-15,259.163,-3.2092
F001,2026-06-16,266.9851,3.0182
F001,2026-06-17,262.269,-1.7664
F001,2026-06-18,256.7639,-2.099
F001,2026-06-19,260.2799,1.3694
F001,2026-06-22,268.6393,3.2117
F001,2026-06-23,273.5811,1.8396
F001,2026-06-24,275.6961,0.7731
F001,2026-06-25,277.938,0.8132
F001,2026-06-26,281.1327,1.1494
F001,2026-06-29,284.0188,1.0266
F001,2026-06-30,285.1706,0.4055
F001,2026-07-01,285.671,0.1755
F001,2026-07-02,285.5528,-0.0414
F001,2026-07-03,282.8682,-0.9401
F001,2026-07-06,281.9492,-0.3249
F001,2026-07-07,275.8567,-2.1609
F001,2026-07-08,275.6144,-0.0878
F001,2026-07-09,272.1825,-1.2452
F001,2026-07-10,268.3865,-1.3947
F001,2026-07-13,269.1215,0.2739
F001,2026-07-14,274.0992,1.8496
F001,2026-07-15,277.4811,1.2338
F001,2026-07-16,271.9269,-2.0016
F001,2026-07-17,268.5373,-1.2465
F001,2026-07-20,271.9289,1.263
F001,2026-07-21,268.5645,-1.2372
F001,2026-07-22,267.8877,-0.252
F001,2026-07-23,269.9104,0.7551
F001,2026-07-24,266.6206,-1.2188
F001,2026-07-27,267.0925,0.177
F001,2026-07-28,262.5673,-1.6942
F001,2026-07-29,260.6196,-0.7418
F001,2026-07-30,261.8073,0.4557
F001,2026-07-31,256.4903,-2.0309
F001,2026-08-03,258.0616,0.6126
F001,2026-08-04,258.0989,0.0145
F001,2026-08-05,260.0559,0.7582
F001,2026-08-06,260.9169,0.3311
F001,2026-08-07,265.6483,1.8134
F001,2026-08-10,266.187,0.2028
F001,2026-08-11,264.8075,-0.5182
F001,2026-08-12,265.3344,0.199
F001,2026-08-13,267.3146,0.7463
F001,2026-08-14,267.5913,0.1035
F001,2026-08-17,267.8395,0.0928
F001,2026-08-18,265.5024,-0.8726
F001,2026-08-19,263.3206,-0.8218
F001,2026-08-20,258.6246,-1.7834
F001,2026-08-21,264.6103,2.3144
F001,2026-08-24,260.4373,-1.577
F001,2026-08-25,258.1955,-0.8608
F001,2026-08-26,255.8874,-0.8939
F001,2026-08-27,258.9668,1.2034
F001,2026-08-28,258.0774,-0.3434
F001,2026-08-31,262.3668,1.6621
F001,2026-09-01,260.1746,-0.8355
F001,2026-09-02,261.2223,0.4027
F001,2026-09-03,258.49,-1.046
F001,2026-09-04,265.8019,2.8287
F002,2022-01-03,62.6238,
F002,2022-01-04,62.9011,0.4428
F002,2022-01-05,63.4445,0.8639
F002,2022-01-06,63.8112,0.578
F002,2022-01-07,63.683,-0.2009
F002,2022-01-10,63.601,-0.1288
F002,2022-01-11,63.6627,0.097
F002,2022-01-12,63.5665,-0.1511
F002,2022-01-13,64.3884,1.293
F002,2022-01-14,66.2645,2.9137
F002,2022-01-17,65.8108,-0.6847
F002,2022-01-18,64.6652,-1.7407
F002,2022-01-19,64.6169,-0.0747
F002,2022-01-20,66.8098,3.3937
F002,2022-01-21,66.1385,-1.0048
F002,2022-01-24,67.5743,2.1709
F002,2022-01-25,69.0751,2.221
F002,2022-01-26,68.6056,-0.6797
F002,2022-01-27,69.1405,0.7797
F002,2022-01-28,70.6318,2.1569
F002,2022-01-31,70.3119,-0.4529
F002,2022-02-01,70.1539,-0.2247
F002,2022-02-02,69.6515,-0.7161
F002,2022-02-03,68.7605,-1.2792
F002,2022-02-04,68.2076,-0.8041
F002,2022-02-07,67.1496,-1.5511
F002,2022-02-08,67.2062,0.0843
F002,2022-02-09,66.5604,-0.9609
F002,2022-02-10,66.7893,0.3439
F002,2022-02-11,65.4651,-1.9827
F002,2022-02-14,65.7729,0.4702
F002,2022-02-15,66.5119,1.1236
F002,2022-02-16,64.8146,-2.5519
F002,2022-02-17,65.1557,0.5263
F002,2022-02-18,66.2216,1.6359
F002,2022-02-21,65.2067,-1.5326
F002,2022-02-22,66.6506,2.2143
F002,2022-02-23,67.0403,0.5847
F002,2022-02-24,66.4527,-0.8765
F002,2022-02-25,66.4311,-0.0325
F002,2022-02-28,66.9398,0.7658
F002,2022-03-01,67.0327,0.1388
F002,2022-03-02,67.529,0.7404
F002,2022-03-03,66.7478,-1.1568
F002,2022-03-04,66.9215,0.2602
F002,2022-03-07,65.7184,-1.7978
F002,2022-03-08,65.6497,-0.1045
F002,2022-03-09,64.9045,-1.1351
F002,2022-03-10,64.3099,-0.9161
F002,2022-03-11,65.369,1.6469
F002,2022-03-14,66.3225,1.4586
F002,2022-03-15,66.8742,0.8318
F002,2022-03-16,65.9513,-1.3801
F002,2022-03-17,65.7064,-0.3713
F002,2022-03-18,66.7689,1.617
F002,2022-03-21,66.9186,0.2242
F002,2022-03-22,68.963,3.0551
F002,2022-03-23,69.3432,0.5513
F002,2022-03-24,69.5441,0.2897
F002,2022-03-25,69.2925,-0.3618
F002,2022-03-28,69.4405,0.2136
F002,2022-03-29,69.3306,-0.1583
F002,2022-03-30,69.9965,0.9605
F002,2022-03-31,70.8951,1.2838
F002,2022-04-01,70.1991,-0.9817
F002,2022-04-04,69.0123,-1.6906
F002,2022-04-05,67.3925,-2.3471
F002,2022-04-06,67.8645,0.7004
F002,2022-04-07,66.9182,-1.3944
F002,2022-04-08,65.0721,-2.7587
F002,2022-04-11,65.4268,0.5451
F002,2022-04-12,67.5734,3.2809
F002,2022-04-13,67.5951,0.0321
F002,2022-04-14,68.359,1.1301
F002,2022-04-15,68.4591,0.1464
F002,2022-04-18,68.3985,-0.0885
F002,2022-04-19,69.2431,1.2348
F002,2022-04-20,69.0095,-0.3374
F002,2022-04-21,69.277,0.3876
F002,2022-04-22,69.5944,0.4582
F002,2022-04-25,69.0178,-0.8285
F002,2022-04-26,69.9355,1.3297
F002,2022-04-27,69.8044,-0.1875
F002,2022-04-28,69.1465,-0.9425
F002,2022-04-29,69.6564,0.7374
F002,2022-05-02,68.8707,-1.128
F002,2022-05-03,68.9235,0.0767
F002,2022-05-04,68.9429,0.0281
F002,2022-05-05,69.9437,1.4516
F002,2022-05-06,70.4033,0.6571
F002,2022-05-09,70.4086,0.0075
F002,2022-05-10,71.1853,1.1031
F002,2022-05-11,72.5003,1.8473
F002,2022-05-12,73.055,0.7651
F002,2022-05-13,73.0941,0.0535
F002,2022-05-16,71.8768,-1.6654
F002,2022-05-17,70.9103,-1.3447
F002,2022-05-18,70.6573,-0.3568
F002,2022-05-19,70.1257,-0.7524
F002,2022-05-20,69.9833,-0.2031
F002,2022-05-23,70.0628,0.1136
F002,2022-05-24,70.5733,0.7286
F002,2022-05-25,70.5369,-0.0516
F002,2022-05-26,71.0112,0.6724
F002,2022-05-27,71.0991,0.1238
F002,2022-05-30,69.3016,-2.5282
F002,2022-05-31,68.4831,-1.1811
F002,2022-06-01,68.3822,-0.1473
F002,2022-06-02,67.3342,-1.5326
F002,2022-06-03,67.8863,0.8199
F002,2022-06-06,69.2644,2.03
F002,2022-06-07,70.3895,1.6244
F002,2022-06-08,70.2223,-0.2375
F002,2022-06-09,71.6113,1.978
F002,2022-06-10,71.7783,0.2332
F002,2022-06-13,71.4925,-0.3982
F002,2022-06-14,70.951,-0.7574
F002,2022-06-15,70.7004,-0.3532
F002,2022-06-16,70.3719,-0.4646
F002,2022-06-17,70.556,0.2616
F002,2022-06-20,70.7315,0.2487
F002,2022-06-21,70.7626,0.044
F002,2022-06-22,71.1929,0.6081
F002,2022-06-23,72.3233,1.5878
F002,2022-06-24,73.245,1.2744
F002,2022-06-27,71.8604,-1.8904
F002,2022-06-28,69.5033,-3.2801
F002,2022-06-29,70.3753,1.2546
F002,2022-06-30,69.1529,-1.737
F002,2022-07-01,68.9785,-0.2522
F002,2022-07-04,67.9568,-1.4812
F002,2022-07-05,66.392,-2.3026
F002,2022-07-06,66.8859,0.7439
F002,2022-07-07,67.5728,1.027
F002,2022-07-08,67.0934,-0.7095
F002,2022-07-11,64.8603,-3.3283
F002,2022-07-12,64.4257,-0.6701
F002,2022-07-13,64.7796,0.5493
F002,2022-07-14,63.5601,-1.8825
F002,2022-07-15,63.5601,0.0
F002,2022-07-18,63.7498,0.2985
F002,2022-07-19,64.2554,0.7931
F002,2022-07-20,64.381,0.1955
F002,2022-07-21,63.5923,-1.2251
F002,2022-07-22,64.6069,1.5955
F002,2022-07-25,64.4996,-0.1661
F002,2022-07-26,64.5025,0.0045
F002,2022-07-27,63.7457,-1.1733
F002,2022-07-28,63.4039,-0.5362
F002,2022-07-29,62.7,-1.1102
F002,2022-08-01,62.5841,-0.1848
F002,2022-08-02,64.0018,2.2653
F002,2022-08-03,62.8859,-1.7435
F002,2022-08-04,61.5919,-2.0577
F002,2022-08-05,62.7945,1.9525
F002,2022-08-08,62.6487,-0.2322
F002,2022-08-09,62.1288,-0.8299
F002,2022-08-10,62.9936,1.3919
F002,2022-08-11,62.5228,-0.7474
F002,2022-08-12,64.032,2.4138
F002,2022-08-15,64.6219,0.9213
F002,2022-08-16,64.2379,-0.5942
F002,2022-08-17,66.0651,2.8444
F002,2022-08-18,65.5713,-0.7474
F002,2022-08-19,66.2301,1.0047
F002,2022-08-22,66.5143,0.4291
F002,2022-08-23,67.6665,1.7323
F002,2022-08-24,69.0672,2.07
F002,2022-08-25,69.1236,0.0817
F002,2022-08-26,68.4742,-0.9395
F002,2022-08-29,68.911,0.6379
F002,2022-08-30,68.3314,-0.8411
F002,2022-08-31,70.1472,2.6573
F002,2022-09-01,70.2998,0.2175
F002,2022-09-02,69.9941,-0.4349
F002,2022-09-05,70.1901,0.28
F002,2022-09-06,68.989,-1.7112
F002,2022-09-07,68.1452,-1.2231
F002,2022-09-08,69.2359,1.6006
F002,2022-09-09,68.6723,-0.814
F002,2022-09-12,67.7651,-1.3211
F002,2022-09-13,68.265,0.7377
F002,2022-09-14,69.3446,1.5815
F002,2022-09-15,70.0205,0.9747
F002,2022-09-16,70.9552,1.3349
F002,2022-09-19,70.2855,-0.9438
F002,2022-09-20,69.0145,-1.8083
F002,2022-09-21,70.3891,1.9918
F002,2022-09-22,70.122,-0.3795
F002,2022-09-23,69.9214,-0.2861
F002,2022-09-26,71.1567,1.7667
F002,2022-09-27,71.6997,0.7631
F002,2022-09-28,72.1533,0.6326
F002,2022-09-29,74.2129,2.8545
F002,2022-09-30,73.6217,-0.7966
F002,2022-10-03,74.5392,1.2462
F002,2022-10-04,74.6243,0.1142
F002,2022-10-05,74.9147,0.3891
F002,2022-10-06,76.4332,2.027
F002,2022-10-07,76.9684,0.7002
F002,2022-10-10,77.5378,0.7398
F002,2022-10-11,78.6499,1.4343
F002,2022-10-12,78.3082,-0.4345
F002,2022-10-13,77.4852,-1.051
F002,2022-10-14,76.4637,-1.3183
F002,2022-10-17,74.5397,-2.5162
F002,2022-10-18,76.562,2.7131
F002,2022-10-19,75.4946,-1.3942
F002,2022-10-20,75.3077,-0.2476
F002,2022-10-21,75.0668,-0.3199
F002,2022-10-24,75.3968,0.4396
F002,2022-10-25,76.2265,1.1004
F002,2022-10-26,77.1097,1.1587
F002,2022-10-27,76.5561,-0.7179
F002,2022-10-28,76.4204,-0.1773
F002,2022-10-31,76.7317,0.4074
F002,2022-11-01,76.5143,-0.2833
F002,2022-11-02,78.1437,2.1295
F002,2022-11-03,78.6737,0.6782
F002,2022-11-04,79.4568,0.9954
F002,2022-11-07,80.1733,0.9017
F002,2022-11-08,81.4284,1.5655
F002,2022-11-09,81.6526,0.2753
F002,2022-11-10,80.3087,-1.6459
F002,2022-11-11,80.7581,0.5596
F002,2022-11-14,80.1066,-0.8067
F002,2022-11-15,79.5881,-0.6473
F002,2022-11-16,80.2266,0.8023
F002,2022-11-17,81.5502,1.6498
F002,2022-11-18,81.6054,0.0677
F002,2022-11-21,81.9657,0.4415
F002,2022-11-22,83.8123,2.2529
F002,2022-11-23,84.1081,0.3529
F002,2022-11-24,86.9864,3.4221
F002,2022-11-25,87.6607,0.7752
F002,2022-11-28,85.6892,-2.249
F002,2022-11-29,86.5627,1.0194
F002,2022-11-30,87.0262,0.5355
F002,2022-12-01,88.5202,1.7167
F002,2022-12-02,89.3303,0.9152
F002,2022-12-05,89.2052,-0.14
F002,2022-12-06,87.8211,-1.5516
F002,2022-12-07,87.6176,-0.2317
F002,2022-12-08,86.6839,-1.0657
F002,2022-12-09,86.0644,-0.7147
F002,2022-12-12,86.7573,0.8051
F002,2022-12-13,88.6754,2.2109
F002,2022-12-14,89.1658,0.553
F002,2022-12-15,87.8153,-1.5146
F002,2022-12-16,88.358,0.618
F002,2022-12-19,89.7679,1.5957
F002,2022-12-20,89.0922,-0.7527
F002,2022-12-21,88.9726,-0.1342
F002,2022-12-22,89.0252,0.0591
F002,2022-12-23,88.1524,-0.9804
F002,2022-12-26,88.9306,0.8828
F002,2022-12-27,88.8263,-0.1173
F002,2022-12-28,89.3463,0.5854
F002,2022-12-29,88.3512,-1.1138
F002,2022-12-30,87.8841,-0.5287
F002,2023-01-02,88.7446,0.9791
F002,2023-01-03,88.35,-0.4446
F002,2023-01-04,90.3688,2.285
F002,2023-01-05,89.9355,-0.4795
F002,2023-01-06,90.2342,0.3321
F002,2023-01-09,91.3643,1.2524
F002,2023-01-10,89.7162,-1.8039
F002,2023-01-11,87.6984,-2.2491
F002,2023-01-12,85.9941,-1.9434
F002,2023-01-13,87.44,1.6814
F002,2023-01-16,86.8477,-0.6774
F002,2023-01-17,89.7707,3.3657
F002,2023-01-18,89.1481,-0.6935
F002,2023-01-19,89.3976,0.2799
F002,2023-01-20,91.2256,2.0448
F002,2023-01-23,93.6412,2.6479
F002,2023-01-24,96.1882,2.72
F002,2023-01-25,97.7377,1.6109
F002,2023-01-26,99.078,1.3713
F002,2023-01-27,99.8808,0.8103
F002,2023-01-30,100.9314,1.0519
F002,2023-01-31,100.2486,-0.6765
F002,2023-02-01,99.2224,-1.0237
F002,2023-02-02,99.2577,0.0356
F002,2023-02-03,99.0778,-0.1812
F002,2023-02-06,98.5337,-0.5492
F002,2023-02-07,99.4651,0.9453
F002,2023-02-08,100.7401,1.2819
F002,2023-02-09,100.8962,0.155
F002,2023-02-10,102.8746,1.9608
F002,2023-02-13,101.3889,-1.4442
F002,2023-02-14,101.1742,-0.2118
F002,2023-02-15,100.2719,-0.8918
F002,2023-02-16,97.8789,-2.3865
F002,2023-02-17,97.8128,-0.0675
F002,2023-02-20,97.6971,-0.1183
F002,2023-02-21,99.6584,2.0075
F002,2023-02-22,100.5155,0.86
F002,2023-02-23,99.2174,-1.2914
F002,2023-02-24,101.6485,2.4503
F002,2023-02-27,103.3027,1.6274
F002,2023-02-28,104.1257,0.7967
F002,2023-03-01,103.8608,-0.2544
F002,2023-03-02,102.6069,-1.2073
F002,2023-03-03,102.1515,-0.4438
F002,2023-03-06,103.6382,1.4554
F002,2023-03-07,106.2188,2.49
F002,2023-03-08,108.3923,2.0462
F002,2023-03-09,107.7468,-0.5955
F002,2023-03-10,106.2216,-1.4155
F002,2023-03-13,106.4586,0.2231
F002,2023-03-14,104.0537,-2.259
F002,2023-03-15,104.5325,0.4601
F002,2023-03-16,104.3737,-0.1519
F002,2023-03-17,103.7831,-0.5659
F002,2023-03-20,101.6731,-2.0331
F002,2023-03-21,102.3926,0.7077
F002,2023-03-22,101.7245,-0.6525
F002,2023-03-23,100.2181,-1.4809
F002,2023-03-24,96.5161,-3.6939
F002,2023-03-27,96.5202,0.0042
F002,2023-03-28,98.7826,2.344
F002,2023-03-29,100.9555,2.1997
F002,2023-03-30,100.396,-0.5542
F002,2023-03-31,99.6502,-0.7429
F002,2023-04-03,100.2973,0.6494
F002,2023-04-04,99.0357,-1.2579
F002,2023-04-05,99.4639,0.4324
F002,2023-04-06,100.4943,1.036
F002,2023-04-07,102.1374,1.635
F002,2023-04-10,102.0453,-0.0902
F002,2023-04-11,101.8159,-0.2248
F002,2023-04-12,100.6945,-1.1014
F002,2023-04-13,99.6524,-1.0349
F002,2023-04-14,99.3989,-0.2544
F002,2023-04-17,99.9134,0.5176
F002,2023-04-18,101.14,1.2277
F002,2023-04-19,100.1244,-1.0042
F002,2023-04-20,102.1074,1.9805
F002,2023-04-21,101.7884,-0.3124
F002,2023-04-24,101.8008,0.0122
F002,2023-04-25,100.8527,-0.9313
F002,2023-04-26,97.7147,-3.1115
F002,2023-04-27,98.8768,1.1893
F002,2023-04-28,99.8635,0.9979
F002,2023-05-01,99.5382,-0.3257
F002,2023-05-02,99.6647,0.1271
F002,2023-05-03,100.373,0.7107
F002,2023-05-04,98.3743,-1.9913
F002,2023-05-05,97.7371,-0.6477
F002,2023-05-08,98.7854,1.0726
F002,2023-05-09,97.2141,-1.5906
F002,2023-05-10,97.624,0.4216
F002,2023-05-11,95.9414,-1.7236
F002,2023-05-12,96.5615,0.6463
F002,2023-05-15,96.5554,-0.0063
F002,2023-05-16,94.5667,-2.0596
F002,2023-05-17,96.0364,1.5541
F002,2023-05-18,95.1577,-0.915
F002,2023-05-19,94.1934,-1.0134
F002,2023-05-22,94.4767,0.3008
F002,2023-05-23,95.9252,1.5332
F002,2023-05-24,94.6968,-1.2806
F002,2023-05-25,94.8106,0.1202
F002,2023-05-26,95.3771,0.5975
F002,2023-05-29,96.2746,0.941
F002,2023-05-30,96.5339,0.2693
F002,2023-05-31,96.1119,-0.4372
F002,2023-06-01,95.1163,-1.0359
F002,2023-06-02,95.2609,0.152
F002,2023-06-05,93.9713,-1.3538
F002,2023-06-06,90.4401,-3.7577
F002,2023-06-07,90.9895,0.6075
F002,2023-06-08,92.0951,1.2151
F002,2023-06-09,89.3029,-3.0319
F002,2023-06-12,88.1664,-1.2726
F002,2023-06-13,88.9113,0.8449
F002,2023-06-14,91.325,2.7147
F002,2023-06-15,91.3862,0.067
F002,2023-06-16,90.5579,-0.9064
F002,2023-06-19,90.3788,-0.1978
F002,2023-06-20,92.0303,1.8273
F002,2023-06-21,91.2943,-0.7997
F002,2023-06-22,90.3823,-0.999
F002,2023-06-23,89.8512,-0.5876
F002,2023-06-26,88.7736,-1.1993
F002,2023-06-27,88.9507,0.1995
F002,2023-06-28,90.865,2.1521
F002,2023-06-29,91.283,0.46
F002,2023-06-30,91.0201,-0.288
F002,2023-07-03,90.7112,-0.3394
F002,2023-07-04,88.9041,-1.9921
F002,2023-07-05,89.9603,1.188
F002,2023-07-06,89.9053,-0.0611
F002,2023-07-07,89.7303,-0.1946
F002,2023-07-10,93.4909,4.191
F002,2023-07-11,93.8914,0.4284
F002,2023-07-12,93.0113,-0.9374
F002,2023-07-13,92.533,-0.5142
F002,2023-07-14,93.9515,1.533
F002,2023-07-17,94.1274,0.1872
F002,2023-07-18,92.4051,-1.8298
F002,2023-07-19,93.5463,1.235
F002,2023-07-20,92.7712,-0.8286
F002,2023-07-21,95.0676,2.4753
F002,2023-07-24,96.4404,1.444
F002,2023-07-25,95.9182,-0.5415
F002,2023-07-26,97.5539,1.7053
F002,2023-07-27,97.679,0.1282
F002,2023-07-28,98.8009,1.1486
F002,2023-07-31,99.463,0.6701
F002,2023-08-01,98.4084,-1.0603
F002,2023-08-02,97.6245,-0.7966
F002,2023-08-03,98.9707,1.379
F002,2023-08-04,98.5796,-0.3952
F002,2023-08-07,98.1017,-0.4848
F002,2023-08-08,96.9229,-1.2016
F002,2023-08-09,97.4954,0.5907
F002,2023-08-10,100.1485,2.7213
F002,2023-08-11,98.7987,-1.3478
F002,2023-08-14,98.8693,0.0715
F002,2023-08-15,100.724,1.8759
F002,2023-08-16,100.66,-0.0635
F002,2023-08-17,101.2922,0.6281
F002,2023-08-18,99.9338,-1.3411
F002,2023-08-21,100.5302,0.5968
F002,2023-08-22,100.3258,-0.2033
F002,2023-08-23,101.6516,1.3215
F002,2023-08-24,103.2614,1.5836
F002,2023-08-25,106.7789,3.4064
F002,2023-08-28,107.6262,0.7935
F002,2023-08-29,108.1251,0.4635
F002,2023-08-30,108.4416,0.2927
F002,2023-08-31,107.9871,-0.4191
F002,2023-09-01,108.5055,0.4801
F002,2023-09-04,108.1322,-0.344
F002,2023-09-05,108.4123,0.259
F002,2023-09-06,110.3126,1.7528
F002,2023-09-07,108.9133,-1.2685
F002,2023-09-08,110.5708,1.5219
F002,2023-09-11,112.5083,1.7523
F002,2023-09-12,112.3806,-0.1135
F002,2023-09-13,109.3256,-2.7184
F002,2023-09-14,108.5055,-0.7501
F002,2023-09-15,110.3784,1.7261
F002,2023-09-18,110.3897,0.0102
F002,2023-09-19,108.9998,-1.2591
F002,2023-09-20,108.3281,-0.6162
F002,2023-09-21,109.5552,1.1328
F002,2023-09-22,110.3777,0.7508
F002,2023-09-25,110.079,-0.2706
F002,2023-09-26,109.5981,-0.4369
F002,2023-09-27,109.0838,-0.4693
F002,2023-09-28,107.8194,-1.1591
F002,2023-09-29,110.1267,2.14
F002,2023-10-02,109.7093,-0.379
F002,2023-10-03,111.4891,1.6223
F002,2023-10-04,113.7386,2.0177
F002,2023-10-05,115.2602,1.3378
F002,2023-10-06,114.6596,-0.5211
F002,2023-10-09,115.3073,0.5649
F002,2023-10-10,115.3172,0.0086
F002,2023-10-11,114.0086,-1.1348
F002,2023-10-12,114.5349,0.4616
F002,2023-10-13,112.8252,-1.4927
F002,2023-10-16,114.6123,1.584
F002,2023-10-17,113.9659,-0.564
F002,2023-10-18,114.3095,0.3015
F002,2023-10-19,114.7762,0.4083
F002,2023-10-20,114.4358,-0.2966
F002,2023-10-23,115.3544,0.8027
F002,2023-10-24,114.6884,-0.5774
F002,2023-10-25,116.0333,1.1727
F002,2023-10-26,114.0494,-1.7098
F002,2023-10-27,114.2824,0.2043
F002,2023-10-30,117.2087,2.5606
F002,2023-10-31,115.7314,-1.2604
F002,2023-11-01,114.758,-0.8411
F002,2023-11-02,115.5706,0.7081
F002,2023-11-03,115.8866,0.2734
F002,2023-11-06,116.4612,0.4958
F002,2023-11-07,117.2484,0.6759
F002,2023-11-08,118.2628,0.8652
F002,2023-11-09,120.0162,1.4826
F002,2023-11-10,120.7036,0.5728
F002,2023-11-13,120.3733,-0.2736
F002,2023-11-14,121.4739,0.9143
F002,2023-11-15,124.5227,2.5098
F002,2023-11-16,124.3578,-0.1324
F002,2023-11-17,122.8321,-1.2269
F002,2023-11-20,124.649,1.4792
F002,2023-11-21,124.5038,-0.1165
F002,2023-11-22,121.037,-2.7845
F002,2023-11-23,122.4188,1.1416
F002,2023-11-24,121.6158,-0.6559
F002,2023-11-27,121.5213,-0.0777
F002,2023-11-28,122.0944,0.4716
F002,2023-11-29,122.4456,0.2876
F002,2023-11-30,123.6239,0.9623
F002,2023-12-01,122.9735,-0.5261
F002,2023-12-04,123.843,0.7071
F002,2023-12-05,123.4747,-0.2974
F002,2023-12-06,124.71,1.0004
F002,2023-12-07,125.7575,0.8399
F002,2023-12-08,124.2785,-1.1761
F002,2023-12-11,126.0827,1.4517
F002,2023-12-12,125.2546,-0.6568
F002,2023-12-13,126.6205,1.0905
F002,2023-12-14,127.2757,0.5175
F002,2023-12-15,130.368,2.4296
F002,2023-12-18,130.0414,-0.2505
F002,2023-12-19,129.5029,-0.4141
F002,2023-12-20,129.522,0.0147
F002,2023-12-21,129.0633,-0.3541
F002,2023-12-22,130.4571,1.0799
F002,2023-12-25,127.7681,-2.0612
F002,2023-12-26,126.0691,-1.3298
F002,2023-12-27,124.3695,-1.3481
F002,2023-12-28,125.9557,1.2754
F002,2023-12-29,128.8071,2.2638
F002,2024-01-01,128.6837,-0.0958
F002,2024-01-02,128.4528,-0.1794
F002,2024-01-03,128.6212,0.1311
F002,2024-01-04,130.6154,1.5504
F002,2024-01-05,129.093,-1.1656
F002,2024-01-08,129.5447,0.3499
F002,2024-01-09,131.2388,1.3077
F002,2024-01-10,132.1462,0.6914
F002,2024-01-11,132.5247,0.2864
F002,2024-01-12,134.3023,1.3413
F002,2024-01-15,129.6364,-3.4742
F002,2024-01-16,130.8307,0.9213
F002,2024-01-17,129.7706,-0.8103
F002,2024-01-18,126.7342,-2.3398
F002,2024-01-19,127.6271,0.7045
F002,2024-01-22,129.9573,1.8258
F002,2024-01-23,129.7771,-0.1387
F002,2024-01-24,131.4366,1.2787
F002,2024-01-25,134.244,2.1359
F002,2024-01-26,136.5924,1.7494
F002,2024-01-29,139.5591,2.1719
F002,2024-01-30,140.9613,1.0047
F002,2024-01-31,141.1559,0.1381
F002,2024-02-01,138.2727,-2.0426
F002,2024-02-02,137.8857,-0.2799
F002,2024-02-05,136.4293,-1.0562
F002,2024-02-06,140.3342,2.8622
F002,2024-02-07,140.0695,-0.1886
F002,2024-02-08,140.3499,0.2002
F002,2024-02-09,141.4123,0.757
F002,2024-02-12,141.549,0.0967
F002,2024-02-13,144.7247,2.2435
F002,2024-02-14,143.6111,-0.7695
F002,2024-02-15,144.0319,0.293
F002,2024-02-16,142.6993,-0.9252
F002,2024-02-19,142.6993,0.0
F002,2024-02-20,139.2479,-2.4187
F002,2024-02-21,139.2366,-0.0081
F002,2024-02-22,138.5152,-0.5181
F002,2024-02-23,137.3238,-0.8601
F002,2024-02-26,134.8682,-1.7882
F002,2024-02-27,134.7764,-0.0681
F002,2024-02-28,132.1939,-1.9161
F002,2024-02-29,133.5529,1.028
F002,2024-03-01,133.7495,0.1472
F002,2024-03-04,131.2687,-1.8548
F002,2024-03-05,130.7935,-0.362
F002,2024-03-06,129.5669,-0.9378
F002,2024-03-07,130.1563,0.4549
F002,2024-03-08,132.4764,1.7825
F002,2024-03-11,129.3,-2.3977
F002,2024-03-12,129.5451,0.1896
F002,2024-03-13,129.3272,-0.1682
F002,2024-03-14,130.5076,0.9127
F002,2024-03-15,130.9215,0.3171
F002,2024-03-18,129.694,-0.9376
F002,2024-03-19,129.2079,-0.3748
F002,2024-03-20,127.9225,-0.9948
F002,2024-03-21,129.7631,1.4388
F002,2024-03-22,129.851,0.0677
F002,2024-03-25,133.1123,2.5116
F002,2024-03-26,133.0606,-0.0388
F002,2024-03-27,131.8884,-0.881
F002,2024-03-28,129.3458,-1.9278
F002,2024-03-29,129.3458,0.0
F002,2024-04-01,123.8138,-4.2769
F002,2024-04-02,124.2933,0.3873
F002,2024-04-03,125.165,0.7013
F002,2024-04-04,122.6422,-2.0156
F002,2024-04-05,124.1183,1.2036
F002,2024-04-08,123.3885,-0.588
F002,2024-04-09,123.6733,0.2308
F002,2024-04-10,126.3148,2.1359
F002,2024-04-11,127.838,1.2059
F002,2024-04-12,127.4429,-0.3091
F002,2024-04-15,126.0174,-1.1185
F002,2024-04-16,122.5426,-2.7574
F002,2024-04-17,121.446,-0.8949
F002,2024-04-18,121.1612,-0.2345
F002,2024-04-19,119.6548,-1.2433
F002,2024-04-22,119.4985,-0.1306
F002,2024-04-23,119.6657,0.1399
F002,2024-04-24,119.3638,-0.2523
F002,2024-04-25,118.4029,-0.805
F002,2024-04-26,118.7099,0.2593
F002,2024-04-29,119.4394,0.6145
F002,2024-04-30,117.7941,-1.3775
F002,2024-05-01,120.0018,1.8742
F002,2024-05-02,119.896,-0.0882
F002,2024-05-03,119.9733,0.0645
F002,2024-05-06,121.1259,0.9607
F002,2024-05-07,121.5416,0.3432
F002,2024-05-08,123.0962,1.2791
F002,2024-05-09,123.6049,0.4133
F002,2024-05-10,122.6702,-0.7562
F002,2024-05-13,123.2958,0.51
F002,2024-05-14,121.5119,-1.4468
F002,2024-05-15,121.732,0.1811
F002,2024-05-16,121.7281,-0.0032
F002,2024-05-17,121.4475,-0.2305
F002,2024-05-20,121.2931,-0.1271
F002,2024-05-21,118.3743,-2.4064
F002,2024-05-22,117.5772,-0.6734
F002,2024-05-23,117.7661,0.1607
F002,2024-05-24,118.0579,0.2478
F002,2024-05-27,116.5279,-1.296
F002,2024-05-28,118.4919,1.6854
F002,2024-05-29,117.205,-1.0861
F002,2024-05-30,118.729,1.3003
F002,2024-05-31,119.4359,0.5954
F002,2024-06-03,118.4803,-0.8001
F002,2024-06-04,121.2621,2.3479
F002,2024-06-05,119.4289,-1.5118
F002,2024-06-06,120.9037,1.2349
F002,2024-06-07,122.5247,1.3407
F002,2024-06-10,121.5055,-0.8318
F002,2024-06-11,123.7536,1.8502
F002,2024-06-12,123.4008,-0.2851
F002,2024-06-13,123.9133,0.4153
F002,2024-06-14,124.3822,0.3784
F002,2024-06-17,124.2148,-0.1346
F002,2024-06-18,125.5738,1.0941
F002,2024-06-19,126.9194,1.0716
F002,2024-06-20,124.0852,-2.2331
F002,2024-06-21,126.2389,1.7357
F002,2024-06-24,123.5611,-2.1212
F002,2024-06-25,125.2691,1.3823
F002,2024-06-26,127.154,1.5047
F002,2024-06-27,125.4015,-1.3782
F002,2024-06-28,124.7819,-0.4941
F002,2024-07-01,123.0382,-1.3974
F002,2024-07-02,122.7436,-0.2394
F002,2024-07-03,122.3012,-0.3604
F002,2024-07-04,123.5897,1.0535
F002,2024-07-05,125.7444,1.7434
F002,2024-07-08,128.0762,1.8544
F002,2024-07-09,127.1914,-0.6908
F002,2024-07-10,126.8963,-0.232
F002,2024-07-11,124.17,-2.1484
F002,2024-07-12,122.9188,-1.0077
F002,2024-07-15,124.5097,1.2943
F002,2024-07-16,127.1745,2.1402
F002,2024-07-17,125.1847,-1.5646
F002,2024-07-18,124.2706,-0.7302
F002,2024-07-19,124.2776,0.0056
F002,2024-07-22,124.7799,0.4042
F002,2024-07-23,123.5165,-1.0125
F002,2024-07-24,124.2468,0.5913
F002,2024-07-25,123.5311,-0.576
F002,2024-07-26,123.5573,0.0212
F002,2024-07-29,124.4842,0.7502
F002,2024-07-30,124.5444,0.0484
F002,2024-07-31,123.8877,-0.5273
F002,2024-08-01,123.7607,-0.1025
F002,2024-08-02,123.668,-0.0749
F002,2024-08-05,123.1226,-0.441
F002,2024-08-06,122.7576,-0.2965
F002,2024-08-07,125.3579,2.1182
F002,2024-08-08,126.3221,0.7692
F002,2024-08-09,125.8874,-0.3441
F002,2024-08-12,127.0783,0.946
F002,2024-08-13,126.5777,-0.3939
F002,2024-08-14,128.5587,1.565
F002,2024-08-15,129.2279,0.5205
F002,2024-08-16,129.0993,-0.0995
F002,2024-08-19,129.9023,0.622
F002,2024-08-20,127.3015,-2.0021
F002,2024-08-21,125.4877,-1.4248
F002,2024-08-22,123.5902,-1.5121
F002,2024-08-23,123.8693,0.2258
F002,2024-08-26,126.7087,2.2923
F002,2024-08-27,130.4348,2.9407
F002,2024-08-28,131.5689,0.8695
F002,2024-08-29,132.4782,0.6911
F002,2024-08-30,129.4294,-2.3014
F002,2024-09-02,128.5681,-0.6655
F002,2024-09-03,127.3028,-0.9841
F002,2024-09-04,126.3263,-0.7671
F002,2024-09-05,126.1007,-0.1786
F002,2024-09-06,125.3772,-0.5737
F002,2024-09-09,122.2013,-2.5331
F002,2024-09-10,123.4383,1.0123
F002,2024-09-11,121.7662,-1.3546
F002,2024-09-12,122.1936,0.351
F002,2024-09-13,125.5372,2.7363
F002,2024-09-16,124.087,-1.1552
F002,2024-09-17,120.0549,-3.2494
F002,2024-09-18,119.6566,-0.3318
F002,2024-09-19,121.417,1.4712
F002,2024-09-20,121.417,0.0
F002,2024-09-23,122.6156,0.9872
F002,2024-09-24,123.4564,0.6857
F002,2024-09-25,122.759,-0.5649
F002,2024-09-26,122.639,-0.0978
F002,2024-09-27,126.904,3.4777
F002,2024-09-30,124.4752,-1.9139
F002,2024-10-01,124.9356,0.3699
F002,2024-10-02,125.7452,0.648
F002,2024-10-03,127.5704,1.4515
F002,2024-10-04,127.7839,0.1674
F002,2024-10-07,128.3467,0.4404
F002,2024-10-08,127.7446,-0.4691
F002,2024-10-09,128.2426,0.3898
F002,2024-10-10,127.7217,-0.4062
F002,2024-10-11,128.8048,0.848
F002,2024-10-14,128.2374,-0.4405
F002,2024-10-15,128.9174,0.5303
F002,2024-10-16,128.9199,0.0019
F002,2024-10-17,130.8587,1.5039
F002,2024-10-18,130.8236,-0.0268
F002,2024-10-21,127.8605,-2.265
F002,2024-10-22,130.0092,1.6805
F002,2024-10-23,128.5304,-1.1375
F002,2024-10-24,127.4894,-0.8099
F002,2024-10-25,126.5532,-0.7343
F002,2024-10-28,128.865,1.8267
F002,2024-10-29,125.3388,-2.7364
F002,2024-10-30,130.5016,4.1191
F002,2024-10-31,132.3454,1.4129
F002,2024-11-01,132.7824,0.3302
F002,2024-11-04,132.7408,-0.0313
F002,2024-11-05,133.2867,0.4113
F002,2024-11-06,134.243,0.7175
F002,2024-11-07,135.4227,0.8788
F002,2024-11-08,136.455,0.7623
F002,2024-11-11,136.6685,0.1565
F002,2024-11-12,136.3726,-0.2165
F002,2024-11-13,136.159,-0.1566
F002,2024-11-14,135.8685,-0.2134
F002,2024-11-15,137.9254,1.5139
F002,2024-11-18,139.0448,0.8116
F002,2024-11-19,133.7854,-3.7825
F002,2024-11-20,134.9797,0.8927
F002,2024-11-21,135.3754,0.2932
F002,2024-11-22,135.3966,0.0157
F002,2024-11-25,134.7669,-0.4651
F002,2024-11-26,136.7902,1.5013
F002,2024-11-27,138.5299,1.2718
F002,2024-11-28,137.1934,-0.9648
F002,2024-11-29,137.9743,0.5692
F002,2024-12-02,136.2867,-1.2231
F002,2024-12-03,133.8969,-1.7535
F002,2024-12-04,132.8596,-0.7747
F002,2024-12-05,134.4022,1.1611
F002,2024-12-06,136.1213,1.2791
F002,2024-12-09,137.0837,0.707
F002,2024-12-10,138.4307,0.9826
F002,2024-12-11,139.415,0.711
F002,2024-12-12,138.3081,-0.794
F002,2024-12-13,139.14,0.6015
F002,2024-12-16,140.6435,1.0806
F002,2024-12-17,142.0789,1.0206
F002,2024-12-18,144.3317,1.5856
F002,2024-12-19,145.7184,0.9608
F002,2024-12-20,146.4424,0.4968
F002,2024-12-23,148.5383,1.4312
F002,2024-12-24,148.5465,0.0055
F002,2024-12-25,146.9029,-1.1065
F002,2024-12-26,146.6502,-0.172
F002,2024-12-27,145.2887,-0.9284
F002,2024-12-30,144.0716,-0.8377
F002,2024-12-31,143.8586,-0.1478
F002,2025-01-01,142.4342,-0.9901
F002,2025-01-02,141.9209,-0.3604
F002,2025-01-03,138.484,-2.4217
F002,2025-01-06,138.9234,0.3173
F002,2025-01-07,138.9811,0.0415
F002,2025-01-08,137.5604,-1.0222
F002,2025-01-09,138.7943,0.897
F002,2025-01-10,140.5415,1.2588
F002,2025-01-13,137.6606,-2.0499
F002,2025-01-14,136.3507,-0.9515
F002,2025-01-15,135.0419,-0.9599
F002,2025-01-16,133.4459,-1.1819
F002,2025-01-17,134.9382,1.1183
F002,2025-01-20,134.6522,-0.2119
F002,2025-01-21,134.243,-0.3039
F002,2025-01-22,130.7996,-2.565
F002,2025-01-23,131.9324,0.8661
F002,2025-01-24,129.8597,-1.571
F002,2025-01-27,130.0128,0.1179
F002,2025-01-28,130.5336,0.4006
F002,2025-01-29,132.8948,1.8089
F002,2025-01-30,130.6868,-1.6615
F002,2025-01-31,125.6091,-3.8854
F002,2025-02-03,125.9596,0.279
F002,2025-02-04,128.9583,2.3807
F002,2025-02-05,131.0869,1.6506
F002,2025-02-06,131.4966,0.3125
F002,2025-02-07,130.7088,-0.5991
F002,2025-02-10,132.1326,1.0893
F002,2025-02-11,130.5132,-1.2256
F002,2025-02-12,131.3736,0.6592
F002,2025-02-13,132.2894,0.6971
F002,2025-02-14,134.1656,1.4183
F002,2025-02-17,139.0325,3.6275
F002,2025-02-18,139.7974,0.5502
F002,2025-02-19,138.9283,-0.6217
F002,2025-02-20,138.9377,0.0068
F002,2025-02-21,135.798,-2.2598
F002,2025-02-24,134.6259,-0.8631
F002,2025-02-25,133.9635,-0.492
F002,2025-02-26,133.1044,-0.6413
F002,2025-02-27,133.4213,0.2381
F002,2025-02-28,132.0482,-1.0291
F002,2025-03-03,134.0254,1.4973
F002,2025-03-04,134.0794,0.0403
F002,2025-03-05,134.1168,0.0279
F002,2025-03-06,133.5988,-0.3862
F002,2025-03-07,133.9218,0.2418
F002,2025-03-10,135.4119,1.1127
F002,2025-03-11,133.9396,-1.0873
F002,2025-03-12,132.8473,-0.8155
F002,2025-03-13,132.3759,-0.3548
F002,2025-03-14,130.1128,-1.7096
F002,2025-03-17,128.7791,-1.025
F002,2025-03-18,128.0334,-0.5791
F002,2025-03-19,129.54,1.1767
F002,2025-03-20,130.034,0.3813
F002,2025-03-21,130.4133,0.2917
F002,2025-03-24,131.9081,1.1462
F002,2025-03-25,131.7253,-0.1386
F002,2025-03-26,132.4466,0.5476
F002,2025-03-27,132.3219,-0.0942
F002,2025-03-28,132.8313,0.385
F002,2025-03-31,131.8781,-0.7176
F002,2025-04-01,127.7497,-3.1305
F002,2025-04-02,127.5778,-0.1346
F002,2025-04-03,129.9885,1.8896
F002,2025-04-04,131.6057,1.2441
F002,2025-04-07,133.31,1.295
F002,2025-04-08,135.5056,1.647
F002,2025-04-09,135.716,0.1553
F002,2025-04-10,136.1184,0.2965
F002,2025-04-11,135.0799,-0.7629
F002,2025-04-14,134.5789,-0.3709
F002,2025-04-15,135.71,0.8405
F002,2025-04-16,137.8882,1.605
F002,2025-04-17,137.6934,-0.1413
F002,2025-04-18,136.9426,-0.5453
F002,2025-04-21,136.9426,0.0
F002,2025-04-22,138.1238,0.8626
F002,2025-04-23,135.5865,-1.837
F002,2025-04-24,131.5934,-2.9451
F002,2025-04-25,130.7042,-0.6757
F002,2025-04-28,128.6823,-1.5469
F002,2025-04-29,127.8837,-0.6206
F002,2025-04-30,127.6892,-0.1521
F002,2025-05-01,127.6892,0.0
F002,2025-05-02,129.4365,1.3684
F002,2025-05-05,130.0381,0.4648
F002,2025-05-06,130.5981,0.4306
F002,2025-05-07,131.7067,0.8489
F002,2025-05-08,129.8095,-1.4405
F002,2025-05-09,131.6149,1.3908
F002,2025-05-12,131.5379,-0.0585
F002,2025-05-13,132.737,0.9116
F002,2025-05-14,130.9405,-1.3534
F002,2025-05-15,128.348,-1.9799
F002,2025-05-16,129.764,1.1033
F002,2025-05-19,130.4509,0.5293
F002,2025-05-20,128.9733,-1.1327
F002,2025-05-21,127.5668,-1.0905
F002,2025-05-22,129.4842,1.5031
F002,2025-05-23,127.5339,-1.5062
F002,2025-05-26,130.3084,2.1755
F002,2025-05-27,128.8349,-1.1308
F002,2025-05-28,129.9556,0.8699
F002,2025-05-29,129.4524,-0.3872
F002,2025-05-30,130.5193,0.8242
F002,2025-06-02,129.6483,-0.6673
F002,2025-06-03,129.4258,-0.1716
F002,2025-06-04,129.5464,0.0932
F002,2025-06-05,127.9104,-1.2629
F002,2025-06-06,129.1934,1.003
F002,2025-06-09,128.3831,-0.6272
F002,2025-06-10,128.0529,-0.2572
F002,2025-06-11,126.4488,-1.2527
F002,2025-06-12,122.2873,-3.2911
F002,2025-06-13,122.0325,-0.2084
F002,2025-06-16,125.9087,3.1764
F002,2025-06-17,125.9087,0.0
F002,2025-06-18,127.2623,1.0751
F002,2025-06-19,126.8783,-0.3017
F002,2025-06-20,126.9661,0.0692
F002,2025-06-23,127.9199,0.7512
F002,2025-06-24,126.0074,-1.4951
F002,2025-06-25,127.8832,1.4886
F002,2025-06-26,129.1237,0.97
F002,2025-06-27,130.3809,0.9736
F002,2025-06-30,131.1762,0.61
F002,2025-07-01,131.2621,0.0655
F002,2025-07-02,132.4628,0.9147
F002,2025-07-03,133.5349,0.8094
F002,2025-07-04,132.9737,-0.4203
F002,2025-07-07,132.0353,-0.7057
F002,2025-07-08,132.2629,0.1724
F002,2025-07-09,134.9792,2.0537
F002,2025-07-10,132.8589,-1.5708
F002,2025-07-11,130.3774,-1.8678
F002,2025-07-14,130.7088,0.2542
F002,2025-07-15,130.8476,0.1062
F002,2025-07-16,131.1948,0.2653
F002,2025-07-17,131.6633,0.3571
F002,2025-07-18,131.3339,-0.2502
F002,2025-07-21,133.9301,1.9768
F002,2025-07-22,131.1964,-2.0411
F002,2025-07-23,129.8358,-1.0371
F002,2025-07-24,129.7135,-0.0942
F002,2025-07-25,126.9945,-2.0962
F002,2025-07-28,126.755,-0.1886
F002,2025-07-29,129.5435,2.1999
F002,2025-07-30,129.6305,0.0672
F002,2025-07-31,130.0711,0.3399
F002,2025-08-01,127.9923,-1.5982
F002,2025-08-04,127.0179,-0.7613
F002,2025-08-05,126.4492,-0.4477
F002,2025-08-06,125.9775,-0.373
F002,2025-08-07,128.1268,1.7061
F002,2025-08-08,129.107,0.765
F002,2025-08-11,127.2932,-1.4049
F002,2025-08-12,127.752,0.3604
F002,2025-08-13,128.6305,0.6877
F002,2025-08-14,130.5885,1.5222
F002,2025-08-15,133.3239,2.0947
F002,2025-08-18,131.6179,-1.2796
F002,2025-08-19,130.2831,-1.0141
F002,2025-08-20,128.2053,-1.5948
F002,2025-08-21,127.8665,-0.2643
F002,2025-08-22,128.6929,0.6463
F002,2025-08-25,130.3962,1.3235
F002,2025-08-26,130.3196,-0.0587
F002,2025-08-27,129.8299,-0.3758
F002,2025-08-28,130.138,0.2373
F002,2025-08-29,128.7772,-1.0457
F002,2025-09-01,132.3268,2.7564
F002,2025-09-02,129.6142,-2.0499
F002,2025-09-03,129.9773,0.2801
F002,2025-09-04,133.4486,2.6707
F002,2025-09-05,133.5138,0.0489
F002,2025-09-08,133.2374,-0.207
F002,2025-09-09,132.6716,-0.4247
F002,2025-09-10,132.4135,-0.1945
F002,2025-09-11,134.8297,1.8247
F002,2025-09-12,131.0067,-2.8354
F002,2025-09-15,133.6707,2.0335
F002,2025-09-16,131.2497,-1.8112
F002,2025-09-17,130.8472,-0.3067
F002,2025-09-18,130.1694,-0.518
F002,2025-09-19,130.1694,0.0
F002,2025-09-22,128.5438,-1.2488
F002,2025-09-23,129.3675,0.6408
F002,2025-09-24,132.8237,2.6716
F002,2025-09-25,130.523,-1.7321
F002,2025-09-26,130.8971,0.2866
F002,2025-09-29,129.823,-0.8206
F002,2025-09-30,130.5937,0.5937
F002,2025-10-01,130.6784,0.0649
F002,2025-10-02,129.6409,-0.7939
F002,2025-10-03,130.515,0.6742
F002,2025-10-06,133.6286,2.3856
F002,2025-10-07,133.3504,-0.2082
F002,2025-10-08,134.6515,0.9757
F002,2025-10-09,132.4415,-1.6413
F002,2025-10-10,130.8477,-1.2034
F002,2025-10-13,131.7036,0.6541
F002,2025-10-14,134.2973,1.9693
F002,2025-10-15,134.9719,0.5023
F002,2025-10-16,134.4766,-0.367
F002,2025-10-17,134.5292,0.0391
F002,2025-10-20,132.3962,-1.5855
F002,2025-10-21,133.4896,0.8259
F002,2025-10-22,135.0742,1.1871
F002,2025-10-23,134.3344,-0.5477
F002,2025-10-24,133.5673,-0.571
F002,2025-10-27,134.0824,0.3856
F002,2025-10-28,133.3748,-0.5277
F002,2025-10-29,133.3135,-0.046
F002,2025-10-30,137.0058,2.7696
F002,2025-10-31,136.6206,-0.2812
F002,2025-11-03,136.0388,-0.4259
F002,2025-11-04,134.948,-0.8018
F002,2025-11-05,136.3075,1.0074
F002,2025-11-06,136.0409,-0.1956
F002,2025-11-07,134.9469,-0.8042
F002,2025-11-10,137.3189,1.7577
F002,2025-11-11,139.908,1.8855
F002,2025-11-12,138.8719,-0.7406
F002,2025-11-13,135.5577,-2.3865
F002,2025-11-14,137.3874,1.3498
F002,2025-11-17,136.2196,-0.85
F002,2025-11-18,137.6742,1.0678
F002,2025-11-19,134.2032,-2.5212
F002,2025-11-20,135.8141,1.2003
F002,2025-11-21,133.73,-1.5345
F002,2025-11-24,135.0539,0.99
F002,2025-11-25,135.133,0.0586
F002,2025-11-26,133.5112,-1.2002
F002,2025-11-27,132.8581,-0.4892
F002,2025-11-28,134.0966,0.9322
F002,2025-12-01,134.3348,0.1776
F002,2025-12-02,135.4091,0.7997
F002,2025-12-03,138.9424,2.6094
F002,2025-12-04,136.1726,-1.9935
F002,2025-12-05,139.0899,2.1424
F002,2025-12-08,139.3342,0.1756
F002,2025-12-09,137.7619,-1.1284
F002,2025-12-10,135.4345,-1.6894
F002,2025-12-11,135.1557,-0.2059
F002,2025-12-12,136.8291,1.2381
F002,2025-12-15,136.657,-0.1258
F002,2025-12-16,139.3963,2.0045
F002,2025-12-17,136.8223,-1.8465
F002,2025-12-18,136.8555,0.0243
F002,2025-12-19,134.6821,-1.5881
F002,2025-12-22,135.3726,0.5127
F002,2025-12-23,136.9875,1.1929
F002,2025-12-24,136.293,-0.507
F002,2025-12-25,131.7333,-3.3455
F002,2025-12-26,132.1267,0.2986
F002,2025-12-29,132.9297,0.6077
F002,2025-12-30,133.6815,0.5656
F002,2025-12-31,135.8826,1.6465
F002,2026-01-01,134.045,-1.3523
F002,2026-01-02,135.284,0.9243
F002,2026-01-05,137.4354,1.5903
F002,2026-01-06,134.3126,-2.2722
F002,2026-01-07,134.9245,0.4556
F002,2026-01-08,134.0941,-0.6155
F002,2026-01-09,134.0056,-0.066
F002,2026-01-12,134.6649,0.492
F002,2026-01-13,133.8658,-0.5934
F002,2026-01-14,132.7434,-0.8385
F002,2026-01-15,132.8554,0.0844
F002,2026-01-16,131.0307,-1.3734
F002,2026-01-19,129.2335,-1.3716
F002,2026-01-20,130.4266,0.9232
F002,2026-01-21,128.5309,-1.4535
F002,2026-01-22,129.6957,0.9062
F002,2026-01-23,130.5275,0.6413
F002,2026-01-26,127.6513,-2.2035
F002,2026-01-27,126.578,-0.8408
F002,2026-01-28,128.5936,1.5924
F002,2026-01-29,127.0048,-1.2355
F002,2026-01-30,126.2888,-0.5638
F002,2026-02-02,127.0979,0.6407
F002,2026-02-03,128.4431,1.0584
F002,2026-02-04,128.0745,-0.287
F002,2026-02-05,127.1309,-0.7368
F002,2026-02-06,129.5325,1.8891
F002,2026-02-09,132.5125,2.3006
F002,2026-02-10,134.2517,1.3125
F002,2026-02-11,134.4543,0.1509
F002,2026-02-12,133.0953,-1.0108
F002,2026-02-13,131.7117,-1.0396
F002,2026-02-16,132.6591,0.7193
F002,2026-02-17,133.4337,0.5839
F002,2026-02-18,135.9183,1.862
F002,2026-02-19,137.122,0.8856
F002,2026-02-20,134.4975,-1.914
F002,2026-02-23,136.3906,1.4075
F002,2026-02-24,134.6755,-1.2575
F002,2026-02-25,134.0571,-0.4592
F002,2026-02-26,134.5468,0.3653
F002,2026-02-27,138.0913,2.6344
F002,2026-03-02,143.7294,4.0829
F002,2026-03-03,144.9205,0.8287
F002,2026-03-04,144.6333,-0.1982
F002,2026-03-05,145.6961,0.7348
F002,2026-03-06,147.4356,1.1939
F002,2026-03-09,146.88,-0.3768
F002,2026-03-10,150.3666,2.3738
F002,2026-03-11,150.8765,0.3391
F002,2026-03-12,151.9131,0.6871
F002,2026-03-13,153.289,0.9057
F002,2026-03-16,154.1904,0.588
F002,2026-03-17,155.9337,1.1306
F002,2026-03-18,154.7448,-0.7624
F002,2026-03-19,153.6836,-0.6858
F002,2026-03-20,151.5471,-1.3902
F002,2026-03-23,152.4736,0.6114
F002,2026-03-24,154.0786,1.0526
F002,2026-03-25,155.0572,0.6351
F002,2026-03-26,158.4946,2.2169
F002,2026-03-27,158.5465,0.0327
F002,2026-03-30,159.9883,0.9094
F002,2026-03-31,157.7817,-1.3792
F002,2026-04-01,157.0508,-0.4632
F002,2026-04-02,158.5337,0.9442
F002,2026-04-03,160.3471,1.1439
F002,2026-04-06,159.7985,-0.3421
F002,2026-04-07,159.7137,-0.0531
F002,2026-04-08,156.6261,-1.9332
F002,2026-04-09,155.9618,-0.4241
F002,2026-04-10,157.8294,1.1975
F002,2026-04-13,159.0727,0.7877
F002,2026-04-14,160.1717,0.6909
F002,2026-04-15,160.3394,0.1047
F002,2026-04-16,160.4183,0.0492
F002,2026-04-17,159.1054,-0.8184
F002,2026-04-20,160.6145,0.9485
F002,2026-04-21,161.5577,0.5872
F002,2026-04-22,162.6557,0.6796
F002,2026-04-23,161.6084,-0.6439
F002,2026-04-24,157.1491,-2.7593
F002,2026-04-27,159.4534,1.4663
F002,2026-04-28,158.5246,-0.5825
F002,2026-04-29,156.81,-1.0816
F002,2026-04-30,158.2864,0.9415
F002,2026-05-01,157.5431,-0.4696
F002,2026-05-04,159.7769,1.4179
F002,2026-05-05,161.1224,0.8421
F002,2026-05-06,162.6186,0.9286
F002,2026-05-07,159.796,-1.7357
F002,2026-05-08,162.3775,1.6155
F002,2026-05-11,162.9939,0.3796
F002,2026-05-12,162.2766,-0.4401
F002,2026-05-13,162.644,0.2264
F002,2026-05-14,158.9534,-2.2691
F002,2026-05-15,159.8614,0.5712
F002,2026-05-18,157.7861,-1.2982
F002,2026-05-19,155.0746,-1.7185
F002,2026-05-20,152.0676,-1.9391
F002,2026-05-21,154.3281,1.4865
F002,2026-05-22,153.1274,-0.778
F002,2026-05-25,156.2418,2.0339
F002,2026-05-26,155.216,-0.6565
F002,2026-05-27,151.833,-2.1795
F002,2026-05-28,149.6899,-1.4115
F002,2026-05-29,152.1546,1.6465
F002,2026-06-01,151.9071,-0.1627
F002,2026-06-02,150.8851,-0.6728
F002,2026-06-03,151.2593,0.248
F002,2026-06-04,152.3065,0.6923
F002,2026-06-05,154.5799,1.4926
F002,2026-06-08,157.5525,1.923
F002,2026-06-09,156.8786,-0.4277
F002,2026-06-10,154.237,-1.6838
F002,2026-06-11,153.4697,-0.4975
F002,2026-06-12,154.0504,0.3784
F002,2026-06-15,152.1819,-1.2129
F002,2026-06-16,150.3492,-1.2043
F002,2026-06-17,151.0813,0.4869
F002,2026-06-18,151.0462,-0.0232
F002,2026-06-19,151.171,0.0826
F002,2026-06-22,149.7409,-0.946
F002,2026-06-23,149.3523,-0.2595
F002,2026-06-24,147.6176,-1.1615
F002,2026-06-25,149.385,1.1973
F002,2026-06-26,151.4552,1.3858
F002,2026-06-29,147.8808,-2.36
F002,2026-06-30,146.153,-1.1684
F002,2026-07-01,143.3681,-1.9055
F002,2026-07-02,142.2139,-0.8051
F002,2026-07-03,142.2139,0.0
F002,2026-07-06,139.4951,-1.9118
F002,2026-07-07,137.8792,-1.1584
F002,2026-07-08,136.1348,-1.2652
F002,2026-07-09,136.5561,0.3095
F002,2026-07-10,136.7338,0.1301
F002,2026-07-13,135.5056,-0.8982
F002,2026-07-14,135.8713,0.2699
F002,2026-07-15,134.96,-0.6707
F002,2026-07-16,134.5374,-0.3131
F002,2026-07-17,137.5181,2.2155
F002,2026-07-20,139.9695,1.7826
F002,2026-07-21,137.6608,-1.6494
F002,2026-07-22,139.2007,1.1186
F002,2026-07-23,140.7247,1.0948
F002,2026-07-24,138.6803,-1.4528
F002,2026-07-27,140.2119,1.1044
F002,2026-07-28,143.0713,2.0393
F002,2026-07-29,141.0407,-1.4193
F002,2026-07-30,139.4148,-1.1528
F002,2026-07-31,141.315,1.363
F002,2026-08-03,141.8703,0.393
F002,2026-08-04,142.9441,0.7569
F002,2026-08-05,143.6342,0.4828
F002,2026-08-06,144.4212,0.5479
F002,2026-08-07,141.9885,-1.6844
F002,2026-08-10,143.9785,1.4015
F002,2026-08-11,146.2252,1.5604
F002,2026-08-12,145.8476,-0.2582
F002,2026-08-13,145.8235,-0.0165
F002,2026-08-14,142.9793,-1.9504
F002,2026-08-17,143.9924,0.7086
F002,2026-08-18,145.1208,0.7837
F002,2026-08-19,145.0615,-0.0409
F002,2026-08-20,147.2398,1.5016
F002,2026-08-21,146.6592,-0.3943
F002,2026-08-24,147.7943,0.774
F002,2026-08-25,145.8943,-1.2856
F002,2026-08-26,145.908,0.0094
F002,2026-08-27,145.6356,-0.1867
F002,2026-08-28,146.1204,0.3329
F002,2026-08-31,145.4769,-0.4404
F002,2026-09-01,145.2864,-0.1309
F002,2026-09-02,146.9047,1.1139
F002,2026-09-03,146.1293,-0.5278
F002,2026-09-04,143.1358,-2.0485
F003,2022-01-03,91.7044,
F003,2022-01-04,93.388,1.8359
F003,2022-01-05,91.8565,-1.6399
F003,2022-01-06,92.7168,0.9366
F003,2022-01-07,92.1476,-0.6139
F003,2022-01-10,92.5001,0.3825
F003,2022-01-11,92.8909,0.4225
F003,2022-01-12,92.645,-0.2647
F003,2022-01-13,91.7381,-0.9789
F003,2022-01-14,90.9513,-0.8577
F003,2022-01-17,89.9044,-1.1511
F003,2022-01-18,88.9682,-1.0413
F003,2022-01-19,88.9261,-0.0473
F003,2022-01-20,88.1342,-0.8905
F003,2022-01-21,88.9509,0.9267
F003,2022-01-24,90.7063,1.9734
F003,2022-01-25,90.0586,-0.7141
F003,2022-01-26,90.3749,0.3512
F003,2022-01-27,90.9981,0.6896
F003,2022-01-28,91.5929,0.6536
F003,2022-01-31,91.72,0.1388
F003,2022-02-01,92.6422,1.0055
F003,2022-02-02,93.2601,0.667
F003,2022-02-03,91.7969,-1.5689
F003,2022-02-04,92.8708,1.1699
F003,2022-02-07,93.9792,1.1935
F003,2022-02-08,93.0843,-0.9522
F003,2022-02-09,93.1674,0.0893
F003,2022-02-10,94.0323,0.9283
F003,2022-02-11,93.814,-0.2322
F003,2022-02-14,95.1601,1.4349
F003,2022-02-15,98.1225,3.1131
F003,2022-02-16,97.1592,-0.9817
F003,2022-02-17,95.4537,-1.7554
F003,2022-02-18,95.8689,0.435
F003,2022-02-21,96.8065,0.978
F003,2022-02-22,96.5547,-0.2601
F003,2022-02-23,98.4175,1.9293
F003,2022-02-24,96.7442,-1.7002
F003,2022-02-25,97.6544,0.9408
F003,2022-02-28,96.9243,-0.7476
F003,2022-03-01,99.1295,2.2752
F003,2022-03-02,101.7369,2.6303
F003,2022-03-03,101.7369,0.0
F003,2022-03-04,100.084,-1.6247
F003,2022-03-07,101.2424,1.1574
F003,2022-03-08,100.7734,-0.4632
F003,2022-03-09,100.7542,-0.0191
F003,2022-03-10,100.8278,0.073
F003,2022-03-11,98.3519,-2.4556
F003,2022-03-14,98.3735,0.022
F003,2022-03-15,97.5308,-0.8566
F003,2022-03-16,96.9446,-0.601
F003,2022-03-17,98.8028,1.9168
F003,2022-03-18,97.2284,-1.5935
F003,2022-03-21,98.2952,1.0972
F003,2022-03-22,97.978,-0.3227
F003,2022-03-23,97.6609,-0.3236
F003,2022-03-24,98.7034,1.0675
F003,2022-03-25,99.1792,0.4821
F003,2022-03-28,99.9546,0.7818
F003,2022-03-29,101.2527,1.2987
F003,2022-03-30,100.8571,-0.3907
F003,2022-03-31,100.0947,-0.7559
F003,2022-04-01,98.7227,-1.3707
F003,2022-04-04,97.7029,-1.033
F003,2022-04-05,101.4877,3.8738
F003,2022-04-06,103.1705,1.6581
F003,2022-04-07,101.3997,-1.7164
F003,2022-04-08,99.697,-1.6792
F003,2022-04-11,99.697,0.0
F003,2022-04-12,101.1156,1.4229
F003,2022-04-13,101.8776,0.7536
F003,2022-04-14,101.5807,-0.2914
F003,2022-04-15,101.4557,-0.1231
F003,2022-04-18,101.9287,0.4662
F003,2022-04-19,102.0833,0.1517
F003,2022-04-20,99.1789,-2.8451
F003,2022-04-21,98.9223,-0.2587
F003,2022-04-22,97.867,-1.0668
F003,2022-04-25,98.1291,0.2678
F003,2022-04-26,101.9766,3.9209
F003,2022-04-27,102.5046,0.5178
F003,2022-04-28,102.1278,-0.3676
F003,2022-04-29,103.3925,1.2384
F003,2022-05-02,104.0826,0.6675
F003,2022-05-03,104.6927,0.5862
F003,2022-05-04,105.5605,0.8289
F003,2022-05-05,108.4249,2.7135
F003,2022-05-06,106.8743,-1.4301
F003,2022-05-09,106.8743,0.0
F003,2022-05-10,106.3226,-0.5162
F003,2022-05-11,107.133,0.7622
F003,2022-05-12,105.8964,-1.1543
F003,2022-05-13,105.3642,-0.5026
F003,2022-05-16,105.3642,0.0
F003,2022-05-17,106.3762,0.9605
F003,2022-05-18,107.6889,1.234
F003,2022-05-19,105.988,-1.5795
F003,2022-05-20,106.1061,0.1114
F003,2022-05-23,105.1698,-0.8824
F003,2022-05-24,103.4912,-1.5961
F003,2022-05-25,103.2406,-0.2421
F003,2022-05-26,102.8679,-0.361
F003,2022-05-27,106.1543,3.1948
F003,2022-05-30,106.7942,0.6028
F003,2022-05-31,104.9243,-1.7509
F003,2022-06-01,104.1959,-0.6942
F003,2022-06-02,105.6211,1.3678
F003,2022-06-03,108.5309,2.7549
F003,2022-06-06,106.3366,-2.0218
F003,2022-06-07,103.7804,-2.4039
F003,2022-06-08,106.3461,2.4722
F003,2022-06-09,106.9273,0.5465
F003,2022-06-10,106.9273,0.0
F003,2022-06-13,106.5405,-0.3617
F003,2022-06-14,102.9325,-3.3865
F003,2022-06-15,102.9782,0.0444
F003,2022-06-16,103.4583,0.4662
F003,2022-06-17,104.7428,1.2416
F003,2022-06-20,103.4041,-1.2781
F003,2022-06-21,103.5606,0.1513
F003,2022-06-22,102.3561,-1.1631
F003,2022-06-23,102.7369,0.372
F003,2022-06-24,101.5822,-1.1239
F003,2022-06-27,101.0839,-0.4905
F003,2022-06-28,99.8157,-1.2546
F003,2022-06-29,100.7005,0.8864
F003,2022-06-30,101.8646,1.156
F003,2022-07-01,101.5947,-0.265
F003,2022-07-04,101.6858,0.0897
F003,2022-07-05,99.8116,-1.8431
F003,2022-07-06,99.4627,-0.3496
F003,2022-07-07,99.4376,-0.0252
F003,2022-07-08,102.8652,3.447
F003,2022-07-11,101.4194,-1.4055
F003,2022-07-12,103.3904,1.9434
F003,2022-07-13,104.7716,1.3359
F003,2022-07-14,105.1957,0.4048
F003,2022-07-15,107.6428,2.3262
F003,2022-07-18,108.2066,0.5238
F003,2022-07-19,108.7973,0.5459
F003,2022-07-20,108.7657,-0.029
F003,2022-07-21,110.5393,1.6307
F003,2022-07-22,112.1592,1.4655
F003,2022-07-25,111.2918,-0.7734
F003,2022-07-26,109.4276,-1.6751
F003,2022-07-27,109.1826,-0.2239
F003,2022-07-28,108.0907,-1.0001
F003,2022-07-29,108.0447,-0.0426
F003,2022-08-01,109.826,1.6487
F003,2022-08-02,109.217,-0.5545
F003,2022-08-03,109.1999,-0.0157
F003,2022-08-04,109.3259,0.1154
F003,2022-08-05,110.5755,1.143
F003,2022-08-08,107.3899,-2.8809
F003,2022-08-09,106.5859,-0.7487
F003,2022-08-10,106.9213,0.3147
F003,2022-08-11,108.6322,1.6001
F003,2022-08-12,107.981,-0.5995
F003,2022-08-15,105.39,-2.3995
F003,2022-08-16,106.2812,0.8456
F003,2022-08-17,105.4459,-0.7859
F003,2022-08-18,103.8573,-1.5066
F003,2022-08-19,103.0559,-0.7716
F003,2022-08-22,102.8499,-0.1999
F003,2022-08-23,102.0825,-0.7461
F003,2022-08-24,99.1964,-2.8272
F003,2022-08-25,100.3929,1.2062
F003,2022-08-26,102.0969,1.6973
F003,2022-08-29,103.0025,0.887
F003,2022-08-30,101.5203,-1.439
F003,2022-08-31,101.295,-0.2219
F003,2022-09-01,101.3269,0.0315
F003,2022-09-02,102.1562,0.8184
F003,2022-09-05,103.0846,0.9088
F003,2022-09-06,102.142,-0.9144
F003,2022-09-07,102.2917,0.1466
F003,2022-09-08,102.9407,0.6345
F003,2022-09-09,104.9301,1.9326
F003,2022-09-12,105.9331,0.9559
F003,2022-09-13,107.0621,1.0658
F003,2022-09-14,107.2216,0.149
F003,2022-09-15,109.2305,1.8736
F003,2022-09-16,109.8561,0.5727
F003,2022-09-19,108.6703,-1.0794
F003,2022-09-20,110.6963,1.8644
F003,2022-09-21,111.7449,0.9473
F003,2022-09-22,111.146,-0.536
F003,2022-09-23,110.4976,-0.5834
F003,2022-09-26,110.9678,0.4255
F003,2022-09-27,111.6804,0.6422
F003,2022-09-28,112.0115,0.2965
F003,2022-09-29,112.5096,0.4447
F003,2022-09-30,115.041,2.2499
F003,2022-10-03,116.6895,1.433
F003,2022-10-04,117.0254,0.2879
F003,2022-10-05,118.5043,1.2637
F003,2022-10-06,116.961,-1.3023
F003,2022-10-07,117.6128,0.5573
F003,2022-10-10,120.4262,2.3921
F003,2022-10-11,120.133,-0.2435
F003,2022-10-12,118.8573,-1.0619
F003,2022-10-13,117.8973,-0.8077
F003,2022-10-14,116.2744,-1.3765
F003,2022-10-17,115.1347,-0.9802
F003,2022-10-18,114.6262,-0.4417
F003,2022-10-19,112.5776,-1.7872
F003,2022-10-20,112.6455,0.0603
F003,2022-10-21,114.0118,1.2129
F003,2022-10-24,112.712,-1.1401
F003,2022-10-25,114.9832,2.015
F003,2022-10-26,115.7927,0.704
F003,2022-10-27,117.3904,1.3798
F003,2022-10-28,116.4335,-0.8151
F003,2022-10-31,117.7735,1.1509
F003,2022-11-01,116.1488,-1.3795
F003,2022-11-02,117.5395,1.1973
F003,2022-11-03,117.8491,0.2634
F003,2022-11-04,118.7438,0.7592
F003,2022-11-07,116.9766,-1.4882
F003,2022-11-08,115.6623,-1.1236
F003,2022-11-09,116.6066,0.8164
F003,2022-11-10,115.2157,-1.1928
F003,2022-11-11,115.9556,0.6422
F003,2022-11-14,113.9411,-1.7373
F003,2022-11-15,115.243,1.1426
F003,2022-11-16,113.4426,-1.5623
F003,2022-11-17,114.3025,0.758
F003,2022-11-18,115.2779,0.8533
F003,2022-11-21,114.2798,-0.8658
F003,2022-11-22,115.1902,0.7966
F003,2022-11-23,115.6263,0.3786
F003,2022-11-24,114.8626,-0.6605
F003,2022-11-25,113.4026,-1.2711
F003,2022-11-28,110.5546,-2.5114
F003,2022-11-29,111.1013,0.4945
F003,2022-11-30,108.8857,-1.9942
F003,2022-12-01,109.0642,0.1639
F003,2022-12-02,108.7343,-0.3025
F003,2022-12-05,109.7378,0.9229
F003,2022-12-06,109.3508,-0.3527
F003,2022-12-07,108.9262,-0.3883
F003,2022-12-08,110.0061,0.9914
F003,2022-12-09,110.5293,0.4756
F003,2022-12-12,111.0278,0.451
F003,2022-12-13,111.7495,0.65
F003,2022-12-14,109.5634,-1.9563
F003,2022-12-15,110.6851,1.0238
F003,2022-12-16,111.6107,0.8362
F003,2022-12-19,110.1802,-1.2817
F003,2022-12-20,109.8747,-0.2773
F003,2022-12-21,109.8625,-0.0111
F003,2022-12-22,109.7144,-0.1348
F003,2022-12-23,110.2345,0.474
F003,2022-12-26,112.3298,1.9008
F003,2022-12-27,113.9544,1.4463
F003,2022-12-28,112.0561,-1.6658
F003,2022-12-29,113.0071,0.8487
F003,2022-12-30,115.0046,1.7676
F003,2023-01-02,115.6289,0.5428
F003,2023-01-03,117.3151,1.4583
F003,2023-01-04,117.3151,0.0
F003,2023-01-05,122.0818,4.0632
F003,2023-01-06,122.5263,0.3641
F003,2023-01-09,124.24,1.3986
F003,2023-01-10,124.5237,0.2283
F003,2023-01-11,124.6122,0.0711
F003,2023-01-12,124.0928,-0.4168
F003,2023-01-13,126.6645,2.0724
F003,2023-01-16,125.3675,-1.024
F003,2023-01-17,127.9151,2.0321
F003,2023-01-18,128.7975,0.6898
F003,2023-01-19,126.5061,-1.7791
F003,2023-01-20,127.1613,0.5179
F003,2023-01-23,127.1613,0.0
F003,2023-01-24,124.7963,-1.8598
F003,2023-01-25,126.2824,1.1908
F003,2023-01-26,125.3605,-0.73
F003,2023-01-27,125.612,0.2006
F003,2023-01-30,128.8533,2.5804
F003,2023-01-31,128.0577,-0.6174
F003,2023-02-01,128.0577,0.0
F003,2023-02-02,128.8303,0.6033
F003,2023-02-03,132.1688,2.5914
F003,2023-02-06,132.228,0.0448
F003,2023-02-07,134.0196,1.3549
F003,2023-02-08,136.4104,1.7839
F003,2023-02-09,135.1483,-0.9252
F003,2023-02-10,134.3497,-0.5909
F003,2023-02-13,136.5532,1.6401
F003,2023-02-14,139.599,2.2305
F003,2023-02-15,140.6763,0.7717
F003,2023-02-16,139.1236,-1.1037
F003,2023-02-17,142.7731,2.6232
F003,2023-02-20,141.8447,-0.6503
F003,2023-02-21,141.2835,-0.3956
F003,2023-02-22,141.9688,0.4851
F003,2023-02-23,144.8939,2.0604
F003,2023-02-24,146.5604,1.1502
F003,2023-02-27,147.4095,0.5794
F003,2023-02-28,148.3563,0.6423
F003,2023-03-01,148.4996,0.0966
F003,2023-03-02,149.6365,0.7656
F003,2023-03-03,144.7757,-3.2484
F003,2023-03-06,144.2754,-0.3456
F003,2023-03-07,144.7857,0.3537
F003,2023-03-08,142.6772,-1.4563
F003,2023-03-09,143.4508,0.5422
F003,2023-03-10,143.1269,-0.2258
F003,2023-03-13,146.4505,2.3221
F003,2023-03-14,149.5039,2.0849
F003,2023-03-15,148.6584,-0.5655
F003,2023-03-16,148.4264,-0.1561
F003,2023-03-17,148.3431,-0.0561
F003,2023-03-20,147.5314,-0.5472
F003,2023-03-21,147.9645,0.2936
F003,2023-03-22,146.5651,-0.9458
F003,2023-03-23,144.4695,-1.4298
F003,2023-03-24,145.6968,0.8495
F003,2023-03-27,146.9474,0.8584
F003,2023-03-28,145.4697,-1.0056
F003,2023-03-29,147.2211,1.204
F003,2023-03-30,146.0712,-0.7811
F003,2023-03-31,146.6104,0.3691
F003,2023-04-03,148.2326,1.1065
F003,2023-04-04,148.2271,-0.0037
F003,2023-04-05,149.1627,0.6312
F003,2023-04-06,148.2209,-0.6314
F003,2023-04-07,147.9016,-0.2154
F003,2023-04-10,147.565,-0.2276
F003,2023-04-11,146.1918,-0.9306
F003,2023-04-12,145.9143,-0.1898
F003,2023-04-13,143.0351,-1.9732
F003,2023-04-14,142.179,-0.5985
F003,2023-04-17,141.7093,-0.3304
F003,2023-04-18,141.294,-0.2931
F003,2023-04-19,140.9069,-0.274
F003,2023-04-20,140.8501,-0.0403
F003,2023-04-21,141.7843,0.6633
F003,2023-04-24,143.4529,1.1769
F003,2023-04-25,142.2985,-0.8047
F003,2023-04-26,140.1296,-1.5242
F003,2023-04-27,138.2874,-1.3146
F003,2023-04-28,137.4669,-0.5933
F003,2023-05-01,136.893,-0.4175
F003,2023-05-02,135.5775,-0.961
F003,2023-05-03,133.3473,-1.645
F003,2023-05-04,132.6099,-0.553
F003,2023-05-05,132.9757,0.2758
F003,2023-05-08,134.0575,0.8135
F003,2023-05-09,133.1397,-0.6846
F003,2023-05-10,132.4781,-0.4969
F003,2023-05-11,130.9351,-1.1647
F003,2023-05-12,130.934,-0.0008
F003,2023-05-15,129.5422,-1.063
F003,2023-05-16,130.5592,0.7851
F003,2023-05-17,127.5803,-2.2816
F003,2023-05-18,127.0349,-0.4275
F003,2023-05-19,127.583,0.4315
F003,2023-05-22,127.9389,0.279
F003,2023-05-23,132.4691,3.5409
F003,2023-05-24,133.1245,0.4948
F003,2023-05-25,131.4401,-1.2653
F003,2023-05-26,131.3296,-0.0841
F003,2023-05-29,128.3496,-2.2691
F003,2023-05-30,128.2665,-0.0647
F003,2023-05-31,126.9287,-1.043
F003,2023-06-01,128.4899,1.23
F003,2023-06-02,127.6234,-0.6744
F003,2023-06-05,127.4807,-0.1118
F003,2023-06-06,126.4784,-0.7862
F003,2023-06-07,129.388,2.3005
F003,2023-06-08,128.8994,-0.3776
F003,2023-06-09,132.0218,2.4224
F003,2023-06-12,133.4719,1.0984
F003,2023-06-13,134.3617,0.6667
F003,2023-06-14,135.0595,0.5193
F003,2023-06-15,135.8049,0.5519
F003,2023-06-16,132.456,-2.466
F003,2023-06-19,132.0288,-0.3225
F003,2023-06-20,133.5322,1.1387
F003,2023-06-21,133.5007,-0.0236
F003,2023-06-22,131.1154,-1.7867
F003,2023-06-23,131.0785,-0.0281
F003,2023-06-26,134.0348,2.2554
F003,2023-06-27,136.2611,1.661
F003,2023-06-28,136.2058,-0.0406
F003,2023-06-29,137.945,1.2769
F003,2023-06-30,137.3429,-0.4365
F003,2023-07-03,134.3556,-2.1751
F003,2023-07-04,132.7946,-1.1618
F003,2023-07-05,135.5458,2.0718
F003,2023-07-06,135.1172,-0.3162
F003,2023-07-07,134.7437,-0.2764
F003,2023-07-10,134.2724,-0.3498
F003,2023-07-11,137.6499,2.5154
F003,2023-07-12,140.6145,2.1537
F003,2023-07-13,144.7267,2.9244
F003,2023-07-14,144.4854,-0.1667
F003,2023-07-17,145.0985,0.4243
F003,2023-07-18,142.2957,-1.9317
F003,2023-07-19,145.0847,1.96
F003,2023-07-20,142.9402,-1.4781
F003,2023-07-21,143.4002,0.3218
F003,2023-07-24,141.412,-1.3865
F003,2023-07-25,140.386,-0.7255
F003,2023-07-26,138.9141,-1.0485
F003,2023-07-27,137.8719,-0.7502
F003,2023-07-28,136.9608,-0.6608
F003,2023-07-31,136.0394,-0.6727
F003,2023-08-01,137.5676,1.1234
F003,2023-08-02,135.6467,-1.3963
F003,2023-08-03,136.0899,0.3267
F003,2023-08-04,138.2991,1.6233
F003,2023-08-07,137.4317,-0.6272
F003,2023-08-08,136.204,-0.8933
F003,2023-08-09,135.8503,-0.2597
F003,2023-08-10,137.9881,1.5736
F003,2023-08-11,138.3915,0.2923
F003,2023-08-14,137.4912,-0.6505
F003,2023-08-15,138.4111,0.6691
F003,2023-08-16,136.4831,-1.393
F003,2023-08-17,137.7466,0.9258
F003,2023-08-18,138.5334,0.5712
F003,2023-08-21,138.0345,-0.3601
F003,2023-08-22,136.5849,-1.0502
F003,2023-08-23,135.0651,-1.1127
F003,2023-08-24,136.0582,0.7353
F003,2023-08-25,138.2864,1.6377
F003,2023-08-28,137.196,-0.7885
F003,2023-08-29,138.0684,0.6359
F003,2023-08-30,134.3776,-2.6732
F003,2023-08-31,133.4101,-0.72
F003,2023-09-01,133.4096,-0.0004
F003,2023-09-04,131.8853,-1.1426
F003,2023-09-05,130.3324,-1.1775
F003,2023-09-06,129.2531,-0.8281
F003,2023-09-07,129.7958,0.4199
F003,2023-09-08,129.5316,-0.2036
F003,2023-09-11,125.8144,-2.8697
F003,2023-09-12,122.3961,-2.7169
F003,2023-09-13,121.4794,-0.749
F003,2023-09-14,122.2508,0.635
F003,2023-09-15,117.9332,-3.5318
F003,2023-09-18,117.2142,-0.6097
F003,2023-09-19,116.4592,-0.6441
F003,2023-09-20,118.6077,1.8449
F003,2023-09-21,118.0615,-0.4605
F003,2023-09-22,118.6965,0.5379
F003,2023-09-25,118.9619,0.2236
F003,2023-09-26,118.9619,0.0
F003,2023-09-27,116.9165,-1.7194
F003,2023-09-28,117.2907,0.3201
F003,2023-09-29,118.1126,0.7007
F003,2023-10-02,124.1884,5.1441
F003,2023-10-03,120.8734,-2.6693
F003,2023-10-04,123.6319,2.2821
F003,2023-10-05,123.2194,-0.3337
F003,2023-10-06,123.7289,0.4135
F003,2023-10-09,123.7052,-0.0192
F003,2023-10-10,123.0724,-0.5115
F003,2023-10-11,122.2099,-0.7008
F003,2023-10-12,122.7823,0.4684
F003,2023-10-13,120.4097,-1.9324
F003,2023-10-16,121.6328,1.0158
F003,2023-10-17,121.0234,-0.501
F003,2023-10-18,119.2939,-1.4291
F003,2023-10-19,118.6437,-0.545
F003,2023-10-20,120.6301,1.6743
F003,2023-10-23,119.8388,-0.656
F003,2023-10-24,120.4452,0.506
F003,2023-10-25,119.3489,-0.9102
F003,2023-10-26,120.5726,1.0253
F003,2023-10-27,121.6953,0.9311
F003,2023-10-30,124.6685,2.4432
F003,2023-10-31,124.4338,-0.1883
F003,2023-11-01,125.5652,0.9092
F003,2023-11-02,125.7755,0.1675
F003,2023-11-03,127.9447,1.7247
F003,2023-11-06,126.8003,-0.8944
F003,2023-11-07,128.0791,1.0085
F003,2023-11-08,127.8062,-0.2131
F003,2023-11-09,127.7507,-0.0434
F003,2023-11-10,127.9542,0.1593
F003,2023-11-13,128.425,0.3679
F003,2023-11-14,128.2823,-0.1111
F003,2023-11-15,128.6917,0.3191
F003,2023-11-16,131.3834,2.0916
F003,2023-11-17,133.1191,1.3211
F003,2023-11-20,134.6765,1.1699
F003,2023-11-21,133.9328,-0.5522
F003,2023-11-22,132.4381,-1.116
F003,2023-11-23,134.1358,1.2819
F003,2023-11-24,135.7171,1.1789
F003,2023-11-27,138.3697,1.9545
F003,2023-11-28,137.3386,-0.7452
F003,2023-11-29,136.9837,-0.2584
F003,2023-11-30,134.1189,-2.0913
F003,2023-12-01,133.4883,-0.4702
F003,2023-12-04,135.2711,1.3355
F003,2023-12-05,134.5049,-0.5664
F003,2023-12-06,135.6786,0.8726
F003,2023-12-07,135.3969,-0.2076
F003,2023-12-08,136.0215,0.4613
F003,2023-12-11,134.0465,-1.452
F003,2023-12-12,134.2486,0.1508
F003,2023-12-13,129.0821,-3.8485
F003,2023-12-14,128.8201,-0.203
F003,2023-12-15,126.1411,-2.0796
F003,2023-12-18,128.1692,1.6078
F003,2023-12-19,129.5158,1.0506
F003,2023-12-20,130.3533,0.6466
F003,2023-12-21,132.9829,2.0173
F003,2023-12-22,131.3956,-1.1936
F003,2023-12-25,134.4329,2.3116
F003,2023-12-26,136.1158,1.2519
F003,2023-12-27,136.1158,0.0
F003,2023-12-28,137.8101,1.2447
F003,2023-12-29,135.8833,-1.3982
F003,2024-01-01,134.4812,-1.0318
F003,2024-01-02,133.471,-0.7512
F003,2024-01-03,132.6065,-0.6477
F003,2024-01-04,130.8382,-1.3335
F003,2024-01-05,132.9709,1.63
F003,2024-01-08,132.5766,-0.2965
F003,2024-01-09,133.2372,0.4983
F003,2024-01-10,132.3026,-0.7015
F003,2024-01-11,129.2242,-2.3268
F003,2024-01-12,129.7296,0.3911
F003,2024-01-15,126.5565,-2.4459
F003,2024-01-16,126.4942,-0.0492
F003,2024-01-17,124.2947,-1.7388
F003,2024-01-18,127.5555,2.6234
F003,2024-01-19,129.1178,1.2248
F003,2024-01-22,129.347,0.1775
F003,2024-01-23,131.5237,1.6828
F003,2024-01-24,130.1293,-1.0602
F003,2024-01-25,131.1007,0.7465
F003,2024-01-26,131.4937,0.2998
F003,2024-01-29,131.9976,0.3832
F003,2024-01-30,134.2337,1.694
F003,2024-01-31,135.5656,0.9922
F003,2024-02-01,136.1287,0.4154
F003,2024-02-02,133.2545,-2.1114
F003,2024-02-05,131.6447,-1.2081
F003,2024-02-06,131.4874,-0.1195
F003,2024-02-07,131.6996,0.1614
F003,2024-02-08,129.8173,-1.4292
F003,2024-02-09,133.9392,3.1752
F003,2024-02-12,136.6331,2.0113
F003,2024-02-13,137.7573,0.8228
F003,2024-02-14,137.9414,0.1336
F003,2024-02-15,137.616,-0.2359
F003,2024-02-16,135.9681,-1.1975
F003,2024-02-19,136.1594,0.1407
F003,2024-02-20,136.6701,0.3751
F003,2024-02-21,134.5185,-1.5743
F003,2024-02-22,135.1567,0.4744
F003,2024-02-23,134.938,-0.1618
F003,2024-02-26,131.6453,-2.4402
F003,2024-02-27,130.2255,-1.0785
F003,2024-02-28,129.5774,-0.4977
F003,2024-02-29,132.8091,2.494
F003,2024-03-01,133.8231,0.7635
F003,2024-03-04,131.5533,-1.6961
F003,2024-03-05,132.4371,0.6718
F003,2024-03-06,129.8261,-1.9715
F003,2024-03-07,131.7053,1.4475
F003,2024-03-08,130.9513,-0.5725
F003,2024-03-11,130.8443,-0.0817
F003,2024-03-12,133.1518,1.7635
F003,2024-03-13,130.977,-1.6333
F003,2024-03-14,128.6505,-1.7763
F003,2024-03-15,127.7259,-0.7187
F003,2024-03-18,129.5012,1.3899
F003,2024-03-19,126.9952,-1.9351
F003,2024-03-20,122.3703,-3.6418
F003,2024-03-21,121.7015,-0.5465
F003,2024-03-22,122.6231,0.7573
F003,2024-03-25,124.5855,1.6004
F003,2024-03-26,123.8852,-0.5621
F003,2024-03-27,123.2721,-0.4949
F003,2024-03-28,125.1706,1.5401
F003,2024-03-29,122.1782,-2.3907
F003,2024-04-01,121.61,-0.4651
F003,2024-04-02,121.9597,0.2876
F003,2024-04-03,122.7207,0.624
F003,2024-04-04,121.9565,-0.6227
F003,2024-04-05,122.0599,0.0848
F003,2024-04-08,118.1603,-3.1948
F003,2024-04-09,117.1964,-0.8158
F003,2024-04-10,117.9342,0.6295
F003,2024-04-11,116.4754,-1.237
F003,2024-04-12,116.6113,0.1167
F003,2024-04-15,117.3354,0.621
F003,2024-04-16,116.8598,-0.4053
F003,2024-04-17,117.1655,0.2616
F003,2024-04-18,115.746,-1.2115
F003,2024-04-19,115.4814,-0.2286
F003,2024-04-22,116.4437,0.8333
F003,2024-04-23,116.7279,0.2441
F003,2024-04-24,115.8846,-0.7224
F003,2024-04-25,116.2687,0.3315
F003,2024-04-26,117.3953,0.969
F003,2024-04-29,114.3138,-2.6249
F003,2024-04-30,116.082,1.5468
F003,2024-05-01,115.621,-0.3971
F003,2024-05-02,116.3068,0.5931
F003,2024-05-03,118.1635,1.5964
F003,2024-05-06,116.1037,-1.7432
F003,2024-05-07,115.0793,-0.8823
F003,2024-05-08,114.6937,-0.3351
F003,2024-05-09,113.571,-0.9789
F003,2024-05-10,116.1779,2.2954
F003,2024-05-13,114.9304,-1.0738
F003,2024-05-14,114.1463,-0.6822
F003,2024-05-15,114.4953,0.3057
F003,2024-05-16,112.7518,-1.5228
F003,2024-05-17,112.2169,-0.4744
F003,2024-05-20,112.7249,0.4527
F003,2024-05-21,112.2822,-0.3927
F003,2024-05-22,112.1908,-0.0814
F003,2024-05-23,111.4637,-0.6481
F003,2024-05-24,109.3138,-1.9288
F003,2024-05-27,109.8145,0.458
F003,2024-05-28,112.3637,2.3214
F003,2024-05-29,112.4355,0.0639
F003,2024-05-30,112.8097,0.3328
F003,2024-05-31,113.8707,0.9405
F003,2024-06-03,112.0372,-1.6102
F003,2024-06-04,114.5617,2.2533
F003,2024-06-05,114.9089,0.3031
F003,2024-06-06,117.3926,2.1615
F003,2024-06-07,116.3209,-0.9129
F003,2024-06-10,119.1167,2.4035
F003,2024-06-11,120.3647,1.0477
F003,2024-06-12,121.2782,0.7589
F003,2024-06-13,121.6957,0.3442
F003,2024-06-14,121.3512,-0.2831
F003,2024-06-17,123.2937,1.6007
F003,2024-06-18,123.568,0.2225
F003,2024-06-19,120.4576,-2.5172
F003,2024-06-20,118.7563,-1.4124
F003,2024-06-21,118.5169,-0.2016
F003,2024-06-24,119.0419,0.443
F003,2024-06-25,119.0019,-0.0336
F003,2024-06-26,120.9353,1.6247
F003,2024-06-27,117.9162,-2.4965
F003,2024-06-28,118.1835,0.2267
F003,2024-07-01,115.4377,-2.3233
F003,2024-07-02,116.624,1.0277
F003,2024-07-03,116.5274,-0.0828
F003,2024-07-04,117.2097,0.5855
F003,2024-07-05,115.9403,-1.083
F003,2024-07-08,117.9151,1.7033
F003,2024-07-09,119.5591,1.3942
F003,2024-07-10,120.5139,0.7986
F003,2024-07-11,120.3592,-0.1284
F003,2024-07-12,121.3146,0.7938
F003,2024-07-15,120.2483,-0.879
F003,2024-07-16,121.6338,1.1522
F003,2024-07-17,124.2907,2.1843
F003,2024-07-18,126.0703,1.4318
F003,2024-07-19,124.925,-0.9085
F003,2024-07-22,125.5619,0.5098
F003,2024-07-23,123.5013,-1.6411
F003,2024-07-24,124.4697,0.7841
F003,2024-07-25,125.2486,0.6258
F003,2024-07-26,122.2542,-2.3908
F003,2024-07-29,120.4567,-1.4703
F003,2024-07-30,120.0615,-0.3281
F003,2024-07-31,119.6399,-0.3512
F003,2024-08-01,117.8066,-1.5323
F003,2024-08-02,118.4494,0.5456
F003,2024-08-05,118.884,0.3669
F003,2024-08-06,118.6313,-0.2126
F003,2024-08-07,117.5132,-0.9425
F003,2024-08-08,119.1623,1.4033
F003,2024-08-09,121.7744,2.1921
F003,2024-08-12,121.0576,-0.5886
F003,2024-08-13,120.1426,-0.7558
F003,2024-08-14,120.9579,0.6786
F003,2024-08-15,120.4433,-0.4254
F003,2024-08-16,120.2732,-0.1412
F003,2024-08-19,121.4778,1.0016
F003,2024-08-20,118.5111,-2.4422
F003,2024-08-21,120.5895,1.7538
F003,2024-08-22,120.7517,0.1345
F003,2024-08-23,120.1541,-0.4949
F003,2024-08-26,120.0628,-0.076
F003,2024-08-27,120.0522,-0.0088
F003,2024-08-28,117.3984,-2.2105
F003,2024-08-29,119.7269,1.9834
F003,2024-08-30,119.8391,0.0937
F003,2024-09-02,120.5772,0.6159
F003,2024-09-03,122.117,1.277
F003,2024-09-04,120.5447,-1.2875
F003,2024-09-05,121.3349,0.6555
F003,2024-09-06,120.9613,-0.3079
F003,2024-09-09,122.3412,1.1408
F003,2024-09-10,119.0069,-2.7254
F003,2024-09-11,118.9012,-0.0888
F003,2024-09-12,118.017,-0.7436
F003,2024-09-13,118.7274,0.6019
F003,2024-09-16,119.5004,0.6511
F003,2024-09-17,118.4489,-0.8799
F003,2024-09-18,117.3996,-0.8859
F003,2024-09-19,117.2777,-0.1038
F003,2024-09-20,115.9576,-1.1256
F003,2024-09-23,117.2732,1.1346
F003,2024-09-24,116.7572,-0.44
F003,2024-09-25,112.3915,-3.7391
F003,2024-09-26,111.8888,-0.4473
F003,2024-09-27,110.4229,-1.3101
F003,2024-09-30,108.1254,-2.0806
F003,2024-10-01,106.4293,-1.5686
F003,2024-10-02,106.6232,0.1822
F003,2024-10-03,108.5075,1.7673
F003,2024-10-04,108.9927,0.4472
F003,2024-10-07,108.1769,-0.7485
F003,2024-10-08,108.8613,0.6327
F003,2024-10-09,108.2551,-0.5569
F003,2024-10-10,107.3209,-0.863
F003,2024-10-11,105.7533,-1.4607
F003,2024-10-14,103.3872,-2.2374
F003,2024-10-15,102.9045,-0.4669
F003,2024-10-16,103.1571,0.2455
F003,2024-10-17,103.0688,-0.0856
F003,2024-10-18,102.5527,-0.5007
F003,2024-10-21,101.3329,-1.1894
F003,2024-10-22,102.1747,0.8307
F003,2024-10-23,100.4661,-1.6722
F003,2024-10-24,101.5198,1.0488
F003,2024-10-25,101.5198,0.0
F003,2024-10-28,99.2973,-2.1892
F003,2024-10-29,97.4436,-1.8668
F003,2024-10-30,96.8474,-0.6118
F003,2024-10-31,96.8474,0.0
F003,2024-11-01,98.811,2.0275
F003,2024-11-04,100.1073,1.3119
F003,2024-11-05,100.8269,0.7188
F003,2024-11-06,99.4206,-1.3948
F003,2024-11-07,99.0328,-0.3901
F003,2024-11-08,98.068,-0.9742
F003,2024-11-11,99.8036,1.7698
F003,2024-11-12,98.2908,-1.5158
F003,2024-11-13,99.4721,1.2018
F003,2024-11-14,100.6666,1.2008
F003,2024-11-15,103.1012,2.4185
F003,2024-11-18,102.5933,-0.4926
F003,2024-11-19,103.5844,0.966
F003,2024-11-20,106.6983,3.0061
F003,2024-11-21,105.8843,-0.7629
F003,2024-11-22,103.8137,-1.9555
F003,2024-11-25,101.318,-2.404
F003,2024-11-26,102.2973,0.9666
F003,2024-11-27,99.8339,-2.4081
F003,2024-11-28,99.3906,-0.444
F003,2024-11-29,99.9954,0.6085
F003,2024-12-02,100.2761,0.2807
F003,2024-12-03,100.8708,0.5931
F003,2024-12-04,101.2026,0.3289
F003,2024-12-05,102.9256,1.7025
F003,2024-12-06,101.6925,-1.198
F003,2024-12-09,100.8382,-0.8401
F003,2024-12-10,99.8657,-0.9644
F003,2024-12-11,100.9834,1.1192
F003,2024-12-12,102.2058,1.2105
F003,2024-12-13,102.8462,0.6266
F003,2024-12-16,104.4697,1.5786
F003,2024-12-17,102.9116,-1.4914
F003,2024-12-18,105.1833,2.2074
F003,2024-12-19,107.3082,2.0202
F003,2024-12-20,108.3773,0.9963
F003,2024-12-23,110.931,2.3563
F003,2024-12-24,108.5864,-2.1136
F003,2024-12-25,107.8895,-0.6418
F003,2024-12-26,106.9013,-0.9159
F003,2024-12-27,107.9467,0.9779
F003,2024-12-30,106.5162,-1.3252
F003,2024-12-31,107.6077,1.0247
F003,2025-01-01,109.568,1.8217
F003,2025-01-02,110.6021,0.9438
F003,2025-01-03,111.0543,0.4089
F003,2025-01-06,109.6725,-1.2443
F003,2025-01-07,108.509,-1.0609
F003,2025-01-08,110.3151,1.6645
F003,2025-01-09,111.4769,1.0532
F003,2025-01-10,111.4649,-0.0108
F003,2025-01-13,110.9039,-0.5033
F003,2025-01-14,108.0276,-2.5935
F003,2025-01-15,106.567,-1.3521
F003,2025-01-16,109.2577,2.5249
F003,2025-01-17,107.4827,-1.6246
F003,2025-01-20,107.7904,0.2863
F003,2025-01-21,109.2452,1.3497
F003,2025-01-22,107.5067,-1.5914
F003,2025-01-23,107.8079,0.2802
F003,2025-01-24,109.1655,1.2593
F003,2025-01-27,109.2269,0.0562
F003,2025-01-28,113.3436,3.7689
F003,2025-01-29,110.9303,-2.1292
F003,2025-01-30,112.5015,1.4164
F003,2025-01-31,112.2938,-0.1846
F003,2025-02-03,113.4656,1.0435
F003,2025-02-04,114.1619,0.6137
F003,2025-02-05,113.1195,-0.9131
F003,2025-02-06,113.5015,0.3377
F003,2025-02-07,110.8055,-2.3753
F003,2025-02-10,111.7188,0.8242
F003,2025-02-11,112.1965,0.4276
F003,2025-02-12,113.1729,0.8703
F003,2025-02-13,114.7749,1.4155
F003,2025-02-14,115.3693,0.5179
F003,2025-02-17,115.6376,0.2326
F003,2025-02-18,114.3594,-1.1053
F003,2025-02-19,113.3463,-0.8859
F003,2025-02-20,115.1403,1.5828
F003,2025-02-21,117.3363,1.9072
F003,2025-02-24,117.02,-0.2696
F003,2025-02-25,117.1368,0.0998
F003,2025-02-26,115.8061,-1.136
F003,2025-02-27,117.618,1.5646
F003,2025-02-28,118.6825,0.905
F003,2025-03-03,121.725,2.5636
F003,2025-03-04,120.3838,-1.1018
F003,2025-03-05,119.8404,-0.4514
F003,2025-03-06,120.2489,0.3409
F003,2025-03-07,121.3076,0.8804
F003,2025-03-10,121.016,-0.2404
F003,2025-03-11,119.6911,-1.0948
F003,2025-03-12,121.1104,1.1858
F003,2025-03-13,122.2942,0.9775
F003,2025-03-14,120.8864,-1.1512
F003,2025-03-17,123.0649,1.8021
F003,2025-03-18,124.9863,1.5613
F003,2025-03-19,125.2545,0.2146
F003,2025-03-20,125.4342,0.1435
F003,2025-03-21,126.3878,0.7602
F003,2025-03-24,126.3878,0.0
F003,2025-03-25,125.1213,-1.0021
F003,2025-03-26,121.6703,-2.7581
F003,2025-03-27,123.1053,1.1794
F003,2025-03-28,120.6556,-1.9899
F003,2025-03-31,123.062,1.9944
F003,2025-04-01,122.5831,-0.3892
F003,2025-04-02,122.2948,-0.2352
F003,2025-04-03,121.3457,-0.7761
F003,2025-04-04,120.9399,-0.3344
F003,2025-04-07,123.2185,1.8841
F003,2025-04-08,119.2827,-3.1942
F003,2025-04-09,121.3106,1.7001
F003,2025-04-10,121.8922,0.4794
F003,2025-04-11,120.0283,-1.5291
F003,2025-04-14,118.3984,-1.3579
F003,2025-04-15,121.026,2.2193
F003,2025-04-16,119.5868,-1.1892
F003,2025-04-17,117.8416,-1.4594
F003,2025-04-18,119.631,1.5185
F003,2025-04-21,120.2054,0.4801
F003,2025-04-22,118.7878,-1.1793
F003,2025-04-23,119.1698,0.3216
F003,2025-04-24,117.6284,-1.2934
F003,2025-04-25,119.3588,1.4711
F003,2025-04-28,121.0534,1.4198
F003,2025-04-29,121.939,0.7316
F003,2025-04-30,122.5611,0.5102
F003,2025-05-01,125.4162,2.3295
F003,2025-05-02,125.4659,0.0396
F003,2025-05-05,123.5884,-1.4964
F003,2025-05-06,124.36,0.6243
F003,2025-05-07,127.7822,2.7518
F003,2025-05-08,126.1476,-1.2792
F003,2025-05-09,125.6053,-0.4299
F003,2025-05-12,126.3355,0.5813
F003,2025-05-13,126.2975,-0.0301
F003,2025-05-14,124.7352,-1.237
F003,2025-05-15,126.6043,1.4985
F003,2025-05-16,130.4734,3.0561
F003,2025-05-19,130.8583,0.295
F003,2025-05-20,129.3727,-1.1353
F003,2025-05-21,126.8193,-1.9737
F003,2025-05-22,127.2953,0.3753
F003,2025-05-23,129.173,1.4751
F003,2025-05-26,130.0226,0.6577
F003,2025-05-27,130.0705,0.0368
F003,2025-05-28,129.1261,-0.7261
F003,2025-05-29,127.3444,-1.3798
F003,2025-05-30,128.7772,1.1251
F003,2025-06-02,130.3585,1.2279
F003,2025-06-03,127.7912,-1.9694
F003,2025-06-04,130.4835,2.1068
F003,2025-06-05,131.5095,0.7863
F003,2025-06-06,133.9549,1.8595
F003,2025-06-09,131.6713,-1.7048
F003,2025-06-10,129.3861,-1.7355
F003,2025-06-11,129.1873,-0.1536
F003,2025-06-12,130.0834,0.6936
F003,2025-06-13,133.1732,2.3752
F003,2025-06-16,134.4489,0.9579
F003,2025-06-17,134.0785,-0.2755
F003,2025-06-18,132.3431,-1.2943
F003,2025-06-19,134.5122,1.639
F003,2025-06-20,132.8791,-1.2141
F003,2025-06-23,135.7453,2.157
F003,2025-06-24,135.2977,-0.3297
F003,2025-06-25,138.1494,2.1077
F003,2025-06-26,139.424,0.9226
F003,2025-06-27,139.2315,-0.1381
F003,2025-06-30,138.3471,-0.6352
F003,2025-07-01,137.7893,-0.4032
F003,2025-07-02,138.6116,0.5968
F003,2025-07-03,138.8061,0.1403
F003,2025-07-04,137.7901,-0.732
F003,2025-07-07,137.5485,-0.1753
F003,2025-07-08,137.744,0.1421
F003,2025-07-09,133.9872,-2.7274
F003,2025-07-10,134.8388,0.6356
F003,2025-07-11,133.1754,-1.2336
F003,2025-07-14,131.2319,-1.4594
F003,2025-07-15,128.4058,-2.1535
F003,2025-07-16,125.4627,-2.292
F003,2025-07-17,123.3021,-1.7221
F003,2025-07-18,122.2149,-0.8817
F003,2025-07-21,125.3671,2.5792
F003,2025-07-22,124.5602,-0.6436
F003,2025-07-23,124.8979,0.2711
F003,2025-07-24,125.5981,0.5606
F003,2025-07-25,125.8623,0.2104
F003,2025-07-28,125.7859,-0.0607
F003,2025-07-29,123.8817,-1.5138
F003,2025-07-30,126.2679,1.9262
F003,2025-07-31,126.2679,0.0
F003,2025-08-01,126.5086,0.1906
F003,2025-08-04,124.8751,-1.2912
F003,2025-08-05,124.4708,-0.3238
F003,2025-08-06,122.9599,-1.2139
F003,2025-08-07,123.8179,0.6978
F003,2025-08-08,122.6952,-0.9067
F003,2025-08-11,126.1976,2.8546
F003,2025-08-12,128.2013,1.5877
F003,2025-08-13,128.6069,0.3164
F003,2025-08-14,130.3754,1.3751
F003,2025-08-15,132.3019,1.4777
F003,2025-08-18,131.3849,-0.6931
F003,2025-08-19,130.0434,-1.021
F003,2025-08-20,130.2275,0.1416
F003,2025-08-21,131.7383,1.1601
F003,2025-08-22,132.0291,0.2207
F003,2025-08-25,129.3752,-2.0101
F003,2025-08-26,128.0767,-1.0037
F003,2025-08-27,128.0048,-0.0561
F003,2025-08-28,127.9301,-0.0584
F003,2025-08-29,131.2618,2.6043
F003,2025-09-01,128.9493,-1.7617
F003,2025-09-02,129.8484,0.6973
F003,2025-09-03,132.414,1.9758
F003,2025-09-04,136.377,2.9929
F003,2025-09-05,135.7146,-0.4857
F003,2025-09-08,136.6359,0.6789
F003,2025-09-09,137.7026,0.7807
F003,2025-09-10,138.1076,0.2941
F003,2025-09-11,137.9854,-0.0885
F003,2025-09-12,138.8227,0.6068
F003,2025-09-15,134.3083,-3.2519
F003,2025-09-16,135.5529,0.9267
F003,2025-09-17,135.8295,0.2041
F003,2025-09-18,135.491,-0.2492
F003,2025-09-19,139.1505,2.7009
F003,2025-09-22,137.9852,-0.8374
F003,2025-09-23,137.3174,-0.484
F003,2025-09-24,140.9275,2.629
F003,2025-09-25,139.4595,-1.0417
F003,2025-09-26,138.5179,-0.6752
F003,2025-09-29,138.3086,-0.1511
F003,2025-09-30,139.8756,1.133
F003,2025-10-01,140.3094,0.3101
F003,2025-10-02,138.0077,-1.6404
F003,2025-10-03,137.1081,-0.6518
F003,2025-10-06,136.0804,-0.7496
F003,2025-10-07,135.9982,-0.0604
F003,2025-10-08,136.8055,0.5936
F003,2025-10-09,137.604,0.5837
F003,2025-10-10,134.482,-2.2688
F003,2025-10-13,136.3958,1.4231
F003,2025-10-14,136.8982,0.3683
F003,2025-10-15,139.417,1.8399
F003,2025-10-16,140.2778,0.6174
F003,2025-10-17,142.3423,1.4717
F003,2025-10-20,143.2626,0.6465
F003,2025-10-21,145.8271,1.7901
F003,2025-10-22,146.8755,0.7189
F003,2025-10-23,146.7473,-0.0873
F003,2025-10-24,151.1412,2.9942
F003,2025-10-27,152.9485,1.1958
F003,2025-10-28,154.1505,0.7859
F003,2025-10-29,151.6545,-1.6192
F003,2025-10-30,149.1753,-1.6348
F003,2025-10-31,149.8026,0.4205
F003,2025-11-03,150.1459,0.2292
F003,2025-11-04,149.0073,-0.7583
F003,2025-11-05,149.34,0.2233
F003,2025-11-06,152.4839,2.1052
F003,2025-11-07,153.9234,0.944
F003,2025-11-10,151.7018,-1.4433
F003,2025-11-11,151.5426,-0.1049
F003,2025-11-12,150.0174,-1.0064
F003,2025-11-13,149.3213,-0.464
F003,2025-11-14,148.5781,-0.4977
F003,2025-11-17,147.715,-0.5809
F003,2025-11-18,145.3639,-1.5916
F003,2025-11-19,145.1808,-0.126
F003,2025-11-20,144.1808,-0.6888
F003,2025-11-21,138.7477,-3.7683
F003,2025-11-24,142.5062,2.7089
F003,2025-11-25,144.5802,1.4554
F003,2025-11-26,143.9308,-0.4492
F003,2025-11-27,144.0236,0.0645
F003,2025-11-28,141.8875,-1.4832
F003,2025-12-01,145.0721,2.2445
F003,2025-12-02,148.7083,2.5065
F003,2025-12-03,149.0707,0.2437
F003,2025-12-04,151.1138,1.3706
F003,2025-12-05,151.5186,0.2679
F003,2025-12-08,148.9462,-1.6977
F003,2025-12-09,148.2084,-0.4953
F003,2025-12-10,148.5219,0.2115
F003,2025-12-11,147.7037,-0.5509
F003,2025-12-12,147.3429,-0.2443
F003,2025-12-15,147.2268,-0.0788
F003,2025-12-16,147.1309,-0.0651
F003,2025-12-17,147.2897,0.1079
F003,2025-12-18,145.3178,-1.3388
F003,2025-12-19,144.0214,-0.8921
F003,2025-12-22,141.6739,-1.63
F003,2025-12-23,143.5315,1.3112
F003,2025-12-24,139.66,-2.6973
F003,2025-12-25,141.8103,1.5397
F003,2025-12-26,144.4228,1.8422
F003,2025-12-29,143.9132,-0.3529
F003,2025-12-30,139.1006,-3.3441
F003,2025-12-31,138.5029,-0.4297
F003,2026-01-01,138.4427,-0.0435
F003,2026-01-02,138.4427,0.0
F003,2026-01-05,135.8184,-1.8956
F003,2026-01-06,138.5745,2.0293
F003,2026-01-07,139.8278,0.9044
F003,2026-01-08,138.2031,-1.1619
F003,2026-01-09,135.3881,-2.0369
F003,2026-01-12,134.8667,-0.3851
F003,2026-01-13,134.5464,-0.2375
F003,2026-01-14,135.4681,0.685
F003,2026-01-15,134.5795,-0.6559
F003,2026-01-16,135.5282,0.7049
F003,2026-01-19,138.9919,2.5557
F003,2026-01-20,140.521,1.1001
F003,2026-01-21,140.4894,-0.0225
F003,2026-01-22,140.2111,-0.1981
F003,2026-01-23,139.6171,-0.4236
F003,2026-01-26,141.8158,1.5748
F003,2026-01-27,140.716,-0.7755
F003,2026-01-28,140.855,0.0988
F003,2026-01-29,141.0051,0.1066
F003,2026-01-30,140.1417,-0.6123
F003,2026-02-02,137.6973,-1.7442
F003,2026-02-03,138.3305,0.4598
F003,2026-02-04,138.2761,-0.0393
F003,2026-02-05,139.2306,0.6903
F003,2026-02-06,138.3205,-0.6537
F003,2026-02-09,140.5711,1.6271
F003,2026-02-10,139.0251,-1.0998
F003,2026-02-11,142.1749,2.2656
F003,2026-02-12,139.0017,-2.2319
F003,2026-02-13,139.8429,0.6052
F003,2026-02-16,140.7632,0.6581
F003,2026-02-17,139.3637,-0.9942
F003,2026-02-18,140.1883,0.5917
F003,2026-02-19,142.5762,1.7034
F003,2026-02-20,138.5244,-2.8418
F003,2026-02-23,139.4852,0.6936
F003,2026-02-24,135.0199,-3.2013
F003,2026-02-25,133.3789,-1.2154
F003,2026-02-26,136.2571,2.1579
F003,2026-02-27,135.2811,-0.7163
F003,2026-03-02,133.2708,-1.486
F003,2026-03-03,132.9812,-0.2173
F003,2026-03-04,136.6093,2.7283
F003,2026-03-05,133.411,-2.3412
F003,2026-03-06,131.641,-1.3267
F003,2026-03-09,134.2563,1.9867
F003,2026-03-10,137.5523,2.455
F003,2026-03-11,137.4224,-0.0944
F003,2026-03-12,135.2638,-1.5708
F003,2026-03-13,139.0033,2.7646
F003,2026-03-16,141.9401,2.1128
F003,2026-03-17,143.2497,0.9226
F003,2026-03-18,141.7941,-1.0161
F003,2026-03-19,141.7604,-0.0238
F003,2026-03-20,141.5216,-0.1685
F003,2026-03-23,142.1869,0.4701
F003,2026-03-24,144.9258,1.9263
F003,2026-03-25,146.6406,1.1832
F003,2026-03-26,144.6454,-1.3606
F003,2026-03-27,147.2916,1.8294
F003,2026-03-30,147.9501,0.4471
F003,2026-03-31,149.3307,0.9332
F003,2026-04-01,152.2374,1.9465
F003,2026-04-02,150.0984,-1.405
F003,2026-04-03,150.0885,-0.0066
F003,2026-04-06,149.1116,-0.6509
F003,2026-04-07,146.132,-1.9982
F003,2026-04-08,146.8491,0.4907
F003,2026-04-09,151.7025,3.305
F003,2026-04-10,148.1343,-2.3521
F003,2026-04-13,148.1314,-0.002
F003,2026-04-14,149.4242,0.8727
F003,2026-04-15,149.7231,0.2
F003,2026-04-16,149.5628,-0.1071
F003,2026-04-17,147.0965,-1.649
F003,2026-04-20,147.6005,0.3426
F003,2026-04-21,146.2075,-0.9438
F003,2026-04-22,142.1036,-2.8069
F003,2026-04-23,144.3673,1.593
F003,2026-04-24,146.2237,1.2859
F003,2026-04-27,146.3804,0.1072
F003,2026-04-28,146.8749,0.3378
F003,2026-04-29,148.9849,1.4366
F003,2026-04-30,149.479,0.3316
F003,2026-05-01,151.2955,1.2152
F003,2026-05-04,150.7709,-0.3467
F003,2026-05-05,153.4027,1.7456
F003,2026-05-06,154.1038,0.457
F003,2026-05-07,154.5542,0.2923
F003,2026-05-08,152.0642,-1.6111
F003,2026-05-11,152.6923,0.413
F003,2026-05-12,151.1019,-1.0416
F003,2026-05-13,149.9085,-0.7898
F003,2026-05-14,148.3795,-1.02
F003,2026-05-15,146.3822,-1.3461
F003,2026-05-18,150.4841,2.8022
F003,2026-05-19,153.1488,1.7708
F003,2026-05-20,157.0334,2.5365
F003,2026-05-21,154.5998,-1.5497
F003,2026-05-22,154.8048,0.1326
F003,2026-05-25,152.2636,-1.6416
F003,2026-05-26,150.9474,-0.8644
F003,2026-05-27,149.2061,-1.1536
F003,2026-05-28,151.6702,1.6515
F003,2026-05-29,150.9496,-0.4751
F003,2026-06-01,153.1065,1.4289
F003,2026-06-02,154.3702,0.8254
F003,2026-06-03,159.0549,3.0347
F003,2026-06-04,156.0595,-1.8832
F003,2026-06-05,158.6766,1.677
F003,2026-06-08,161.1049,1.5303
F003,2026-06-09,159.1307,-1.2254
F003,2026-06-10,161.2778,1.3493
F003,2026-06-11,162.0471,0.477
F003,2026-06-12,161.6327,-0.2557
F003,2026-06-15,159.9661,-1.0311
F003,2026-06-16,158.5347,-0.8948
F003,2026-06-17,162.8227,2.7048
F003,2026-06-18,162.8893,0.0409
F003,2026-06-19,164.6107,1.0568
F003,2026-06-22,162.9841,-0.9881
F003,2026-06-23,161.3969,-0.9738
F003,2026-06-24,163.7316,1.4466
F003,2026-06-25,160.9245,-1.7145
F003,2026-06-26,160.1202,-0.4998
F003,2026-06-29,160.2551,0.0842
F003,2026-06-30,160.5512,0.1848
F003,2026-07-01,160.2416,-0.1928
F003,2026-07-02,161.1302,0.5545
F003,2026-07-03,162.646,0.9407
F003,2026-07-06,164.2644,0.995
F003,2026-07-07,162.225,-1.2415
F003,2026-07-08,161.6906,-0.3294
F003,2026-07-09,164.2666,1.5932
F003,2026-07-10,166.2428,1.203
F003,2026-07-13,163.3423,-1.7447
F003,2026-07-14,164.154,0.4969
F003,2026-07-15,159.9981,-2.5317
F003,2026-07-16,160.1597,0.101
F003,2026-07-17,164.1751,2.5071
F003,2026-07-20,162.2177,-1.1923
F003,2026-07-21,160.5231,-1.0446
F003,2026-07-22,162.1817,1.0332
F003,2026-07-23,158.9938,-1.9656
F003,2026-07-24,157.7495,-0.7826
F003,2026-07-27,159.0357,0.8153
F003,2026-07-28,157.788,-0.7845
F003,2026-07-29,157.3671,-0.2668
F003,2026-07-30,158.9525,1.0075
F003,2026-07-31,159.8872,0.588
F003,2026-08-03,160.5057,0.3868
F003,2026-08-04,159.8623,-0.4009
F003,2026-08-05,160.6953,0.5211
F003,2026-08-06,160.5011,-0.1208
F003,2026-08-07,161.5205,0.6351
F003,2026-08-10,160.5417,-0.606
F003,2026-08-11,160.2249,-0.1973
F003,2026-08-12,158.227,-1.2469
F003,2026-08-13,158.2183,-0.0055
F003,2026-08-14,156.6135,-1.0143
F003,2026-08-17,154.408,-1.4082
F003,2026-08-18,154.989,0.3763
F003,2026-08-19,155.4796,0.3165
F003,2026-08-20,157.1242,1.0578
F003,2026-08-21,156.3064,-0.5205
F003,2026-08-24,157.1981,0.5705
F003,2026-08-25,158.3866,0.7561
F003,2026-08-26,159.3658,0.6182
F003,2026-08-27,157.719,-1.0333
F003,2026-08-28,158.0883,0.2342
F003,2026-08-31,158.8999,0.5134
F003,2026-09-01,158.9783,0.0493
F003,2026-09-02,154.7297,-2.6724
F003,2026-09-03,155.1144,0.2486
F003,2026-09-04,159.638,2.9163
F004,2022-01-03,97.2743,
F004,2022-01-04,97.157,-0.1206
F004,2022-01-05,97.2538,0.0996
F004,2022-01-06,97.3389,0.0875
F004,2022-01-07,97.5954,0.2635
F004,2022-01-10,97.3743,-0.2265
F004,2022-01-11,97.5411,0.1713
F004,2022-01-12,97.6807,0.1431
F004,2022-01-13,97.6774,-0.0034
F004,2022-01-14,97.768,0.0928
F004,2022-01-17,97.9937,0.2309
F004,2022-01-18,98.1892,0.1995
F004,2022-01-19,97.9893,-0.2036
F004,2022-01-20,98.1745,0.189
F004,2022-01-21,98.1863,0.012
F004,2022-01-24,98.2252,0.0396
F004,2022-01-25,98.2641,0.0396
F004,2022-01-26,98.2591,-0.0051
F004,2022-01-27,98.2591,0.0
F004,2022-01-28,98.526,0.2716
F004,2022-01-31,98.33,-0.1989
F004,2022-02-01,98.2772,-0.0537
F004,2022-02-02,98.3369,0.0607
F004,2022-02-03,98.6032,0.2708
F004,2022-02-04,98.7468,0.1456
F004,2022-02-07,98.6035,-0.1451
F004,2022-02-08,99.1182,0.522
F004,2022-02-09,99.1955,0.078
F004,2022-02-10,99.4733,0.2801
F004,2022-02-11,99.468,-0.0053
F004,2022-02-14,99.599,0.1317
F004,2022-02-15,99.7911,0.1929
F004,2022-02-16,100.0592,0.2687
F004,2022-02-17,100.2958,0.2365
F004,2022-02-18,100.4958,0.1994
F004,2022-02-21,100.4576,-0.038
F004,2022-02-22,100.3678,-0.0894
F004,2022-02-23,100.4597,0.0916
F004,2022-02-24,100.6723,0.2116
F004,2022-02-25,100.6526,-0.0196
F004,2022-02-28,100.8922,0.238
F004,2022-03-01,101.2105,0.3155
F004,2022-03-02,101.0503,-0.1583
F004,2022-03-03,100.9064,-0.1424
F004,2022-03-04,100.9033,-0.0031
F004,2022-03-07,100.9033,0.0
F004,2022-03-08,100.9099,0.0065
F004,2022-03-09,101.208,0.2954
F004,2022-03-10,101.3191,0.1098
F004,2022-03-11,101.3524,0.0329
F004,2022-03-14,101.0867,-0.2622
F004,2022-03-15,100.8459,-0.2382
F004,2022-03-16,100.9278,0.0812
F004,2022-03-17,100.5226,-0.4015
F004,2022-03-18,100.7513,0.2275
F004,2022-03-21,100.7446,-0.0067
F004,2022-03-22,101.4232,0.6736
F004,2022-03-23,101.9167,0.4866
F004,2022-03-24,101.9052,-0.0113
F004,2022-03-25,101.909,0.0037
F004,2022-03-28,102.1374,0.2241
F004,2022-03-29,102.5108,0.3656
F004,2022-03-30,102.2006,-0.3026
F004,2022-03-31,101.861,-0.3323
F004,2022-04-01,101.7597,-0.0994
F004,2022-04-04,101.9037,0.1415
F004,2022-04-05,102.0304,0.1243
F004,2022-04-06,102.2742,0.2389
F004,2022-04-07,102.0544,-0.2149
F004,2022-04-08,101.6072,-0.4382
F004,2022-04-11,101.807,0.1966
F004,2022-04-12,101.6638,-0.1407
F004,2022-04-13,101.2788,-0.3787
F004,2022-04-14,101.3335,0.054
F004,2022-04-15,101.5196,0.1837
F004,2022-04-18,101.5202,0.0006
F004,2022-04-19,101.4526,-0.0666
F004,2022-04-20,101.4456,-0.0069
F004,2022-04-21,101.3958,-0.0491
F004,2022-04-22,101.1478,-0.2446
F004,2022-04-25,101.0285,-0.1179
F004,2022-04-26,101.1591,0.1293
F004,2022-04-27,101.2495,0.0894
F004,2022-04-28,101.3088,0.0586
F004,2022-04-29,101.1325,-0.174
F004,2022-05-02,101.1211,-0.0113
F004,2022-05-03,100.7061,-0.4104
F004,2022-05-04,100.7672,0.0607
F004,2022-05-05,101.0804,0.3108
F004,2022-05-06,100.8077,-0.2698
F004,2022-05-09,100.7148,-0.0922
F004,2022-05-10,100.8063,0.0909
F004,2022-05-11,101.0841,0.2756
F004,2022-05-12,101.0188,-0.0646
F004,2022-05-13,100.9042,-0.1134
F004,2022-05-16,100.5321,-0.3688
F004,2022-05-17,100.578,0.0457
F004,2022-05-18,101.0139,0.4334
F004,2022-05-19,101.0952,0.0805
F004,2022-05-20,101.116,0.0206
F004,2022-05-23,101.2064,0.0894
F004,2022-05-24,101.2295,0.0228
F004,2022-05-25,101.0902,-0.1376
F004,2022-05-26,101.2819,0.1896
F004,2022-05-27,101.353,0.0702
F004,2022-05-30,101.3819,0.0285
F004,2022-05-31,101.2095,-0.1701
F004,2022-06-01,101.2095,0.0
F004,2022-06-02,101.659,0.4441
F004,2022-06-03,101.572,-0.0856
F004,2022-06-06,101.8009,0.2254
F004,2022-06-07,101.725,-0.0746
F004,2022-06-08,101.5913,-0.1314
F004,2022-06-09,101.4623,-0.127
F004,2022-06-10,101.1283,-0.3292
F004,2022-06-13,101.249,0.1194
F004,2022-06-14,100.9035,-0.3412
F004,2022-06-15,100.6808,-0.2207
F004,2022-06-16,100.288,-0.3901
F004,2022-06-17,100.2958,0.0078
F004,2022-06-20,100.2907,-0.0051
F004,2022-06-21,100.2502,-0.0404
F004,2022-06-22,100.0662,-0.1835
F004,2022-06-23,99.8566,-0.2095
F004,2022-06-24,99.9743,0.1179
F004,2022-06-27,99.8892,-0.0851
F004,2022-06-28,99.9774,0.0883
F004,2022-06-29,99.8254,-0.152
F004,2022-06-30,99.8865,0.0612
F004,2022-07-01,100.1718,0.2856
F004,2022-07-04,100.3143,0.1423
F004,2022-07-05,100.2566,-0.0575
F004,2022-07-06,100.3332,0.0764
F004,2022-07-07,100.31,-0.0231
F004,2022-07-08,100.3367,0.0266
F004,2022-07-11,100.2964,-0.0402
F004,2022-07-12,100.2885,-0.0079
F004,2022-07-13,100.3561,0.0674
F004,2022-07-14,100.1818,-0.1737
F004,2022-07-15,100.0033,-0.1782
F004,2022-07-18,99.7506,-0.2527
F004,2022-07-19,99.4563,-0.295
F004,2022-07-20,99.239,-0.2185
F004,2022-07-21,99.2955,0.0569
F004,2022-07-22,99.143,-0.1536
F004,2022-07-25,99.2696,0.1277
F004,2022-07-26,99.3013,0.0319
F004,2022-07-27,98.9352,-0.3687
F004,2022-07-28,99.0895,0.156
F004,2022-07-29,99.275,0.1872
F004,2022-08-01,99.275,0.0
F004,2022-08-02,99.2106,-0.0649
F004,2022-08-03,99.0655,-0.1463
F004,2022-08-04,99.1096,0.0445
F004,2022-08-05,98.8837,-0.2279
F004,2022-08-08,98.5538,-0.3336
F004,2022-08-09,98.503,-0.0515
F004,2022-08-10,98.5033,0.0003
F004,2022-08-11,98.4496,-0.0545
F004,2022-08-12,98.2411,-0.2118
F004,2022-08-15,98.1871,-0.055
F004,2022-08-16,98.2645,0.0788
F004,2022-08-17,98.2802,0.016
F004,2022-08-18,98.3406,0.0615
F004,2022-08-19,98.2334,-0.109
F004,2022-08-22,98.4882,0.2594
F004,2022-08-23,98.2811,-0.2103
F004,2022-08-24,98.4015,0.1225
F004,2022-08-25,98.6587,0.2614
F004,2022-08-26,98.7783,0.1212
F004,2022-08-29,98.763,-0.0155
F004,2022-08-30,98.6833,-0.0807
F004,2022-08-31,98.9125,0.2323
F004,2022-09-01,98.6557,-0.2596
F004,2022-09-02,98.4889,-0.1691
F004,2022-09-05,98.4352,-0.0545
F004,2022-09-06,98.7035,0.2726
F004,2022-09-07,98.8031,0.1009
F004,2022-09-08,98.6365,-0.1686
F004,2022-09-09,98.5999,-0.0371
F004,2022-09-12,98.5034,-0.0979
F004,2022-09-13,98.3882,-0.117
F004,2022-09-14,98.6054,0.2208
F004,2022-09-15,98.3595,-0.2494
F004,2022-09-16,98.7006,0.3468
F004,2022-09-19,98.8888,0.1907
F004,2022-09-20,99.1293,0.2432
F004,2022-09-21,99.0623,-0.0676
F004,2022-09-22,99.0574,-0.0049
F004,2022-09-23,98.7982,-0.2617
F004,2022-09-26,98.7192,-0.08
F004,2022-09-27,98.8413,0.1237
F004,2022-09-28,99.1222,0.2842
F004,2022-09-29,98.9275,-0.1964
F004,2022-09-30,98.8799,-0.0481
F004,2022-10-03,98.8747,-0.0053
F004,2022-10-04,98.6234,-0.2542
F004,2022-10-05,98.7647,0.1433
F004,2022-10-06,98.6464,-0.1198
F004,2022-10-07,98.6325,-0.0141
F004,2022-10-10,98.568,-0.0654
F004,2022-10-11,98.437,-0.1329
F004,2022-10-12,98.4602,0.0236
F004,2022-10-13,98.4424,-0.0181
F004,2022-10-14,98.3938,-0.0494
F004,2022-10-17,98.275,-0.1207
F004,2022-10-18,98.3624,0.0889
F004,2022-10-19,98.7123,0.3557
F004,2022-10-20,98.7646,0.053
F004,2022-10-21,98.9861,0.2243
F004,2022-10-24,98.7356,-0.2531
F004,2022-10-25,98.7914,0.0565
F004,2022-10-26,98.5993,-0.1945
F004,2022-10-27,98.3327,-0.2704
F004,2022-10-28,98.2119,-0.1228
F004,2022-10-31,98.4706,0.2634
F004,2022-11-01,98.6823,0.215
F004,2022-11-02,98.7549,0.0736
F004,2022-11-03,98.4769,-0.2815
F004,2022-11-04,98.4629,-0.0142
F004,2022-11-07,98.5469,0.0853
F004,2022-11-08,98.6061,0.0601
F004,2022-11-09,98.2671,-0.3438
F004,2022-11-10,98.1167,-0.1531
F004,2022-11-11,98.1287,0.0122
F004,2022-11-14,98.2585,0.1323
F004,2022-11-15,97.8515,-0.4142
F004,2022-11-16,97.8442,-0.0075
F004,2022-11-17,97.8967,0.0537
F004,2022-11-18,98.0875,0.1949
F004,2022-11-21,98.2479,0.1635
F004,2022-11-22,98.3869,0.1415
F004,2022-11-23,98.2541,-0.135
F004,2022-11-24,97.9037,-0.3566
F004,2022-11-25,97.8512,-0.0536
F004,2022-11-28,98.0717,0.2253
F004,2022-11-29,98.3695,0.3037
F004,2022-11-30,98.5339,0.1671
F004,2022-12-01,98.6431,0.1108
F004,2022-12-02,98.7427,0.101
F004,2022-12-05,98.6576,-0.0862
F004,2022-12-06,98.6566,-0.001
F004,2022-12-07,99.0106,0.3588
F004,2022-12-08,98.8487,-0.1635
F004,2022-12-09,99.1926,0.3479
F004,2022-12-12,99.1535,-0.0394
F004,2022-12-13,99.4411,0.2901
F004,2022-12-14,99.1862,-0.2563
F004,2022-12-15,99.3272,0.1422
F004,2022-12-16,99.2057,-0.1223
F004,2022-12-19,98.9497,-0.258
F004,2022-12-20,99.0177,0.0687
F004,2022-12-21,99.2424,0.2269
F004,2022-12-22,99.0995,-0.144
F004,2022-12-23,98.8272,-0.2748
F004,2022-12-26,98.8338,0.0067
F004,2022-12-27,98.8412,0.0075
F004,2022-12-28,98.9743,0.1347
F004,2022-12-29,99.187,0.2149
F004,2022-12-30,99.2,0.0131
F004,2023-01-02,99.5929,0.3961
F004,2023-01-03,99.6625,0.0699
F004,2023-01-04,99.6184,-0.0442
F004,2023-01-05,99.3222,-0.2973
F004,2023-01-06,99.2949,-0.0275
F004,2023-01-09,99.2529,-0.0423
F004,2023-01-10,99.4683,0.217
F004,2023-01-11,99.5852,0.1175
F004,2023-01-12,99.3752,-0.2109
F004,2023-01-13,99.4343,0.0595
F004,2023-01-16,99.5927,0.1593
F004,2023-01-17,99.922,0.3306
F004,2023-01-18,100.1243,0.2025
F004,2023-01-19,100.3017,0.1772
F004,2023-01-20,100.3388,0.037
F004,2023-01-23,100.4418,0.1027
F004,2023-01-24,100.7179,0.2749
F004,2023-01-25,100.4746,-0.2416
F004,2023-01-26,100.4295,-0.0449
F004,2023-01-27,100.2994,-0.1295
F004,2023-01-30,100.4005,0.1008
F004,2023-01-31,100.6726,0.271
F004,2023-02-01,100.5776,-0.0944
F004,2023-02-02,100.1219,-0.4531
F004,2023-02-03,100.0644,-0.0574
F004,2023-02-06,100.2722,0.2077
F004,2023-02-07,100.4051,0.1325
F004,2023-02-08,100.5162,0.1107
F004,2023-02-09,100.485,-0.031
F004,2023-02-10,100.2531,-0.2308
F004,2023-02-13,100.3815,0.1281
F004,2023-02-14,100.2391,-0.1419
F004,2023-02-15,100.702,0.4618
F004,2023-02-16,100.8421,0.1391
F004,2023-02-17,100.7502,-0.0911
F004,2023-02-20,100.6522,-0.0973
F004,2023-02-21,100.6587,0.0065
F004,2023-02-22,100.6356,-0.0229
F004,2023-02-23,100.8855,0.2483
F004,2023-02-24,100.9483,0.0622
F004,2023-02-27,100.8258,-0.1213
F004,2023-02-28,101.2322,0.4031
F004,2023-03-01,101.2675,0.0349
F004,2023-03-02,101.4485,0.1787
F004,2023-03-03,101.3505,-0.0966
F004,2023-03-06,101.4494,0.0976
F004,2023-03-07,101.5379,0.0872
F004,2023-03-08,101.1795,-0.353
F004,2023-03-09,101.6126,0.4281
F004,2023-03-10,101.9003,0.2831
F004,2023-03-13,101.8448,-0.0545
F004,2023-03-14,101.6457,-0.1955
F004,2023-03-15,101.7418,0.0945
F004,2023-03-16,101.7849,0.0424
F004,2023-03-17,101.8827,0.0961
F004,2023-03-20,101.9472,0.0633
F004,2023-03-21,102.0759,0.1262
F004,2023-03-22,102.3969,0.3145
F004,2023-03-23,102.5388,0.1386
F004,2023-03-24,102.3492,-0.1849
F004,2023-03-27,102.6537,0.2975
F004,2023-03-28,103.0162,0.3531
F004,2023-03-29,103.6914,0.6554
F004,2023-03-30,103.4843,-0.1997
F004,2023-03-31,103.5604,0.0735
F004,2023-04-03,103.155,-0.3915
F004,2023-04-04,103.2949,0.1356
F004,2023-04-05,103.2075,-0.0846
F004,2023-04-06,103.6303,0.4097
F004,2023-04-07,103.4957,-0.1299
F004,2023-04-10,103.1719,-0.3129
F004,2023-04-11,103.1005,-0.0692
F004,2023-04-12,102.7189,-0.3701
F004,2023-04-13,102.8989,0.1752
F004,2023-04-14,102.4996,-0.3881
F004,2023-04-17,102.5311,0.0307
F004,2023-04-18,102.1307,-0.3905
F004,2023-04-19,102.0908,-0.0391
F004,2023-04-20,102.4519,0.3537
F004,2023-04-21,102.4519,0.0
F004,2023-04-24,102.3999,-0.0508
F004,2023-04-25,102.4191,0.0188
F004,2023-04-26,102.4484,0.0286
F004,2023-04-27,102.5709,0.1196
F004,2023-04-28,102.3161,-0.2484
F004,2023-05-01,102.4629,0.1435
F004,2023-05-02,101.9343,-0.5159
F004,2023-05-03,101.8314,-0.1009
F004,2023-05-04,101.7574,-0.0727
F004,2023-05-05,101.9117,0.1516
F004,2023-05-08,101.9418,0.0295
F004,2023-05-09,101.6807,-0.2561
F004,2023-05-10,101.5058,-0.172
F004,2023-05-11,101.5715,0.0647
F004,2023-05-12,101.5808,0.0092
F004,2023-05-15,101.4885,-0.0909
F004,2023-05-16,101.4163,-0.0711
F004,2023-05-17,101.5829,0.1643
F004,2023-05-18,101.5031,-0.0786
F004,2023-05-19,101.5106,0.0074
F004,2023-05-22,101.9765,0.459
F004,2023-05-23,101.7116,-0.2598
F004,2023-05-24,101.3603,-0.3454
F004,2023-05-25,101.5445,0.1817
F004,2023-05-26,101.4321,-0.1107
F004,2023-05-29,101.3929,-0.0386
F004,2023-05-30,101.2598,-0.1313
F004,2023-05-31,101.2325,-0.027
F004,2023-06-01,101.5815,0.3448
F004,2023-06-02,101.7699,0.1855
F004,2023-06-05,101.9708,0.1974
F004,2023-06-06,101.7075,-0.2582
F004,2023-06-07,101.4988,-0.2052
F004,2023-06-08,100.9478,-0.5429
F004,2023-06-09,100.8096,-0.1369
F004,2023-06-12,101.0277,0.2163
F004,2023-06-13,101.1574,0.1284
F004,2023-06-14,101.1574,0.0
F004,2023-06-15,101.1587,0.0013
F004,2023-06-16,101.0446,-0.1128
F004,2023-06-19,101.1112,0.0659
F004,2023-06-20,101.2914,0.1782
F004,2023-06-21,100.9894,-0.2981
F004,2023-06-22,101.0752,0.085
F004,2023-06-23,101.289,0.2115
F004,2023-06-26,101.2302,-0.0581
F004,2023-06-27,101.3974,0.1652
F004,2023-06-28,101.9935,0.5879
F004,2023-06-29,101.9977,0.0041
F004,2023-06-30,102.1034,0.1036
F004,2023-07-03,101.9782,-0.1226
F004,2023-07-04,102.0407,0.0613
F004,2023-07-05,102.1601,0.117
F004,2023-07-06,102.2255,0.064
F004,2023-07-07,102.0426,-0.1789
F004,2023-07-10,102.1102,0.0662
F004,2023-07-11,102.4343,0.3174
F004,2023-07-12,102.5518,0.1147
F004,2023-07-13,102.7747,0.2174
F004,2023-07-14,102.7517,-0.0224
F004,2023-07-17,102.9315,0.175
F004,2023-07-18,103.0147,0.0808
F004,2023-07-19,102.8445,-0.1652
F004,2023-07-20,102.9357,0.0887
F004,2023-07-21,102.7573,-0.1733
F004,2023-07-24,102.6529,-0.1016
F004,2023-07-25,102.7174,0.0628
F004,2023-07-26,102.7174,0.0
F004,2023-07-27,102.5853,-0.1286
F004,2023-07-28,102.8272,0.2358
F004,2023-07-31,102.9705,0.1394
F004,2023-08-01,102.8511,-0.116
F004,2023-08-02,102.5605,-0.2825
F004,2023-08-03,102.5564,-0.004
F004,2023-08-04,102.4906,-0.0642
F004,2023-08-07,102.5394,0.0476
F004,2023-08-08,102.4906,-0.0476
F004,2023-08-09,102.1047,-0.3765
F004,2023-08-10,102.0509,-0.0527
F004,2023-08-11,102.014,-0.0362
F004,2023-08-14,102.1688,0.1517
F004,2023-08-15,102.0517,-0.1146
F004,2023-08-16,102.4198,0.3607
F004,2023-08-17,102.0538,-0.3574
F004,2023-08-18,102.3469,0.2872
F004,2023-08-21,102.3266,-0.0198
F004,2023-08-22,102.5281,0.1969
F004,2023-08-23,102.5701,0.041
F004,2023-08-24,102.8295,0.2529
F004,2023-08-25,102.7755,-0.0525
F004,2023-08-28,102.5754,-0.1947
F004,2023-08-29,102.8925,0.3091
F004,2023-08-30,102.8949,0.0023
F004,2023-08-31,102.9662,0.0693
F004,2023-09-01,103.2462,0.2719
F004,2023-09-04,103.0589,-0.1814
F004,2023-09-05,103.2074,0.1441
F004,2023-09-06,103.1114,-0.093
F004,2023-09-07,103.1099,-0.0015
F004,2023-09-08,103.1506,0.0395
F004,2023-09-11,102.8669,-0.275
F004,2023-09-12,102.7324,-0.1308
F004,2023-09-13,103.0357,0.2952
F004,2023-09-14,103.2441,0.2023
F004,2023-09-15,103.257,0.0125
F004,2023-09-18,103.333,0.0736
F004,2023-09-19,103.298,-0.0339
F004,2023-09-20,103.6041,0.2963
F004,2023-09-21,103.5885,-0.0151
F004,2023-09-22,103.6624,0.0713
F004,2023-09-25,103.9259,0.2542
F004,2023-09-26,103.7903,-0.1305
F004,2023-09-27,104.1398,0.3367
F004,2023-09-28,103.8471,-0.2811
F004,2023-09-29,104.2115,0.3509
F004,2023-10-02,104.1599,-0.0495
F004,2023-10-03,104.1354,-0.0235
F004,2023-10-04,103.7678,-0.353
F004,2023-10-05,103.7678,0.0
F004,2023-10-06,103.5097,-0.2487
F004,2023-10-09,103.4098,-0.0965
F004,2023-10-10,103.4073,-0.0024
F004,2023-10-11,103.6312,0.2165
F004,2023-10-12,103.7001,0.0665
F004,2023-10-13,103.7898,0.0865
F004,2023-10-16,103.5883,-0.1941
F004,2023-10-17,103.4317,-0.1512
F004,2023-10-18,103.8296,0.3847
F004,2023-10-19,103.7029,-0.122
F004,2023-10-20,104.0723,0.3562
F004,2023-10-23,104.0477,-0.0236
F004,2023-10-24,104.0742,0.0255
F004,2023-10-25,104.323,0.2391
F004,2023-10-26,104.6145,0.2794
F004,2023-10-27,104.6175,0.0029
F004,2023-10-30,104.5624,-0.0527
F004,2023-10-31,104.5768,0.0138
F004,2023-11-01,104.6736,0.0926
F004,2023-11-02,104.8864,0.2033
F004,2023-11-03,104.9135,0.0258
F004,2023-11-06,105.0696,0.1488
F004,2023-11-07,105.4402,0.3527
F004,2023-11-08,105.547,0.1013
F004,2023-11-09,105.6392,0.0874
F004,2023-11-10,105.3447,-0.2788
F004,2023-11-13,104.8168,-0.5011
F004,2023-11-14,104.9244,0.1027
F004,2023-11-15,104.9307,0.006
F004,2023-11-16,104.8489,-0.078
F004,2023-11-17,104.9262,0.0737
F004,2023-11-20,104.9398,0.013
F004,2023-11-21,105.2027,0.2505
F004,2023-11-22,105.2471,0.0422
F004,2023-11-23,105.1162,-0.1244
F004,2023-11-24,105.3506,0.223
F004,2023-11-27,105.3312,-0.0184
F004,2023-11-28,105.4685,0.1304
F004,2023-11-29,105.3942,-0.0704
F004,2023-11-30,105.2836,-0.1049
F004,2023-12-01,105.3276,0.0418
F004,2023-12-04,105.3566,0.0275
F004,2023-12-05,105.484,0.1209
F004,2023-12-06,105.4537,-0.0287
F004,2023-12-07,105.0928,-0.3422
F004,2023-12-08,105.0281,-0.0616
F004,2023-12-11,105.2211,0.1838
F004,2023-12-12,105.1848,-0.0345
F004,2023-12-13,105.1593,-0.0242
F004,2023-12-14,105.393,0.2222
F004,2023-12-15,105.2693,-0.1174
F004,2023-12-18,104.9708,-0.2836
F004,2023-12-19,104.9633,-0.0071
F004,2023-12-20,104.8879,-0.0718
F004,2023-12-21,104.7114,-0.1683
F004,2023-12-22,104.7008,-0.0101
F004,2023-12-25,104.8299,0.1233
F004,2023-12-26,104.8542,0.0232
F004,2023-12-27,104.9448,0.0864
F004,2023-12-28,105.3517,0.3877
F004,2023-12-29,105.3058,-0.0436
F004,2024-01-01,105.3907,0.0806
F004,2024-01-02,105.3097,-0.0769
F004,2024-01-03,105.1578,-0.1442
F004,2024-01-04,105.0611,-0.092
F004,2024-01-05,104.9868,-0.0707
F004,2024-01-08,105.0885,0.0969
F004,2024-01-09,105.6085,0.4948
F004,2024-01-10,105.4837,-0.1182
F004,2024-01-11,105.4222,-0.0583
F004,2024-01-12,105.4352,0.0123
F004,2024-01-15,105.545,0.1041
F004,2024-01-16,105.627,0.0777
F004,2024-01-17,105.9247,0.2818
F004,2024-01-18,105.4372,-0.4602
F004,2024-01-19,104.9602,-0.4524
F004,2024-01-22,104.8823,-0.0742
F004,2024-01-23,105.1387,0.2445
F004,2024-01-24,104.8358,-0.2881
F004,2024-01-25,104.2314,-0.5765
F004,2024-01-26,104.3765,0.1392
F004,2024-01-29,104.4535,0.0738
F004,2024-01-30,104.2519,-0.193
F004,2024-01-31,104.0725,-0.1721
F004,2024-02-01,103.8967,-0.1689
F004,2024-02-02,103.9456,0.0471
F004,2024-02-05,103.8414,-0.1002
F004,2024-02-06,103.97,0.1238
F004,2024-02-07,103.4024,-0.5459
F004,2024-02-08,103.251,-0.1464
F004,2024-02-09,103.0443,-0.2002
F004,2024-02-12,103.0172,-0.0263
F004,2024-02-13,102.9321,-0.0826
F004,2024-02-14,103.1221,0.1846
F004,2024-02-15,102.7644,-0.3469
F004,2024-02-16,102.7994,0.0341
F004,2024-02-19,102.9399,0.1367
F004,2024-02-20,103.3479,0.3963
F004,2024-02-21,103.2742,-0.0713
F004,2024-02-22,103.367,0.0899
F004,2024-02-23,103.0199,-0.3358
F004,2024-02-26,102.5528,-0.4534
F004,2024-02-27,102.7517,0.1939
F004,2024-02-28,102.7762,0.0238
F004,2024-02-29,103.0441,0.2607
F004,2024-03-01,102.7868,-0.2497
F004,2024-03-04,102.9194,0.129
F004,2024-03-05,103.3298,0.3988
F004,2024-03-06,103.4424,0.109
F004,2024-03-07,103.5255,0.0803
F004,2024-03-08,103.5532,0.0268
F004,2024-03-11,103.2537,-0.2892
F004,2024-03-12,103.5594,0.2961
F004,2024-03-13,103.4588,-0.0971
F004,2024-03-14,103.5891,0.1259
F004,2024-03-15,103.2912,-0.2876
F004,2024-03-18,103.0734,-0.2109
F004,2024-03-19,103.395,0.312
F004,2024-03-20,103.349,-0.0445
F004,2024-03-21,103.6752,0.3156
F004,2024-03-22,103.6849,0.0094
F004,2024-03-25,103.3289,-0.3433
F004,2024-03-26,103.5391,0.2034
F004,2024-03-27,103.4428,-0.093
F004,2024-03-28,103.6132,0.1647
F004,2024-03-29,103.6443,0.03
F004,2024-04-01,103.3503,-0.2837
F004,2024-04-02,103.4101,0.0579
F004,2024-04-03,103.8902,0.4643
F004,2024-04-04,104.0186,0.1236
F004,2024-04-05,104.0326,0.0135
F004,2024-04-08,104.2823,0.24
F004,2024-04-09,104.3523,0.0671
F004,2024-04-10,104.4221,0.0669
F004,2024-04-11,104.2202,-0.1933
F004,2024-04-12,104.295,0.0718
F004,2024-04-15,104.5371,0.2321
F004,2024-04-16,104.3884,-0.1422
F004,2024-04-17,104.7119,0.3099
F004,2024-04-18,104.7189,0.0067
F004,2024-04-19,104.5591,-0.1526
F004,2024-04-22,104.7939,0.2246
F004,2024-04-23,104.76,-0.0323
F004,2024-04-24,104.9453,0.1769
F004,2024-04-25,104.9103,-0.0334
F004,2024-04-26,104.924,0.0131
F004,2024-04-29,105.0538,0.1237
F004,2024-04-30,105.1412,0.0832
F004,2024-05-01,104.7479,-0.3741
F004,2024-05-02,104.5392,-0.1992
F004,2024-05-03,104.7597,0.2109
F004,2024-05-06,104.7582,-0.0014
F004,2024-05-07,104.6747,-0.0797
F004,2024-05-08,104.4165,-0.2467
F004,2024-05-09,104.2171,-0.191
F004,2024-05-10,103.8217,-0.3794
F004,2024-05-13,103.8266,0.0047
F004,2024-05-14,103.7283,-0.0947
F004,2024-05-15,103.5537,-0.1683
F004,2024-05-16,103.5655,0.0114
F004,2024-05-17,103.6668,0.0978
F004,2024-05-20,104.1267,0.4436
F004,2024-05-21,103.8379,-0.2774
F004,2024-05-22,104.1046,0.2568
F004,2024-05-23,104.3332,0.2196
F004,2024-05-24,104.1967,-0.1308
F004,2024-05-27,104.2651,0.0656
F004,2024-05-28,104.1957,-0.0666
F004,2024-05-29,104.2604,0.0621
F004,2024-05-30,104.6012,0.3269
F004,2024-05-31,104.754,0.1461
F004,2024-06-03,104.8867,0.1267
F004,2024-06-04,104.8227,-0.061
F004,2024-06-05,104.5378,-0.2718
F004,2024-06-06,104.5203,-0.0167
F004,2024-06-07,104.7987,0.2664
F004,2024-06-10,104.5048,-0.2804
F004,2024-06-11,104.3104,-0.186
F004,2024-06-12,104.3628,0.0502
F004,2024-06-13,104.1834,-0.1719
F004,2024-06-14,104.0443,-0.1335
F004,2024-06-17,103.9822,-0.0597
F004,2024-06-18,103.7242,-0.2481
F004,2024-06-19,103.5481,-0.1698
F004,2024-06-20,103.7197,0.1657
F004,2024-06-21,103.4744,-0.2365
F004,2024-06-24,103.1696,-0.2946
F004,2024-06-25,103.0654,-0.101
F004,2024-06-26,103.242,0.1713
F004,2024-06-27,103.2271,-0.0144
F004,2024-06-28,103.157,-0.0679
F004,2024-07-01,103.1919,0.0338
F004,2024-07-02,102.8574,-0.3242
F004,2024-07-03,102.9849,0.124
F004,2024-07-04,103.0896,0.1017
F004,2024-07-05,103.031,-0.0568
F004,2024-07-08,103.264,0.2261
F004,2024-07-09,103.264,0.0
F004,2024-07-10,103.3152,0.0496
F004,2024-07-11,103.373,0.0559
F004,2024-07-12,103.3293,-0.0423
F004,2024-07-15,103.351,0.021
F004,2024-07-16,103.351,0.0
F004,2024-07-17,103.6328,0.2727
F004,2024-07-18,103.4355,-0.1904
F004,2024-07-19,103.3036,-0.1275
F004,2024-07-22,103.3036,0.0
F004,2024-07-23,103.4461,0.1379
F004,2024-07-24,103.6583,0.2051
F004,2024-07-25,104.0365,0.3649
F004,2024-07-26,104.0365,0.0
F004,2024-07-29,104.1466,0.1058
F004,2024-07-30,103.9323,-0.2058
F004,2024-07-31,104.1152,0.176
F004,2024-08-01,104.1828,0.0649
F004,2024-08-02,104.3074,0.1196
F004,2024-08-05,104.1988,-0.1041
F004,2024-08-06,103.8787,-0.3072
F004,2024-08-07,104.0092,0.1256
F004,2024-08-08,103.606,-0.3877
F004,2024-08-09,103.5661,-0.0385
F004,2024-08-12,103.7869,0.2132
F004,2024-08-13,103.8527,0.0634
F004,2024-08-14,104.2833,0.4146
F004,2024-08-15,104.5232,0.23
F004,2024-08-16,104.4126,-0.1058
F004,2024-08-19,104.4444,0.0305
F004,2024-08-20,104.4606,0.0155
F004,2024-08-21,104.1562,-0.2914
F004,2024-08-22,103.9863,-0.1631
F004,2024-08-23,103.8957,-0.0871
F004,2024-08-26,103.4986,-0.3822
F004,2024-08-27,103.5343,0.0345
F004,2024-08-28,103.5086,-0.0248
F004,2024-08-29,103.1882,-0.3095
F004,2024-08-30,103.2974,0.1058
F004,2024-09-02,103.4711,0.1682
F004,2024-09-03,103.544,0.0705
F004,2024-09-04,103.5028,-0.0398
F004,2024-09-05,103.6511,0.1433
F004,2024-09-06,103.818,0.161
F004,2024-09-09,103.9078,0.0865
F004,2024-09-10,103.7624,-0.1399
F004,2024-09-11,103.8457,0.0803
F004,2024-09-12,104.12,0.2641
F004,2024-09-13,104.0218,-0.0943
F004,2024-09-16,104.4843,0.4446
F004,2024-09-17,104.4006,-0.0801
F004,2024-09-18,104.4335,0.0315
F004,2024-09-19,104.3191,-0.1095
F004,2024-09-20,104.3918,0.0697
F004,2024-09-23,104.0542,-0.3234
F004,2024-09-24,103.9666,-0.0842
F004,2024-09-25,103.7655,-0.1934
F004,2024-09-26,103.8195,0.052
F004,2024-09-27,104.0519,0.2239
F004,2024-09-30,104.2123,0.1542
F004,2024-10-01,103.744,-0.4494
F004,2024-10-02,104.1936,0.4334
F004,2024-10-03,104.2812,0.0841
F004,2024-10-04,104.1453,-0.1303
F004,2024-10-07,104.2041,0.0565
F004,2024-10-08,104.2669,0.0603
F004,2024-10-09,104.1539,-0.1084
F004,2024-10-10,104.2212,0.0646
F004,2024-10-11,104.1206,-0.0965
F004,2024-10-14,104.0624,-0.0559
F004,2024-10-15,103.9456,-0.1122
F004,2024-10-16,103.6737,-0.2616
F004,2024-10-17,103.7299,0.0542
F004,2024-10-18,103.8773,0.1421
F004,2024-10-21,104.0102,0.1279
F004,2024-10-22,104.2068,0.189
F004,2024-10-23,104.3004,0.0898
F004,2024-10-24,104.2153,-0.0816
F004,2024-10-25,104.4164,0.193
F004,2024-10-28,104.159,-0.2465
F004,2024-10-29,103.9974,-0.1551
F004,2024-10-30,103.8229,-0.1678
F004,2024-10-31,104.0731,0.241
F004,2024-11-01,104.2954,0.2136
F004,2024-11-04,104.4231,0.1224
F004,2024-11-05,104.6731,0.2394
F004,2024-11-06,104.5152,-0.1509
F004,2024-11-07,104.6142,0.0947
F004,2024-11-08,104.6142,0.0
F004,2024-11-11,104.8175,0.1943
F004,2024-11-12,104.8195,0.0019
F004,2024-11-13,104.765,-0.052
F004,2024-11-14,104.9045,0.1332
F004,2024-11-15,105.1146,0.2003
F004,2024-11-18,105.0004,-0.1086
F004,2024-11-19,105.0138,0.0128
F004,2024-11-20,104.8178,-0.1866
F004,2024-11-21,104.3203,-0.4746
F004,2024-11-22,104.3882,0.0651
F004,2024-11-25,104.5414,0.1468
F004,2024-11-26,104.6223,0.0774
F004,2024-11-27,104.6223,0.0
F004,2024-11-28,104.1934,-0.41
F004,2024-11-29,103.7572,-0.4186
F004,2024-12-02,104.0674,0.299
F004,2024-12-03,103.8674,-0.1922
F004,2024-12-04,104.1542,0.2761
F004,2024-12-05,104.3773,0.2142
F004,2024-12-06,104.2154,-0.1551
F004,2024-12-09,104.0053,-0.2016
F004,2024-12-10,104.1042,0.0951
F004,2024-12-11,103.9544,-0.1439
F004,2024-12-12,104.0017,0.0455
F004,2024-12-13,103.9273,-0.0715
F004,2024-12-16,103.5831,-0.3312
F004,2024-12-17,103.1469,-0.4211
F004,2024-12-18,103.2195,0.0704
F004,2024-12-19,103.1294,-0.0873
F004,2024-12-20,103.0411,-0.0856
F004,2024-12-23,103.2103,0.1642
F004,2024-12-24,103.4783,0.2597
F004,2024-12-25,103.4478,-0.0295
F004,2024-12-26,103.4032,-0.0431
F004,2024-12-27,103.5325,0.125
F004,2024-12-30,103.2774,-0.2464
F004,2024-12-31,103.3493,0.0696
F004,2025-01-01,103.4892,0.1354
F004,2025-01-02,103.6559,0.1611
F004,2025-01-03,103.2803,-0.3624
F004,2025-01-06,103.1489,-0.1272
F004,2025-01-07,102.9935,-0.1507
F004,2025-01-08,103.0398,0.045
F004,2025-01-09,103.1646,0.1211
F004,2025-01-10,103.4992,0.3243
F004,2025-01-13,103.4226,-0.074
F004,2025-01-14,103.3455,-0.0745
F004,2025-01-15,103.609,0.255
F004,2025-01-16,103.6964,0.0844
F004,2025-01-17,103.9852,0.2785
F004,2025-01-20,104.0712,0.0827
F004,2025-01-21,103.8564,-0.2064
F004,2025-01-22,103.6055,-0.2416
F004,2025-01-23,103.3099,-0.2853
F004,2025-01-24,103.4725,0.1574
F004,2025-01-27,103.7443,0.2627
F004,2025-01-28,104.154,0.3949
F004,2025-01-29,104.3557,0.1937
F004,2025-01-30,104.3557,0.0
F004,2025-01-31,104.5293,0.1664
F004,2025-02-03,104.3137,-0.2063
F004,2025-02-04,104.5171,0.195
F004,2025-02-05,104.6305,0.1085
F004,2025-02-06,104.6791,0.0464
F004,2025-02-07,104.7864,0.1025
F004,2025-02-10,104.8803,0.0896
F004,2025-02-11,105.1758,0.2817
F004,2025-02-12,105.4745,0.284
F004,2025-02-13,105.6157,0.1339
F004,2025-02-14,105.8208,0.1942
F004,2025-02-17,105.9561,0.1279
F004,2025-02-18,105.8849,-0.0672
F004,2025-02-19,106.0716,0.1763
F004,2025-02-20,105.8023,-0.2539
F004,2025-02-21,106.0518,0.2358
F004,2025-02-24,105.825,-0.2139
F004,2025-02-25,105.9119,0.0821
F004,2025-02-26,105.7594,-0.144
F004,2025-02-27,105.9029,0.1357
F004,2025-02-28,105.9222,0.0182
F004,2025-03-03,105.6108,-0.294
F004,2025-03-04,105.7261,0.1092
F004,2025-03-05,105.6303,-0.0906
F004,2025-03-06,105.8429,0.2013
F004,2025-03-07,105.8696,0.0252
F004,2025-03-10,105.9798,0.1041
F004,2025-03-11,105.8033,-0.1665
F004,2025-03-12,105.705,-0.0929
F004,2025-03-13,105.6345,-0.0667
F004,2025-03-14,105.8419,0.1963
F004,2025-03-17,106.2234,0.3604
F004,2025-03-18,106.0789,-0.136
F004,2025-03-19,106.3339,0.2404
F004,2025-03-20,105.8991,-0.4089
F004,2025-03-21,105.6726,-0.2139
F004,2025-03-24,105.4964,-0.1667
F004,2025-03-25,105.2374,-0.2455
F004,2025-03-26,104.9304,-0.2917
F004,2025-03-27,105.0433,0.1076
F004,2025-03-28,105.0246,-0.0178
F004,2025-03-31,105.1305,0.1008
F004,2025-04-01,105.302,0.1631
F004,2025-04-02,105.3843,0.0782
F004,2025-04-03,105.5493,0.1566
F004,2025-04-04,105.561,0.0111
F004,2025-04-07,105.3368,-0.2124
F004,2025-04-08,105.586,0.2366
F004,2025-04-09,105.488,-0.0928
F004,2025-04-10,105.317,-0.1621
F004,2025-04-11,105.3059,-0.0105
F004,2025-04-14,105.14,-0.1575
F004,2025-04-15,105.0785,-0.0585
F004,2025-04-16,105.1771,0.0938
F004,2025-04-17,105.2767,0.0947
F004,2025-04-18,105.114,-0.1545
F004,2025-04-21,105.0377,-0.0726
F004,2025-04-22,105.2897,0.2399
F004,2025-04-23,105.4206,0.1243
F004,2025-04-24,105.8845,0.44
F004,2025-04-25,106.1609,0.261
F004,2025-04-28,106.4304,0.2539
F004,2025-04-29,106.1616,-0.2526
F004,2025-04-30,106.3503,0.1777
F004,2025-05-01,106.3656,0.0144
F004,2025-05-02,106.275,-0.0852
F004,2025-05-05,106.3373,0.0586
F004,2025-05-06,106.5649,0.214
F004,2025-05-07,106.6983,0.1252
F004,2025-05-08,106.5375,-0.1507
F004,2025-05-09,106.7223,0.1735
F004,2025-05-12,106.6129,-0.1025
F004,2025-05-13,106.6858,0.0684
F004,2025-05-14,106.6477,-0.0357
F004,2025-05-15,106.6277,-0.0188
F004,2025-05-16,106.8178,0.1783
F004,2025-05-19,106.6223,-0.183
F004,2025-05-20,107.0638,0.4141
F004,2025-05-21,106.7006,-0.3392
F004,2025-05-22,106.5997,-0.0946
F004,2025-05-23,106.7053,0.0991
F004,2025-05-26,106.8567,0.1419
F004,2025-05-27,106.8619,0.0049
F004,2025-05-28,106.8763,0.0135
F004,2025-05-29,106.9908,0.1071
F004,2025-05-30,106.9681,-0.0212
F004,2025-06-02,107.2929,0.3036
F004,2025-06-03,107.4998,0.1928
F004,2025-06-04,107.7143,0.1995
F004,2025-06-05,107.5331,-0.1682
F004,2025-06-06,107.5429,0.0091
F004,2025-06-09,107.5052,-0.0351
F004,2025-06-10,107.3159,-0.1761
F004,2025-06-11,107.42,0.097
F004,2025-06-12,107.3313,-0.0826
F004,2025-06-13,107.4988,0.1561
F004,2025-06-16,107.2956,-0.189
F004,2025-06-17,107.6913,0.3688
F004,2025-06-18,107.5252,-0.1542
F004,2025-06-19,107.5992,0.0688
F004,2025-06-20,107.7965,0.1834
F004,2025-06-23,107.7004,-0.0891
F004,2025-06-24,107.9109,0.1954
F004,2025-06-25,107.6726,-0.2208
F004,2025-06-26,108.0122,0.3154
F004,2025-06-27,108.0423,0.0279
F004,2025-06-30,107.9404,-0.0943
F004,2025-07-01,107.9028,-0.0348
F004,2025-07-02,108.1043,0.1867
F004,2025-07-03,108.005,-0.0919
F004,2025-07-04,107.8701,-0.1249
F004,2025-07-07,107.8493,-0.0193
F004,2025-07-08,107.6224,-0.2104
F004,2025-07-09,108.0412,0.3891
F004,2025-07-10,107.9458,-0.0883
F004,2025-07-11,108.1523,0.1913
F004,2025-07-14,108.2246,0.0669
F004,2025-07-15,108.0386,-0.1719
F004,2025-07-16,108.0643,0.0238
F004,2025-07-17,108.2608,0.1818
F004,2025-07-18,108.2471,-0.0127
F004,2025-07-21,108.5325,0.2637
F004,2025-07-22,108.7814,0.2293
F004,2025-07-23,109.0085,0.2088
F004,2025-07-24,108.9355,-0.067
F004,2025-07-25,108.7275,-0.1909
F004,2025-07-28,108.6213,-0.0977
F004,2025-07-29,108.6911,0.0643
F004,2025-07-30,108.8369,0.1341
F004,2025-07-31,108.3914,-0.4093
F004,2025-08-01,108.4167,0.0233
F004,2025-08-04,108.4781,0.0566
F004,2025-08-05,108.445,-0.0305
F004,2025-08-06,108.7522,0.2833
F004,2025-08-07,108.8711,0.1093
F004,2025-08-08,109.1836,0.287
F004,2025-08-11,109.1637,-0.0182
F004,2025-08-12,109.3957,0.2125
F004,2025-08-13,109.7808,0.352
F004,2025-08-14,110.0962,0.2873
F004,2025-08-15,109.8832,-0.1935
F004,2025-08-18,109.8549,-0.0258
F004,2025-08-19,109.8065,-0.0441
F004,2025-08-20,109.9414,0.1229
F004,2025-08-21,110.1198,0.1623
F004,2025-08-22,109.9626,-0.1428
F004,2025-08-25,110.005,0.0386
F004,2025-08-26,109.5881,-0.379
F004,2025-08-27,109.9315,0.3134
F004,2025-08-28,109.8463,-0.0775
F004,2025-08-29,109.886,0.0361
F004,2025-09-01,109.8454,-0.0369
F004,2025-09-02,110.1246,0.2542
F004,2025-09-03,109.5272,-0.5425
F004,2025-09-04,109.5509,0.0216
F004,2025-09-05,109.5551,0.0038
F004,2025-09-08,109.4831,-0.0657
F004,2025-09-09,109.8885,0.3703
F004,2025-09-10,109.721,-0.1524
F004,2025-09-11,109.9178,0.1794
F004,2025-09-12,110.0236,0.0963
F004,2025-09-15,110.3287,0.2773
F004,2025-09-16,110.2091,-0.1084
F004,2025-09-17,110.0751,-0.1216
F004,2025-09-18,110.3439,0.2442
F004,2025-09-19,110.4653,0.11
F004,2025-09-22,110.1516,-0.284
F004,2025-09-23,110.0603,-0.0829
F004,2025-09-24,110.1729,0.1023
F004,2025-09-25,110.385,0.1925
F004,2025-09-26,110.2626,-0.1109
F004,2025-09-29,109.6475,-0.5579
F004,2025-09-30,109.7897,0.1297
F004,2025-10-01,109.5492,-0.2191
F004,2025-10-02,109.1346,-0.3785
F004,2025-10-03,108.5437,-0.5414
F004,2025-10-06,108.7475,0.1878
F004,2025-10-07,108.8027,0.0508
F004,2025-10-08,108.7808,-0.0201
F004,2025-10-09,109.1102,0.3028
F004,2025-10-10,109.2766,0.1525
F004,2025-10-13,109.6572,0.3483
F004,2025-10-14,109.3792,-0.2535
F004,2025-10-15,109.399,0.0181
F004,2025-10-16,109.0726,-0.2984
F004,2025-10-17,109.0498,-0.0209
F004,2025-10-20,109.0228,-0.0248
F004,2025-10-21,109.1867,0.1503
F004,2025-10-22,109.2239,0.0341
F004,2025-10-23,109.3874,0.1497
F004,2025-10-24,109.5686,0.1656
F004,2025-10-27,110.0682,0.456
F004,2025-10-28,110.0263,-0.0381
F004,2025-10-29,109.8467,-0.1632
F004,2025-10-30,109.9282,0.0742
F004,2025-10-31,109.7793,-0.1355
F004,2025-11-03,110.1321,0.3214
F004,2025-11-04,110.0973,-0.0316
F004,2025-11-05,110.0003,-0.0881
F004,2025-11-06,109.9241,-0.0693
F004,2025-11-07,110.1095,0.1687
F004,2025-11-10,110.1023,-0.0065
F004,2025-11-11,109.9885,-0.1034
F004,2025-11-12,110.3823,0.358
F004,2025-11-13,110.2209,-0.1462
F004,2025-11-14,110.2563,0.0321
F004,2025-11-17,110.4277,0.1555
F004,2025-11-18,110.095,-0.3013
F004,2025-11-19,110.2283,0.1211
F004,2025-11-20,110.0233,-0.186
F004,2025-11-21,110.2319,0.1896
F004,2025-11-24,110.0472,-0.1676
F004,2025-11-25,110.2272,0.1636
F004,2025-11-26,110.4985,0.2461
F004,2025-11-27,110.7165,0.1973
F004,2025-11-28,110.7998,0.0752
F004,2025-12-01,110.7762,-0.0213
F004,2025-12-02,110.6762,-0.0903
F004,2025-12-03,111.0295,0.3192
F004,2025-12-04,110.9019,-0.1149
F004,2025-12-05,110.6996,-0.1824
F004,2025-12-08,110.8746,0.1581
F004,2025-12-09,110.7258,-0.1342
F004,2025-12-10,110.5431,-0.165
F004,2025-12-11,110.2516,-0.2637
F004,2025-12-12,110.1727,-0.0716
F004,2025-12-15,110.182,0.0084
F004,2025-12-16,110.2631,0.0736
F004,2025-12-17,110.5005,0.2153
F004,2025-12-18,110.6446,0.1304
F004,2025-12-19,110.63,-0.0132
F004,2025-12-22,110.6138,-0.0146
F004,2025-12-23,110.6138,0.0
F004,2025-12-24,111.0639,0.4069
F004,2025-12-25,111.1197,0.0502
F004,2025-12-26,111.0432,-0.0688
F004,2025-12-29,110.8505,-0.1735
F004,2025-12-30,110.5578,-0.264
F004,2025-12-31,110.7328,0.1583
F004,2026-01-01,110.8885,0.1406
F004,2026-01-02,111.0443,0.1405
F004,2026-01-05,111.0435,-0.0007
F004,2026-01-06,111.3837,0.3064
F004,2026-01-07,111.3037,-0.0718
F004,2026-01-08,111.5442,0.2161
F004,2026-01-09,111.5634,0.0172
F004,2026-01-12,111.4556,-0.0966
F004,2026-01-13,111.6155,0.1435
F004,2026-01-14,111.7348,0.1069
F004,2026-01-15,111.8425,0.0964
F004,2026-01-16,111.8886,0.0412
F004,2026-01-19,111.9081,0.0174
F004,2026-01-20,112.4706,0.5026
F004,2026-01-21,112.7651,0.2618
F004,2026-01-22,112.9563,0.1696
F004,2026-01-23,113.0098,0.0474
F004,2026-01-26,113.2657,0.2264
F004,2026-01-27,113.4114,0.1286
F004,2026-01-28,113.4457,0.0302
F004,2026-01-29,113.4052,-0.0357
F004,2026-01-30,113.4152,0.0088
F004,2026-02-02,112.7244,-0.6091
F004,2026-02-03,112.8001,0.0672
F004,2026-02-04,112.7181,-0.0727
F004,2026-02-05,113.1053,0.3435
F004,2026-02-06,113.138,0.0289
F004,2026-02-09,112.8973,-0.2127
F004,2026-02-10,112.9143,0.0151
F004,2026-02-11,112.7063,-0.1842
F004,2026-02-12,112.8412,0.1197
F004,2026-02-13,112.9351,0.0832
F004,2026-02-16,113.1797,0.2166
F004,2026-02-17,113.029,-0.1332
F004,2026-02-18,113.0649,0.0318
F004,2026-02-19,112.7845,-0.248
F004,2026-02-20,112.9709,0.1653
F004,2026-02-23,113.1164,0.1288
F004,2026-02-24,113.2568,0.1241
F004,2026-02-25,113.2855,0.0253
F004,2026-02-26,113.4078,0.108
F004,2026-02-27,113.8,0.3458
F004,2026-03-02,113.7636,-0.032
F004,2026-03-03,113.8236,0.0527
F004,2026-03-04,113.6048,-0.1922
F004,2026-03-05,113.4359,-0.1487
F004,2026-03-06,113.4865,0.0446
F004,2026-03-09,113.7654,0.2458
F004,2026-03-10,113.7355,-0.0263
F004,2026-03-11,113.7103,-0.0222
F004,2026-03-12,113.6462,-0.0564
F004,2026-03-13,113.5531,-0.0819
F004,2026-03-16,113.6485,0.084
F004,2026-03-17,113.3366,-0.2744
F004,2026-03-18,113.6553,0.2812
F004,2026-03-19,113.5325,-0.108
F004,2026-03-20,113.7248,0.1694
F004,2026-03-23,113.4644,-0.229
F004,2026-03-24,113.6445,0.1587
F004,2026-03-25,113.8256,0.1594
F004,2026-03-26,113.9415,0.1018
F004,2026-03-27,113.7434,-0.1739
F004,2026-03-30,113.8286,0.0749
F004,2026-03-31,113.5877,-0.2116
F004,2026-04-01,113.5587,-0.0255
F004,2026-04-02,113.8209,0.2309
F004,2026-04-03,114.0307,0.1843
F004,2026-04-06,114.0627,0.0281
F004,2026-04-07,113.8688,-0.17
F004,2026-04-08,114.0443,0.1541
F004,2026-04-09,114.0772,0.0288
F004,2026-04-10,113.5763,-0.4391
F004,2026-04-13,113.7825,0.1816
F004,2026-04-14,113.8054,0.0201
F004,2026-04-15,114.1075,0.2655
F004,2026-04-16,113.8861,-0.194
F004,2026-04-17,113.191,-0.6103
F004,2026-04-20,113.2825,0.0808
F004,2026-04-21,113.3769,0.0833
F004,2026-04-22,113.0219,-0.3131
F004,2026-04-23,112.829,-0.1707
F004,2026-04-24,113.4789,0.576
F004,2026-04-27,113.4379,-0.0361
F004,2026-04-28,113.6321,0.1712
F004,2026-04-29,113.5126,-0.1052
F004,2026-04-30,113.0664,-0.3931
F004,2026-05-01,113.0562,-0.009
F004,2026-05-04,113.0244,-0.0281
F004,2026-05-05,112.9623,-0.0549
F004,2026-05-06,112.9646,0.002
F004,2026-05-07,113.0525,0.0778
F004,2026-05-08,113.0468,-0.005
F004,2026-05-11,112.7893,-0.2278
F004,2026-05-12,112.9272,0.1223
F004,2026-05-13,112.5152,-0.3648
F004,2026-05-14,112.0819,-0.3851
F004,2026-05-15,112.2756,0.1728
F004,2026-05-18,112.4175,0.1264
F004,2026-05-19,112.4327,0.0135
F004,2026-05-20,112.147,-0.2541
F004,2026-05-21,112.0163,-0.1165
F004,2026-05-22,111.9854,-0.0276
F004,2026-05-25,111.656,-0.2941
F004,2026-05-26,111.5189,-0.1228
F004,2026-05-27,111.6923,0.1555
F004,2026-05-28,112.0391,0.3105
F004,2026-05-29,111.9731,-0.0589
F004,2026-06-01,112.1705,0.1763
F004,2026-06-02,111.7691,-0.3578
F004,2026-06-03,111.9445,0.1569
F004,2026-06-04,111.7925,-0.1358
F004,2026-06-05,111.8892,0.0865
F004,2026-06-08,111.8617,-0.0246
F004,2026-06-09,112.1851,0.2891
F004,2026-06-10,112.0169,-0.1499
F004,2026-06-11,112.1855,0.1505
F004,2026-06-12,112.1508,-0.0309
F004,2026-06-15,112.1433,-0.0067
F004,2026-06-16,112.1301,-0.0118
F004,2026-06-17,111.9685,-0.1441
F004,2026-06-18,111.9933,0.0221
F004,2026-06-19,112.0073,0.0125
F004,2026-06-22,112.0893,0.0732
F004,2026-06-23,112.1363,0.0419
F004,2026-06-24,112.3433,0.1846
F004,2026-06-25,112.5789,0.2097
F004,2026-06-26,112.3705,-0.1851
F004,2026-06-29,112.5938,0.1987
F004,2026-06-30,112.3548,-0.2123
F004,2026-07-01,112.515,0.1426
F004,2026-07-02,112.6826,0.149
F004,2026-07-03,112.28,-0.3573
F004,2026-07-06,112.3289,0.0436
F004,2026-07-07,112.2517,-0.0687
F004,2026-07-08,112.1094,-0.1268
F004,2026-07-09,112.4403,0.2952
F004,2026-07-10,112.3214,-0.1057
F004,2026-07-13,112.1683,-0.1363
F004,2026-07-14,112.2133,0.0401
F004,2026-07-15,112.3952,0.1621
F004,2026-07-16,112.3915,-0.0033
F004,2026-07-17,112.6818,0.2583
F004,2026-07-20,112.8296,0.1312
F004,2026-07-21,112.3663,-0.4106
F004,2026-07-22,112.2754,-0.0809
F004,2026-07-23,112.1773,-0.0874
F004,2026-07-24,112.3129,0.1209
F004,2026-07-27,111.7514,-0.4999
F004,2026-07-28,112.349,0.5348
F004,2026-07-29,112.4964,0.1312
F004,2026-07-30,112.558,0.0548
F004,2026-07-31,112.8521,0.2613
F004,2026-08-03,113.4093,0.4937
F004,2026-08-04,113.6352,0.1992
F004,2026-08-05,113.8792,0.2147
F004,2026-08-06,113.9374,0.0511
F004,2026-08-07,113.9336,-0.0033
F004,2026-08-10,113.8537,-0.0701
F004,2026-08-11,113.6941,-0.1402
F004,2026-08-12,113.5663,-0.1124
F004,2026-08-13,113.2879,-0.2451
F004,2026-08-14,113.299,0.0098
F004,2026-08-17,112.9456,-0.3119
F004,2026-08-18,113.017,0.0632
F004,2026-08-19,113.037,0.0177
F004,2026-08-20,113.0985,0.0544
F004,2026-08-21,113.0087,-0.0794
F004,2026-08-24,113.7324,0.6404
F004,2026-08-25,114.0702,0.297
F004,2026-08-26,113.8148,-0.2239
F004,2026-08-27,113.8963,0.0716
F004,2026-08-28,113.7863,-0.0966
F004,2026-08-31,113.5839,-0.1779
F004,2026-09-01,113.3079,-0.243
F004,2026-09-02,113.4342,0.1115
F004,2026-09-03,113.308,-0.1113
F004,2026-09-04,113.5557,0.2186
F005,2022-01-03,54.8825,
F005,2022-01-04,55.047,0.2997
F005,2022-01-05,54.9669,-0.1455
F005,2022-01-06,55.0329,0.1201
F005,2022-01-07,55.1163,0.1515
F005,2022-01-10,55.0778,-0.0699
F005,2022-01-11,55.0066,-0.1293
F005,2022-01-12,55.1974,0.3469
F005,2022-01-13,55.2363,0.0705
F005,2022-01-14,55.3204,0.1523
F005,2022-01-17,55.2433,-0.1394
F005,2022-01-18,55.1224,-0.2189
F005,2022-01-19,55.0734,-0.0889
F005,2022-01-20,55.0735,0.0002
F005,2022-01-21,54.97,-0.1879
F005,2022-01-24,54.9827,0.0231
F005,2022-01-25,54.8108,-0.3126
F005,2022-01-26,54.7017,-0.199
F005,2022-01-27,54.7888,0.1592
F005,2022-01-28,54.8687,0.1458
F005,2022-01-31,54.8394,-0.0534
F005,2022-02-01,54.7415,-0.1785
F005,2022-02-02,54.7415,0.0
F005,2022-02-03,54.6156,-0.23
F005,2022-02-04,54.6997,0.154
F005,2022-02-07,54.8149,0.2106
F005,2022-02-08,54.7742,-0.0742
F005,2022-02-09,54.6615,-0.2058
F005,2022-02-10,54.7044,0.0785
F005,2022-02-11,54.628,-0.1397
F005,2022-02-14,54.585,-0.0787
F005,2022-02-15,54.7433,0.29
F005,2022-02-16,54.8475,0.1903
F005,2022-02-17,54.8785,0.0565
F005,2022-02-18,54.7526,-0.2294
F005,2022-02-21,54.7894,0.0672
F005,2022-02-22,54.9195,0.2375
F005,2022-02-23,54.892,-0.0501
F005,2022-02-24,55.0541,0.2953
F005,2022-02-25,55.2102,0.2835
F005,2022-02-28,55.4077,0.3577
F005,2022-03-01,55.4554,0.0861
F005,2022-03-02,55.5344,0.1425
F005,2022-03-03,55.7054,0.3079
F005,2022-03-04,55.7692,0.1145
F005,2022-03-07,55.7272,-0.0753
F005,2022-03-08,55.6911,-0.0648
F005,2022-03-09,55.7316,0.0727
F005,2022-03-10,55.6017,-0.2331
F005,2022-03-11,55.5997,-0.0036
F005,2022-03-14,55.7355,0.2442
F005,2022-03-15,55.5052,-0.4132
F005,2022-03-16,55.6894,0.3319
F005,2022-03-17,55.8283,0.2494
F005,2022-03-18,55.7909,-0.067
F005,2022-03-21,55.8655,0.1337
F005,2022-03-22,55.8798,0.0256
F005,2022-03-23,56.0312,0.2709
F005,2022-03-24,56.1553,0.2215
F005,2022-03-25,56.0121,-0.255
F005,2022-03-28,56.0919,0.1425
F005,2022-03-29,56.0829,-0.016
F005,2022-03-30,56.1062,0.0415
F005,2022-03-31,56.0385,-0.1207
F005,2022-04-01,56.2484,0.3746
F005,2022-04-04,56.3795,0.2331
F005,2022-04-05,56.3102,-0.1229
F005,2022-04-06,56.174,-0.2419
F005,2022-04-07,56.1447,-0.0522
F005,2022-04-08,56.2075,0.1119
F005,2022-04-11,56.2486,0.0731
F005,2022-04-12,56.4036,0.2756
F005,2022-04-13,56.5068,0.183
F005,2022-04-14,56.6305,0.2189
F005,2022-04-15,56.6817,0.0904
F005,2022-04-18,56.5384,-0.2528
F005,2022-04-19,56.5304,-0.0141
F005,2022-04-20,56.6644,0.237
F005,2022-04-21,56.6727,0.0146
F005,2022-04-22,56.7439,0.1256
F005,2022-04-25,56.7219,-0.0388
F005,2022-04-26,56.6193,-0.1809
F005,2022-04-27,56.6195,0.0004
F005,2022-04-28,56.6687,0.0869
F005,2022-04-29,56.6086,-0.1061
F005,2022-05-02,56.5961,-0.0221
F005,2022-05-03,56.5039,-0.1629
F005,2022-05-04,56.6445,0.2488
F005,2022-05-05,56.6253,-0.0339
F005,2022-05-06,56.804,0.3156
F005,2022-05-09,56.9919,0.3308
F005,2022-05-10,56.9969,0.0088
F005,2022-05-11,56.8962,-0.1767
F005,2022-05-12,56.6731,-0.3921
F005,2022-05-13,56.6731,0.0
F005,2022-05-16,56.3792,-0.5186
F005,2022-05-17,56.5487,0.3006
F005,2022-05-18,56.5759,0.0481
F005,2022-05-19,56.6341,0.1029
F005,2022-05-20,56.3968,-0.419
F005,2022-05-23,56.2758,-0.2146
F005,2022-05-24,56.3897,0.2024
F005,2022-05-25,56.4361,0.0823
F005,2022-05-26,56.4336,-0.0044
F005,2022-05-27,56.5115,0.138
F005,2022-05-30,56.7105,0.3521
F005,2022-05-31,56.6996,-0.0192
F005,2022-06-01,56.7216,0.0388
F005,2022-06-02,56.7576,0.0635
F005,2022-06-03,57.0433,0.5034
F005,2022-06-06,56.8181,-0.3948
F005,2022-06-07,56.9099,0.1616
F005,2022-06-08,56.9099,0.0
F005,2022-06-09,56.9898,0.1404
F005,2022-06-10,56.9291,-0.1065
F005,2022-06-13,56.9378,0.0153
F005,2022-06-14,57.033,0.1672
F005,2022-06-15,57.4023,0.6475
F005,2022-06-16,57.5094,0.1866
F005,2022-06-17,57.4262,-0.1447
F005,2022-06-20,57.3919,-0.0597
F005,2022-06-21,57.3542,-0.0657
F005,2022-06-22,57.1626,-0.3341
F005,2022-06-23,57.1392,-0.0409
F005,2022-06-24,57.2372,0.1715
F005,2022-06-27,57.1056,-0.2299
F005,2022-06-28,57.2396,0.2347
F005,2022-06-29,57.3097,0.1225
F005,2022-06-30,57.2399,-0.1218
F005,2022-07-01,57.238,-0.0033
F005,2022-07-04,57.4353,0.3447
F005,2022-07-05,57.5339,0.1717
F005,2022-07-06,57.5493,0.0268
F005,2022-07-07,57.5363,-0.0226
F005,2022-07-08,57.5595,0.0403
F005,2022-07-11,57.515,-0.0773
F005,2022-07-12,57.2873,-0.3959
F005,2022-07-13,57.5356,0.4334
F005,2022-07-14,57.5679,0.0561
F005,2022-07-15,57.6281,0.1046
F005,2022-07-18,57.6358,0.0134
F005,2022-07-19,57.5655,-0.122
F005,2022-07-20,57.5585,-0.0122
F005,2022-07-21,57.3888,-0.2948
F005,2022-07-22,57.6645,0.4804
F005,2022-07-25,57.5365,-0.222
F005,2022-07-26,57.4321,-0.1815
F005,2022-07-27,57.3959,-0.063
F005,2022-07-28,57.5581,0.2826
F005,2022-07-29,57.5742,0.028
F005,2022-08-01,57.4463,-0.2221
F005,2022-08-02,57.6048,0.2759
F005,2022-08-03,57.7034,0.1712
F005,2022-08-04,57.78,0.1327
F005,2022-08-05,57.8772,0.1682
F005,2022-08-08,58.1688,0.5038
F005,2022-08-09,58.4376,0.4621
F005,2022-08-10,58.3719,-0.1124
F005,2022-08-11,58.5761,0.3498
F005,2022-08-12,58.6356,0.1016
F005,2022-08-15,58.7088,0.1248
F005,2022-08-16,58.5248,-0.3134
F005,2022-08-17,58.5195,-0.0091
F005,2022-08-18,58.439,-0.1376
F005,2022-08-19,58.5504,0.1906
F005,2022-08-22,58.6905,0.2393
F005,2022-08-23,58.4617,-0.3898
F005,2022-08-24,58.4737,0.0205
F005,2022-08-25,58.6195,0.2493
F005,2022-08-26,58.6123,-0.0123
F005,2022-08-29,58.7124,0.1708
F005,2022-08-30,58.7683,0.0952
F005,2022-08-31,58.8231,0.0932
F005,2022-09-01,58.8059,-0.0292
F005,2022-09-02,58.6775,-0.2183
F005,2022-09-05,58.5606,-0.1992
F005,2022-09-06,58.6583,0.1668
F005,2022-09-07,58.6752,0.0288
F005,2022-09-08,58.6736,-0.0027
F005,2022-09-09,58.6385,-0.0598
F005,2022-09-12,58.6174,-0.036
F005,2022-09-13,58.7548,0.2344
F005,2022-09-14,58.7301,-0.042
F005,2022-09-15,58.5873,-0.2431
F005,2022-09-16,58.6891,0.1738
F005,2022-09-19,58.6797,-0.016
F005,2022-09-20,58.6981,0.0314
F005,2022-09-21,58.6981,0.0
F005,2022-09-22,58.9138,0.3675
F005,2022-09-23,58.9626,0.0828
F005,2022-09-26,58.8383,-0.2108
F005,2022-09-27,58.8272,-0.0189
F005,2022-09-28,58.9136,0.1469
F005,2022-09-29,58.7451,-0.286
F005,2022-09-30,58.7834,0.0652
F005,2022-10-03,58.8099,0.0451
F005,2022-10-04,58.8295,0.0333
F005,2022-10-05,58.9662,0.2324
F005,2022-10-06,59.0204,0.0919
F005,2022-10-07,59.2096,0.3206
F005,2022-10-10,59.1067,-0.1738
F005,2022-10-11,59.1375,0.0521
F005,2022-10-12,59.1623,0.0419
F005,2022-10-13,59.0506,-0.1888
F005,2022-10-14,59.1783,0.2163
F005,2022-10-17,59.4682,0.4899
F005,2022-10-18,59.481,0.0215
F005,2022-10-19,59.5559,0.1259
F005,2022-10-20,59.5809,0.042
F005,2022-10-21,59.5108,-0.1177
F005,2022-10-24,59.309,-0.3391
F005,2022-10-25,59.2401,-0.1162
F005,2022-10-26,59.09,-0.2534
F005,2022-10-27,59.3062,0.3659
F005,2022-10-28,59.3074,0.002
F005,2022-10-31,59.2812,-0.0442
F005,2022-11-01,59.4014,0.2028
F005,2022-11-02,59.283,-0.1993
F005,2022-11-03,59.2069,-0.1284
F005,2022-11-04,59.2298,0.0387
F005,2022-11-07,59.3665,0.2308
F005,2022-11-08,59.4409,0.1253
F005,2022-11-09,59.4853,0.0747
F005,2022-11-10,59.5095,0.0407
F005,2022-11-11,59.572,0.105
F005,2022-11-14,59.6109,0.0653
F005,2022-11-15,59.503,-0.181
F005,2022-11-16,59.5234,0.0343
F005,2022-11-17,59.4105,-0.1897
F005,2022-11-18,59.435,0.0412
F005,2022-11-21,59.3927,-0.0712
F005,2022-11-22,59.7092,0.5329
F005,2022-11-23,59.7194,0.0171
F005,2022-11-24,59.5666,-0.2559
F005,2022-11-25,59.5655,-0.0018
F005,2022-11-28,59.6423,0.1289
F005,2022-11-29,59.8568,0.3596
F005,2022-11-30,59.8012,-0.0929
F005,2022-12-01,59.6269,-0.2915
F005,2022-12-02,59.7392,0.1883
F005,2022-12-05,59.5892,-0.2511
F005,2022-12-06,59.5521,-0.0623
F005,2022-12-07,59.5363,-0.0265
F005,2022-12-08,59.5429,0.0111
F005,2022-12-09,59.6399,0.1629
F005,2022-12-12,59.5733,-0.1117
F005,2022-12-13,59.5556,-0.0297
F005,2022-12-14,59.5688,0.0222
F005,2022-12-15,59.6015,0.0549
F005,2022-12-16,59.6281,0.0446
F005,2022-12-19,59.695,0.1122
F005,2022-12-20,59.8107,0.1938
F005,2022-12-21,59.8726,0.1035
F005,2022-12-22,59.9419,0.1157
F005,2022-12-23,59.7672,-0.2914
F005,2022-12-26,59.7881,0.035
F005,2022-12-27,59.8604,0.1209
F005,2022-12-28,59.9626,0.1707
F005,2022-12-29,59.8946,-0.1134
F005,2022-12-30,59.8306,-0.1069
F005,2023-01-02,59.7769,-0.0898
F005,2023-01-03,59.856,0.1323
F005,2023-01-04,59.9947,0.2317
F005,2023-01-05,59.9608,-0.0565
F005,2023-01-06,60.0847,0.2066
F005,2023-01-09,60.1146,0.0498
F005,2023-01-10,60.1147,0.0002
F005,2023-01-11,60.1043,-0.0173
F005,2023-01-12,60.2091,0.1744
F005,2023-01-13,60.2634,0.0902
F005,2023-01-16,60.5528,0.4802
F005,2023-01-17,60.4647,-0.1455
F005,2023-01-18,60.5425,0.1287
F005,2023-01-19,60.4936,-0.0808
F005,2023-01-20,60.4036,-0.1488
F005,2023-01-23,60.4174,0.0228
F005,2023-01-24,60.4491,0.0525
F005,2023-01-25,60.817,0.6086
F005,2023-01-26,60.8098,-0.0118
F005,2023-01-27,60.6876,-0.201
F005,2023-01-30,60.7359,0.0796
F005,2023-01-31,60.4991,-0.3899
F005,2023-02-01,60.5031,0.0066
F005,2023-02-02,60.5202,0.0283
F005,2023-02-03,60.6315,0.1839
F005,2023-02-06,60.7647,0.2197
F005,2023-02-07,60.7187,-0.0757
F005,2023-02-08,60.7156,-0.0051
F005,2023-02-09,60.6377,-0.1283
F005,2023-02-10,60.5161,-0.2005
F005,2023-02-13,60.5687,0.0869
F005,2023-02-14,60.4296,-0.2297
F005,2023-02-15,60.3946,-0.0579
F005,2023-02-16,60.2895,-0.174
F005,2023-02-17,60.3709,0.135
F005,2023-02-20,60.6035,0.3853
F005,2023-02-21,60.4609,-0.2353
F005,2023-02-22,60.2519,-0.3457
F005,2023-02-23,60.2519,0.0
F005,2023-02-24,60.2689,0.0282
F005,2023-02-27,60.3103,0.0687
F005,2023-02-28,60.2715,-0.0643
F005,2023-03-01,60.2624,-0.0151
F005,2023-03-02,60.3218,0.0986
F005,2023-03-03,60.4624,0.2331
F005,2023-03-06,60.2411,-0.366
F005,2023-03-07,60.2117,-0.0488
F005,2023-03-08,60.2525,0.0678
F005,2023-03-09,60.1569,-0.1587
F005,2023-03-10,60.3802,0.3712
F005,2023-03-13,60.3186,-0.102
F005,2023-03-14,60.3287,0.0167
F005,2023-03-15,60.4109,0.1363
F005,2023-03-16,60.4109,0.0
F005,2023-03-17,60.1468,-0.4372
F005,2023-03-20,60.1103,-0.0607
F005,2023-03-21,60.2491,0.2309
F005,2023-03-22,60.2236,-0.0423
F005,2023-03-23,60.1367,-0.1443
F005,2023-03-24,60.2631,0.2102
F005,2023-03-27,60.2383,-0.0412
F005,2023-03-28,60.1919,-0.077
F005,2023-03-29,60.2249,0.0548
F005,2023-03-30,60.3328,0.1792
F005,2023-03-31,60.6353,0.5014
F005,2023-04-03,60.7508,0.1905
F005,2023-04-04,60.9069,0.257
F005,2023-04-05,60.8605,-0.0762
F005,2023-04-06,60.7508,-0.1802
F005,2023-04-07,60.7736,0.0375
F005,2023-04-10,60.7736,0.0
F005,2023-04-11,60.6858,-0.1445
F005,2023-04-12,60.6797,-0.0101
F005,2023-04-13,60.7433,0.1048
F005,2023-04-14,60.8023,0.0971
F005,2023-04-17,60.8788,0.1258
F005,2023-04-18,60.9294,0.0831
F005,2023-04-19,60.8828,-0.0765
F005,2023-04-20,60.8354,-0.0779
F005,2023-04-21,60.7047,-0.2148
F005,2023-04-24,60.9366,0.382
F005,2023-04-25,60.9535,0.0277
F005,2023-04-26,60.9413,-0.02
F005,2023-04-27,60.8433,-0.1608
F005,2023-04-28,61.2157,0.6121
F005,2023-05-01,61.0996,-0.1897
F005,2023-05-02,61.0625,-0.0607
F005,2023-05-03,61.1285,0.1081
F005,2023-05-04,61.2172,0.1451
F005,2023-05-05,61.3498,0.2166
F005,2023-05-08,61.5869,0.3865
F005,2023-05-09,61.6646,0.1262
F005,2023-05-10,61.5498,-0.1862
F005,2023-05-11,61.5336,-0.0263
F005,2023-05-12,61.5869,0.0866
F005,2023-05-15,61.857,0.4386
F005,2023-05-16,61.6995,-0.2546
F005,2023-05-17,61.8633,0.2655
F005,2023-05-18,61.901,0.0609
F005,2023-05-19,62.0202,0.1926
F005,2023-05-22,62.0231,0.0047
F005,2023-05-23,61.9341,-0.1435
F005,2023-05-24,62.0426,0.1752
F005,2023-05-25,62.1393,0.1559
F005,2023-05-26,62.2756,0.2193
F005,2023-05-29,62.2895,0.0223
F005,2023-05-30,62.2303,-0.095
F005,2023-05-31,62.0519,-0.2867
F005,2023-06-01,62.1691,0.1889
F005,2023-06-02,62.2373,0.1097
F005,2023-06-05,62.1326,-0.1682
F005,2023-06-06,62.0812,-0.0827
F005,2023-06-07,62.0388,-0.0683
F005,2023-06-08,61.8703,-0.2716
F005,2023-06-09,61.7846,-0.1385
F005,2023-06-12,61.6599,-0.2018
F005,2023-06-13,61.6244,-0.0576
F005,2023-06-14,61.5488,-0.1227
F005,2023-06-15,61.3639,-0.3004
F005,2023-06-16,61.6275,0.4296
F005,2023-06-19,61.7973,0.2755
F005,2023-06-20,61.7165,-0.1308
F005,2023-06-21,61.7656,0.0796
F005,2023-06-22,61.8326,0.1085
F005,2023-06-23,61.9954,0.2633
F005,2023-06-26,61.9094,-0.1387
F005,2023-06-27,62.0601,0.2434
F005,2023-06-28,62.0076,-0.0846
F005,2023-06-29,61.8574,-0.2422
F005,2023-06-30,61.9625,0.1699
F005,2023-07-03,62.1379,0.2831
F005,2023-07-04,62.475,0.5425
F005,2023-07-05,62.3407,-0.215
F005,2023-07-06,62.4434,0.1647
F005,2023-07-07,62.4078,-0.057
F005,2023-07-10,62.5212,0.1817
F005,2023-07-11,62.353,-0.269
F005,2023-07-12,62.2111,-0.2276
F005,2023-07-13,62.1301,-0.1302
F005,2023-07-14,62.1554,0.0407
F005,2023-07-17,62.0912,-0.1033
F005,2023-07-18,62.1886,0.1569
F005,2023-07-19,62.3319,0.2304
F005,2023-07-20,62.4222,0.1449
F005,2023-07-21,62.6399,0.3488
F005,2023-07-24,62.7077,0.1082
F005,2023-07-25,62.5708,-0.2183
F005,2023-07-26,62.7571,0.2977
F005,2023-07-27,62.6968,-0.0961
F005,2023-07-28,62.8266,0.207
F005,2023-07-31,63.0401,0.3398
F005,2023-08-01,63.1134,0.1163
F005,2023-08-02,62.9403,-0.2743
F005,2023-08-03,62.8404,-0.1587
F005,2023-08-04,63.0224,0.2896
F005,2023-08-07,63.0168,-0.0089
F005,2023-08-08,63.0426,0.0409
F005,2023-08-09,63.154,0.1767
F005,2023-08-10,63.2577,0.1642
F005,2023-08-11,63.3088,0.0808
F005,2023-08-14,63.2982,-0.0167
F005,2023-08-15,63.2744,-0.0376
F005,2023-08-16,63.3988,0.1966
F005,2023-08-17,63.4848,0.1356
F005,2023-08-18,63.468,-0.0265
F005,2023-08-21,63.6212,0.2414
F005,2023-08-22,63.6207,-0.0008
F005,2023-08-23,63.5282,-0.1454
F005,2023-08-24,63.4476,-0.1269
F005,2023-08-25,63.3393,-0.1707
F005,2023-08-28,63.3206,-0.0295
F005,2023-08-29,63.4927,0.2718
F005,2023-08-30,63.4063,-0.1361
F005,2023-08-31,63.4461,0.0628
F005,2023-09-01,63.3786,-0.1064
F005,2023-09-04,63.3614,-0.0271
F005,2023-09-05,63.1859,-0.277
F005,2023-09-06,63.1738,-0.0191
F005,2023-09-07,63.1651,-0.0138
F005,2023-09-08,63.2491,0.133
F005,2023-09-11,63.2932,0.0697
F005,2023-09-12,63.1573,-0.2147
F005,2023-09-13,63.31,0.2418
F005,2023-09-14,63.3525,0.0671
F005,2023-09-15,63.3935,0.0647
F005,2023-09-18,63.4082,0.0232
F005,2023-09-19,63.3584,-0.0785
F005,2023-09-20,63.4018,0.0685
F005,2023-09-21,63.478,0.1202
F005,2023-09-22,63.2721,-0.3244
F005,2023-09-25,63.2197,-0.0828
F005,2023-09-26,63.2033,-0.0259
F005,2023-09-27,63.2515,0.0763
F005,2023-09-28,63.4183,0.2637
F005,2023-09-29,63.3363,-0.1293
F005,2023-10-02,63.2891,-0.0745
F005,2023-10-03,63.24,-0.0776
F005,2023-10-04,63.1544,-0.1354
F005,2023-10-05,63.1263,-0.0445
F005,2023-10-06,63.2394,0.1792
F005,2023-10-09,63.1219,-0.1858
F005,2023-10-10,63.1917,0.1106
F005,2023-10-11,62.9924,-0.3154
F005,2023-10-12,62.9374,-0.0873
F005,2023-10-13,62.9117,-0.0408
F005,2023-10-16,63.1382,0.36
F005,2023-10-17,63.1193,-0.0299
F005,2023-10-18,62.8572,-0.4152
F005,2023-10-19,62.6216,-0.3748
F005,2023-10-20,62.6415,0.0318
F005,2023-10-23,62.7341,0.1478
F005,2023-10-24,62.7969,0.1001
F005,2023-10-25,62.8336,0.0584
F005,2023-10-26,62.9954,0.2575
F005,2023-10-27,62.9432,-0.0829
F005,2023-10-30,63.0716,0.204
F005,2023-10-31,62.8815,-0.3014
F005,2023-11-01,62.7834,-0.156
F005,2023-11-02,62.5722,-0.3364
F005,2023-11-03,62.5534,-0.03
F005,2023-11-06,62.5633,0.0158
F005,2023-11-07,62.5932,0.0478
F005,2023-11-08,62.6166,0.0374
F005,2023-11-09,62.5161,-0.1605
F005,2023-11-10,62.5079,-0.0131
F005,2023-11-13,62.3363,-0.2745
F005,2023-11-14,62.5218,0.2976
F005,2023-11-15,62.4995,-0.0357
F005,2023-11-16,62.454,-0.0728
F005,2023-11-17,62.6681,0.3428
F005,2023-11-20,62.5281,-0.2234
F005,2023-11-21,62.403,-0.2001
F005,2023-11-22,62.2818,-0.1942
F005,2023-11-23,62.2889,0.0114
F005,2023-11-24,62.3582,0.1113
F005,2023-11-27,62.466,0.1729
F005,2023-11-28,62.8029,0.5393
F005,2023-11-29,62.5361,-0.4248
F005,2023-11-30,62.6279,0.1468
F005,2023-12-01,62.5738,-0.0864
F005,2023-12-04,62.5161,-0.0922
F005,2023-12-05,62.4542,-0.099
F005,2023-12-06,62.3563,-0.1568
F005,2023-12-07,62.582,0.362
F005,2023-12-08,62.7031,0.1935
F005,2023-12-11,62.7217,0.0297
F005,2023-12-12,62.9069,0.2953
F005,2023-12-13,62.7323,-0.2776
F005,2023-12-14,62.581,-0.2412
F005,2023-12-15,62.324,-0.4107
F005,2023-12-18,62.2524,-0.1149
F005,2023-12-19,62.2881,0.0573
F005,2023-12-20,62.3165,0.0456
F005,2023-12-21,62.3507,0.0549
F005,2023-12-22,62.1903,-0.2573
F005,2023-12-25,62.3057,0.1856
F005,2023-12-26,62.3511,0.0729
F005,2023-12-27,62.4581,0.1716
F005,2023-12-28,62.2373,-0.3535
F005,2023-12-29,62.2916,0.0872
F005,2024-01-01,62.1592,-0.2125
F005,2024-01-02,62.1253,-0.0545
F005,2024-01-03,62.2072,0.1318
F005,2024-01-04,62.2341,0.0432
F005,2024-01-05,62.1437,-0.1453
F005,2024-01-08,62.16,0.0262
F005,2024-01-09,61.9851,-0.2814
F005,2024-01-10,62.1432,0.2551
F005,2024-01-11,62.1332,-0.0161
F005,2024-01-12,62.2877,0.2487
F005,2024-01-15,62.2377,-0.0803
F005,2024-01-16,62.1881,-0.0797
F005,2024-01-17,62.1086,-0.1278
F005,2024-01-18,62.233,0.2003
F005,2024-01-19,62.1603,-0.1168
F005,2024-01-22,62.256,0.154
F005,2024-01-23,62.2239,-0.0516
F005,2024-01-24,61.9936,-0.3701
F005,2024-01-25,61.9384,-0.089
F005,2024-01-26,61.8078,-0.2109
F005,2024-01-29,61.8274,0.0317
F005,2024-01-30,61.6957,-0.213
F005,2024-01-31,61.8254,0.2102
F005,2024-02-01,61.8296,0.0068
F005,2024-02-02,61.8231,-0.0105
F005,2024-02-05,61.9197,0.1563
F005,2024-02-06,62.0545,0.2177
F005,2024-02-07,62.0675,0.0209
F005,2024-02-08,61.9873,-0.1292
F005,2024-02-09,61.7829,-0.3297
F005,2024-02-12,61.7136,-0.1122
F005,2024-02-13,61.6528,-0.0985
F005,2024-02-14,61.6814,0.0464
F005,2024-02-15,61.6542,-0.0441
F005,2024-02-16,61.7544,0.1625
F005,2024-02-19,61.6941,-0.0976
F005,2024-02-20,61.7025,0.0136
F005,2024-02-21,61.864,0.2617
F005,2024-02-22,61.9218,0.0934
F005,2024-02-23,61.9298,0.0129
F005,2024-02-26,61.8707,-0.0954
F005,2024-02-27,61.8078,-0.1017
F005,2024-02-28,61.7181,-0.1451
F005,2024-02-29,61.6667,-0.0833
F005,2024-03-01,61.7753,0.1761
F005,2024-03-04,61.7633,-0.0194
F005,2024-03-05,61.612,-0.245
F005,2024-03-06,61.8453,0.3787
F005,2024-03-07,61.9003,0.0889
F005,2024-03-08,61.7416,-0.2564
F005,2024-03-11,61.7025,-0.0633
F005,2024-03-12,61.7316,0.0472
F005,2024-03-13,61.9575,0.3659
F005,2024-03-14,61.8357,-0.1966
F005,2024-03-15,61.9719,0.2203
F005,2024-03-18,62.1609,0.305
F005,2024-03-19,62.0983,-0.1007
F005,2024-03-20,62.0794,-0.0304
F005,2024-03-21,61.9663,-0.1822
F005,2024-03-22,61.9566,-0.0157
F005,2024-03-25,61.9676,0.0178
F005,2024-03-26,62.0648,0.1569
F005,2024-03-27,62.2156,0.243
F005,2024-03-28,62.1381,-0.1246
F005,2024-03-29,61.9091,-0.3685
F005,2024-04-01,61.9091,0.0
F005,2024-04-02,61.9737,0.1043
F005,2024-04-03,62.0201,0.0749
F005,2024-04-04,61.9951,-0.0403
F005,2024-04-05,62.0261,0.05
F005,2024-04-08,62.2296,0.3281
F005,2024-04-09,62.2927,0.1014
F005,2024-04-10,62.2618,-0.0496
F005,2024-04-11,62.2151,-0.075
F005,2024-04-12,62.2095,-0.009
F005,2024-04-15,62.4287,0.3524
F005,2024-04-16,62.4214,-0.0117
F005,2024-04-17,62.4345,0.021
F005,2024-04-18,62.3899,-0.0714
F005,2024-04-19,62.5426,0.2448
F005,2024-04-22,62.8034,0.417
F005,2024-04-23,62.8757,0.1151
F005,2024-04-24,62.9018,0.0415
F005,2024-04-25,62.9222,0.0324
F005,2024-04-26,62.6379,-0.4518
F005,2024-04-29,62.7469,0.174
F005,2024-04-30,62.7794,0.0518
F005,2024-05-01,62.8489,0.1107
F005,2024-05-02,62.7752,-0.1173
F005,2024-05-03,62.7426,-0.0519
F005,2024-05-06,62.7067,-0.0572
F005,2024-05-07,62.8505,0.2293
F005,2024-05-08,62.8186,-0.0508
F005,2024-05-09,63.096,0.4416
F005,2024-05-10,63.1661,0.1111
F005,2024-05-13,63.0207,-0.2302
F005,2024-05-14,63.0203,-0.0006
F005,2024-05-15,62.9539,-0.1054
F005,2024-05-16,62.6933,-0.414
F005,2024-05-17,62.9095,0.3449
F005,2024-05-20,63.0137,0.1656
F005,2024-05-21,63.0967,0.1317
F005,2024-05-22,63.1333,0.058
F005,2024-05-23,62.9746,-0.2514
F005,2024-05-24,62.9294,-0.0718
F005,2024-05-27,63.0511,0.1934
F005,2024-05-28,62.9343,-0.1852
F005,2024-05-29,62.6314,-0.4813
F005,2024-05-30,62.6186,-0.0204
F005,2024-05-31,62.6165,-0.0034
F005,2024-06-03,62.6491,0.0521
F005,2024-06-04,62.756,0.1706
F005,2024-06-05,62.8517,0.1525
F005,2024-06-06,62.8999,0.0767
F005,2024-06-07,63.066,0.2641
F005,2024-06-10,62.8902,-0.2788
F005,2024-06-11,62.9694,0.1259
F005,2024-06-12,63.064,0.1502
F005,2024-06-13,62.9234,-0.2229
F005,2024-06-14,62.75,-0.2756
F005,2024-06-17,62.6721,-0.1241
F005,2024-06-18,62.6048,-0.1074
F005,2024-06-19,62.7148,0.1757
F005,2024-06-20,62.6534,-0.0979
F005,2024-06-21,62.5618,-0.1462
F005,2024-06-24,62.5009,-0.0973
F005,2024-06-25,62.6564,0.2488
F005,2024-06-26,62.6737,0.0276
F005,2024-06-27,62.6669,-0.0108
F005,2024-06-28,62.6688,0.003
F005,2024-07-01,62.8464,0.2834
F005,2024-07-02,62.7679,-0.1249
F005,2024-07-03,62.9487,0.288
F005,2024-07-04,62.9909,0.067
F005,2024-07-05,62.9864,-0.0071
F005,2024-07-08,63.3172,0.5252
F005,2024-07-09,63.1993,-0.1862
F005,2024-07-10,63.1704,-0.0457
F005,2024-07-11,63.0305,-0.2215
F005,2024-07-12,63.1663,0.2155
F005,2024-07-15,63.3955,0.3629
F005,2024-07-16,63.6231,0.359
F005,2024-07-17,63.7947,0.2697
F005,2024-07-18,63.7854,-0.0146
F005,2024-07-19,63.7548,-0.048
F005,2024-07-22,63.5576,-0.3093
F005,2024-07-23,63.8323,0.4322
F005,2024-07-24,63.9081,0.1187
F005,2024-07-25,63.8612,-0.0734
F005,2024-07-26,64.0468,0.2906
F005,2024-07-29,63.9382,-0.1696
F005,2024-07-30,64.0062,0.1064
F005,2024-07-31,64.0001,-0.0095
F005,2024-08-01,64.0979,0.1528
F005,2024-08-02,64.1058,0.0123
F005,2024-08-05,63.9358,-0.2652
F005,2024-08-06,63.9614,0.04
F005,2024-08-07,64.1116,0.2348
F005,2024-08-08,64.1239,0.0192
F005,2024-08-09,64.2393,0.18
F005,2024-08-12,64.121,-0.1842
F005,2024-08-13,64.1337,0.0198
F005,2024-08-14,64.0696,-0.0999
F005,2024-08-15,64.1813,0.1743
F005,2024-08-16,64.2014,0.0313
F005,2024-08-19,64.3061,0.1631
F005,2024-08-20,64.4621,0.2426
F005,2024-08-21,64.4621,0.0
F005,2024-08-22,64.6188,0.2431
F005,2024-08-23,64.5059,-0.1747
F005,2024-08-26,64.5217,0.0245
F005,2024-08-27,64.469,-0.0817
F005,2024-08-28,64.4408,-0.0437
F005,2024-08-29,64.4086,-0.05
F005,2024-08-30,64.2985,-0.1709
F005,2024-09-02,64.0629,-0.3664
F005,2024-09-03,63.9933,-0.1086
F005,2024-09-04,64.034,0.0636
F005,2024-09-05,63.8774,-0.2446
F005,2024-09-06,63.8954,0.0282
F005,2024-09-09,64.1542,0.405
F005,2024-09-10,64.3015,0.2296
F005,2024-09-11,64.5289,0.3536
F005,2024-09-12,64.5955,0.1032
F005,2024-09-13,64.7625,0.2585
F005,2024-09-16,64.6849,-0.1198
F005,2024-09-17,64.6177,-0.1039
F005,2024-09-18,64.2799,-0.5228
F005,2024-09-19,64.4485,0.2623
F005,2024-09-20,64.4485,0.0
F005,2024-09-23,64.6078,0.2472
F005,2024-09-24,64.5911,-0.0258
F005,2024-09-25,64.5099,-0.1257
F005,2024-09-26,64.5754,0.1015
F005,2024-09-27,64.7368,0.2499
F005,2024-09-30,64.5273,-0.3236
F005,2024-10-01,64.5963,0.1069
F005,2024-10-02,64.5767,-0.0303
F005,2024-10-03,64.6075,0.0477
F005,2024-10-04,64.683,0.1169
F005,2024-10-07,64.6748,-0.0127
F005,2024-10-08,64.6776,0.0043
F005,2024-10-09,64.6661,-0.0178
F005,2024-10-10,64.8078,0.2191
F005,2024-10-11,64.8783,0.1088
F005,2024-10-14,64.9231,0.0691
F005,2024-10-15,64.7743,-0.2292
F005,2024-10-16,64.7414,-0.0508
F005,2024-10-17,64.8739,0.2047
F005,2024-10-18,64.895,0.0325
F005,2024-10-21,64.9968,0.1569
F005,2024-10-22,65.2427,0.3783
F005,2024-10-23,65.3945,0.2327
F005,2024-10-24,65.423,0.0436
F005,2024-10-25,65.3725,-0.0772
F005,2024-10-28,65.055,-0.4857
F005,2024-10-29,65.0494,-0.0086
F005,2024-10-30,65.0232,-0.0403
F005,2024-10-31,65.0902,0.103
F005,2024-11-01,65.0864,-0.0058
F005,2024-11-04,65.061,-0.039
F005,2024-11-05,64.8457,-0.3309
F005,2024-11-06,64.74,-0.163
F005,2024-11-07,64.8179,0.1203
F005,2024-11-08,65.0565,0.3681
F005,2024-11-11,65.0601,0.0055
F005,2024-11-12,65.119,0.0905
F005,2024-11-13,65.2593,0.2155
F005,2024-11-14,65.1698,-0.1371
F005,2024-11-15,65.2339,0.0984
F005,2024-11-18,65.1536,-0.1231
F005,2024-11-19,65.2826,0.198
F005,2024-11-20,65.3187,0.0553
F005,2024-11-21,65.374,0.0847
F005,2024-11-22,65.288,-0.1316
F005,2024-11-25,65.3966,0.1663
F005,2024-11-26,65.6856,0.4419
F005,2024-11-27,65.5696,-0.1766
F005,2024-11-28,65.5414,-0.043
F005,2024-11-29,65.5881,0.0713
F005,2024-12-02,65.7077,0.1824
F005,2024-12-03,65.6506,-0.0869
F005,2024-12-04,65.295,-0.5417
F005,2024-12-05,65.4888,0.2968
F005,2024-12-06,65.6048,0.1771
F005,2024-12-09,65.3925,-0.3236
F005,2024-12-10,65.3294,-0.0965
F005,2024-12-11,65.5506,0.3386
F005,2024-12-12,65.7568,0.3146
F005,2024-12-13,65.8967,0.2128
F005,2024-12-16,65.89,-0.0102
F005,2024-12-17,65.9174,0.0416
F005,2024-12-18,65.9166,-0.0012
F005,2024-12-19,66.0818,0.2506
F005,2024-12-20,65.9826,-0.1501
F005,2024-12-23,65.8928,-0.1361
F005,2024-12-24,66.0424,0.227
F005,2024-12-25,66.0531,0.0162
F005,2024-12-26,66.2517,0.3007
F005,2024-12-27,66.1793,-0.1093
F005,2024-12-30,66.1886,0.0141
F005,2024-12-31,66.083,-0.1595
F005,2025-01-01,66.1005,0.0265
F005,2025-01-02,65.9216,-0.2706
F005,2025-01-03,65.8738,-0.0725
F005,2025-01-06,65.701,-0.2623
F005,2025-01-07,65.8086,0.1638
F005,2025-01-08,65.9194,0.1684
F005,2025-01-09,65.7078,-0.321
F005,2025-01-10,65.8995,0.2917
F005,2025-01-13,66.2451,0.5244
F005,2025-01-14,66.2678,0.0343
F005,2025-01-15,66.1994,-0.1032
F005,2025-01-16,66.5899,0.5899
F005,2025-01-17,66.4309,-0.2388
F005,2025-01-20,66.4502,0.0291
F005,2025-01-21,66.4907,0.0609
F005,2025-01-22,66.6862,0.294
F005,2025-01-23,66.7509,0.097
F005,2025-01-24,66.701,-0.0748
F005,2025-01-27,66.701,0.0
F005,2025-01-28,66.5619,-0.2085
F005,2025-01-29,66.4445,-0.1764
F005,2025-01-30,66.4675,0.0346
F005,2025-01-31,66.4091,-0.0879
F005,2025-02-03,66.2273,-0.2738
F005,2025-02-04,66.4101,0.276
F005,2025-02-05,66.3606,-0.0745
F005,2025-02-06,66.2089,-0.2286
F005,2025-02-07,66.2032,-0.0086
F005,2025-02-10,66.2288,0.0387
F005,2025-02-11,66.014,-0.3243
F005,2025-02-12,66.0743,0.0913
F005,2025-02-13,65.9524,-0.1845
F005,2025-02-14,66.1946,0.3672
F005,2025-02-17,66.2805,0.1298
F005,2025-02-18,66.2441,-0.0549
F005,2025-02-19,66.1619,-0.1241
F005,2025-02-20,66.1646,0.0041
F005,2025-02-21,66.2622,0.1475
F005,2025-02-24,66.2754,0.0199
F005,2025-02-25,66.2632,-0.0184
F005,2025-02-26,66.2875,0.0367
F005,2025-02-27,66.224,-0.0958
F005,2025-02-28,66.1951,-0.0436
F005,2025-03-03,65.9355,-0.3922
F005,2025-03-04,66.0804,0.2198
F005,2025-03-05,66.1364,0.0847
F005,2025-03-06,66.0506,-0.1297
F005,2025-03-07,66.3179,0.4047
F005,2025-03-10,66.346,0.0424
F005,2025-03-11,66.2251,-0.1822
F005,2025-03-12,66.3551,0.1963
F005,2025-03-13,66.4245,0.1046
F005,2025-03-14,66.4935,0.1039
F005,2025-03-17,66.4535,-0.0602
F005,2025-03-18,66.53,0.1151
F005,2025-03-19,66.5118,-0.0274
F005,2025-03-20,66.6024,0.1362
F005,2025-03-21,66.3653,-0.356
F005,2025-03-24,66.3243,-0.0618
F005,2025-03-25,66.5693,0.3694
F005,2025-03-26,66.4838,-0.1284
F005,2025-03-27,66.4201,-0.0958
F005,2025-03-28,66.3772,-0.0646
F005,2025-03-31,66.2325,-0.218
F005,2025-04-01,65.9565,-0.4167
F005,2025-04-02,65.9426,-0.0211
F005,2025-04-03,65.977,0.0522
F005,2025-04-04,65.9866,0.0146
F005,2025-04-07,65.984,-0.0039
F005,2025-04-08,66.0062,0.0336
F005,2025-04-09,66.1577,0.2295
F005,2025-04-10,66.149,-0.0132
F005,2025-04-11,66.0896,-0.0898
F005,2025-04-14,66.069,-0.0312
F005,2025-04-15,66.1621,0.1409
F005,2025-04-16,66.3655,0.3074
F005,2025-04-17,66.2987,-0.1007
F005,2025-04-18,66.3284,0.0448
F005,2025-04-21,66.3899,0.0927
F005,2025-04-22,66.2747,-0.1735
F005,2025-04-23,66.294,0.0291
F005,2025-04-24,66.1162,-0.2682
F005,2025-04-25,65.8988,-0.3288
F005,2025-04-28,65.9636,0.0983
F005,2025-04-29,65.9294,-0.0518
F005,2025-04-30,65.9726,0.0655
F005,2025-05-01,65.9867,0.0214
F005,2025-05-02,65.8743,-0.1703
F005,2025-05-05,65.8848,0.0159
F005,2025-05-06,65.7388,-0.2216
F005,2025-05-07,65.9381,0.3032
F005,2025-05-08,65.7758,-0.2461
F005,2025-05-09,65.7665,-0.0141
F005,2025-05-12,65.6458,-0.1835
F005,2025-05-13,65.7371,0.1391
F005,2025-05-14,65.71,-0.0412
F005,2025-05-15,65.6583,-0.0787
F005,2025-05-16,65.7868,0.1957
F005,2025-05-19,65.8071,0.0309
F005,2025-05-20,65.8915,0.1283
F005,2025-05-21,65.7787,-0.1712
F005,2025-05-22,65.6103,-0.256
F005,2025-05-23,65.6408,0.0465
F005,2025-05-26,65.6154,-0.0387
F005,2025-05-27,65.714,0.1503
F005,2025-05-28,65.7199,0.009
F005,2025-05-29,65.7633,0.066
F005,2025-05-30,65.5662,-0.2997
F005,2025-06-02,65.8302,0.4026
F005,2025-06-03,65.825,-0.0079
F005,2025-06-04,65.9333,0.1645
F005,2025-06-05,65.8395,-0.1423
F005,2025-06-06,65.8965,0.0866
F005,2025-06-09,65.7413,-0.2355
F005,2025-06-10,65.8172,0.1155
F005,2025-06-11,65.7868,-0.0462
F005,2025-06-12,65.8071,0.0309
F005,2025-06-13,65.9154,0.1646
F005,2025-06-16,65.7694,-0.2215
F005,2025-06-17,65.6958,-0.1119
F005,2025-06-18,65.7723,0.1164
F005,2025-06-19,66.0648,0.4447
F005,2025-06-20,66.0631,-0.0026
F005,2025-06-23,66.1577,0.1432
F005,2025-06-24,66.1601,0.0036
F005,2025-06-25,66.4336,0.4134
F005,2025-06-26,66.2181,-0.3244
F005,2025-06-27,66.2472,0.0439
F005,2025-06-30,66.0484,-0.3001
F005,2025-07-01,65.7338,-0.4763
F005,2025-07-02,65.7893,0.0844
F005,2025-07-03,65.8241,0.0529
F005,2025-07-04,65.8031,-0.0319
F005,2025-07-07,65.8056,0.0038
F005,2025-07-08,66.2298,0.6446
F005,2025-07-09,66.2122,-0.0266
F005,2025-07-10,66.2963,0.127
F005,2025-07-11,66.2268,-0.1048
F005,2025-07-14,66.2825,0.0841
F005,2025-07-15,66.2675,-0.0226
F005,2025-07-16,66.2297,-0.057
F005,2025-07-17,66.4872,0.3888
F005,2025-07-18,66.6604,0.2605
F005,2025-07-21,66.6953,0.0524
F005,2025-07-22,66.4046,-0.4359
F005,2025-07-23,66.3733,-0.0471
F005,2025-07-24,66.7487,0.5656
F005,2025-07-25,66.7346,-0.0211
F005,2025-07-28,66.8985,0.2456
F005,2025-07-29,67.1082,0.3135
F005,2025-07-30,67.1544,0.0688
F005,2025-07-31,67.0581,-0.1434
F005,2025-08-01,66.7482,-0.4621
F005,2025-08-04,66.8562,0.1618
F005,2025-08-05,66.764,-0.1379
F005,2025-08-06,66.8042,0.0602
F005,2025-08-07,66.6539,-0.225
F005,2025-08-08,66.6352,-0.0281
F005,2025-08-11,66.6564,0.0318
F005,2025-08-12,66.7089,0.0788
F005,2025-08-13,66.5768,-0.198
F005,2025-08-14,66.7528,0.2644
F005,2025-08-15,66.6898,-0.0944
F005,2025-08-18,66.4831,-0.3099
F005,2025-08-19,66.4852,0.0032
F005,2025-08-20,66.5064,0.0319
F005,2025-08-21,66.5444,0.0571
F005,2025-08-22,66.7423,0.2974
F005,2025-08-25,66.7274,-0.0223
F005,2025-08-26,66.7281,0.001
F005,2025-08-27,66.5976,-0.1956
F005,2025-08-28,66.7235,0.189
F005,2025-08-29,66.7648,0.0619
F005,2025-09-01,66.7254,-0.059
F005,2025-09-02,66.4879,-0.3559
F005,2025-09-03,66.6966,0.3139
F005,2025-09-04,66.5495,-0.2206
F005,2025-09-05,66.4874,-0.0933
F005,2025-09-08,66.5517,0.0967
F005,2025-09-09,66.4091,-0.2143
F005,2025-09-10,66.2273,-0.2738
F005,2025-09-11,65.9625,-0.3998
F005,2025-09-12,65.9625,0.0
F005,2025-09-15,66.0186,0.085
F005,2025-09-16,66.4216,0.6104
F005,2025-09-17,66.3061,-0.1739
F005,2025-09-18,66.2005,-0.1593
F005,2025-09-19,66.1422,-0.0881
F005,2025-09-22,66.1909,0.0736
F005,2025-09-23,66.1452,-0.069
F005,2025-09-24,66.2427,0.1474
F005,2025-09-25,66.1296,-0.1707
F005,2025-09-26,65.9634,-0.2513
F005,2025-09-29,65.7427,-0.3346
F005,2025-09-30,65.4668,-0.4197
F005,2025-10-01,65.4153,-0.0787
F005,2025-10-02,65.3923,-0.0352
F005,2025-10-03,65.3261,-0.1012
F005,2025-10-06,65.5049,0.2737
F005,2025-10-07,65.6822,0.2707
F005,2025-10-08,65.6546,-0.042
F005,2025-10-09,65.4355,-0.3337
F005,2025-10-10,65.3777,-0.0883
F005,2025-10-13,65.3156,-0.095
F005,2025-10-14,65.2461,-0.1064
F005,2025-10-15,65.1714,-0.1145
F005,2025-10-16,65.1025,-0.1057
F005,2025-10-17,65.0684,-0.0524
F005,2025-10-20,65.002,-0.102
F005,2025-10-21,65.0453,0.0666
F005,2025-10-22,65.1084,0.097
F005,2025-10-23,65.0061,-0.1571
F005,2025-10-24,65.1876,0.2792
F005,2025-10-27,65.0761,-0.171
F005,2025-10-28,64.8818,-0.2986
F005,2025-10-29,64.9474,0.1011
F005,2025-10-30,64.8575,-0.1384
F005,2025-10-31,64.9154,0.0893
F005,2025-11-03,64.6196,-0.4557
F005,2025-11-04,64.8157,0.3035
F005,2025-11-05,64.9191,0.1595
F005,2025-11-06,64.7405,-0.2751
F005,2025-11-07,64.5652,-0.2708
F005,2025-11-10,64.7973,0.3595
F005,2025-11-11,64.7179,-0.1225
F005,2025-11-12,64.6261,-0.1418
F005,2025-11-13,64.3494,-0.4282
F005,2025-11-14,64.3203,-0.0452
F005,2025-11-17,64.3071,-0.0205
F005,2025-11-18,64.4152,0.1681
F005,2025-11-19,64.2511,-0.2548
F005,2025-11-20,64.0718,-0.2791
F005,2025-11-21,64.1456,0.1152
F005,2025-11-24,64.2908,0.2264
F005,2025-11-25,64.1049,-0.2892
F005,2025-11-26,64.2596,0.2413
F005,2025-11-27,64.2805,0.0325
F005,2025-11-28,64.4369,0.2433
F005,2025-12-01,64.444,0.011
F005,2025-12-02,64.135,-0.4795
F005,2025-12-03,64.1315,-0.0055
F005,2025-12-04,64.2835,0.237
F005,2025-12-05,64.1847,-0.1537
F005,2025-12-08,64.1509,-0.0527
F005,2025-12-09,64.1443,-0.0103
F005,2025-12-10,63.7884,-0.5548
F005,2025-12-11,64.0176,0.3593
F005,2025-12-12,63.9182,-0.1553
F005,2025-12-15,63.9988,0.1261
F005,2025-12-16,64.0037,0.0077
F005,2025-12-17,64.1807,0.2765
F005,2025-12-18,64.2489,0.1063
F005,2025-12-19,64.2348,-0.0219
F005,2025-12-22,64.1361,-0.1537
F005,2025-12-23,64.2545,0.1846
F005,2025-12-24,64.0298,-0.3497
F005,2025-12-25,64.1285,0.1541
F005,2025-12-26,64.0036,-0.1948
F005,2025-12-29,64.1799,0.2755
F005,2025-12-30,64.2166,0.0572
F005,2025-12-31,64.3154,0.1539
F005,2026-01-01,64.342,0.0414
F005,2026-01-02,64.1326,-0.3254
F005,2026-01-05,64.0382,-0.1472
F005,2026-01-06,64.1403,0.1594
F005,2026-01-07,64.1777,0.0583
F005,2026-01-08,64.3453,0.2611
F005,2026-01-09,64.4133,0.1057
F005,2026-01-12,64.3049,-0.1683
F005,2026-01-13,64.2186,-0.1342
F005,2026-01-14,64.2186,0.0
F005,2026-01-15,63.9666,-0.3924
F005,2026-01-16,64.1967,0.3597
F005,2026-01-19,64.2695,0.1134
F005,2026-01-20,64.4433,0.2704
F005,2026-01-21,64.2557,-0.2911
F005,2026-01-22,64.4317,0.2739
F005,2026-01-23,64.7354,0.4714
F005,2026-01-26,64.5806,-0.2391
F005,2026-01-27,64.6964,0.1793
F005,2026-01-28,64.7127,0.0252
F005,2026-01-29,64.529,-0.2839
F005,2026-01-30,64.6087,0.1235
F005,2026-02-02,64.7326,0.1918
F005,2026-02-03,64.671,-0.0952
F005,2026-02-04,64.838,0.2582
F005,2026-02-05,64.6381,-0.3083
F005,2026-02-06,64.461,-0.274
F005,2026-02-09,64.4947,0.0523
F005,2026-02-10,64.5141,0.0301
F005,2026-02-11,64.4378,-0.1183
F005,2026-02-12,64.5582,0.1868
F005,2026-02-13,64.6429,0.1312
F005,2026-02-16,64.77,0.1966
F005,2026-02-17,64.7702,0.0003
F005,2026-02-18,64.8645,0.1456
F005,2026-02-19,64.8229,-0.0641
F005,2026-02-20,65.1054,0.4358
F005,2026-02-23,65.0159,-0.1375
F005,2026-02-24,65.3059,0.446
F005,2026-02-25,65.3268,0.032
F005,2026-02-26,65.1634,-0.2501
F005,2026-02-27,65.358,0.2986
F005,2026-03-02,65.3908,0.0502
F005,2026-03-03,65.5185,0.1953
F005,2026-03-04,65.6953,0.2698
F005,2026-03-05,65.7561,0.0925
F005,2026-03-06,65.6947,-0.0934
F005,2026-03-09,65.8393,0.2201
F005,2026-03-10,65.8559,0.0252
F005,2026-03-11,65.9627,0.1622
F005,2026-03-12,65.6951,-0.4057
F005,2026-03-13,65.7703,0.1145
F005,2026-03-16,65.7027,-0.1028
F005,2026-03-17,65.9364,0.3557
F005,2026-03-18,66.0351,0.1497
F005,2026-03-19,66.0833,0.073
F005,2026-03-20,66.1641,0.1223
F005,2026-03-23,66.0485,-0.1747
F005,2026-03-24,66.2794,0.3496
F005,2026-03-25,66.5599,0.4232
F005,2026-03-26,66.6288,0.1035
F005,2026-03-27,66.8574,0.3431
F005,2026-03-30,66.798,-0.0888
F005,2026-03-31,66.7082,-0.1344
F005,2026-04-01,66.7303,0.0331
F005,2026-04-02,66.805,0.1119
F005,2026-04-03,66.7691,-0.0537
F005,2026-04-06,66.8576,0.1325
F005,2026-04-07,66.9153,0.0863
F005,2026-04-08,66.7984,-0.1747
F005,2026-04-09,66.8844,0.1287
F005,2026-04-10,67.0166,0.1977
F005,2026-04-13,67.0563,0.0592
F005,2026-04-14,67.2276,0.2555
F005,2026-04-15,67.0807,-0.2185
F005,2026-04-16,67.1603,0.1187
F005,2026-04-17,67.0199,-0.2091
F005,2026-04-20,66.8873,-0.1979
F005,2026-04-21,66.8196,-0.1012
F005,2026-04-22,66.7104,-0.1634
F005,2026-04-23,66.654,-0.0845
F005,2026-04-24,66.6421,-0.0179
F005,2026-04-27,66.7703,0.1924
F005,2026-04-28,66.7441,-0.0392
F005,2026-04-29,66.5491,-0.2922
F005,2026-04-30,66.7175,0.253
F005,2026-05-01,66.6225,-0.1424
F005,2026-05-04,66.6313,0.0132
F005,2026-05-05,66.7075,0.1144
F005,2026-05-06,66.7508,0.0649
F005,2026-05-07,66.9136,0.2439
F005,2026-05-08,66.9944,0.1208
F005,2026-05-11,66.8957,-0.1473
F005,2026-05-12,67.2039,0.4607
F005,2026-05-13,67.2468,0.0638
F005,2026-05-14,67.2438,-0.0045
F005,2026-05-15,67.3902,0.2177
F005,2026-05-18,67.4407,0.0749
F005,2026-05-19,67.5114,0.1048
F005,2026-05-20,67.8648,0.5235
F005,2026-05-21,67.8444,-0.0301
F005,2026-05-22,67.8182,-0.0386
F005,2026-05-25,67.851,0.0484
F005,2026-05-26,68.0134,0.2393
F005,2026-05-27,67.8255,-0.2763
F005,2026-05-28,67.5758,-0.3682
F005,2026-05-29,67.5133,-0.0925
F005,2026-06-01,67.3096,-0.3017
F005,2026-06-02,67.2692,-0.06
F005,2026-06-03,67.3536,0.1255
F005,2026-06-04,67.2504,-0.1532
F005,2026-06-05,67.0753,-0.2604
F005,2026-06-08,67.1014,0.0389
F005,2026-06-09,67.2339,0.1975
F005,2026-06-10,67.0228,-0.314
F005,2026-06-11,67.1495,0.189
F005,2026-06-12,67.2761,0.1885
F005,2026-06-15,67.4213,0.2158
F005,2026-06-16,67.6025,0.2688
F005,2026-06-17,67.9171,0.4654
F005,2026-06-18,67.8857,-0.0462
F005,2026-06-19,67.9175,0.0468
F005,2026-06-22,67.8779,-0.0583
F005,2026-06-23,67.8951,0.0253
F005,2026-06-24,68.1202,0.3315
F005,2026-06-25,67.954,-0.244
F005,2026-06-26,67.854,-0.1472
F005,2026-06-29,68.0579,0.3005
F005,2026-06-30,68.2138,0.2291
F005,2026-07-01,68.1813,-0.0476
F005,2026-07-02,68.3149,0.1959
F005,2026-07-03,68.3786,0.0932
F005,2026-07-06,68.6009,0.3251
F005,2026-07-07,68.6283,0.0399
F005,2026-07-08,68.7862,0.2301
F005,2026-07-09,69.1669,0.5535
F005,2026-07-10,69.2669,0.1446
F005,2026-07-13,69.2911,0.0349
F005,2026-07-14,69.4085,0.1694
F005,2026-07-15,69.3751,-0.0481
F005,2026-07-16,69.7238,0.5026
F005,2026-07-17,69.7663,0.061
F005,2026-07-20,69.7457,-0.0295
F005,2026-07-21,69.6466,-0.1421
F005,2026-07-22,69.8168,0.2444
F005,2026-07-23,69.9553,0.1984
F005,2026-07-24,69.9032,-0.0745
F005,2026-07-27,70.0013,0.1403
F005,2026-07-28,69.8076,-0.2767
F005,2026-07-29,69.8509,0.062
F005,2026-07-30,69.9316,0.1155
F005,2026-07-31,70.1879,0.3665
F005,2026-08-03,70.0972,-0.1292
F005,2026-08-04,69.9355,-0.2307
F005,2026-08-05,69.8277,-0.1541
F005,2026-08-06,69.6585,-0.2423
F005,2026-08-07,69.8621,0.2923
F005,2026-08-10,70.0959,0.3347
F005,2026-08-11,70.1583,0.089
F005,2026-08-12,70.3472,0.2692
F005,2026-08-13,70.3836,0.0517
F005,2026-08-14,70.3878,0.006
F005,2026-08-17,70.3585,-0.0416
F005,2026-08-18,70.3324,-0.0371
F005,2026-08-19,70.1323,-0.2845
F005,2026-08-20,70.1869,0.0779
F005,2026-08-21,70.1988,0.017
F005,2026-08-24,70.321,0.1741
F005,2026-08-25,70.3517,0.0437
F005,2026-08-26,70.3464,-0.0075
F005,2026-08-27,70.2414,-0.1493
F005,2026-08-28,70.2691,0.0394
F005,2026-08-31,70.3904,0.1726
F005,2026-09-01,70.247,-0.2037
F005,2026-09-02,70.2769,0.0426
F005,2026-09-03,70.3272,0.0716
F005,2026-09-04,70.2438,-0.1186
F006,2022-01-03,102.8551,
F006,2022-01-04,103.0757,0.2145
F006,2022-01-05,102.172,-0.8767
F006,2022-01-06,102.4887,0.31
F006,2022-01-07,101.7853,-0.6863
F006,2022-01-10,102.6813,0.8803
F006,2022-01-11,104.6325,1.9002
F006,2022-01-12,103.9434,-0.6586
F006,2022-01-13,104.4188,0.4574
F006,2022-01-14,103.843,-0.5514
F006,2022-01-17,104.7389,0.8627
F006,2022-01-18,103.7101,-0.9823
F006,2022-01-19,104.1399,0.4144
F006,2022-01-20,103.4438,-0.6684
F006,2022-01-21,103.3035,-0.1356
F006,2022-01-24,102.4824,-0.7948
F006,2022-01-25,103.1874,0.6879
F006,2022-01-26,102.5274,-0.6396
F006,2022-01-27,103.0109,0.4716
F006,2022-01-28,102.7582,-0.2453
F006,2022-01-31,102.6949,-0.0616
F006,2022-02-01,102.8471,0.1482
F006,2022-02-02,102.2511,-0.5795
F006,2022-02-03,102.4539,0.1983
F006,2022-02-04,103.7389,1.2542
F006,2022-02-07,103.1243,-0.5924
F006,2022-02-08,104.122,0.9675
F006,2022-02-09,105.4011,1.2285
F006,2022-02-10,104.7445,-0.623
F006,2022-02-11,103.5567,-1.134
F006,2022-02-14,103.8379,0.2715
F006,2022-02-15,103.4143,-0.4079
F006,2022-02-16,104.9912,1.5248
F006,2022-02-17,105.0519,0.0578
F006,2022-02-18,104.4092,-0.6118
F006,2022-02-21,103.4823,-0.8878
F006,2022-02-22,104.4156,0.9019
F006,2022-02-23,103.9698,-0.4269
F006,2022-02-24,104.0374,0.065
F006,2022-02-25,104.8641,0.7946
F006,2022-02-28,104.4893,-0.3574
F006,2022-03-01,104.4823,-0.0067
F006,2022-03-02,104.4998,0.0167
F006,2022-03-03,105.1024,0.5767
F006,2022-03-04,105.6306,0.5026
F006,2022-03-07,105.4763,-0.1461
F006,2022-03-08,105.5617,0.081
F006,2022-03-09,105.2794,-0.2674
F006,2022-03-10,104.0665,-1.1521
F006,2022-03-11,104.3122,0.2361
F006,2022-03-14,105.9225,1.5437
F006,2022-03-15,105.2054,-0.677
F006,2022-03-16,104.5863,-0.5885
F006,2022-03-17,103.8891,-0.6666
F006,2022-03-18,104.5225,0.6097
F006,2022-03-21,104.9289,0.3888
F006,2022-03-22,104.8273,-0.0968
F006,2022-03-23,104.0889,-0.7044
F006,2022-03-24,104.197,0.1039
F006,2022-03-25,102.924,-1.2217
F006,2022-03-28,103.073,0.1448
F006,2022-03-29,103.8226,0.7273
F006,2022-03-30,102.8145,-0.971
F006,2022-03-31,101.5848,-1.196
F006,2022-04-01,102.8989,1.2936
F006,2022-04-04,102.4262,-0.4594
F006,2022-04-05,103.3877,0.9387
F006,2022-04-06,103.2913,-0.0932
F006,2022-04-07,103.1885,-0.0995
F006,2022-04-08,103.5814,0.3808
F006,2022-04-11,102.8799,-0.6772
F006,2022-04-12,103.0198,0.136
F006,2022-04-13,102.7363,-0.2752
F006,2022-04-14,101.6818,-1.0264
F006,2022-04-15,101.9868,0.3
F006,2022-04-18,101.8026,-0.1806
F006,2022-04-19,101.7053,-0.0956
F006,2022-04-20,100.7512,-0.9381
F006,2022-04-21,102.0641,1.3031
F006,2022-04-22,102.8106,0.7314
F006,2022-04-25,103.6344,0.8013
F006,2022-04-26,103.4123,-0.2143
F006,2022-04-27,102.0128,-1.3533
F006,2022-04-28,103.6372,1.5923
F006,2022-04-29,103.6176,-0.0189
F006,2022-05-02,103.028,-0.569
F006,2022-05-03,103.4024,0.3634
F006,2022-05-04,104.3989,0.9637
F006,2022-05-05,104.411,0.0116
F006,2022-05-06,105.5103,1.0529
F006,2022-05-09,106.4561,0.8964
F006,2022-05-10,105.5713,-0.8311
F006,2022-05-11,105.0339,-0.509
F006,2022-05-12,105.87,0.796
F006,2022-05-13,103.6043,-2.1401
F006,2022-05-16,103.5115,-0.0896
F006,2022-05-17,102.3577,-1.1147
F006,2022-05-18,101.9982,-0.3512
F006,2022-05-19,101.785,-0.209
F006,2022-05-20,101.5238,-0.2566
F006,2022-05-23,101.1057,-0.4118
F006,2022-05-24,100.2486,-0.8477
F006,2022-05-25,102.1168,1.8636
F006,2022-05-26,103.673,1.5239
F006,2022-05-27,102.7403,-0.8997
F006,2022-05-30,104.0715,1.2957
F006,2022-05-31,103.7701,-0.2896
F006,2022-06-01,103.9085,0.1334
F006,2022-06-02,103.8871,-0.0206
F006,2022-06-03,103.37,-0.4978
F006,2022-06-06,104.2146,0.8171
F006,2022-06-07,104.3508,0.1307
F006,2022-06-08,103.9843,-0.3512
F006,2022-06-09,102.9302,-1.0137
F006,2022-06-10,102.2253,-0.6848
F006,2022-06-13,100.9136,-1.2831
F006,2022-06-14,100.9537,0.0397
F006,2022-06-15,100.0175,-0.9274
F006,2022-06-16,99.835,-0.1825
F006,2022-06-17,100.9592,1.1261
F006,2022-06-20,101.9581,0.9894
F006,2022-06-21,101.9624,0.0042
F006,2022-06-22,101.922,-0.0396
F006,2022-06-23,103.4854,1.5339
F006,2022-06-24,103.9476,0.4466
F006,2022-06-27,103.7062,-0.2322
F006,2022-06-28,102.5542,-1.1108
F006,2022-06-29,102.9081,0.3451
F006,2022-06-30,103.6217,0.6934
F006,2022-07-01,103.1292,-0.4753
F006,2022-07-04,103.4004,0.263
F006,2022-07-05,103.1307,-0.2608
F006,2022-07-06,103.0098,-0.1172
F006,2022-07-07,100.9905,-1.9603
F006,2022-07-08,100.8416,-0.1474
F006,2022-07-11,101.6539,0.8055
F006,2022-07-12,101.1709,-0.4751
F006,2022-07-13,101.2438,0.0721
F006,2022-07-14,100.6619,-0.5748
F006,2022-07-15,100.9824,0.3184
F006,2022-07-18,100.8378,-0.1432
F006,2022-07-19,100.1104,-0.7214
F006,2022-07-20,101.2077,1.0961
F006,2022-07-21,101.9902,0.7732
F006,2022-07-22,101.5272,-0.454
F006,2022-07-25,101.962,0.4283
F006,2022-07-26,102.431,0.46
F006,2022-07-27,102.9881,0.5439
F006,2022-07-28,101.6231,-1.3254
F006,2022-07-29,102.4719,0.8352
F006,2022-08-01,102.0356,-0.4258
F006,2022-08-02,101.7741,-0.2563
F006,2022-08-03,103.9524,2.1403
F006,2022-08-04,104.2346,0.2715
F006,2022-08-05,103.9437,-0.2791
F006,2022-08-08,102.1411,-1.7342
F006,2022-08-09,103.3074,1.1419
F006,2022-08-10,102.2266,-1.0462
F006,2022-08-11,101.4366,-0.7728
F006,2022-08-12,101.1981,-0.2351
F006,2022-08-15,102.3752,1.1632
F006,2022-08-16,103.0392,0.6486
F006,2022-08-17,102.94,-0.0963
F006,2022-08-18,103.2248,0.2767
F006,2022-08-19,102.76,-0.4503
F006,2022-08-22,102.9056,0.1417
F006,2022-08-23,102.9968,0.0886
F006,2022-08-24,103.8259,0.805
F006,2022-08-25,104.6604,0.8037
F006,2022-08-26,105.1054,0.4252
F006,2022-08-29,104.8323,-0.2598
F006,2022-08-30,105.4859,0.6235
F006,2022-08-31,105.4399,-0.0436
F006,2022-09-01,104.5589,-0.8355
F006,2022-09-02,104.2529,-0.2927
F006,2022-09-05,104.3547,0.0976
F006,2022-09-06,105.1459,0.7582
F006,2022-09-07,105.0231,-0.1168
F006,2022-09-08,104.0387,-0.9373
F006,2022-09-09,104.1171,0.0754
F006,2022-09-12,104.2428,0.1207
F006,2022-09-13,104.4291,0.1787
F006,2022-09-14,105.2289,0.7659
F006,2022-09-15,106.1182,0.8451
F006,2022-09-16,105.6456,-0.4454
F006,2022-09-19,105.1566,-0.4629
F006,2022-09-20,104.3131,-0.8021
F006,2022-09-21,104.9276,0.5891
F006,2022-09-22,106.1752,1.189
F006,2022-09-23,105.9394,-0.2221
F006,2022-09-26,105.7666,-0.1631
F006,2022-09-27,107.0394,1.2034
F006,2022-09-28,107.5044,0.4344
F006,2022-09-29,107.9118,0.379
F006,2022-09-30,106.9161,-0.9227
F006,2022-10-03,107.5287,0.573
F006,2022-10-04,106.7617,-0.7133
F006,2022-10-05,105.8252,-0.8772
F006,2022-10-06,105.5634,-0.2474
F006,2022-10-07,105.1004,-0.4386
F006,2022-10-10,104.9456,-0.1473
F006,2022-10-11,103.7673,-1.1228
F006,2022-10-12,104.5944,0.7971
F006,2022-10-13,105.5694,0.9322
F006,2022-10-14,103.9564,-1.5279
F006,2022-10-17,104.8013,0.8127
F006,2022-10-18,104.1532,-0.6184
F006,2022-10-19,104.8985,0.7156
F006,2022-10-20,104.8725,-0.0248
F006,2022-10-21,104.9281,0.053
F006,2022-10-24,104.8042,-0.1181
F006,2022-10-25,105.8519,0.9997
F006,2022-10-26,104.834,-0.9616
F006,2022-10-27,105.3752,0.5162
F006,2022-10-28,106.3352,0.911
F006,2022-10-31,106.9765,0.6031
F006,2022-11-01,108.9981,1.8898
F006,2022-11-02,108.5696,-0.3931
F006,2022-11-03,109.4336,0.7958
F006,2022-11-04,109.3736,-0.0548
F006,2022-11-07,110.4856,1.0167
F006,2022-11-08,110.5119,0.0238
F006,2022-11-09,110.2021,-0.2803
F006,2022-11-10,111.3866,1.0748
F006,2022-11-11,110.982,-0.3632
F006,2022-11-14,109.761,-1.1002
F006,2022-11-15,109.3401,-0.3835
F006,2022-11-16,109.9144,0.5252
F006,2022-11-17,111.1714,1.1436
F006,2022-11-18,111.3036,0.1189
F006,2022-11-21,112.5108,1.0846
F006,2022-11-22,111.3221,-1.0565
F006,2022-11-23,110.9607,-0.3246
F006,2022-11-24,110.7378,-0.2009
F006,2022-11-25,110.6695,-0.0617
F006,2022-11-28,110.7772,0.0973
F006,2022-11-29,111.4227,0.5827
F006,2022-11-30,111.0596,-0.3259
F006,2022-12-01,111.2164,0.1412
F006,2022-12-02,111.2096,-0.0061
F006,2022-12-05,110.4192,-0.7107
F006,2022-12-06,110.3519,-0.0609
F006,2022-12-07,110.2582,-0.0849
F006,2022-12-08,110.1457,-0.102
F006,2022-12-09,110.2067,0.0554
F006,2022-12-12,110.3065,0.0906
F006,2022-12-13,109.9581,-0.3158
F006,2022-12-14,111.1106,1.0481
F006,2022-12-15,110.1044,-0.9056
F006,2022-12-16,109.5024,-0.5468
F006,2022-12-19,111.9706,2.254
F006,2022-12-20,111.0744,-0.8004
F006,2022-12-21,109.9048,-1.053
F006,2022-12-22,110.5836,0.6176
F006,2022-12-23,108.7792,-1.6317
F006,2022-12-26,108.6071,-0.1582
F006,2022-12-27,110.5041,1.7467
F006,2022-12-28,109.1715,-1.2059
F006,2022-12-29,107.4733,-1.5555
F006,2022-12-30,106.2166,-1.1693
F006,2023-01-02,107.0118,0.7487
F006,2023-01-03,108.0068,0.9298
F006,2023-01-04,107.5963,-0.3801
F006,2023-01-05,108.2167,0.5766
F006,2023-01-06,109.4528,1.1422
F006,2023-01-09,111.0507,1.4599
F006,2023-01-10,110.8652,-0.167
F006,2023-01-11,108.8572,-1.8112
F006,2023-01-12,108.175,-0.6267
F006,2023-01-13,107.8381,-0.3114
F006,2023-01-16,107.6471,-0.1771
F006,2023-01-17,107.5176,-0.1203
F006,2023-01-18,108.5123,0.9252
F006,2023-01-19,109.6512,1.0496
F006,2023-01-20,109.5335,-0.1073
F006,2023-01-23,110.5289,0.9088
F006,2023-01-24,110.8783,0.3161
F006,2023-01-25,110.9688,0.0816
F006,2023-01-26,111.8069,0.7553
F006,2023-01-27,111.9051,0.0878
F006,2023-01-30,113.7809,1.6762
F006,2023-01-31,112.5057,-1.1208
F006,2023-02-01,112.0758,-0.3821
F006,2023-02-02,111.996,-0.0712
F006,2023-02-03,112.4233,0.3815
F006,2023-02-06,113.5974,1.0444
F006,2023-02-07,113.6093,0.0105
F006,2023-02-08,112.3508,-1.1077
F006,2023-02-09,113.1418,0.704
F006,2023-02-10,113.8591,0.634
F006,2023-02-13,112.1245,-1.5235
F006,2023-02-14,112.1547,0.0269
F006,2023-02-15,110.7616,-1.2421
F006,2023-02-16,110.2059,-0.5017
F006,2023-02-17,109.443,-0.6922
F006,2023-02-20,110.1844,0.6774
F006,2023-02-21,110.3204,0.1234
F006,2023-02-22,109.2189,-0.9985
F006,2023-02-23,110.0206,0.734
F006,2023-02-24,108.7916,-1.1171
F006,2023-02-27,109.1115,0.294
F006,2023-02-28,108.4337,-0.6212
F006,2023-03-01,108.149,-0.2626
F006,2023-03-02,108.6177,0.4334
F006,2023-03-03,109.1034,0.4472
F006,2023-03-06,110.3031,1.0996
F006,2023-03-07,110.2636,-0.0358
F006,2023-03-08,110.567,0.2752
F006,2023-03-09,110.213,-0.3202
F006,2023-03-10,110.4065,0.1756
F006,2023-03-13,110.8278,0.3816
F006,2023-03-14,110.7739,-0.0486
F006,2023-03-15,109.2087,-1.413
F006,2023-03-16,109.5311,0.2952
F006,2023-03-17,109.8834,0.3216
F006,2023-03-20,109.3184,-0.5142
F006,2023-03-21,108.2279,-0.9975
F006,2023-03-22,109.5382,1.2107
F006,2023-03-23,110.0017,0.4231
F006,2023-03-24,109.8331,-0.1533
F006,2023-03-27,108.867,-0.8796
F006,2023-03-28,108.1839,-0.6275
F006,2023-03-29,109.3437,1.0721
F006,2023-03-30,109.4969,0.1401
F006,2023-03-31,109.0474,-0.4105
F006,2023-04-03,109.5248,0.4378
F006,2023-04-04,108.8441,-0.6215
F006,2023-04-05,110.1836,1.2307
F006,2023-04-06,111.4091,1.1122
F006,2023-04-07,111.0267,-0.3432
F006,2023-04-10,110.5016,-0.4729
F006,2023-04-11,108.2203,-2.0645
F006,2023-04-12,106.9701,-1.1552
F006,2023-04-13,105.8559,-1.0416
F006,2023-04-14,106.0021,0.1381
F006,2023-04-17,105.7572,-0.231
F006,2023-04-18,104.6507,-1.0463
F006,2023-04-19,104.4467,-0.1949
F006,2023-04-20,104.9003,0.4343
F006,2023-04-21,105.3747,0.4522
F006,2023-04-24,103.8049,-1.4897
F006,2023-04-25,103.7295,-0.0726
F006,2023-04-26,102.6127,-1.0766
F006,2023-04-27,103.3837,0.7514
F006,2023-04-28,104.0633,0.6574
F006,2023-05-01,103.3469,-0.6884
F006,2023-05-02,102.7446,-0.5828
F006,2023-05-03,102.3963,-0.339
F006,2023-05-04,100.5816,-1.7722
F006,2023-05-05,100.8821,0.2988
F006,2023-05-08,100.6922,-0.1882
F006,2023-05-09,101.5039,0.8061
F006,2023-05-10,100.6424,-0.8487
F006,2023-05-11,100.1741,-0.4653
F006,2023-05-12,98.9968,-1.1753
F006,2023-05-15,98.2311,-0.7735
F006,2023-05-16,97.3317,-0.9156
F006,2023-05-17,98.1364,0.8268
F006,2023-05-18,97.6176,-0.5287
F006,2023-05-19,97.7439,0.1294
F006,2023-05-22,97.4755,-0.2746
F006,2023-05-23,96.5148,-0.9856
F006,2023-05-24,96.4138,-0.1046
F006,2023-05-25,96.9048,0.5093
F006,2023-05-26,95.9976,-0.9362
F006,2023-05-29,96.6478,0.6773
F006,2023-05-30,96.0198,-0.6498
F006,2023-05-31,95.6776,-0.3564
F006,2023-06-01,96.1125,0.4545
F006,2023-06-02,95.6312,-0.5008
F006,2023-06-05,95.6886,0.06
F006,2023-06-06,95.4764,-0.2218
F006,2023-06-07,95.6039,0.1335
F006,2023-06-08,93.8117,-1.8746
F006,2023-06-09,92.4667,-1.4337
F006,2023-06-12,92.9501,0.5228
F006,2023-06-13,93.7492,0.8597
F006,2023-06-14,93.0945,-0.6984
F006,2023-06-15,92.9407,-0.1652
F006,2023-06-16,93.1877,0.2658
F006,2023-06-19,93.7325,0.5846
F006,2023-06-20,92.2401,-1.5922
F006,2023-06-21,91.6139,-0.6789
F006,2023-06-22,91.3976,-0.2361
F006,2023-06-23,91.9391,0.5925
F006,2023-06-26,93.8043,2.0287
F006,2023-06-27,93.6613,-0.1524
F006,2023-06-28,92.6352,-1.0955
F006,2023-06-29,92.9611,0.3518
F006,2023-06-30,93.9714,1.0868
F006,2023-07-03,94.0808,0.1164
F006,2023-07-04,93.4266,-0.6954
F006,2023-07-05,94.1706,0.7963
F006,2023-07-06,94.6987,0.5608
F006,2023-07-07,93.9498,-0.7908
F006,2023-07-10,94.2647,0.3352
F006,2023-07-11,95.045,0.8278
F006,2023-07-12,95.9722,0.9755
F006,2023-07-13,95.95,-0.0231
F006,2023-07-14,95.7039,-0.2565
F006,2023-07-17,96.6723,1.0119
F006,2023-07-18,95.7654,-0.9381
F006,2023-07-19,96.1301,0.3808
F006,2023-07-20,95.1053,-1.0661
F006,2023-07-21,95.9444,0.8823
F006,2023-07-24,95.7751,-0.1765
F006,2023-07-25,96.7758,1.0448
F006,2023-07-26,97.1853,0.4231
F006,2023-07-27,96.2634,-0.9486
F006,2023-07-28,97.3894,1.1697
F006,2023-07-31,98.6272,1.271
F006,2023-08-01,99.3529,0.7358
F006,2023-08-02,98.7774,-0.5792
F006,2023-08-03,98.5652,-0.2148
F006,2023-08-04,98.7094,0.1463
F006,2023-08-07,98.1833,-0.533
F006,2023-08-08,99.542,1.3838
F006,2023-08-09,99.6868,0.1455
F006,2023-08-10,97.5608,-2.1327
F006,2023-08-11,97.8549,0.3015
F006,2023-08-14,97.6117,-0.2485
F006,2023-08-15,97.5825,-0.0299
F006,2023-08-16,97.324,-0.2649
F006,2023-08-17,97.9816,0.6757
F006,2023-08-18,98.8887,0.9258
F006,2023-08-21,99.1423,0.2564
F006,2023-08-22,98.9029,-0.2415
F006,2023-08-23,98.8999,-0.003
F006,2023-08-24,98.9451,0.0457
F006,2023-08-25,98.3396,-0.612
F006,2023-08-28,98.8246,0.4932
F006,2023-08-29,99.218,0.3981
F006,2023-08-30,100.4705,1.2624
F006,2023-08-31,101.5096,1.0342
F006,2023-09-01,100.9832,-0.5186
F006,2023-09-04,101.6762,0.6863
F006,2023-09-05,100.9332,-0.7308
F006,2023-09-06,101.5254,0.5867
F006,2023-09-07,101.1363,-0.3833
F006,2023-09-08,100.3387,-0.7886
F006,2023-09-11,100.5936,0.254
F006,2023-09-12,98.4714,-2.1097
F006,2023-09-13,97.1216,-1.3708
F006,2023-09-14,97.0128,-0.112
F006,2023-09-15,97.1059,0.096
F006,2023-09-18,96.8481,-0.2655
F006,2023-09-19,95.6534,-1.2336
F006,2023-09-20,95.0562,-0.6243
F006,2023-09-21,95.3822,0.343
F006,2023-09-22,95.8547,0.4954
F006,2023-09-25,95.871,0.017
F006,2023-09-26,96.787,0.9555
F006,2023-09-27,97.1237,0.3479
F006,2023-09-28,96.5721,-0.5679
F006,2023-09-29,96.3844,-0.1944
F006,2023-10-02,95.3316,-1.0923
F006,2023-10-03,95.2777,-0.0565
F006,2023-10-04,96.154,0.9197
F006,2023-10-05,96.71,0.5782
F006,2023-10-06,97.8237,1.1516
F006,2023-10-09,97.616,-0.2123
F006,2023-10-10,98.6965,1.1069
F006,2023-10-11,98.5735,-0.1246
F006,2023-10-12,99.7635,1.2072
F006,2023-10-13,99.776,0.0125
F006,2023-10-16,100.3705,0.5958
F006,2023-10-17,101.5851,1.2101
F006,2023-10-18,101.4584,-0.1247
F006,2023-10-19,101.6661,0.2047
F006,2023-10-20,102.7449,1.0611
F006,2023-10-23,102.6664,-0.0764
F006,2023-10-24,101.6123,-1.0267
F006,2023-10-25,103.3848,1.7444
F006,2023-10-26,103.0273,-0.3458
F006,2023-10-27,103.1891,0.157
F006,2023-10-30,104.1744,0.9548
F006,2023-10-31,103.6985,-0.4568
F006,2023-11-01,102.8935,-0.7763
F006,2023-11-02,103.1332,0.233
F006,2023-11-03,101.6847,-1.4045
F006,2023-11-06,101.481,-0.2003
F006,2023-11-07,101.7104,0.2261
F006,2023-11-08,101.5213,-0.1859
F006,2023-11-09,100.2982,-1.2048
F006,2023-11-10,101.6074,1.3053
F006,2023-11-13,101.722,0.1128
F006,2023-11-14,102.9172,1.175
F006,2023-11-15,102.734,-0.178
F006,2023-11-16,102.0416,-0.674
F006,2023-11-17,102.292,0.2454
F006,2023-11-20,102.1461,-0.1426
F006,2023-11-21,101.2143,-0.9122
F006,2023-11-22,102.4348,1.2059
F006,2023-11-23,101.9556,-0.4678
F006,2023-11-24,100.4852,-1.4422
F006,2023-11-27,101.583,1.0925
F006,2023-11-28,101.2037,-0.3734
F006,2023-11-29,100.7419,-0.4563
F006,2023-11-30,100.7419,0.0
F006,2023-12-01,100.7628,0.0207
F006,2023-12-04,99.7536,-1.0016
F006,2023-12-05,99.8302,0.0768
F006,2023-12-06,100.589,0.7601
F006,2023-12-07,100.9585,0.3673
F006,2023-12-08,100.9406,-0.0177
F006,2023-12-11,99.5967,-1.3314
F006,2023-12-12,98.9814,-0.6178
F006,2023-12-13,99.1598,0.1802
F006,2023-12-14,98.5651,-0.5997
F006,2023-12-15,98.755,0.1927
F006,2023-12-18,99.3232,0.5754
F006,2023-12-19,100.1178,0.8
F006,2023-12-20,99.1657,-0.951
F006,2023-12-21,100.9381,1.7873
F006,2023-12-22,101.5881,0.644
F006,2023-12-25,101.6172,0.0286
F006,2023-12-26,102.5334,0.9016
F006,2023-12-27,104.5044,1.9223
F006,2023-12-28,103.3329,-1.121
F006,2023-12-29,103.1777,-0.1502
F006,2024-01-01,101.2454,-1.8728
F006,2024-01-02,101.4318,0.1841
F006,2024-01-03,101.7587,0.3223
F006,2024-01-04,101.7573,-0.0014
F006,2024-01-05,101.255,-0.4936
F006,2024-01-08,99.6252,-1.6096
F006,2024-01-09,99.9528,0.3288
F006,2024-01-10,101.1466,1.1944
F006,2024-01-11,100.6987,-0.4428
F006,2024-01-12,101.0834,0.382
F006,2024-01-15,99.8456,-1.2245
F006,2024-01-16,100.2408,0.3958
F006,2024-01-17,99.9554,-0.2847
F006,2024-01-18,99.3757,-0.58
F006,2024-01-19,98.801,-0.5783
F006,2024-01-22,98.5195,-0.2849
F006,2024-01-23,98.8505,0.336
F006,2024-01-24,97.8425,-1.0197
F006,2024-01-25,97.561,-0.2877
F006,2024-01-26,97.5579,-0.0032
F006,2024-01-29,96.7294,-0.8492
F006,2024-01-30,98.1487,1.4673
F006,2024-01-31,97.508,-0.6528
F006,2024-02-01,97.015,-0.5056
F006,2024-02-02,96.2848,-0.7527
F006,2024-02-05,97.699,1.4688
F006,2024-02-06,98.1605,0.4724
F006,2024-02-07,97.4545,-0.7192
F006,2024-02-08,98.3462,0.915
F006,2024-02-09,98.5336,0.1906
F006,2024-02-12,98.7659,0.2358
F006,2024-02-13,98.5233,-0.2456
F006,2024-02-14,97.9622,-0.5695
F006,2024-02-15,98.2563,0.3002
F006,2024-02-16,97.8573,-0.4061
F006,2024-02-19,99.3089,1.4834
F006,2024-02-20,98.3303,-0.9854
F006,2024-02-21,99.5682,1.2589
F006,2024-02-22,99.5094,-0.0591
F006,2024-02-23,99.7773,0.2692
F006,2024-02-26,100.4723,0.6966
F006,2024-02-27,99.9959,-0.4742
F006,2024-02-28,100.7173,0.7214
F006,2024-02-29,98.5659,-2.1361
F006,2024-03-01,98.0277,-0.546
F006,2024-03-04,97.3324,-0.7093
F006,2024-03-05,96.3855,-0.9729
F006,2024-03-06,96.2487,-0.1419
F006,2024-03-07,96.5746,0.3386
F006,2024-03-08,97.1464,0.5921
F006,2024-03-11,97.3627,0.2227
F006,2024-03-12,96.8734,-0.5026
F006,2024-03-13,97.1884,0.3252
F006,2024-03-14,97.3142,0.1294
F006,2024-03-15,98.0721,0.7788
F006,2024-03-18,98.7111,0.6516
F006,2024-03-19,98.7648,0.0544
F006,2024-03-20,98.0855,-0.6878
F006,2024-03-21,97.6026,-0.4923
F006,2024-03-22,97.2026,-0.4098
F006,2024-03-25,96.9866,-0.2222
F006,2024-03-26,97.2237,0.2445
F006,2024-03-27,97.8091,0.6021
F006,2024-03-28,97.7984,-0.0109
F006,2024-03-29,97.8404,0.0429
F006,2024-04-01,97.9819,0.1446
F006,2024-04-02,97.6069,-0.3827
F006,2024-04-03,96.9136,-0.7103
F006,2024-04-04,95.5817,-1.3743
F006,2024-04-05,95.0788,-0.5261
F006,2024-04-08,95.4672,0.4085
F006,2024-04-09,94.959,-0.5323
F006,2024-04-10,94.8068,-0.1603
F006,2024-04-11,95.189,0.4031
F006,2024-04-12,95.6141,0.4466
F006,2024-04-15,94.817,-0.8337
F006,2024-04-16,95.6018,0.8277
F006,2024-04-17,96.4927,0.9319
F006,2024-04-18,95.6495,-0.8738
F006,2024-04-19,95.6495,0.0
F006,2024-04-22,95.982,0.3476
F006,2024-04-23,95.898,-0.0875
F006,2024-04-24,94.2238,-1.7458
F006,2024-04-25,93.197,-1.0897
F006,2024-04-26,93.039,-0.1695
F006,2024-04-29,92.2012,-0.9005
F006,2024-04-30,91.9239,-0.3008
F006,2024-05-01,91.9753,0.0559
F006,2024-05-02,93.0788,1.1998
F006,2024-05-03,92.8904,-0.2024
F006,2024-05-06,93.7153,0.888
F006,2024-05-07,94.8146,1.173
F006,2024-05-08,95.931,1.1775
F006,2024-05-09,96.1783,0.2578
F006,2024-05-10,94.6965,-1.5407
F006,2024-05-13,95.074,0.3986
F006,2024-05-14,95.8999,0.8687
F006,2024-05-15,95.8665,-0.0348
F006,2024-05-16,97.2332,1.4256
F006,2024-05-17,97.9312,0.7179
F006,2024-05-20,98.4058,0.4846
F006,2024-05-21,99.2906,0.8991
F006,2024-05-22,99.5852,0.2967
F006,2024-05-23,97.6291,-1.9642
F006,2024-05-24,97.2685,-0.3694
F006,2024-05-27,98.2293,0.9878
F006,2024-05-28,97.6241,-0.6161
F006,2024-05-29,97.4789,-0.1487
F006,2024-05-30,96.6933,-0.8059
F006,2024-05-31,98.1023,1.4572
F006,2024-06-03,99.4514,1.3752
F006,2024-06-04,98.778,-0.6771
F006,2024-06-05,98.924,0.1478
F006,2024-06-06,98.4151,-0.5144
F006,2024-06-07,98.9288,0.522
F006,2024-06-10,99.3619,0.4378
F006,2024-06-11,100.0369,0.6793
F006,2024-06-12,100.3325,0.2955
F006,2024-06-13,102.7187,2.3783
F006,2024-06-14,101.9048,-0.7924
F006,2024-06-17,100.5408,-1.3385
F006,2024-06-18,100.2548,-0.2845
F006,2024-06-19,99.0273,-1.2244
F006,2024-06-20,99.0273,0.0
F006,2024-06-21,97.12,-1.926
F006,2024-06-24,96.4326,-0.7078
F006,2024-06-25,95.7251,-0.7337
F006,2024-06-26,96.1507,0.4446
F006,2024-06-27,95.7902,-0.3749
F006,2024-06-28,95.6814,-0.1136
F006,2024-07-01,96.3946,0.7454
F006,2024-07-02,95.8326,-0.583
F006,2024-07-03,95.6585,-0.1817
F006,2024-07-04,95.9671,0.3226
F006,2024-07-05,94.5053,-1.5232
F006,2024-07-08,92.7306,-1.8779
F006,2024-07-09,93.0152,0.3069
F006,2024-07-10,93.4092,0.4236
F006,2024-07-11,94.9798,1.6814
F006,2024-07-12,95.1284,0.1565
F006,2024-07-15,95.7808,0.6858
F006,2024-07-16,95.6598,-0.1263
F006,2024-07-17,95.916,0.2678
F006,2024-07-18,97.2241,1.3638
F006,2024-07-19,95.6012,-1.6692
F006,2024-07-22,95.9462,0.3609
F006,2024-07-23,97.6142,1.7385
F006,2024-07-24,97.8637,0.2556
F006,2024-07-25,99.1853,1.3504
F006,2024-07-26,98.7158,-0.4734
F006,2024-07-29,98.7201,0.0044
F006,2024-07-30,98.7762,0.0568
F006,2024-07-31,97.0535,-1.744
F006,2024-08-01,96.1756,-0.9046
F006,2024-08-02,95.3605,-0.8475
F006,2024-08-05,96.0162,0.6876
F006,2024-08-06,96.7149,0.7277
F006,2024-08-07,96.9946,0.2892
F006,2024-08-08,97.6632,0.6893
F006,2024-08-09,97.5642,-0.1014
F006,2024-08-12,98.5316,0.9916
F006,2024-08-13,98.5681,0.037
F006,2024-08-14,98.6433,0.0763
F006,2024-08-15,98.4633,-0.1825
F006,2024-08-16,99.032,0.5776
F006,2024-08-19,98.728,-0.307
F006,2024-08-20,99.5288,0.8111
F006,2024-08-21,98.6572,-0.8757
F006,2024-08-22,97.8195,-0.8491
F006,2024-08-23,98.3868,0.5799
F006,2024-08-26,98.3466,-0.0409
F006,2024-08-27,98.019,-0.3331
F006,2024-08-28,98.7463,0.742
F006,2024-08-29,98.2962,-0.4558
F006,2024-08-30,98.1683,-0.1301
F006,2024-09-02,99.2966,1.1494
F006,2024-09-03,100.549,1.2613
F006,2024-09-04,101.844,1.2879
F006,2024-09-05,101.6447,-0.1957
F006,2024-09-06,102.6759,1.0145
F006,2024-09-09,101.9272,-0.7292
F006,2024-09-10,101.2183,-0.6955
F006,2024-09-11,99.3454,-1.8504
F006,2024-09-12,100.7047,1.3683
F006,2024-09-13,100.0389,-0.6611
F006,2024-09-16,99.9676,-0.0713
F006,2024-09-17,99.2696,-0.6982
F006,2024-09-18,99.8515,0.5862
F006,2024-09-19,99.5814,-0.2705
F006,2024-09-20,98.5718,-1.0138
F006,2024-09-23,98.9497,0.3834
F006,2024-09-24,97.8444,-1.117
F006,2024-09-25,97.2183,-0.6399
F006,2024-09-26,95.6088,-1.6556
F006,2024-09-27,94.5483,-1.1092
F006,2024-09-30,94.7117,0.1728
F006,2024-10-01,93.2516,-1.5416
F006,2024-10-02,92.1746,-1.1549
F006,2024-10-03,92.2005,0.0281
F006,2024-10-04,91.8272,-0.4049
F006,2024-10-07,93.3181,1.6236
F006,2024-10-08,94.7152,1.4971
F006,2024-10-09,94.086,-0.6643
F006,2024-10-10,94.5336,0.4757
F006,2024-10-11,95.1286,0.6294
F006,2024-10-14,94.7024,-0.448
F006,2024-10-15,93.5978,-1.1664
F006,2024-10-16,93.6167,0.0202
F006,2024-10-17,93.5153,-0.1083
F006,2024-10-18,93.2173,-0.3187
F006,2024-10-21,93.5751,0.3838
F006,2024-10-22,93.0412,-0.5706
F006,2024-10-23,92.2116,-0.8916
F006,2024-10-24,92.3197,0.1172
F006,2024-10-25,92.6325,0.3388
F006,2024-10-28,91.7883,-0.9113
F006,2024-10-29,92.4973,0.7724
F006,2024-10-30,91.2149,-1.3864
F006,2024-10-31,90.8204,-0.4325
F006,2024-11-01,90.6602,-0.1764
F006,2024-11-04,90.226,-0.4789
F006,2024-11-05,89.8452,-0.4221
F006,2024-11-06,91.217,1.5268
F006,2024-11-07,90.6234,-0.6508
F006,2024-11-08,92.4204,1.9829
F006,2024-11-11,92.7713,0.3797
F006,2024-11-12,92.8675,0.1037
F006,2024-11-13,93.2492,0.411
F006,2024-11-14,95.1645,2.054
F006,2024-11-15,94.4366,-0.7649
F006,2024-11-18,93.6185,-0.8663
F006,2024-11-19,93.0812,-0.5739
F006,2024-11-20,93.1331,0.0558
F006,2024-11-21,91.8752,-1.3506
F006,2024-11-22,91.9192,0.0479
F006,2024-11-25,93.1921,1.3848
F006,2024-11-26,93.3329,0.1511
F006,2024-11-27,93.1424,-0.2041
F006,2024-11-28,92.7097,-0.4646
F006,2024-11-29,93.4039,0.7488
F006,2024-12-02,92.8148,-0.6307
F006,2024-12-03,94.2136,1.5071
F006,2024-12-04,95.6991,1.5767
F006,2024-12-05,95.9244,0.2354
F006,2024-12-06,95.9443,0.0207
F006,2024-12-09,96.7642,0.8546
F006,2024-12-10,97.6407,0.9058
F006,2024-12-11,97.0404,-0.6148
F006,2024-12-12,96.6607,-0.3913
F006,2024-12-13,95.6671,-1.0279
F006,2024-12-16,96.0089,0.3573
F006,2024-12-17,96.5497,0.5633
F006,2024-12-18,95.536,-1.0499
F006,2024-12-19,95.2168,-0.3341
F006,2024-12-20,94.2191,-1.0478
F006,2024-12-23,93.5699,-0.689
F006,2024-12-24,94.0104,0.4708
F006,2024-12-25,93.487,-0.5567
F006,2024-12-26,93.487,0.0
F006,2024-12-27,92.1036,-1.4798
F006,2024-12-30,92.269,0.1796
F006,2024-12-31,92.264,-0.0054
F006,2025-01-01,91.7536,-0.5532
F006,2025-01-02,91.6424,-0.1212
F006,2025-01-03,91.8021,0.1743
F006,2025-01-06,91.2312,-0.6219
F006,2025-01-07,90.1811,-1.151
F006,2025-01-08,91.5108,1.4745
F006,2025-01-09,91.0746,-0.4767
F006,2025-01-10,91.0314,-0.0474
F006,2025-01-13,91.7949,0.8387
F006,2025-01-14,94.414,2.8532
F006,2025-01-15,93.5023,-0.9656
F006,2025-01-16,93.8668,0.3898
F006,2025-01-17,93.3636,-0.5361
F006,2025-01-20,92.9892,-0.401
F006,2025-01-21,92.4813,-0.5462
F006,2025-01-22,91.6762,-0.8706
F006,2025-01-23,91.6734,-0.0031
F006,2025-01-24,90.6195,-1.1496
F006,2025-01-27,91.3331,0.7875
F006,2025-01-28,91.4007,0.074
F006,2025-01-29,91.4007,0.0
F006,2025-01-30,91.4224,0.0237
F006,2025-01-31,91.1813,-0.2637
F006,2025-02-03,91.4184,0.26
F006,2025-02-04,90.5945,-0.9012
F006,2025-02-05,90.3622,-0.2564
F006,2025-02-06,89.7679,-0.6577
F006,2025-02-07,89.1553,-0.6824
F006,2025-02-10,87.6772,-1.6579
F006,2025-02-11,88.6429,1.1014
F006,2025-02-12,88.1826,-0.5193
F006,2025-02-13,89.0298,0.9607
F006,2025-02-14,89.8177,0.885
F006,2025-02-17,88.9206,-0.9988
F006,2025-02-18,88.173,-0.8408
F006,2025-02-19,90.0056,2.0784
F006,2025-02-20,91.2933,1.4307
F006,2025-02-21,91.2977,0.0048
F006,2025-02-24,91.5131,0.2359
F006,2025-02-25,91.0787,-0.4747
F006,2025-02-26,91.421,0.3758
F006,2025-02-27,90.9239,-0.5437
F006,2025-02-28,89.4729,-1.5958
F006,2025-03-03,88.5538,-1.0272
F006,2025-03-04,88.5953,0.0469
F006,2025-03-05,87.8202,-0.8749
F006,2025-03-06,87.7993,-0.0238
F006,2025-03-07,87.0708,-0.8297
F006,2025-03-10,86.552,-0.5958
F006,2025-03-11,87.1687,0.7125
F006,2025-03-12,87.3674,0.2279
F006,2025-03-13,87.3869,0.0223
F006,2025-03-14,88.0276,0.7332
F006,2025-03-17,88.3925,0.4145
F006,2025-03-18,89.4419,1.1872
F006,2025-03-19,89.1397,-0.3379
F006,2025-03-20,88.8601,-0.3137
F006,2025-03-21,87.9618,-1.0109
F006,2025-03-24,87.6863,-0.3132
F006,2025-03-25,88.3894,0.8018
F006,2025-03-26,89.3352,1.07
F006,2025-03-27,90.0483,0.7982
F006,2025-03-28,88.7828,-1.4054
F006,2025-03-31,89.5788,0.8966
F006,2025-04-01,88.2881,-1.4409
F006,2025-04-02,88.9489,0.7485
F006,2025-04-03,88.7139,-0.2642
F006,2025-04-04,89.2391,0.592
F006,2025-04-07,88.3146,-1.036
F006,2025-04-08,89.1685,0.9669
F006,2025-04-09,88.1502,-1.142
F006,2025-04-10,87.7052,-0.5048
F006,2025-04-11,87.0312,-0.7685
F006,2025-04-14,85.8359,-1.3734
F006,2025-04-15,85.9266,0.1057
F006,2025-04-16,87.1939,1.4749
F006,2025-04-17,89.0804,2.1636
F006,2025-04-18,89.1764,0.1078
F006,2025-04-21,89.9998,0.9233
F006,2025-04-22,90.1939,0.2157
F006,2025-04-23,90.5809,0.4291
F006,2025-04-24,90.3601,-0.2438
F006,2025-04-25,90.5282,0.186
F006,2025-04-28,90.9446,0.46
F006,2025-04-29,90.551,-0.4328
F006,2025-04-30,90.522,-0.032
F006,2025-05-01,90.5068,-0.0168
F006,2025-05-02,91.1323,0.6911
F006,2025-05-05,90.3824,-0.8229
F006,2025-05-06,90.3722,-0.0113
F006,2025-05-07,91.7816,1.5596
F006,2025-05-08,92.6638,0.9612
F006,2025-05-09,93.6918,1.1094
F006,2025-05-12,93.7382,0.0495
F006,2025-05-13,94.007,0.2868
F006,2025-05-14,94.7889,0.8317
F006,2025-05-15,96.0005,1.2782
F006,2025-05-16,94.5305,-1.5312
F006,2025-05-19,93.5641,-1.0223
F006,2025-05-20,94.5723,1.0776
F006,2025-05-21,94.3912,-0.1915
F006,2025-05-22,93.9123,-0.5074
F006,2025-05-23,92.9982,-0.9734
F006,2025-05-26,92.6132,-0.414
F006,2025-05-27,91.602,-1.0919
F006,2025-05-28,93.1619,1.7029
F006,2025-05-29,93.1731,0.012
F006,2025-05-30,93.1579,-0.0163
F006,2025-06-02,93.6241,0.5004
F006,2025-06-03,94.373,0.7999
F006,2025-06-04,95.1154,0.7867
F006,2025-06-05,95.9609,0.8889
F006,2025-06-06,95.5054,-0.4747
F006,2025-06-09,95.3065,-0.2083
F006,2025-06-10,95.9214,0.6452
F006,2025-06-11,95.5455,-0.3919
F006,2025-06-12,95.5703,0.026
F006,2025-06-13,95.9039,0.3491
F006,2025-06-16,96.5351,0.6582
F006,2025-06-17,95.1912,-1.3921
F006,2025-06-18,95.7641,0.6018
F006,2025-06-19,95.6138,-0.1569
F006,2025-06-20,96.1836,0.5959
F006,2025-06-23,96.8103,0.6516
F006,2025-06-24,98.0846,1.3163
F006,2025-06-25,99.176,1.1127
F006,2025-06-26,100.2741,1.1072
F006,2025-06-27,101.4623,1.185
F006,2025-06-30,101.7293,0.2632
F006,2025-07-01,101.786,0.0557
F006,2025-07-02,102.5273,0.7283
F006,2025-07-03,103.1585,0.6156
F006,2025-07-04,102.9344,-0.2172
F006,2025-07-07,103.2986,0.3538
F006,2025-07-08,103.3006,0.0019
F006,2025-07-09,102.6259,-0.6531
F006,2025-07-10,103.7162,1.0624
F006,2025-07-11,103.7931,0.0741
F006,2025-07-14,105.5254,1.669
F006,2025-07-15,104.1848,-1.2704
F006,2025-07-16,103.752,-0.4154
F006,2025-07-17,103.8102,0.0561
F006,2025-07-18,104.7859,0.9399
F006,2025-07-21,105.1522,0.3496
F006,2025-07-22,105.4449,0.2784
F006,2025-07-23,104.5256,-0.8718
F006,2025-07-24,103.5895,-0.8956
F006,2025-07-25,103.8878,0.288
F006,2025-07-28,102.7853,-1.0612
F006,2025-07-29,102.3788,-0.3955
F006,2025-07-30,102.8198,0.4308
F006,2025-07-31,102.0426,-0.7559
F006,2025-08-01,103.3837,1.3143
F006,2025-08-04,104.427,1.0092
F006,2025-08-05,103.1455,-1.2272
F006,2025-08-06,102.4071,-0.7159
F006,2025-08-07,100.5652,-1.7986
F006,2025-08-08,99.9658,-0.596
F006,2025-08-11,100.6087,0.6431
F006,2025-08-12,100.3058,-0.3011
F006,2025-08-13,100.7057,0.3987
F006,2025-08-14,99.5094,-1.1879
F006,2025-08-15,100.1745,0.6684
F006,2025-08-18,99.7597,-0.4141
F006,2025-08-19,99.7993,0.0397
F006,2025-08-20,99.7551,-0.0443
F006,2025-08-21,98.7703,-0.9872
F006,2025-08-22,97.8888,-0.8925
F006,2025-08-25,98.6761,0.8043
F006,2025-08-26,99.0207,0.3492
F006,2025-08-27,99.8822,0.87
F006,2025-08-28,100.1716,0.2897
F006,2025-08-29,100.3162,0.1444
F006,2025-09-01,98.9611,-1.3508
F006,2025-09-02,98.7767,-0.1863
F006,2025-09-03,98.7847,0.0081
F006,2025-09-04,100.3578,1.5925
F006,2025-09-05,100.9394,0.5795
F006,2025-09-08,102.2101,1.2589
F006,2025-09-09,102.7294,0.5081
F006,2025-09-10,102.1756,-0.5391
F006,2025-09-11,102.302,0.1237
F006,2025-09-12,102.526,0.219
F006,2025-09-15,101.7865,-0.7213
F006,2025-09-16,101.504,-0.2775
F006,2025-09-17,101.3674,-0.1346
F006,2025-09-18,102.6999,1.3145
F006,2025-09-19,101.0212,-1.6346
F006,2025-09-22,102.026,0.9946
F006,2025-09-23,101.292,-0.7194
F006,2025-09-24,100.2105,-1.0677
F006,2025-09-25,101.1865,0.9739
F006,2025-09-26,101.8093,0.6155
F006,2025-09-29,102.8616,1.0336
F006,2025-09-30,103.5514,0.6706
F006,2025-10-01,105.2889,1.6779
F006,2025-10-02,105.7911,0.477
F006,2025-10-03,105.6904,-0.0952
F006,2025-10-06,106.0121,0.3044
F006,2025-10-07,107.0985,1.0248
F006,2025-10-08,106.4629,-0.5935
F006,2025-10-09,105.9396,-0.4915
F006,2025-10-10,105.7095,-0.2172
F006,2025-10-13,103.9614,-1.6537
F006,2025-10-14,104.1074,0.1404
F006,2025-10-15,102.5678,-1.4789
F006,2025-10-16,102.6421,0.0724
F006,2025-10-17,103.3834,0.7222
F006,2025-10-20,103.02,-0.3515
F006,2025-10-21,104.4331,1.3717
F006,2025-10-22,103.2442,-1.1384
F006,2025-10-23,104.2591,0.983
F006,2025-10-24,104.8535,0.5701
F006,2025-10-27,103.4455,-1.3428
F006,2025-10-28,105.7199,2.1986
F006,2025-10-29,105.6977,-0.021
F006,2025-10-30,104.9874,-0.672
F006,2025-10-31,103.8371,-1.0957
F006,2025-11-03,103.6855,-0.146
F006,2025-11-04,103.6109,-0.0719
F006,2025-11-05,103.7271,0.1122
F006,2025-11-06,103.5111,-0.2082
F006,2025-11-07,104.0665,0.5366
F006,2025-11-10,103.775,-0.2801
F006,2025-11-11,102.1997,-1.518
F006,2025-11-12,102.1082,-0.0895
F006,2025-11-13,100.2049,-1.864
F006,2025-11-14,100.5186,0.3131
F006,2025-11-17,99.7613,-0.7534
F006,2025-11-18,99.9216,0.1607
F006,2025-11-19,101.002,1.0812
F006,2025-11-20,100.2657,-0.729
F006,2025-11-21,101.147,0.879
F006,2025-11-24,100.8267,-0.3167
F006,2025-11-25,102.2711,1.4326
F006,2025-11-26,102.003,-0.2621
F006,2025-11-27,101.3477,-0.6424
F006,2025-11-28,101.9353,0.5798
F006,2025-12-01,101.6105,-0.3186
F006,2025-12-02,100.957,-0.6431
F006,2025-12-03,100.6014,-0.3522
F006,2025-12-04,100.5957,-0.0057
F006,2025-12-05,101.706,1.1037
F006,2025-12-08,100.1628,-1.5173
F006,2025-12-09,100.2113,0.0484
F006,2025-12-10,100.7423,0.5299
F006,2025-12-11,100.9284,0.1847
F006,2025-12-12,102.0163,1.0779
F006,2025-12-15,101.9862,-0.0295
F006,2025-12-16,101.8662,-0.1177
F006,2025-12-17,102.3795,0.5039
F006,2025-12-18,102.4916,0.1095
F006,2025-12-19,102.2022,-0.2824
F006,2025-12-22,102.6549,0.4429
F006,2025-12-23,102.1498,-0.492
F006,2025-12-24,101.681,-0.4589
F006,2025-12-25,101.681,0.0
F006,2025-12-26,102.4087,0.7157
F006,2025-12-29,99.8005,-2.5469
F006,2025-12-30,100.1463,0.3465
F006,2025-12-31,100.2038,0.0574
F006,2026-01-01,100.2038,0.0
F006,2026-01-02,99.1611,-1.0406
F006,2026-01-05,99.5683,0.4106
F006,2026-01-06,100.0678,0.5017
F006,2026-01-07,97.9749,-2.0915
F006,2026-01-08,99.0753,1.1231
F006,2026-01-09,98.5203,-0.5602
F006,2026-01-12,99.091,0.5793
F006,2026-01-13,99.7082,0.6229
F006,2026-01-14,99.0388,-0.6714
F006,2026-01-15,99.5918,0.5584
F006,2026-01-16,99.3145,-0.2784
F006,2026-01-19,97.6986,-1.6271
F006,2026-01-20,98.6406,0.9642
F006,2026-01-21,98.0586,-0.59
F006,2026-01-22,97.4177,-0.6536
F006,2026-01-23,97.1328,-0.2925
F006,2026-01-26,97.3735,0.2478
F006,2026-01-27,97.3581,-0.0158
F006,2026-01-28,97.8142,0.4685
F006,2026-01-29,96.7954,-1.0416
F006,2026-01-30,96.2496,-0.5639
F006,2026-02-02,96.1892,-0.0628
F006,2026-02-03,97.6785,1.5483
F006,2026-02-04,97.6189,-0.061
F006,2026-02-05,98.4957,0.8982
F006,2026-02-06,98.5556,0.0608
F006,2026-02-09,98.2038,-0.357
F006,2026-02-10,98.0394,-0.1674
F006,2026-02-11,97.9367,-0.1048
F006,2026-02-12,98.439,0.5129
F006,2026-02-13,99.5511,1.1297
F006,2026-02-16,99.8674,0.3177
F006,2026-02-17,100.8458,0.9797
F006,2026-02-18,100.0977,-0.7418
F006,2026-02-19,99.7957,-0.3017
F006,2026-02-20,99.7957,0.0
F006,2026-02-23,99.5268,-0.2695
F006,2026-02-24,99.2709,-0.2571
F006,2026-02-25,99.8802,0.6138
F006,2026-02-26,99.1663,-0.7148
F006,2026-02-27,99.2302,0.0644
F006,2026-03-02,99.8052,0.5795
F006,2026-03-03,98.1861,-1.6223
F006,2026-03-04,99.8821,1.7273
F006,2026-03-05,99.6858,-0.1965
F006,2026-03-06,98.1008,-1.59
F006,2026-03-09,98.2543,0.1565
F006,2026-03-10,98.3101,0.0568
F006,2026-03-11,98.2752,-0.0355
F006,2026-03-12,99.084,0.823
F006,2026-03-13,99.7062,0.628
F006,2026-03-16,99.9737,0.2683
F006,2026-03-17,100.3637,0.3901
F006,2026-03-18,100.31,-0.0535
F006,2026-03-19,101.7649,1.4504
F006,2026-03-20,100.5912,-1.1533
F006,2026-03-23,100.7338,0.1418
F006,2026-03-24,100.8164,0.082
F006,2026-03-25,100.8164,0.0
F006,2026-03-26,100.8478,0.0311
F006,2026-03-27,99.4713,-1.3649
F006,2026-03-30,99.6259,0.1554
F006,2026-03-31,99.8799,0.255
F006,2026-04-01,101.1001,1.2217
F006,2026-04-02,100.103,-0.9863
F006,2026-04-03,101.0577,0.9537
F006,2026-04-06,103.002,1.924
F006,2026-04-07,102.7216,-0.2722
F006,2026-04-08,101.6916,-1.0027
F006,2026-04-09,101.391,-0.2956
F006,2026-04-10,101.4328,0.0412
F006,2026-04-13,101.9207,0.481
F006,2026-04-14,101.4691,-0.4431
F006,2026-04-15,102.762,1.2742
F006,2026-04-16,101.8766,-0.8616
F006,2026-04-17,100.4897,-1.3614
F006,2026-04-20,101.4096,0.9154
F006,2026-04-21,99.5947,-1.7897
F006,2026-04-22,99.4619,-0.1333
F006,2026-04-23,101.9725,2.5242
F006,2026-04-24,101.9933,0.0204
F006,2026-04-27,101.1094,-0.8666
F006,2026-04-28,101.0933,-0.0159
F006,2026-04-29,101.0825,-0.0107
F006,2026-04-30,101.2427,0.1585
F006,2026-05-01,101.8095,0.5598
F006,2026-05-04,100.9937,-0.8013
F006,2026-05-05,102.3875,1.3801
F006,2026-05-06,102.619,0.2261
F006,2026-05-07,103.2464,0.6114
F006,2026-05-08,102.7585,-0.4726
F006,2026-05-11,103.8468,1.0591
F006,2026-05-12,103.6644,-0.1756
F006,2026-05-13,103.9257,0.2521
F006,2026-05-14,103.1811,-0.7165
F006,2026-05-15,102.3891,-0.7676
F006,2026-05-18,102.9835,0.5805
F006,2026-05-19,102.6489,-0.3249
F006,2026-05-20,101.9785,-0.6531
F006,2026-05-21,101.4844,-0.4845
F006,2026-05-22,102.0823,0.5892
F006,2026-05-25,101.5992,-0.4732
F006,2026-05-26,101.5341,-0.0641
F006,2026-05-27,101.5768,0.0421
F006,2026-05-28,100.0492,-1.5039
F006,2026-05-29,98.9017,-1.1469
F006,2026-06-01,99.1974,0.299
F006,2026-06-02,98.6423,-0.5596
F006,2026-06-03,99.5058,0.8754
F006,2026-06-04,100.3053,0.8035
F006,2026-06-05,100.9125,0.6054
F006,2026-06-08,102.4119,1.4858
F006,2026-06-09,102.3745,-0.0365
F006,2026-06-10,102.9366,0.5491
F006,2026-06-11,102.4862,-0.4376
F006,2026-06-12,104.5276,1.9919
F006,2026-06-15,106.2177,1.6169
F006,2026-06-16,106.2597,0.0395
F006,2026-06-17,106.6202,0.3393
F006,2026-06-18,107.8116,1.1174
F006,2026-06-19,107.717,-0.0877
F006,2026-06-22,107.1835,-0.4953
F006,2026-06-23,107.1835,0.0
F006,2026-06-24,108.0652,0.8226
F006,2026-06-25,108.2558,0.1764
F006,2026-06-26,107.5658,-0.6374
F006,2026-06-29,106.12,-1.3441
F006,2026-06-30,106.3523,0.2189
F006,2026-07-01,107.1542,0.754
F006,2026-07-02,106.9928,-0.1506
F006,2026-07-03,108.2544,1.1791
F006,2026-07-06,107.6773,-0.5331
F006,2026-07-07,106.8011,-0.8137
F006,2026-07-08,106.7757,-0.0238
F006,2026-07-09,106.7372,-0.0361
F006,2026-07-10,107.4267,0.646
F006,2026-07-13,106.7929,-0.59
F006,2026-07-14,107.9938,1.1245
F006,2026-07-15,109.7255,1.6035
F006,2026-07-16,109.7241,-0.0013
F006,2026-07-17,110.854,1.0298
F006,2026-07-20,109.9503,-0.8152
F006,2026-07-21,110.9291,0.8902
F006,2026-07-22,111.8918,0.8679
F006,2026-07-23,112.6983,0.7208
F006,2026-07-24,112.7181,0.0176
F006,2026-07-27,110.0879,-2.3334
F006,2026-07-28,109.5558,-0.4833
F006,2026-07-29,109.0401,-0.4707
F006,2026-07-30,108.2195,-0.7526
F006,2026-07-31,108.3578,0.1278
F006,2026-08-03,108.0271,-0.3052
F006,2026-08-04,107.3469,-0.6297
F006,2026-08-05,106.4698,-0.8171
F006,2026-08-06,105.8923,-0.5424
F006,2026-08-07,106.8741,0.9272
F006,2026-08-10,106.341,-0.4988
F006,2026-08-11,105.9348,-0.382
F006,2026-08-12,105.5795,-0.3354
F006,2026-08-13,105.8975,0.3012
F006,2026-08-14,106.3158,0.395
F006,2026-08-17,103.7581,-2.4058
F006,2026-08-18,104.6373,0.8474
F006,2026-08-19,105.8711,1.1791
F006,2026-08-20,105.0134,-0.8101
F006,2026-08-21,104.2281,-0.7478
F006,2026-08-24,103.8839,-0.3302
F006,2026-08-25,103.2868,-0.5748
F006,2026-08-26,103.5028,0.2091
F006,2026-08-27,101.9221,-1.5272
F006,2026-08-28,101.0411,-0.8644
F006,2026-08-31,102.3156,1.2614
F006,2026-09-01,101.5865,-0.7126
F006,2026-09-02,102.6275,1.0247
F006,2026-09-03,102.95,0.3142
F006,2026-09-04,101.4908,-1.4174
F007,2022-01-03,55.7889,
F007,2022-01-04,55.7259,-0.1129
F007,2022-01-05,55.4182,-0.5522
F007,2022-01-06,55.6168,0.3584
F007,2022-01-07,55.9822,0.657
F007,2022-01-10,56.5196,0.9599
F007,2022-01-11,57.4079,1.5717
F007,2022-01-12,57.7355,0.5707
F007,2022-01-13,56.7261,-1.7483
F007,2022-01-14,56.3995,-0.5757
F007,2022-01-17,58.5799,3.866
F007,2022-01-18,59.1551,0.9819
F007,2022-01-19,61.0008,3.1201
F007,2022-01-20,62.1318,1.8541
F007,2022-01-21,62.352,0.3544
F007,2022-01-24,62.6213,0.4319
F007,2022-01-25,62.6166,-0.0075
F007,2022-01-26,61.227,-2.2192
F007,2022-01-27,61.2659,0.0635
F007,2022-01-28,62.2547,1.6139
F007,2022-01-31,61.7943,-0.7395
F007,2022-02-01,62.15,0.5756
F007,2022-02-02,62.8629,1.1471
F007,2022-02-03,62.1446,-1.1426
F007,2022-02-04,61.8049,-0.5466
F007,2022-02-07,61.0118,-1.2832
F007,2022-02-08,60.3841,-1.0288
F007,2022-02-09,59.3975,-1.6339
F007,2022-02-10,58.726,-1.1305
F007,2022-02-11,59.8332,1.8854
F007,2022-02-14,59.145,-1.1502
F007,2022-02-15,59.2659,0.2044
F007,2022-02-16,58.9022,-0.6137
F007,2022-02-17,59.8285,1.5726
F007,2022-02-18,59.8285,0.0
F007,2022-02-21,61.5803,2.928
F007,2022-02-22,61.85,0.438
F007,2022-02-23,61.689,-0.2603
F007,2022-02-24,60.7578,-1.5095
F007,2022-02-25,62.3172,2.5666
F007,2022-02-28,61.7267,-0.9476
F007,2022-03-01,62.2839,0.9027
F007,2022-03-02,63.1667,1.4174
F007,2022-03-03,62.736,-0.6818
F007,2022-03-04,63.6077,1.3895
F007,2022-03-07,64.2651,1.0335
F007,2022-03-08,65.7344,2.2863
F007,2022-03-09,65.3596,-0.5702
F007,2022-03-10,64.2932,-1.6316
F007,2022-03-11,63.8964,-0.6172
F007,2022-03-14,64.0954,0.3114
F007,2022-03-15,64.1695,0.1156
F007,2022-03-16,63.867,-0.4714
F007,2022-03-17,62.3074,-2.4419
F007,2022-03-18,62.7134,0.6516
F007,2022-03-21,64.3465,2.6041
F007,2022-03-22,64.7606,0.6435
F007,2022-03-23,65.2993,0.8318
F007,2022-03-24,65.8114,0.7842
F007,2022-03-25,66.1774,0.5561
F007,2022-03-28,67.0054,1.2512
F007,2022-03-29,67.0054,0.0
F007,2022-03-30,67.1297,0.1855
F007,2022-03-31,66.4619,-0.9948
F007,2022-04-01,66.2734,-0.2836
F007,2022-04-04,66.5705,0.4483
F007,2022-04-05,66.3236,-0.3709
F007,2022-04-06,66.6212,0.4487
F007,2022-04-07,67.0282,0.6109
F007,2022-04-08,67.781,1.1231
F007,2022-04-11,68.9385,1.7077
F007,2022-04-12,69.036,0.1414
F007,2022-04-13,67.8899,-1.6601
F007,2022-04-14,67.6125,-0.4086
F007,2022-04-15,67.6783,0.0973
F007,2022-04-18,66.0902,-2.3465
F007,2022-04-19,67.3097,1.8452
F007,2022-04-20,67.4612,0.2251
F007,2022-04-21,67.8226,0.5357
F007,2022-04-22,69.0537,1.8152
F007,2022-04-25,68.5156,-0.7792
F007,2022-04-26,69.0543,0.7862
F007,2022-04-27,68.9833,-0.1028
F007,2022-04-28,68.8458,-0.1993
F007,2022-04-29,68.1822,-0.9639
F007,2022-05-02,69.6858,2.2053
F007,2022-05-03,69.3735,-0.4482
F007,2022-05-04,70.0321,0.9494
F007,2022-05-05,68.3531,-2.3975
F007,2022-05-06,69.429,1.574
F007,2022-05-09,70.4065,1.4079
F007,2022-05-10,70.5238,0.1666
F007,2022-05-11,70.3439,-0.2551
F007,2022-05-12,70.7378,0.56
F007,2022-05-13,72.8708,3.0154
F007,2022-05-16,71.2296,-2.2522
F007,2022-05-17,71.9822,1.0566
F007,2022-05-18,71.1579,-1.1451
F007,2022-05-19,71.1679,0.0141
F007,2022-05-20,70.967,-0.2823
F007,2022-05-23,70.6002,-0.5169
F007,2022-05-24,70.6188,0.0263
F007,2022-05-25,69.6058,-1.4345
F007,2022-05-26,70.5649,1.3779
F007,2022-05-27,68.9473,-2.2924
F007,2022-05-30,69.4587,0.7417
F007,2022-05-31,69.1916,-0.3845
F007,2022-06-01,68.166,-1.4823
F007,2022-06-02,68.3726,0.3031
F007,2022-06-03,67.0161,-1.984
F007,2022-06-06,67.0775,0.0916
F007,2022-06-07,65.8636,-1.8097
F007,2022-06-08,66.2849,0.6397
F007,2022-06-09,65.5149,-1.1617
F007,2022-06-10,65.157,-0.5463
F007,2022-06-13,65.432,0.4221
F007,2022-06-14,64.801,-0.9644
F007,2022-06-15,64.7781,-0.0353
F007,2022-06-16,63.5292,-1.928
F007,2022-06-17,64.0756,0.8601
F007,2022-06-20,65.5714,2.3344
F007,2022-06-21,67.9778,3.6699
F007,2022-06-22,68.0856,0.1586
F007,2022-06-23,68.8105,1.0647
F007,2022-06-24,67.2452,-2.2748
F007,2022-06-27,68.5858,1.9936
F007,2022-06-28,69.3053,1.0491
F007,2022-06-29,68.897,-0.5891
F007,2022-06-30,70.0327,1.6484
F007,2022-07-01,69.829,-0.2909
F007,2022-07-04,69.4411,-0.5555
F007,2022-07-05,69.898,0.658
F007,2022-07-06,68.9597,-1.3424
F007,2022-07-07,69.9031,1.368
F007,2022-07-08,68.9714,-1.3328
F007,2022-07-11,68.0575,-1.325
F007,2022-07-12,67.2799,-1.1426
F007,2022-07-13,67.9711,1.0273
F007,2022-07-14,67.4533,-0.7618
F007,2022-07-15,66.2982,-1.7124
F007,2022-07-18,65.8027,-0.7474
F007,2022-07-19,65.8016,-0.0017
F007,2022-07-20,64.8177,-1.4953
F007,2022-07-21,63.8732,-1.4572
F007,2022-07-22,65.6519,2.7847
F007,2022-07-25,64.9437,-1.0787
F007,2022-07-26,64.6969,-0.38
F007,2022-07-27,64.4139,-0.4374
F007,2022-07-28,64.0868,-0.5078
F007,2022-07-29,64.6301,0.8478
F007,2022-08-01,65.4526,1.2726
F007,2022-08-02,65.2184,-0.3578
F007,2022-08-03,64.1962,-1.5673
F007,2022-08-04,65.2855,1.6968
F007,2022-08-05,65.2307,-0.0839
F007,2022-08-08,66.7241,2.2894
F007,2022-08-09,64.8029,-2.8793
F007,2022-08-10,64.9934,0.294
F007,2022-08-11,66.6405,2.5343
F007,2022-08-12,66.3611,-0.4193
F007,2022-08-15,66.1931,-0.2532
F007,2022-08-16,66.4739,0.4242
F007,2022-08-17,66.0176,-0.6864
F007,2022-08-18,65.7762,-0.3657
F007,2022-08-19,65.5136,-0.3992
F007,2022-08-22,65.0054,-0.7757
F007,2022-08-23,66.0699,1.6376
F007,2022-08-24,66.4924,0.6395
F007,2022-08-25,66.7356,0.3658
F007,2022-08-26,67.4638,1.0912
F007,2022-08-29,67.2589,-0.3037
F007,2022-08-30,66.6089,-0.9664
F007,2022-08-31,66.1137,-0.7434
F007,2022-09-01,66.1417,0.0424
F007,2022-09-02,65.2574,-1.337
F007,2022-09-05,64.8591,-0.6104
F007,2022-09-06,64.4499,-0.6309
F007,2022-09-07,66.2557,2.8019
F007,2022-09-08,63.893,-3.566
F007,2022-09-09,63.7694,-0.1934
F007,2022-09-12,65.2255,2.2834
F007,2022-09-13,65.3549,0.1984
F007,2022-09-14,66.0212,1.0195
F007,2022-09-15,66.1333,0.1698
F007,2022-09-16,65.586,-0.8276
F007,2022-09-19,63.7007,-2.8745
F007,2022-09-20,63.8963,0.3071
F007,2022-09-21,63.2776,-0.9683
F007,2022-09-22,62.6445,-1.0005
F007,2022-09-23,62.2632,-0.6087
F007,2022-09-26,63.7004,2.3083
F007,2022-09-27,65.7173,3.1662
F007,2022-09-28,65.9292,0.3224
F007,2022-09-29,65.5572,-0.5642
F007,2022-09-30,64.5801,-1.4905
F007,2022-10-03,64.9993,0.6491
F007,2022-10-04,66.5318,2.3577
F007,2022-10-05,66.3445,-0.2815
F007,2022-10-06,64.3192,-3.0527
F007,2022-10-07,64.9052,0.9111
F007,2022-10-10,64.9052,0.0
F007,2022-10-11,64.4331,-0.7274
F007,2022-10-12,64.6067,0.2694
F007,2022-10-13,65.0115,0.6266
F007,2022-10-14,64.9757,-0.0551
F007,2022-10-17,64.3337,-0.9881
F007,2022-10-18,65.2091,1.3607
F007,2022-10-19,64.8932,-0.4844
F007,2022-10-20,63.6662,-1.8908
F007,2022-10-21,61.9954,-2.6243
F007,2022-10-24,63.0364,1.6792
F007,2022-10-25,63.567,0.8417
F007,2022-10-26,63.6651,0.1543
F007,2022-10-27,63.3262,-0.5323
F007,2022-10-28,62.916,-0.6478
F007,2022-10-31,62.0613,-1.3585
F007,2022-11-01,61.738,-0.5209
F007,2022-11-02,60.0611,-2.7162
F007,2022-11-03,59.5104,-0.9169
F007,2022-11-04,59.2937,-0.3641
F007,2022-11-07,59.7875,0.8328
F007,2022-11-08,59.7804,-0.0119
F007,2022-11-09,60.4221,1.0734
F007,2022-11-10,61.506,1.7939
F007,2022-11-11,62.3767,1.4156
F007,2022-11-14,62.7832,0.6517
F007,2022-11-15,62.818,0.0554
F007,2022-11-16,62.0422,-1.235
F007,2022-11-17,62.6638,1.0019
F007,2022-11-18,64.0572,2.2236
F007,2022-11-21,64.3677,0.4847
F007,2022-11-22,65.9978,2.5325
F007,2022-11-23,64.7153,-1.9432
F007,2022-11-24,64.7153,0.0
F007,2022-11-25,64.5047,-0.3254
F007,2022-11-28,64.7521,0.3835
F007,2022-11-29,65.8839,1.7479
F007,2022-11-30,65.897,0.0199
F007,2022-12-01,65.1798,-1.0884
F007,2022-12-02,65.0249,-0.2377
F007,2022-12-05,63.7553,-1.9525
F007,2022-12-06,62.8454,-1.4272
F007,2022-12-07,63.665,1.3042
F007,2022-12-08,64.4128,1.1746
F007,2022-12-09,64.7425,0.5119
F007,2022-12-12,63.3198,-2.1975
F007,2022-12-13,63.0501,-0.4259
F007,2022-12-14,62.0712,-1.5526
F007,2022-12-15,63.0454,1.5695
F007,2022-12-16,62.5922,-0.7188
F007,2022-12-19,61.7338,-1.3714
F007,2022-12-20,61.7824,0.0787
F007,2022-12-21,61.293,-0.7921
F007,2022-12-22,62.4998,1.9689
F007,2022-12-23,61.9278,-0.9152
F007,2022-12-26,60.8261,-1.779
F007,2022-12-27,59.148,-2.7588
F007,2022-12-28,59.148,0.0
F007,2022-12-29,58.7396,-0.6905
F007,2022-12-30,57.672,-1.8175
F007,2023-01-02,58.5867,1.586
F007,2023-01-03,59.1183,0.9074
F007,2023-01-04,59.1203,0.0034
F007,2023-01-05,60.1925,1.8136
F007,2023-01-06,60.735,0.9013
F007,2023-01-09,60.1096,-1.0297
F007,2023-01-10,59.3216,-1.3109
F007,2023-01-11,59.9761,1.1033
F007,2023-01-12,60.3091,0.5552
F007,2023-01-13,60.4663,0.2607
F007,2023-01-16,59.8251,-1.0604
F007,2023-01-17,60.3218,0.8303
F007,2023-01-18,59.7535,-0.9421
F007,2023-01-19,59.6982,-0.0925
F007,2023-01-20,60.845,1.921
F007,2023-01-23,60.3466,-0.8191
F007,2023-01-24,59.1367,-2.0049
F007,2023-01-25,58.3512,-1.3283
F007,2023-01-26,59.1288,1.3326
F007,2023-01-27,59.3483,0.3712
F007,2023-01-30,59.2726,-0.1276
F007,2023-01-31,58.904,-0.6219
F007,2023-02-01,59.2992,0.6709
F007,2023-02-02,58.6684,-1.0638
F007,2023-02-03,58.925,0.4374
F007,2023-02-06,58.3884,-0.9106
F007,2023-02-07,57.7304,-1.1269
F007,2023-02-08,57.2751,-0.7887
F007,2023-02-09,57.0185,-0.448
F007,2023-02-10,57.0051,-0.0235
F007,2023-02-13,57.2024,0.3461
F007,2023-02-14,54.4825,-4.7549
F007,2023-02-15,53.9323,-1.0099
F007,2023-02-16,53.6793,-0.4691
F007,2023-02-17,54.7511,1.9967
F007,2023-02-20,54.0043,-1.364
F007,2023-02-21,54.1402,0.2516
F007,2023-02-22,55.2141,1.9836
F007,2023-02-23,55.2141,0.0
F007,2023-02-24,54.5936,-1.1238
F007,2023-02-27,54.0461,-1.0029
F007,2023-02-28,53.7132,-0.616
F007,2023-03-01,53.1739,-1.004
F007,2023-03-02,52.6893,-0.9113
F007,2023-03-03,54.5748,3.5785
F007,2023-03-06,55.1957,1.1377
F007,2023-03-07,56.0083,1.4722
F007,2023-03-08,56.3889,0.6795
F007,2023-03-09,55.234,-2.0481
F007,2023-03-10,55.5397,0.5535
F007,2023-03-13,56.3366,1.4348
F007,2023-03-14,55.7341,-1.0695
F007,2023-03-15,56.4558,1.2949
F007,2023-03-16,56.9953,0.9556
F007,2023-03-17,58.3903,2.4476
F007,2023-03-20,58.0965,-0.5032
F007,2023-03-21,57.2908,-1.3868
F007,2023-03-22,57.0444,-0.4301
F007,2023-03-23,58.1318,1.9062
F007,2023-03-24,56.7733,-2.3369
F007,2023-03-27,55.2694,-2.649
F007,2023-03-28,55.3557,0.1561
F007,2023-03-29,55.0593,-0.5354
F007,2023-03-30,55.0869,0.0501
F007,2023-03-31,55.7859,1.2689
F007,2023-04-03,55.4075,-0.6783
F007,2023-04-04,54.0805,-2.395
F007,2023-04-05,55.5395,2.6978
F007,2023-04-06,54.8417,-1.2564
F007,2023-04-07,54.1086,-1.3368
F007,2023-04-10,54.9066,1.4748
F007,2023-04-11,54.6541,-0.4599
F007,2023-04-12,54.6309,-0.0424
F007,2023-04-13,54.9956,0.6676
F007,2023-04-14,55.7923,1.4487
F007,2023-04-17,55.5728,-0.3934
F007,2023-04-18,56.6931,2.0159
F007,2023-04-19,55.1417,-2.7365
F007,2023-04-20,55.7084,1.0277
F007,2023-04-21,55.1227,-1.0514
F007,2023-04-24,56.1281,1.8239
F007,2023-04-25,56.2542,0.2247
F007,2023-04-26,55.7846,-0.8348
F007,2023-04-27,56.2876,0.9017
F007,2023-04-28,56.9637,1.2012
F007,2023-05-01,57.4618,0.8744
F007,2023-05-02,56.7156,-1.2986
F007,2023-05-03,56.3814,-0.5893
F007,2023-05-04,56.401,0.0348
F007,2023-05-05,56.3933,-0.0137
F007,2023-05-08,56.9655,1.0147
F007,2023-05-09,55.4961,-2.5795
F007,2023-05-10,55.7595,0.4746
F007,2023-05-11,55.5716,-0.337
F007,2023-05-12,54.9881,-1.05
F007,2023-05-15,54.4793,-0.9253
F007,2023-05-16,54.3491,-0.239
F007,2023-05-17,51.8265,-4.6415
F007,2023-05-18,51.3747,-0.8718
F007,2023-05-19,50.8103,-1.0986
F007,2023-05-22,51.1825,0.7325
F007,2023-05-23,50.667,-1.0072
F007,2023-05-24,50.5456,-0.2396
F007,2023-05-25,51.5792,2.0449
F007,2023-05-26,52.2666,1.3327
F007,2023-05-29,52.9006,1.213
F007,2023-05-30,52.578,-0.6098
F007,2023-05-31,52.9702,0.7459
F007,2023-06-01,52.8303,-0.2641
F007,2023-06-02,52.7168,-0.2148
F007,2023-06-05,53.0187,0.5727
F007,2023-06-06,52.6284,-0.7362
F007,2023-06-07,53.6709,1.9809
F007,2023-06-08,53.5806,-0.1682
F007,2023-06-09,54.0327,0.8438
F007,2023-06-12,55.0768,1.9323
F007,2023-06-13,55.8375,1.3812
F007,2023-06-14,54.8371,-1.7916
F007,2023-06-15,55.1762,0.6184
F007,2023-06-16,55.8085,1.146
F007,2023-06-19,56.4779,1.1995
F007,2023-06-20,55.6831,-1.4073
F007,2023-06-21,55.2298,-0.8141
F007,2023-06-22,55.966,1.333
F007,2023-06-23,55.4342,-0.9502
F007,2023-06-26,55.2404,-0.3496
F007,2023-06-27,56.3942,2.0887
F007,2023-06-28,56.3817,-0.0222
F007,2023-06-29,55.8716,-0.9047
F007,2023-06-30,55.2565,-1.1009
F007,2023-07-03,55.5176,0.4725
F007,2023-07-04,54.5776,-1.6932
F007,2023-07-05,54.5776,0.0
F007,2023-07-06,54.6814,0.1902
F007,2023-07-07,55.6268,1.7289
F007,2023-07-10,56.1318,0.9078
F007,2023-07-11,55.6332,-0.8883
F007,2023-07-12,56.5077,1.5719
F007,2023-07-13,56.3103,-0.3493
F007,2023-07-14,55.4282,-1.5665
F007,2023-07-17,55.3264,-0.1837
F007,2023-07-18,56.3829,1.9096
F007,2023-07-19,56.5266,0.2549
F007,2023-07-20,56.5584,0.0563
F007,2023-07-21,57.7848,2.1684
F007,2023-07-24,56.7327,-1.8207
F007,2023-07-25,55.8072,-1.6313
F007,2023-07-26,54.6572,-2.0607
F007,2023-07-27,54.9438,0.5244
F007,2023-07-28,55.0847,0.2564
F007,2023-07-31,56.2115,2.0456
F007,2023-08-01,56.4119,0.3565
F007,2023-08-02,56.1381,-0.4854
F007,2023-08-03,56.1619,0.0424
F007,2023-08-04,56.2703,0.193
F007,2023-08-07,55.0699,-2.1333
F007,2023-08-08,57.0323,3.5635
F007,2023-08-09,57.4406,0.7159
F007,2023-08-10,57.6204,0.313
F007,2023-08-11,58.1042,0.8396
F007,2023-08-14,58.6633,0.9622
F007,2023-08-15,58.5796,-0.1427
F007,2023-08-16,58.1223,-0.7806
F007,2023-08-17,58.5985,0.8193
F007,2023-08-18,58.9158,0.5415
F007,2023-08-21,58.3191,-1.0128
F007,2023-08-22,59.4183,1.8848
F007,2023-08-23,59.6687,0.4214
F007,2023-08-24,60.2587,0.9888
F007,2023-08-25,61.3732,1.8495
F007,2023-08-28,61.4152,0.0684
F007,2023-08-29,61.6928,0.452
F007,2023-08-30,62.3671,1.093
F007,2023-08-31,61.8043,-0.9024
F007,2023-09-01,61.8724,0.1102
F007,2023-09-04,61.9981,0.2032
F007,2023-09-05,61.2523,-1.2029
F007,2023-09-06,63.1223,3.0529
F007,2023-09-07,61.9927,-1.7895
F007,2023-09-08,60.9713,-1.6476
F007,2023-09-11,62.0374,1.7485
F007,2023-09-12,62.6375,0.9673
F007,2023-09-13,61.8271,-1.2938
F007,2023-09-14,62.3399,0.8294
F007,2023-09-15,63.5544,1.9482
F007,2023-09-18,63.5548,0.0006
F007,2023-09-19,65.7274,3.4185
F007,2023-09-20,64.2806,-2.2012
F007,2023-09-21,64.8861,0.942
F007,2023-09-22,65.896,1.5564
F007,2023-09-25,66.6859,1.1987
F007,2023-09-26,66.5354,-0.2257
F007,2023-09-27,66.3108,-0.3376
F007,2023-09-28,66.7202,0.6174
F007,2023-09-29,67.4544,1.1004
F007,2023-10-02,68.0097,0.8232
F007,2023-10-03,68.9564,1.392
F007,2023-10-04,68.0706,-1.2846
F007,2023-10-05,67.8963,-0.2561
F007,2023-10-06,67.0938,-1.1819
F007,2023-10-09,66.7839,-0.4619
F007,2023-10-10,67.692,1.3598
F007,2023-10-11,67.8141,0.1804
F007,2023-10-12,70.1394,3.4289
F007,2023-10-13,70.3438,0.2914
F007,2023-10-16,70.4265,0.1176
F007,2023-10-17,70.5519,0.1781
F007,2023-10-18,69.9951,-0.7892
F007,2023-10-19,69.9705,-0.0351
F007,2023-10-20,71.0243,1.5061
F007,2023-10-23,71.1579,0.1881
F007,2023-10-24,70.4524,-0.9915
F007,2023-10-25,69.6333,-1.1626
F007,2023-10-26,69.2536,-0.5453
F007,2023-10-27,69.3478,0.136
F007,2023-10-30,70.4516,1.5917
F007,2023-10-31,69.2521,-1.7026
F007,2023-11-01,68.9919,-0.3757
F007,2023-11-02,69.1489,0.2276
F007,2023-11-03,67.5282,-2.3438
F007,2023-11-06,66.8234,-1.0437
F007,2023-11-07,66.2595,-0.8439
F007,2023-11-08,65.6004,-0.9947
F007,2023-11-09,65.7903,0.2895
F007,2023-11-10,65.6793,-0.1687
F007,2023-11-13,65.2315,-0.6818
F007,2023-11-14,65.6205,0.5963
F007,2023-11-15,67.1166,2.2799
F007,2023-11-16,68.5737,2.171
F007,2023-11-17,66.8871,-2.4595
F007,2023-11-20,67.4156,0.7901
F007,2023-11-21,67.2865,-0.1915
F007,2023-11-22,67.4491,0.2417
F007,2023-11-23,67.1268,-0.4778
F007,2023-11-24,67.2563,0.1929
F007,2023-11-27,67.4156,0.2369
F007,2023-11-28,66.9352,-0.7126
F007,2023-11-29,66.182,-1.1253
F007,2023-11-30,65.8224,-0.5434
F007,2023-12-01,66.0492,0.3446
F007,2023-12-04,66.0492,0.0
F007,2023-12-05,67.3553,1.9775
F007,2023-12-06,66.9495,-0.6025
F007,2023-12-07,67.2233,0.409
F007,2023-12-08,68.0913,1.2912
F007,2023-12-11,69.1503,1.5553
F007,2023-12-12,69.1251,-0.0364
F007,2023-12-13,68.9542,-0.2472
F007,2023-12-14,69.1531,0.2885
F007,2023-12-15,68.1472,-1.4546
F007,2023-12-18,68.0029,-0.2117
F007,2023-12-19,68.6883,1.0079
F007,2023-12-20,69.289,0.8745
F007,2023-12-21,69.0733,-0.3113
F007,2023-12-22,69.2964,0.323
F007,2023-12-25,68.5812,-1.0321
F007,2023-12-26,69.2358,0.9545
F007,2023-12-27,69.1934,-0.0612
F007,2023-12-28,68.9729,-0.3187
F007,2023-12-29,68.6762,-0.4302
F007,2024-01-01,68.6475,-0.0418
F007,2024-01-02,68.2753,-0.5422
F007,2024-01-03,68.8868,0.8956
F007,2024-01-04,68.5604,-0.4738
F007,2024-01-05,70.0076,2.1108
F007,2024-01-08,71.3691,1.9448
F007,2024-01-09,70.5705,-1.119
F007,2024-01-10,70.6627,0.1306
F007,2024-01-11,70.0933,-0.8058
F007,2024-01-12,69.8237,-0.3846
F007,2024-01-15,71.6692,2.6431
F007,2024-01-16,71.4113,-0.3598
F007,2024-01-17,71.7743,0.5083
F007,2024-01-18,72.3081,0.7437
F007,2024-01-19,71.3964,-1.2609
F007,2024-01-22,70.6313,-1.0716
F007,2024-01-23,69.5522,-1.5278
F007,2024-01-24,68.7789,-1.1118
F007,2024-01-25,66.2581,-3.6651
F007,2024-01-26,66.7537,0.748
F007,2024-01-29,68.563,2.7104
F007,2024-01-30,68.7222,0.2322
F007,2024-01-31,67.4844,-1.8012
F007,2024-02-01,66.9475,-0.7956
F007,2024-02-02,66.5749,-0.5566
F007,2024-02-05,65.7208,-1.2829
F007,2024-02-06,66.482,1.1582
F007,2024-02-07,67.2089,1.0934
F007,2024-02-08,66.2262,-1.4622
F007,2024-02-09,66.8769,0.9825
F007,2024-02-12,68.2311,2.0249
F007,2024-02-13,69.946,2.5134
F007,2024-02-14,72.5793,3.7648
F007,2024-02-15,71.7573,-1.1326
F007,2024-02-16,74.4206,3.7115
F007,2024-02-19,74.1077,-0.4204
F007,2024-02-20,73.5666,-0.7302
F007,2024-02-21,73.9088,0.4652
F007,2024-02-22,73.3791,-0.7167
F007,2024-02-23,73.7891,0.5587
F007,2024-02-26,72.5523,-1.6761
F007,2024-02-27,72.3561,-0.2704
F007,2024-02-28,73.5943,1.7113
F007,2024-02-29,73.5691,-0.0342
F007,2024-03-01,73.7339,0.224
F007,2024-03-04,74.2189,0.6578
F007,2024-03-05,75.3781,1.5619
F007,2024-03-06,73.7863,-2.1118
F007,2024-03-07,74.3765,0.7999
F007,2024-03-08,74.147,-0.3086
F007,2024-03-11,74.3373,0.2567
F007,2024-03-12,75.3914,1.418
F007,2024-03-13,74.2511,-1.5125
F007,2024-03-14,73.3033,-1.2765
F007,2024-03-15,71.4883,-2.476
F007,2024-03-18,71.0065,-0.674
F007,2024-03-19,72.263,1.7696
F007,2024-03-20,72.1786,-0.1168
F007,2024-03-21,70.95,-1.7022
F007,2024-03-22,70.5304,-0.5914
F007,2024-03-25,69.1944,-1.8942
F007,2024-03-26,68.2099,-1.4228
F007,2024-03-27,68.582,0.5455
F007,2024-03-28,67.5628,-1.4861
F007,2024-03-29,68.5671,1.4865
F007,2024-04-01,68.5311,-0.0525
F007,2024-04-02,68.6348,0.1513
F007,2024-04-03,68.4139,-0.3218
F007,2024-04-04,69.1286,1.0447
F007,2024-04-05,69.8601,1.0582
F007,2024-04-08,70.1923,0.4755
F007,2024-04-09,70.7357,0.7742
F007,2024-04-10,70.569,-0.2357
F007,2024-04-11,71.0946,0.7448
F007,2024-04-12,70.8108,-0.3992
F007,2024-04-15,70.8412,0.0429
F007,2024-04-16,70.6166,-0.317
F007,2024-04-17,70.2251,-0.5544
F007,2024-04-18,69.6241,-0.8558
F007,2024-04-19,70.0753,0.6481
F007,2024-04-22,71.2973,1.7438
F007,2024-04-23,72.4113,1.5625
F007,2024-04-24,71.2574,-1.5935
F007,2024-04-25,72.4802,1.716
F007,2024-04-26,72.2094,-0.3736
F007,2024-04-29,72.8022,0.8209
F007,2024-04-30,71.9737,-1.138
F007,2024-05-01,72.1353,0.2245
F007,2024-05-02,72.4584,0.4479
F007,2024-05-03,71.0889,-1.8901
F007,2024-05-06,71.6795,0.8308
F007,2024-05-07,72.9624,1.7898
F007,2024-05-08,72.8259,-0.1871
F007,2024-05-09,74.1428,1.8083
F007,2024-05-10,73.9896,-0.2066
F007,2024-05-13,74.8364,1.1445
F007,2024-05-14,72.7079,-2.8442
F007,2024-05-15,75.0232,3.1844
F007,2024-05-16,76.5117,1.9841
F007,2024-05-17,76.2592,-0.33
F007,2024-05-20,74.3346,-2.5238
F007,2024-05-21,74.6427,0.4145
F007,2024-05-22,73.2714,-1.8372
F007,2024-05-23,73.7244,0.6182
F007,2024-05-24,74.1483,0.575
F007,2024-05-27,74.1483,0.0
F007,2024-05-28,74.3675,0.2956
F007,2024-05-29,75.1761,1.0873
F007,2024-05-30,76.1598,1.3085
F007,2024-05-31,76.199,0.0515
F007,2024-06-03,74.8273,-1.8002
F007,2024-06-04,75.8085,1.3113
F007,2024-06-05,75.5724,-0.3114
F007,2024-06-06,74.2373,-1.7667
F007,2024-06-07,75.5718,1.7976
F007,2024-06-10,77.6646,2.7693
F007,2024-06-11,77.654,-0.0136
F007,2024-06-12,79.8647,2.8469
F007,2024-06-13,79.9915,0.1588
F007,2024-06-14,79.6279,-0.4545
F007,2024-06-17,79.0071,-0.7796
F007,2024-06-18,80.7201,2.1682
F007,2024-06-19,79.9337,-0.9742
F007,2024-06-20,80.7297,0.9958
F007,2024-06-21,80.1752,-0.6869
F007,2024-06-24,79.7275,-0.5584
F007,2024-06-25,80.8272,1.3793
F007,2024-06-26,80.4602,-0.4541
F007,2024-06-27,80.069,-0.4862
F007,2024-06-28,81.2802,1.5127
F007,2024-07-01,83.0006,2.1166
F007,2024-07-02,83.7294,0.8781
F007,2024-07-03,83.0502,-0.8112
F007,2024-07-04,82.5321,-0.6238
F007,2024-07-05,82.6509,0.1439
F007,2024-07-08,83.0288,0.4572
F007,2024-07-09,81.9957,-1.2443
F007,2024-07-10,82.7992,0.9799
F007,2024-07-11,82.9244,0.1512
F007,2024-07-12,81.108,-2.1904
F007,2024-07-15,81.108,0.0
F007,2024-07-16,79.6677,-1.7758
F007,2024-07-17,79.6241,-0.0547
F007,2024-07-18,81.6116,2.4961
F007,2024-07-19,81.8969,0.3496
F007,2024-07-22,81.8969,0.0
F007,2024-07-23,81.2993,-0.7297
F007,2024-07-24,80.9597,-0.4177
F007,2024-07-25,81.3339,0.4622
F007,2024-07-26,81.9803,0.7947
F007,2024-07-29,83.3018,1.612
F007,2024-07-30,83.3088,0.0084
F007,2024-07-31,85.1171,2.1706
F007,2024-08-01,86.1559,1.2204
F007,2024-08-02,85.398,-0.8797
F007,2024-08-05,87.8855,2.9128
F007,2024-08-06,88.2942,0.465
F007,2024-08-07,87.3709,-1.0457
F007,2024-08-08,89.2833,2.1888
F007,2024-08-09,91.7307,2.7412
F007,2024-08-12,91.728,-0.0029
F007,2024-08-13,91.1641,-0.6148
F007,2024-08-14,90.9963,-0.1841
F007,2024-08-15,91.8782,0.9692
F007,2024-08-16,93.4412,1.7012
F007,2024-08-19,94.1716,0.7817
F007,2024-08-20,94.3338,0.1722
F007,2024-08-21,96.2086,1.9874
F007,2024-08-22,95.8558,-0.3667
F007,2024-08-23,97.1788,1.3802
F007,2024-08-26,96.8538,-0.3344
F007,2024-08-27,97.4352,0.6003
F007,2024-08-28,97.3303,-0.1077
F007,2024-08-29,97.2986,-0.0326
F007,2024-08-30,96.8602,-0.4506
F007,2024-09-02,98.5924,1.7884
F007,2024-09-03,97.6924,-0.9128
F007,2024-09-04,96.7914,-0.9223
F007,2024-09-05,99.4989,2.7973
F007,2024-09-06,100.8035,1.3112
F007,2024-09-09,97.7183,-3.0606
F007,2024-09-10,97.0393,-0.6949
F007,2024-09-11,94.7923,-2.3156
F007,2024-09-12,93.6587,-1.1959
F007,2024-09-13,89.8748,-4.0401
F007,2024-09-16,89.7507,-0.1381
F007,2024-09-17,88.4542,-1.4446
F007,2024-09-18,88.5585,0.1179
F007,2024-09-19,86.723,-2.0726
F007,2024-09-20,86.8512,0.1478
F007,2024-09-23,86.4175,-0.4994
F007,2024-09-24,88.1394,1.9925
F007,2024-09-25,89.7918,1.8748
F007,2024-09-26,90.7444,1.0609
F007,2024-09-27,90.3954,-0.3846
F007,2024-09-30,92.7647,2.621
F007,2024-10-01,90.9289,-1.979
F007,2024-10-02,89.3062,-1.7846
F007,2024-10-03,89.2447,-0.0689
F007,2024-10-04,91.8955,2.9703
F007,2024-10-07,91.6905,-0.2231
F007,2024-10-08,91.5088,-0.1982
F007,2024-10-09,89.8301,-1.8345
F007,2024-10-10,90.9707,1.2697
F007,2024-10-11,92.1343,1.2791
F007,2024-10-14,93.1163,1.0658
F007,2024-10-15,92.3919,-0.778
F007,2024-10-16,91.58,-0.8788
F007,2024-10-17,90.0771,-1.6411
F007,2024-10-18,90.2113,0.149
F007,2024-10-21,88.9803,-1.3646
F007,2024-10-22,87.6539,-1.4907
F007,2024-10-23,87.2062,-0.5108
F007,2024-10-24,86.6865,-0.5959
F007,2024-10-25,86.1149,-0.6594
F007,2024-10-28,86.6715,0.6463
F007,2024-10-29,86.7952,0.1427
F007,2024-10-30,86.5048,-0.3346
F007,2024-10-31,86.7452,0.2779
F007,2024-11-01,85.6618,-1.2489
F007,2024-11-04,85.8133,0.1769
F007,2024-11-05,86.0156,0.2357
F007,2024-11-06,84.3693,-1.914
F007,2024-11-07,85.4951,1.3344
F007,2024-11-08,84.5496,-1.1059
F007,2024-11-11,84.6827,0.1574
F007,2024-11-12,85.9984,1.5537
F007,2024-11-13,87.0677,1.2434
F007,2024-11-14,87.1414,0.0846
F007,2024-11-15,86.7656,-0.4313
F007,2024-11-18,87.8691,1.2718
F007,2024-11-19,88.675,0.9172
F007,2024-11-20,87.9976,-0.7639
F007,2024-11-21,87.1235,-0.9933
F007,2024-11-22,84.8112,-2.654
F007,2024-11-25,85.015,0.2403
F007,2024-11-26,84.9576,-0.0675
F007,2024-11-27,86.2464,1.517
F007,2024-11-28,86.6835,0.5068
F007,2024-11-29,88.2217,1.7745
F007,2024-12-02,87.4572,-0.8666
F007,2024-12-03,88.7862,1.5196
F007,2024-12-04,88.2112,-0.6476
F007,2024-12-05,89.1382,1.0509
F007,2024-12-06,87.4835,-1.8563
F007,2024-12-09,87.7859,0.3457
F007,2024-12-10,85.5561,-2.54
F007,2024-12-11,85.2932,-0.3073
F007,2024-12-12,85.8156,0.6125
F007,2024-12-13,85.2687,-0.6373
F007,2024-12-16,84.1384,-1.3256
F007,2024-12-17,85.0975,1.1399
F007,2024-12-18,85.0171,-0.0945
F007,2024-12-19,84.51,-0.5965
F007,2024-12-20,84.5898,0.0944
F007,2024-12-23,87.5231,3.4677
F007,2024-12-24,88.8706,1.5396
F007,2024-12-25,90.2493,1.5514
F007,2024-12-26,90.7964,0.6062
F007,2024-12-27,91.0292,0.2564
F007,2024-12-30,88.2301,-3.0749
F007,2024-12-31,87.4866,-0.8427
F007,2025-01-01,86.975,-0.5848
F007,2025-01-02,86.975,0.0
F007,2025-01-03,83.6466,-3.8268
F007,2025-01-06,81.5261,-2.5351
F007,2025-01-07,81.5181,-0.0098
F007,2025-01-08,82.4184,1.1044
F007,2025-01-09,83.6372,1.4788
F007,2025-01-10,84.1216,0.5792
F007,2025-01-13,83.1017,-1.2124
F007,2025-01-14,81.0477,-2.4717
F007,2025-01-15,79.229,-2.244
F007,2025-01-16,77.9537,-1.6096
F007,2025-01-17,77.0841,-1.1155
F007,2025-01-20,76.9549,-0.1676
F007,2025-01-21,75.9711,-1.2784
F007,2025-01-22,76.3363,0.4807
F007,2025-01-23,76.1363,-0.262
F007,2025-01-24,76.1772,0.0537
F007,2025-01-27,77.3369,1.5224
F007,2025-01-28,76.1813,-1.4942
F007,2025-01-29,76.6264,0.5843
F007,2025-01-30,76.6431,0.0218
F007,2025-01-31,76.3415,-0.3935
F007,2025-02-03,77.2506,1.1908
F007,2025-02-04,78.1643,1.1828
F007,2025-02-05,77.2338,-1.1904
F007,2025-02-06,77.0818,-0.1968
F007,2025-02-07,77.3944,0.4055
F007,2025-02-10,77.1507,-0.3149
F007,2025-02-11,77.7683,0.8005
F007,2025-02-12,78.0837,0.4056
F007,2025-02-13,79.9751,2.4223
F007,2025-02-14,78.4161,-1.9494
F007,2025-02-17,78.3227,-0.1191
F007,2025-02-18,77.429,-1.141
F007,2025-02-19,78.0681,0.8254
F007,2025-02-20,76.4581,-2.0623
F007,2025-02-21,76.8329,0.4902
F007,2025-02-24,76.2343,-0.7791
F007,2025-02-25,75.5372,-0.9144
F007,2025-02-26,74.147,-1.8404
F007,2025-02-27,73.7284,-0.5646
F007,2025-02-28,74.7974,1.4499
F007,2025-03-03,74.8028,0.0072
F007,2025-03-04,75.4431,0.856
F007,2025-03-05,77.1059,2.204
F007,2025-03-06,77.4011,0.3829
F007,2025-03-07,76.8698,-0.6864
F007,2025-03-10,77.3675,0.6475
F007,2025-03-11,76.851,-0.6676
F007,2025-03-12,76.3778,-0.6157
F007,2025-03-13,74.8992,-1.9359
F007,2025-03-14,75.831,1.2441
F007,2025-03-17,75.4808,-0.4618
F007,2025-03-18,75.6897,0.2768
F007,2025-03-19,74.7006,-1.3068
F007,2025-03-20,75.1538,0.6067
F007,2025-03-21,74.4394,-0.9506
F007,2025-03-24,74.332,-0.1443
F007,2025-03-25,75.21,1.1812
F007,2025-03-26,76.0132,1.0679
F007,2025-03-27,76.0218,0.0113
F007,2025-03-28,74.3048,-2.2586
F007,2025-03-31,77.2255,3.9307
F007,2025-04-01,79.0091,2.3096
F007,2025-04-02,79.783,0.9795
F007,2025-04-03,79.0337,-0.9392
F007,2025-04-04,78.9486,-0.1077
F007,2025-04-07,78.4224,-0.6665
F007,2025-04-08,79.7423,1.6831
F007,2025-04-09,80.0463,0.3812
F007,2025-04-10,79.2623,-0.9794
F007,2025-04-11,78.8089,-0.572
F007,2025-04-14,79.9891,1.4975
F007,2025-04-15,81.685,2.1202
F007,2025-04-16,83.3406,2.0268
F007,2025-04-17,84.1941,1.0241
F007,2025-04-18,83.9513,-0.2884
F007,2025-04-21,80.4472,-4.174
F007,2025-04-22,80.7902,0.4264
F007,2025-04-23,80.7902,0.0
F007,2025-04-24,81.0,0.2597
F007,2025-04-25,81.0892,0.1101
F007,2025-04-28,79.7235,-1.6842
F007,2025-04-29,80.3331,0.7646
F007,2025-04-30,81.0255,0.8619
F007,2025-05-01,81.7766,0.927
F007,2025-05-02,82.8156,1.2705
F007,2025-05-05,83.499,0.8252
F007,2025-05-06,83.0873,-0.4931
F007,2025-05-07,83.044,-0.0521
F007,2025-05-08,83.1756,0.1585
F007,2025-05-09,83.3253,0.18
F007,2025-05-12,84.4399,1.3376
F007,2025-05-13,85.1802,0.8767
F007,2025-05-14,87.5146,2.7405
F007,2025-05-15,90.0599,2.9084
F007,2025-05-16,90.1892,0.1436
F007,2025-05-19,85.727,-4.9476
F007,2025-05-20,87.1397,1.6479
F007,2025-05-21,86.5624,-0.6625
F007,2025-05-22,85.6951,-1.0019
F007,2025-05-23,85.2855,-0.478
F007,2025-05-26,84.8244,-0.5407
F007,2025-05-27,85.5335,0.836
F007,2025-05-28,83.8337,-1.9873
F007,2025-05-29,82.6927,-1.361
F007,2025-05-30,83.0947,0.4861
F007,2025-06-02,83.8009,0.8499
F007,2025-06-03,84.5333,0.874
F007,2025-06-04,83.7022,-0.9832
F007,2025-06-05,82.6712,-1.2317
F007,2025-06-06,82.1598,-0.6186
F007,2025-06-09,82.4489,0.3519
F007,2025-06-10,84.0741,1.9712
F007,2025-06-11,81.87,-2.6216
F007,2025-06-12,81.6678,-0.247
F007,2025-06-13,80.2856,-1.6925
F007,2025-06-16,78.5932,-2.108
F007,2025-06-17,79.6126,1.2971
F007,2025-06-18,80.2081,0.748
F007,2025-06-19,80.7088,0.6243
F007,2025-06-20,81.7074,1.2373
F007,2025-06-23,81.2305,-0.5837
F007,2025-06-24,80.8061,-0.5225
F007,2025-06-25,83.1345,2.8815
F007,2025-06-26,82.9013,-0.2805
F007,2025-06-27,83.7267,0.9956
F007,2025-06-30,83.7671,0.0483
F007,2025-07-01,81.7879,-2.3627
F007,2025-07-02,79.6467,-2.618
F007,2025-07-03,79.0791,-0.7126
F007,2025-07-04,80.1964,1.4129
F007,2025-07-07,81.0503,1.0648
F007,2025-07-08,82.0458,1.2282
F007,2025-07-09,81.0258,-1.2432
F007,2025-07-10,82.7603,2.1407
F007,2025-07-11,81.7553,-1.2144
F007,2025-07-14,82.0142,0.3167
F007,2025-07-15,82.036,0.0266
F007,2025-07-16,81.8834,-0.186
F007,2025-07-17,83.3411,1.7802
F007,2025-07-18,82.6105,-0.8766
F007,2025-07-21,81.1942,-1.7144
F007,2025-07-22,81.2478,0.066
F007,2025-07-23,80.858,-0.4798
F007,2025-07-24,84.4405,4.4306
F007,2025-07-25,85.2169,0.9195
F007,2025-07-28,84.7975,-0.4922
F007,2025-07-29,83.6672,-1.3329
F007,2025-07-30,81.6555,-2.4044
F007,2025-07-31,80.5999,-1.2927
F007,2025-08-01,80.7526,0.1895
F007,2025-08-04,82.2833,1.8955
F007,2025-08-05,83.5161,1.4982
F007,2025-08-06,83.7982,0.3378
F007,2025-08-07,83.4797,-0.3801
F007,2025-08-08,83.8048,0.3894
F007,2025-08-11,83.2733,-0.6342
F007,2025-08-12,85.1668,2.2738
F007,2025-08-13,84.9914,-0.2059
F007,2025-08-14,84.93,-0.0722
F007,2025-08-15,82.5175,-2.8406
F007,2025-08-18,82.3409,-0.214
F007,2025-08-19,83.2692,1.1274
F007,2025-08-20,82.1467,-1.348
F007,2025-08-21,81.3779,-0.9359
F007,2025-08-22,82.2491,1.0706
F007,2025-08-25,80.7031,-1.8797
F007,2025-08-26,80.7031,0.0
F007,2025-08-27,81.3117,0.7541
F007,2025-08-28,80.9335,-0.4651
F007,2025-08-29,79.7834,-1.421
F007,2025-09-01,80.2074,0.5314
F007,2025-09-02,82.8044,3.2379
F007,2025-09-03,83.6788,1.056
F007,2025-09-04,82.7721,-1.0835
F007,2025-09-05,84.0272,1.5163
F007,2025-09-08,83.7149,-0.3717
F007,2025-09-09,85.2442,1.8268
F007,2025-09-10,86.1722,1.0886
F007,2025-09-11,82.9096,-3.7861
F007,2025-09-12,81.8605,-1.2654
F007,2025-09-15,82.8982,1.2676
F007,2025-09-16,83.0948,0.2372
F007,2025-09-17,82.0221,-1.2909
F007,2025-09-18,81.3793,-0.7837
F007,2025-09-19,79.3952,-2.4381
F007,2025-09-22,79.3357,-0.0749
F007,2025-09-23,81.6475,2.9139
F007,2025-09-24,82.5345,1.0864
F007,2025-09-25,84.9177,2.8875
F007,2025-09-26,85.9258,1.1871
F007,2025-09-29,87.1079,1.3757
F007,2025-09-30,89.3782,2.6063
F007,2025-10-01,89.8523,0.5304
F007,2025-10-02,89.6695,-0.2034
F007,2025-10-03,90.9091,1.3824
F007,2025-10-06,92.6636,1.9299
F007,2025-10-07,92.1225,-0.5839
F007,2025-10-08,91.2952,-0.898
F007,2025-10-09,91.4965,0.2205
F007,2025-10-10,92.5221,1.1209
F007,2025-10-13,93.519,1.0775
F007,2025-10-14,91.825,-1.8114
F007,2025-10-15,94.1437,2.5251
F007,2025-10-16,93.3967,-0.7935
F007,2025-10-17,93.1122,-0.3046
F007,2025-10-20,92.0568,-1.1335
F007,2025-10-21,95.3228,3.5478
F007,2025-10-22,95.6609,0.3547
F007,2025-10-23,94.6409,-1.0663
F007,2025-10-24,95.7417,1.1631
F007,2025-10-27,96.7373,1.0399
F007,2025-10-28,96.5399,-0.2041
F007,2025-10-29,97.6335,1.1328
F007,2025-10-30,96.6251,-1.0328
F007,2025-10-31,96.0446,-0.6008
F007,2025-11-03,93.5731,-2.5733
F007,2025-11-04,92.0,-1.6811
F007,2025-11-05,94.1987,2.3899
F007,2025-11-06,96.2464,2.1738
F007,2025-11-07,96.3672,0.1255
F007,2025-11-10,98.489,2.2018
F007,2025-11-11,98.3234,-0.1681
F007,2025-11-12,98.0516,-0.2764
F007,2025-11-13,98.1629,0.1135
F007,2025-11-14,98.0428,-0.1223
F007,2025-11-17,97.8077,-0.2398
F007,2025-11-18,99.3007,1.5265
F007,2025-11-19,99.5342,0.2351
F007,2025-11-20,99.5342,0.0
F007,2025-11-21,101.8835,2.3603
F007,2025-11-24,102.4384,0.5446
F007,2025-11-25,101.1873,-1.2213
F007,2025-11-26,99.4482,-1.7187
F007,2025-11-27,99.6803,0.2334
F007,2025-11-28,99.4983,-0.1826
F007,2025-12-01,99.6511,0.1536
F007,2025-12-02,99.6702,0.0192
F007,2025-12-03,103.0576,3.3986
F007,2025-12-04,101.3167,-1.6892
F007,2025-12-05,98.7362,-2.547
F007,2025-12-08,99.2023,0.4721
F007,2025-12-09,98.7565,-0.4494
F007,2025-12-10,99.2018,0.4509
F007,2025-12-11,99.9945,0.7991
F007,2025-12-12,101.7037,1.7093
F007,2025-12-15,99.7516,-1.9194
F007,2025-12-16,99.0696,-0.6837
F007,2025-12-17,99.6614,0.5974
F007,2025-12-18,100.6995,1.0416
F007,2025-12-19,103.6112,2.8915
F007,2025-12-22,104.9399,1.2824
F007,2025-12-23,104.9044,-0.0338
F007,2025-12-24,103.732,-1.1176
F007,2025-12-25,103.0125,-0.6936
F007,2025-12-26,102.26,-0.7305
F007,2025-12-29,103.172,0.8918
F007,2025-12-30,103.172,0.0
F007,2025-12-31,101.8175,-1.3129
F007,2026-01-01,101.2813,-0.5266
F007,2026-01-02,102.4772,1.1808
F007,2026-01-05,102.9867,0.4972
F007,2026-01-06,103.7892,0.7792
F007,2026-01-07,104.3474,0.5378
F007,2026-01-08,106.5954,2.1543
F007,2026-01-09,106.9651,0.3468
F007,2026-01-12,106.4711,-0.4618
F007,2026-01-13,105.2462,-1.1505
F007,2026-01-14,105.6298,0.3645
F007,2026-01-15,102.3205,-3.1329
F007,2026-01-16,102.1163,-0.1996
F007,2026-01-19,101.8839,-0.2276
F007,2026-01-20,100.1174,-1.7338
F007,2026-01-21,98.9493,-1.1667
F007,2026-01-22,100.0304,1.0926
F007,2026-01-23,100.3704,0.3399
F007,2026-01-26,100.5434,0.1724
F007,2026-01-27,100.984,0.4382
F007,2026-01-28,101.146,0.1604
F007,2026-01-29,102.8207,1.6557
F007,2026-01-30,103.0268,0.2004
F007,2026-02-02,101.115,-1.8556
F007,2026-02-03,103.2982,2.1591
F007,2026-02-04,103.8368,0.5214
F007,2026-02-05,103.0829,-0.726
F007,2026-02-06,101.4445,-1.5894
F007,2026-02-09,102.0072,0.5547
F007,2026-02-10,101.8926,-0.1123
F007,2026-02-11,104.0185,2.0864
F007,2026-02-12,103.5924,-0.4096
F007,2026-02-13,102.5061,-1.0486
F007,2026-02-16,103.7408,1.2045
F007,2026-02-17,105.0302,1.2429
F007,2026-02-18,105.3025,0.2593
F007,2026-02-19,106.2705,0.9193
F007,2026-02-20,106.2609,-0.009
F007,2026-02-23,106.6265,0.3441
F007,2026-02-24,108.284,1.5545
F007,2026-02-25,109.2076,0.8529
F007,2026-02-26,109.011,-0.18
F007,2026-02-27,110.9711,1.7981
F007,2026-03-02,107.6039,-3.0343
F007,2026-03-03,110.5175,2.7077
F007,2026-03-04,108.1107,-2.1778
F007,2026-03-05,107.2726,-0.7752
F007,2026-03-06,107.2584,-0.0132
F007,2026-03-09,107.0971,-0.1504
F007,2026-03-10,108.5411,1.3483
F007,2026-03-11,107.0919,-1.3352
F007,2026-03-12,107.4978,0.379
F007,2026-03-13,106.7328,-0.7116
F007,2026-03-16,107.185,0.4237
F007,2026-03-17,107.1376,-0.0442
F007,2026-03-18,107.3099,0.1608
F007,2026-03-19,106.5857,-0.6749
F007,2026-03-20,105.9216,-0.6231
F007,2026-03-23,106.3595,0.4134
F007,2026-03-24,107.7069,1.2668
F007,2026-03-25,106.9123,-0.7377
F007,2026-03-26,105.7476,-1.0894
F007,2026-03-27,106.6332,0.8375
F007,2026-03-30,106.6308,-0.0023
F007,2026-03-31,107.8247,1.1197
F007,2026-04-01,106.5982,-1.1375
F007,2026-04-02,104.1749,-2.2733
F007,2026-04-03,103.4947,-0.6529
F007,2026-04-06,102.505,-0.9563
F007,2026-04-07,102.441,-0.0624
F007,2026-04-08,101.6339,-0.7879
F007,2026-04-09,102.6536,1.0033
F007,2026-04-10,102.3101,-0.3346
F007,2026-04-13,102.5512,0.2357
F007,2026-04-14,102.8024,0.245
F007,2026-04-15,103.1041,0.2935
F007,2026-04-16,103.113,0.0086
F007,2026-04-17,103.8387,0.7038
F007,2026-04-20,102.8062,-0.9943
F007,2026-04-21,104.7176,1.8592
F007,2026-04-22,104.4375,-0.2675
F007,2026-04-23,102.6986,-1.665
F007,2026-04-24,102.9908,0.2845
F007,2026-04-27,101.8924,-1.0665
F007,2026-04-28,102.8145,0.905
F007,2026-04-29,105.809,2.9125
F007,2026-04-30,104.7694,-0.9825
F007,2026-05-01,105.264,0.4721
F007,2026-05-04,102.9038,-2.2422
F007,2026-05-05,103.5522,0.6301
F007,2026-05-06,102.4013,-1.1114
F007,2026-05-07,101.6105,-0.7723
F007,2026-05-08,100.1964,-1.3917
F007,2026-05-11,101.1901,0.9918
F007,2026-05-12,102.5557,1.3495
F007,2026-05-13,102.6279,0.0704
F007,2026-05-14,102.6279,0.0
F007,2026-05-15,103.654,0.9998
F007,2026-05-18,102.6843,-0.9355
F007,2026-05-19,99.8393,-2.7706
F007,2026-05-20,100.4742,0.6359
F007,2026-05-21,99.0714,-1.3962
F007,2026-05-22,100.3843,1.3252
F007,2026-05-25,99.9271,-0.4554
F007,2026-05-26,100.7513,0.8248
F007,2026-05-27,102.6272,1.8619
F007,2026-05-28,101.0554,-1.5316
F007,2026-05-29,100.3523,-0.6958
F007,2026-06-01,100.2937,-0.0584
F007,2026-06-02,102.3385,2.0388
F007,2026-06-03,101.5035,-0.8159
F007,2026-06-04,100.7596,-0.7329
F007,2026-06-05,101.4262,0.6616
F007,2026-06-08,100.7057,-0.7104
F007,2026-06-09,100.9457,0.2383
F007,2026-06-10,98.95,-1.977
F007,2026-06-11,101.838,2.9186
F007,2026-06-12,100.0945,-1.712
F007,2026-06-15,99.7159,-0.3782
F007,2026-06-16,99.7137,-0.0022
F007,2026-06-17,102.233,2.5265
F007,2026-06-18,100.5131,-1.6823
F007,2026-06-19,103.1454,2.6189
F007,2026-06-22,104.2019,1.0243
F007,2026-06-23,104.8086,0.5822
F007,2026-06-24,103.5089,-1.2401
F007,2026-06-25,104.3188,0.7824
F007,2026-06-26,103.3794,-0.9005
F007,2026-06-29,105.1231,1.6867
F007,2026-06-30,103.8381,-1.2224
F007,2026-07-01,103.7269,-0.1071
F007,2026-07-02,103.0196,-0.6819
F007,2026-07-03,101.7383,-1.2437
F007,2026-07-06,102.7595,1.0038
F007,2026-07-07,103.5159,0.7361
F007,2026-07-08,105.1843,1.6117
F007,2026-07-09,102.7926,-2.2738
F007,2026-07-10,104.2558,1.4234
F007,2026-07-13,107.6932,3.2971
F007,2026-07-14,107.104,-0.5471
F007,2026-07-15,109.7856,2.5037
F007,2026-07-16,109.4539,-0.3021
F007,2026-07-17,107.5449,-1.7441
F007,2026-07-20,107.1606,-0.3573
F007,2026-07-21,108.6637,1.4027
F007,2026-07-22,107.5231,-1.0497
F007,2026-07-23,106.727,-0.7404
F007,2026-07-24,107.5932,0.8116
F007,2026-07-27,107.6405,0.044
F007,2026-07-28,108.5016,0.8
F007,2026-07-29,108.8805,0.3492
F007,2026-07-30,109.6029,0.6635
F007,2026-07-31,109.0308,-0.522
F007,2026-08-03,109.4029,0.3413
F007,2026-08-04,108.1277,-1.1656
F007,2026-08-05,109.9821,1.715
F007,2026-08-06,109.1192,-0.7846
F007,2026-08-07,110.7642,1.5075
F007,2026-08-10,110.4721,-0.2637
F007,2026-08-11,110.8064,0.3026
F007,2026-08-12,110.1377,-0.6035
F007,2026-08-13,108.7271,-1.2808
F007,2026-08-14,106.3045,-2.2281
F007,2026-08-17,104.8886,-1.3319
F007,2026-08-18,104.4889,-0.3811
F007,2026-08-19,104.8185,0.3154
F007,2026-08-20,106.2372,1.3535
F007,2026-08-21,105.6641,-0.5395
F007,2026-08-24,104.4949,-1.1065
F007,2026-08-25,102.5769,-1.8355
F007,2026-08-26,103.2581,0.6641
F007,2026-08-27,105.1561,1.8381
F007,2026-08-28,106.9293,1.6863
F007,2026-08-31,107.9589,0.9629
F007,2026-09-01,108.8983,0.8701
F007,2026-09-02,111.3451,2.2469
F007,2026-09-03,111.8703,0.4717
F007,2026-09-04,112.8547,0.8799
F008,2022-01-03,38.9426,
F008,2022-01-04,38.2686,-1.7308
F008,2022-01-05,37.9437,-0.849
F008,2022-01-06,37.9544,0.0282
F008,2022-01-07,37.9996,0.1191
F008,2022-01-10,38.9664,2.5442
F008,2022-01-11,39.0232,0.1458
F008,2022-01-12,39.6368,1.5724
F008,2022-01-13,39.4285,-0.5255
F008,2022-01-14,39.2845,-0.3652
F008,2022-01-17,38.6215,-1.6877
F008,2022-01-18,38.2642,-0.9251
F008,2022-01-19,38.5416,0.725
F008,2022-01-20,38.5608,0.0498
F008,2022-01-21,39.0489,1.2658
F008,2022-01-24,39.1565,0.2756
F008,2022-01-25,38.9928,-0.4181
F008,2022-01-26,40.0974,2.8328
F008,2022-01-27,40.0645,-0.0821
F008,2022-01-28,40.6863,1.552
F008,2022-01-31,40.4904,-0.4815
F008,2022-02-01,40.8801,0.9625
F008,2022-02-02,41.3896,1.2463
F008,2022-02-03,41.5183,0.3109
F008,2022-02-04,40.2641,-3.0208
F008,2022-02-07,40.2898,0.0638
F008,2022-02-08,40.9504,1.6396
F008,2022-02-09,41.2476,0.7258
F008,2022-02-10,41.5032,0.6197
F008,2022-02-11,40.5906,-2.1989
F008,2022-02-14,40.2267,-0.8965
F008,2022-02-15,40.4579,0.5747
F008,2022-02-16,40.6899,0.5734
F008,2022-02-17,41.3487,1.6191
F008,2022-02-18,41.2874,-0.1483
F008,2022-02-21,41.5217,0.5675
F008,2022-02-22,41.5471,0.0612
F008,2022-02-23,41.0307,-1.2429
F008,2022-02-24,39.8439,-2.8925
F008,2022-02-25,40.0831,0.6003
F008,2022-02-28,40.1898,0.2662
F008,2022-03-01,39.8829,-0.7636
F008,2022-03-02,39.0593,-2.065
F008,2022-03-03,39.3947,0.8587
F008,2022-03-04,39.2743,-0.3056
F008,2022-03-07,39.5743,0.7639
F008,2022-03-08,40.5491,2.4632
F008,2022-03-09,39.4365,-2.7438
F008,2022-03-10,39.0936,-0.8695
F008,2022-03-11,39.0028,-0.2323
F008,2022-03-14,39.7561,1.9314
F008,2022-03-15,38.9263,-2.0872
F008,2022-03-16,39.9215,2.5566
F008,2022-03-17,40.008,0.2167
F008,2022-03-18,39.9741,-0.0847
F008,2022-03-21,39.8872,-0.2174
F008,2022-03-22,39.6769,-0.5272
F008,2022-03-23,40.2334,1.4026
F008,2022-03-24,39.6906,-1.3491
F008,2022-03-25,39.8847,0.489
F008,2022-03-28,39.7015,-0.4593
F008,2022-03-29,39.324,-0.9508
F008,2022-03-30,40.6617,3.4017
F008,2022-03-31,40.8995,0.5848
F008,2022-04-01,41.2419,0.8372
F008,2022-04-04,41.8684,1.5191
F008,2022-04-05,41.1115,-1.8078
F008,2022-04-06,42.0645,2.3181
F008,2022-04-07,40.7093,-3.2217
F008,2022-04-08,40.3187,-0.9595
F008,2022-04-11,40.0942,-0.5568
F008,2022-04-12,40.4134,0.7961
F008,2022-04-13,40.5445,0.3244
F008,2022-04-14,40.4728,-0.1768
F008,2022-04-15,40.4827,0.0245
F008,2022-04-18,39.9842,-1.2314
F008,2022-04-19,39.2219,-1.9065
F008,2022-04-20,39.608,0.9844
F008,2022-04-21,39.981,0.9417
F008,2022-04-22,40.8205,2.0997
F008,2022-04-25,40.4176,-0.987
F008,2022-04-26,40.7978,0.9407
F008,2022-04-27,40.6636,-0.3289
F008,2022-04-28,41.3092,1.5877
F008,2022-04-29,41.8745,1.3685
F008,2022-05-02,42.0062,0.3145
F008,2022-05-03,41.8376,-0.4014
F008,2022-05-04,42.377,1.2893
F008,2022-05-05,42.7503,0.8809
F008,2022-05-06,42.387,-0.8498
F008,2022-05-09,41.6723,-1.6861
F008,2022-05-10,41.5327,-0.335
F008,2022-05-11,42.3675,2.01
F008,2022-05-12,43.0159,1.5304
F008,2022-05-13,42.4111,-1.406
F008,2022-05-16,41.7842,-1.4782
F008,2022-05-17,42.4933,1.6971
F008,2022-05-18,41.883,-1.4362
F008,2022-05-19,42.1771,0.7022
F008,2022-05-20,41.8562,-0.7608
F008,2022-05-23,42.7528,2.1421
F008,2022-05-24,42.3417,-0.9616
F008,2022-05-25,42.988,1.5264
F008,2022-05-26,43.1085,0.2803
F008,2022-05-27,43.2671,0.3679
F008,2022-05-30,42.1762,-2.5213
F008,2022-05-31,40.9852,-2.8239
F008,2022-06-01,40.8841,-0.2467
F008,2022-06-02,41.0317,0.361
F008,2022-06-03,40.4479,-1.4228
F008,2022-06-06,39.8916,-1.3753
F008,2022-06-07,40.1987,0.7698
F008,2022-06-08,40.5089,0.7717
F008,2022-06-09,40.4526,-0.139
F008,2022-06-10,40.8791,1.0543
F008,2022-06-13,40.2714,-1.4866
F008,2022-06-14,40.1012,-0.4226
F008,2022-06-15,40.9763,2.1822
F008,2022-06-16,41.0291,0.1289
F008,2022-06-17,41.1129,0.2042
F008,2022-06-20,42.3618,3.0377
F008,2022-06-21,41.6081,-1.7792
F008,2022-06-22,42.0555,1.0753
F008,2022-06-23,42.9821,2.2033
F008,2022-06-24,42.8178,-0.3823
F008,2022-06-27,42.8178,0.0
F008,2022-06-28,42.7778,-0.0934
F008,2022-06-29,42.413,-0.8528
F008,2022-06-30,42.6422,0.5404
F008,2022-07-01,43.1019,1.078
F008,2022-07-04,43.7472,1.4971
F008,2022-07-05,44.6574,2.0806
F008,2022-07-06,44.6361,-0.0477
F008,2022-07-07,45.3466,1.5918
F008,2022-07-08,45.1629,-0.4051
F008,2022-07-11,45.7106,1.2127
F008,2022-07-12,45.8522,0.3098
F008,2022-07-13,46.1362,0.6194
F008,2022-07-14,46.4087,0.5906
F008,2022-07-15,45.4591,-2.0462
F008,2022-07-18,44.813,-1.4213
F008,2022-07-19,44.8907,0.1734
F008,2022-07-20,43.924,-2.1535
F008,2022-07-21,44.4162,1.1206
F008,2022-07-22,44.9372,1.173
F008,2022-07-25,45.1463,0.4653
F008,2022-07-26,44.5064,-1.4174
F008,2022-07-27,45.3227,1.8341
F008,2022-07-28,46.5411,2.6883
F008,2022-07-29,46.6487,0.2312
F008,2022-08-01,46.977,0.7038
F008,2022-08-02,47.119,0.3023
F008,2022-08-03,47.4627,0.7294
F008,2022-08-04,47.4079,-0.1155
F008,2022-08-05,47.4056,-0.0049
F008,2022-08-08,47.9827,1.2174
F008,2022-08-09,49.465,3.0892
F008,2022-08-10,48.5845,-1.78
F008,2022-08-11,48.5384,-0.0949
F008,2022-08-12,47.8129,-1.4947
F008,2022-08-15,48.8216,2.1097
F008,2022-08-16,48.4681,-0.7241
F008,2022-08-17,47.5781,-1.8363
F008,2022-08-18,47.9919,0.8697
F008,2022-08-19,49.0994,2.3077
F008,2022-08-22,49.5426,0.9027
F008,2022-08-23,49.6943,0.3062
F008,2022-08-24,49.9785,0.5719
F008,2022-08-25,50.9177,1.8792
F008,2022-08-26,50.3594,-1.0965
F008,2022-08-29,50.3063,-0.1054
F008,2022-08-30,50.0304,-0.5484
F008,2022-08-31,49.2908,-1.4783
F008,2022-09-01,49.1001,-0.3869
F008,2022-09-02,49.8268,1.48
F008,2022-09-05,50.2137,0.7765
F008,2022-09-06,50.6544,0.8776
F008,2022-09-07,50.7711,0.2304
F008,2022-09-08,51.1368,0.7203
F008,2022-09-09,50.625,-1.0008
F008,2022-09-12,50.4416,-0.3623
F008,2022-09-13,50.5877,0.2896
F008,2022-09-14,50.7904,0.4007
F008,2022-09-15,51.0221,0.4562
F008,2022-09-16,50.9508,-0.1397
F008,2022-09-19,50.7212,-0.4506
F008,2022-09-20,52.8236,4.145
F008,2022-09-21,53.4674,1.2188
F008,2022-09-22,53.776,0.5772
F008,2022-09-23,53.6345,-0.2631
F008,2022-09-26,53.3413,-0.5467
F008,2022-09-27,53.2719,-0.1301
F008,2022-09-28,53.496,0.4207
F008,2022-09-29,52.2097,-2.4045
F008,2022-09-30,51.1654,-2.0002
F008,2022-10-03,50.7622,-0.788
F008,2022-10-04,50.9192,0.3093
F008,2022-10-05,50.7812,-0.271
F008,2022-10-06,51.7773,1.9616
F008,2022-10-07,50.8002,-1.8871
F008,2022-10-10,50.3243,-0.9368
F008,2022-10-11,51.3389,2.0161
F008,2022-10-12,51.4469,0.2104
F008,2022-10-13,52.0593,1.1904
F008,2022-10-14,53.4683,2.7065
F008,2022-10-17,53.0074,-0.862
F008,2022-10-18,52.9602,-0.089
F008,2022-10-19,52.7938,-0.3142
F008,2022-10-20,51.4734,-2.5011
F008,2022-10-21,51.2863,-0.3635
F008,2022-10-24,51.8942,1.1853
F008,2022-10-25,52.2797,0.7429
F008,2022-10-26,52.7214,0.8449
F008,2022-10-27,52.4851,-0.4482
F008,2022-10-28,52.0584,-0.813
F008,2022-10-31,52.9382,1.69
F008,2022-11-01,52.6171,-0.6066
F008,2022-11-02,52.8393,0.4223
F008,2022-11-03,52.9726,0.2523
F008,2022-11-04,54.0004,1.9402
F008,2022-11-07,54.7039,1.3028
F008,2022-11-08,53.8047,-1.6438
F008,2022-11-09,52.9956,-1.5038
F008,2022-11-10,53.4156,0.7925
F008,2022-11-11,53.3923,-0.0436
F008,2022-11-14,53.0977,-0.5518
F008,2022-11-15,53.82,1.3603
F008,2022-11-16,53.9727,0.2837
F008,2022-11-17,54.0311,0.1082
F008,2022-11-18,54.6005,1.0538
F008,2022-11-21,54.3561,-0.4476
F008,2022-11-22,55.4862,2.0791
F008,2022-11-23,54.94,-0.9844
F008,2022-11-24,55.4312,0.8941
F008,2022-11-25,56.4866,1.904
F008,2022-11-28,55.4978,-1.7505
F008,2022-11-29,55.2723,-0.4063
F008,2022-11-30,56.1151,1.5248
F008,2022-12-01,56.9818,1.5445
F008,2022-12-02,56.8776,-0.1829
F008,2022-12-05,56.3571,-0.9151
F008,2022-12-06,57.08,1.2827
F008,2022-12-07,57.9811,1.5787
F008,2022-12-08,57.1264,-1.4741
F008,2022-12-09,56.2552,-1.525
F008,2022-12-12,56.4424,0.3328
F008,2022-12-13,56.9268,0.8582
F008,2022-12-14,56.7282,-0.3489
F008,2022-12-15,57.2518,0.923
F008,2022-12-16,56.7462,-0.8831
F008,2022-12-19,55.2089,-2.7091
F008,2022-12-20,54.9267,-0.5111
F008,2022-12-21,54.9938,0.1222
F008,2022-12-22,54.8186,-0.3186
F008,2022-12-23,54.0149,-1.4661
F008,2022-12-26,52.7616,-2.3203
F008,2022-12-27,52.4301,-0.6283
F008,2022-12-28,53.0629,1.2069
F008,2022-12-29,53.9507,1.6731
F008,2022-12-30,54.8053,1.584
F008,2023-01-02,54.8053,0.0
F008,2023-01-03,53.454,-2.4656
F008,2023-01-04,53.8205,0.6856
F008,2023-01-05,54.2864,0.8657
F008,2023-01-06,54.5905,0.5602
F008,2023-01-09,53.183,-2.5783
F008,2023-01-10,52.6049,-1.087
F008,2023-01-11,52.6056,0.0013
F008,2023-01-12,52.9598,0.6733
F008,2023-01-13,53.5093,1.0376
F008,2023-01-16,53.631,0.2274
F008,2023-01-17,53.8831,0.4701
F008,2023-01-18,53.9641,0.1503
F008,2023-01-19,54.4667,0.9314
F008,2023-01-20,54.71,0.4467
F008,2023-01-23,54.7786,0.1254
F008,2023-01-24,54.6094,-0.3089
F008,2023-01-25,54.689,0.1458
F008,2023-01-26,55.0554,0.67
F008,2023-01-27,55.2689,0.3878
F008,2023-01-30,55.5646,0.535
F008,2023-01-31,56.5567,1.7855
F008,2023-02-01,56.7743,0.3847
F008,2023-02-02,56.318,-0.8037
F008,2023-02-03,56.9874,1.1886
F008,2023-02-06,55.9981,-1.736
F008,2023-02-07,55.2333,-1.3658
F008,2023-02-08,55.4965,0.4765
F008,2023-02-09,55.8913,0.7114
F008,2023-02-10,55.009,-1.5786
F008,2023-02-13,54.7572,-0.4577
F008,2023-02-14,54.3477,-0.7478
F008,2023-02-15,54.0256,-0.5927
F008,2023-02-16,54.7099,1.2666
F008,2023-02-17,55.2343,0.9585
F008,2023-02-20,55.2427,0.0152
F008,2023-02-21,54.8727,-0.6698
F008,2023-02-22,53.9319,-1.7145
F008,2023-02-23,54.9492,1.8863
F008,2023-02-24,54.9492,0.0
F008,2023-02-27,54.9075,-0.0759
F008,2023-02-28,55.4431,0.9755
F008,2023-03-01,55.4147,-0.0512
F008,2023-03-02,55.23,-0.3333
F008,2023-03-03,55.5646,0.6058
F008,2023-03-06,55.0512,-0.924
F008,2023-03-07,54.8272,-0.4069
F008,2023-03-08,54.9357,0.1979
F008,2023-03-09,54.601,-0.6093
F008,2023-03-10,55.0978,0.9099
F008,2023-03-13,56.4586,2.4698
F008,2023-03-14,55.9276,-0.9405
F008,2023-03-15,54.7393,-2.1247
F008,2023-03-16,53.3367,-2.5623
F008,2023-03-17,53.2537,-0.1556
F008,2023-03-20,52.8159,-0.8221
F008,2023-03-21,52.9797,0.3101
F008,2023-03-22,53.0922,0.2123
F008,2023-03-23,52.0069,-2.0442
F008,2023-03-24,50.8007,-2.3193
F008,2023-03-27,51.0165,0.4248
F008,2023-03-28,51.1267,0.216
F008,2023-03-29,50.8641,-0.5136
F008,2023-03-30,49.7887,-2.1143
F008,2023-03-31,50.1137,0.6528
F008,2023-04-03,50.9624,1.6935
F008,2023-04-04,51.167,0.4015
F008,2023-04-05,50.6238,-1.0616
F008,2023-04-06,50.6734,0.098
F008,2023-04-07,49.7937,-1.736
F008,2023-04-10,50.4985,1.4154
F008,2023-04-11,50.5724,0.1463
F008,2023-04-12,49.4302,-2.2585
F008,2023-04-13,49.2568,-0.3508
F008,2023-04-14,49.5732,0.6423
F008,2023-04-17,49.3784,-0.393
F008,2023-04-18,49.221,-0.3188
F008,2023-04-19,48.4572,-1.5518
F008,2023-04-20,48.8335,0.7766
F008,2023-04-21,48.4414,-0.8029
F008,2023-04-24,47.1028,-2.7633
F008,2023-04-25,46.8943,-0.4426
F008,2023-04-26,47.5112,1.3155
F008,2023-04-27,47.2912,-0.463
F008,2023-04-28,48.3786,2.2994
F008,2023-05-01,48.6677,0.5976
F008,2023-05-02,48.9015,0.4804
F008,2023-05-03,48.8394,-0.127
F008,2023-05-04,48.8156,-0.0487
F008,2023-05-05,48.668,-0.3024
F008,2023-05-08,48.4962,-0.353
F008,2023-05-09,48.8503,0.7302
F008,2023-05-10,48.2755,-1.1767
F008,2023-05-11,47.6196,-1.3587
F008,2023-05-12,46.9433,-1.4202
F008,2023-05-15,48.2105,2.6994
F008,2023-05-16,48.5622,0.7295
F008,2023-05-17,48.7739,0.4359
F008,2023-05-18,48.1229,-1.3347
F008,2023-05-19,48.5321,0.8503
F008,2023-05-22,48.478,-0.1115
F008,2023-05-23,48.6324,0.3185
F008,2023-05-24,48.0344,-1.2296
F008,2023-05-25,48.1537,0.2484
F008,2023-05-26,47.9076,-0.5111
F008,2023-05-29,47.4499,-0.9554
F008,2023-05-30,47.9217,0.9943
F008,2023-05-31,46.9829,-1.959
F008,2023-06-01,47.3466,0.7741
F008,2023-06-02,47.7868,0.9297
F008,2023-06-05,47.2595,-1.1034
F008,2023-06-06,46.7744,-1.0265
F008,2023-06-07,46.6575,-0.2499
F008,2023-06-08,46.8472,0.4066
F008,2023-06-09,46.7728,-0.1588
F008,2023-06-12,47.0551,0.6036
F008,2023-06-13,48.1524,2.3319
F008,2023-06-14,47.8538,-0.6201
F008,2023-06-15,46.8059,-2.1898
F008,2023-06-16,47.3272,1.1137
F008,2023-06-19,48.3818,2.2283
F008,2023-06-20,48.6482,0.5506
F008,2023-06-21,47.9797,-1.3742
F008,2023-06-22,47.9216,-0.1211
F008,2023-06-23,47.2439,-1.4142
F008,2023-06-26,47.6576,0.8757
F008,2023-06-27,46.8395,-1.7166
F008,2023-06-28,46.6755,-0.3501
F008,2023-06-29,46.0848,-1.2655
F008,2023-06-30,46.1792,0.2048
F008,2023-07-03,45.9777,-0.4363
F008,2023-07-04,46.1017,0.2697
F008,2023-07-05,46.1335,0.069
F008,2023-07-06,45.5602,-1.2427
F008,2023-07-07,45.9497,0.8549
F008,2023-07-10,45.9389,-0.0235
F008,2023-07-11,45.3669,-1.2451
F008,2023-07-12,46.7067,2.9533
F008,2023-07-13,47.0147,0.6594
F008,2023-07-14,46.9398,-0.1593
F008,2023-07-17,47.8222,1.8799
F008,2023-07-18,48.9864,2.4344
F008,2023-07-19,48.9134,-0.149
F008,2023-07-20,49.1539,0.4917
F008,2023-07-21,48.5422,-1.2445
F008,2023-07-24,48.5422,0.0
F008,2023-07-25,48.3627,-0.3698
F008,2023-07-26,48.4982,0.2802
F008,2023-07-27,48.7274,0.4726
F008,2023-07-28,49.1015,0.7677
F008,2023-07-31,49.2728,0.3489
F008,2023-08-01,48.517,-1.5339
F008,2023-08-02,47.9445,-1.18
F008,2023-08-03,47.6231,-0.6704
F008,2023-08-04,47.4674,-0.3269
F008,2023-08-07,48.1348,1.406
F008,2023-08-08,47.4263,-1.4719
F008,2023-08-09,47.2249,-0.4247
F008,2023-08-10,47.8289,1.279
F008,2023-08-11,47.6616,-0.3498
F008,2023-08-14,47.9659,0.6385
F008,2023-08-15,47.8981,-0.1414
F008,2023-08-16,48.0772,0.3739
F008,2023-08-17,47.9536,-0.2571
F008,2023-08-18,48.3886,0.9071
F008,2023-08-21,47.436,-1.9686
F008,2023-08-22,47.2309,-0.4324
F008,2023-08-23,47.4319,0.4256
F008,2023-08-24,47.78,0.7339
F008,2023-08-25,48.7264,1.9807
F008,2023-08-28,48.4982,-0.4683
F008,2023-08-29,49.4504,1.9634
F008,2023-08-30,49.0465,-0.8168
F008,2023-08-31,49.9133,1.7673
F008,2023-09-01,50.4637,1.1027
F008,2023-09-04,49.8846,-1.1476
F008,2023-09-05,50.1037,0.4392
F008,2023-09-06,50.0904,-0.0265
F008,2023-09-07,50.5178,0.8533
F008,2023-09-08,50.3914,-0.2502
F008,2023-09-11,50.2103,-0.3594
F008,2023-09-12,51.124,1.8197
F008,2023-09-13,51.0788,-0.0884
F008,2023-09-14,51.648,1.1144
F008,2023-09-15,51.5174,-0.2529
F008,2023-09-18,52.6542,2.2066
F008,2023-09-19,52.2109,-0.8419
F008,2023-09-20,51.8149,-0.7585
F008,2023-09-21,52.8625,2.0218
F008,2023-09-22,52.5779,-0.5384
F008,2023-09-25,53.6933,2.1214
F008,2023-09-26,54.3373,1.1994
F008,2023-09-27,54.2498,-0.161
F008,2023-09-28,52.9927,-2.3172
F008,2023-09-29,53.0006,0.0149
F008,2023-10-02,53.0918,0.1721
F008,2023-10-03,53.9186,1.5573
F008,2023-10-04,55.0536,2.105
F008,2023-10-05,54.5854,-0.8504
F008,2023-10-06,55.1758,1.0816
F008,2023-10-09,55.7469,1.0351
F008,2023-10-10,56.5471,1.4354
F008,2023-10-11,56.9363,0.6883
F008,2023-10-12,55.5213,-2.4852
F008,2023-10-13,55.4313,-0.1621
F008,2023-10-16,54.6207,-1.4624
F008,2023-10-17,54.4987,-0.2234
F008,2023-10-18,55.2148,1.314
F008,2023-10-19,55.4559,0.4367
F008,2023-10-20,56.3058,1.5326
F008,2023-10-23,56.5785,0.4843
F008,2023-10-24,55.6462,-1.6478
F008,2023-10-25,53.8449,-3.2371
F008,2023-10-26,53.9706,0.2334
F008,2023-10-27,53.8421,-0.2381
F008,2023-10-30,53.1798,-1.2301
F008,2023-10-31,52.0254,-2.1707
F008,2023-11-01,51.5493,-0.9151
F008,2023-11-02,51.4396,-0.2128
F008,2023-11-03,51.9055,0.9057
F008,2023-11-06,52.0535,0.2851
F008,2023-11-07,53.1625,2.1305
F008,2023-11-08,52.468,-1.3064
F008,2023-11-09,53.0899,1.1853
F008,2023-11-10,53.1438,0.1015
F008,2023-11-13,53.645,0.9431
F008,2023-11-14,53.362,-0.5275
F008,2023-11-15,54.1268,1.4332
F008,2023-11-16,54.3562,0.4238
F008,2023-11-17,53.8978,-0.8433
F008,2023-11-20,53.9109,0.0243
F008,2023-11-21,53.7646,-0.2714
F008,2023-11-22,54.128,0.6759
F008,2023-11-23,53.3195,-1.4937
F008,2023-11-24,53.3205,0.0019
F008,2023-11-27,53.6158,0.5538
F008,2023-11-28,53.6603,0.083
F008,2023-11-29,54.6214,1.7911
F008,2023-11-30,55.1929,1.0463
F008,2023-12-01,55.1929,0.0
F008,2023-12-04,55.3872,0.352
F008,2023-12-05,55.6222,0.4243
F008,2023-12-06,55.9361,0.5643
F008,2023-12-07,54.6309,-2.3334
F008,2023-12-08,54.4386,-0.352
F008,2023-12-11,53.4098,-1.8898
F008,2023-12-12,54.3187,1.7017
F008,2023-12-13,54.2975,-0.039
F008,2023-12-14,54.1827,-0.2114
F008,2023-12-15,54.8361,1.2059
F008,2023-12-18,55.1591,0.589
F008,2023-12-19,54.3719,-1.4271
F008,2023-12-20,54.3435,-0.0522
F008,2023-12-21,54.1285,-0.3956
F008,2023-12-22,52.9226,-2.2278
F008,2023-12-25,52.4689,-0.8573
F008,2023-12-26,52.3647,-0.1986
F008,2023-12-27,52.3074,-0.1094
F008,2023-12-28,51.3204,-1.8869
F008,2023-12-29,52.1093,1.5372
F008,2024-01-01,52.061,-0.0927
F008,2024-01-02,52.1072,0.0887
F008,2024-01-03,52.3994,0.5608
F008,2024-01-04,51.8835,-0.9846
F008,2024-01-05,52.2121,0.6333
F008,2024-01-08,51.9838,-0.4373
F008,2024-01-09,51.3987,-1.1255
F008,2024-01-10,51.8024,0.7854
F008,2024-01-11,52.8277,1.9793
F008,2024-01-12,53.3466,0.9822
F008,2024-01-15,54.008,1.2398
F008,2024-01-16,53.6641,-0.6368
F008,2024-01-17,52.571,-2.0369
F008,2024-01-18,53.6104,1.9771
F008,2024-01-19,55.0637,2.7109
F008,2024-01-22,56.1901,2.0456
F008,2024-01-23,55.9673,-0.3965
F008,2024-01-24,55.1496,-1.461
F008,2024-01-25,54.4076,-1.3454
F008,2024-01-26,53.2385,-2.1488
F008,2024-01-29,53.1855,-0.0996
F008,2024-01-30,54.317,2.1275
F008,2024-01-31,54.2387,-0.1442
F008,2024-02-01,54.4736,0.4331
F008,2024-02-02,55.4695,1.8282
F008,2024-02-05,55.2003,-0.4853
F008,2024-02-06,56.6831,2.6862
F008,2024-02-07,58.1737,2.6297
F008,2024-02-08,58.0978,-0.1305
F008,2024-02-09,57.6848,-0.7109
F008,2024-02-12,58.2307,0.9463
F008,2024-02-13,57.9909,-0.4118
F008,2024-02-14,57.1422,-1.4635
F008,2024-02-15,58.1168,1.7056
F008,2024-02-16,59.0591,1.6214
F008,2024-02-19,59.2021,0.2421
F008,2024-02-20,58.2538,-1.6018
F008,2024-02-21,57.346,-1.5584
F008,2024-02-22,57.4489,0.1794
F008,2024-02-23,57.0986,-0.6098
F008,2024-02-26,56.8683,-0.4033
F008,2024-02-27,57.6466,1.3686
F008,2024-02-28,58.2191,0.9931
F008,2024-02-29,59.2854,1.8315
F008,2024-03-01,58.5456,-1.2479
F008,2024-03-04,58.3078,-0.4062
F008,2024-03-05,58.9064,1.0266
F008,2024-03-06,58.9064,0.0
F008,2024-03-07,60.4776,2.6673
F008,2024-03-08,60.8324,0.5867
F008,2024-03-11,62.3183,2.4426
F008,2024-03-12,62.7807,0.742
F008,2024-03-13,63.6727,1.4208
F008,2024-03-14,63.4304,-0.3805
F008,2024-03-15,63.4676,0.0586
F008,2024-03-18,64.2446,1.2242
F008,2024-03-19,65.6174,2.1368
F008,2024-03-20,66.2657,0.988
F008,2024-03-21,66.2206,-0.0681
F008,2024-03-22,67.4328,1.8305
F008,2024-03-25,65.5382,-2.8096
F008,2024-03-26,64.3527,-1.8089
F008,2024-03-27,64.9487,0.9261
F008,2024-03-28,64.9866,0.0584
F008,2024-03-29,65.5241,0.8271
F008,2024-04-01,65.6052,0.1238
F008,2024-04-02,66.1184,0.7823
F008,2024-04-03,66.1184,0.0
F008,2024-04-04,65.9563,-0.2452
F008,2024-04-05,66.8353,1.3327
F008,2024-04-08,67.9225,1.6267
F008,2024-04-09,69.7276,2.6576
F008,2024-04-10,69.9768,0.3574
F008,2024-04-11,70.254,0.3961
F008,2024-04-12,68.891,-1.9401
F008,2024-04-15,68.4426,-0.6509
F008,2024-04-16,68.2982,-0.211
F008,2024-04-17,69.2581,1.4055
F008,2024-04-18,68.7357,-0.7543
F008,2024-04-19,69.4748,1.0753
F008,2024-04-22,69.5011,0.0379
F008,2024-04-23,69.3688,-0.1904
F008,2024-04-24,69.621,0.3636
F008,2024-04-25,69.2948,-0.4685
F008,2024-04-26,68.936,-0.5178
F008,2024-04-29,67.4358,-2.1762
F008,2024-04-30,67.2454,-0.2823
F008,2024-05-01,66.8527,-0.584
F008,2024-05-02,66.431,-0.6308
F008,2024-05-03,66.8176,0.582
F008,2024-05-06,67.4164,0.8962
F008,2024-05-07,67.6469,0.3419
F008,2024-05-08,68.5493,1.334
F008,2024-05-09,69.0896,0.7882
F008,2024-05-10,68.8522,-0.3436
F008,2024-05-13,68.4654,-0.5618
F008,2024-05-14,68.7712,0.4466
F008,2024-05-15,69.3117,0.7859
F008,2024-05-16,70.599,1.8573
F008,2024-05-17,71.7205,1.5885
F008,2024-05-20,71.2443,-0.664
F008,2024-05-21,71.1783,-0.0926
F008,2024-05-22,71.8277,0.9124
F008,2024-05-23,72.8537,1.4284
F008,2024-05-24,73.7721,1.2606
F008,2024-05-27,73.7403,-0.0431
F008,2024-05-28,72.5677,-1.5902
F008,2024-05-29,71.6544,-1.2585
F008,2024-05-30,71.937,0.3944
F008,2024-05-31,72.2858,0.4849
F008,2024-06-03,71.2823,-1.3882
F008,2024-06-04,71.3521,0.0979
F008,2024-06-05,71.9662,0.8607
F008,2024-06-06,70.9179,-1.4567
F008,2024-06-07,71.965,1.4765
F008,2024-06-10,71.6406,-0.4508
F008,2024-06-11,72.8405,1.6749
F008,2024-06-12,72.3645,-0.6535
F008,2024-06-13,71.4277,-1.2946
F008,2024-06-14,71.0309,-0.5555
F008,2024-06-17,70.9715,-0.0836
F008,2024-06-18,70.6415,-0.465
F008,2024-06-19,70.4714,-0.2408
F008,2024-06-20,70.8055,0.4741
F008,2024-06-21,70.6763,-0.1825
F008,2024-06-24,70.6438,-0.046
F008,2024-06-25,69.1024,-2.1819
F008,2024-06-26,69.4819,0.5492
F008,2024-06-27,69.4291,-0.076
F008,2024-06-28,70.9103,2.1334
F008,2024-07-01,70.0725,-1.1815
F008,2024-07-02,68.4533,-2.3107
F008,2024-07-03,69.0307,0.8435
F008,2024-07-04,69.3693,0.4905
F008,2024-07-05,68.4876,-1.271
F008,2024-07-08,67.153,-1.9487
F008,2024-07-09,68.522,2.0386
F008,2024-07-10,69.8091,1.8784
F008,2024-07-11,67.5796,-3.1937
F008,2024-07-12,67.5796,0.0
F008,2024-07-15,68.6849,1.6356
F008,2024-07-16,68.2873,-0.5789
F008,2024-07-17,67.8791,-0.5978
F008,2024-07-18,67.6567,-0.3276
F008,2024-07-19,66.6979,-1.4172
F008,2024-07-22,65.2464,-2.1762
F008,2024-07-23,66.1653,1.4084
F008,2024-07-24,64.6066,-2.3558
F008,2024-07-25,64.8401,0.3614
F008,2024-07-26,65.6134,1.1926
F008,2024-07-29,64.4018,-1.8466
F008,2024-07-30,63.6537,-1.1616
F008,2024-07-31,64.6831,1.6172
F008,2024-08-01,65.1571,0.7328
F008,2024-08-02,64.6603,-0.7625
F008,2024-08-05,65.6968,1.603
F008,2024-08-06,66.7535,1.6084
F008,2024-08-07,67.0137,0.3898
F008,2024-08-08,66.2563,-1.1302
F008,2024-08-09,65.9267,-0.4975
F008,2024-08-12,66.1985,0.4123
F008,2024-08-13,66.0627,-0.2051
F008,2024-08-14,66.8955,1.2606
F008,2024-08-15,65.5919,-1.9487
F008,2024-08-16,64.344,-1.9025
F008,2024-08-19,64.521,0.2751
F008,2024-08-20,64.1345,-0.599
F008,2024-08-21,63.6374,-0.7751
F008,2024-08-22,62.2002,-2.2584
F008,2024-08-23,62.2409,0.0654
F008,2024-08-26,62.2231,-0.0286
F008,2024-08-27,62.7766,0.8895
F008,2024-08-28,62.8579,0.1295
F008,2024-08-29,62.7747,-0.1324
F008,2024-08-30,63.7603,1.5701
F008,2024-09-02,62.6979,-1.6662
F008,2024-09-03,63.1602,0.7373
F008,2024-09-04,61.8133,-2.1325
F008,2024-09-05,61.1643,-1.0499
F008,2024-09-06,60.2245,-1.5365
F008,2024-09-09,60.8608,1.0565
F008,2024-09-10,60.8334,-0.045
F008,2024-09-11,60.8471,0.0225
F008,2024-09-12,59.996,-1.3988
F008,2024-09-13,59.7863,-0.3495
F008,2024-09-16,59.2168,-0.9526
F008,2024-09-17,59.5357,0.5385
F008,2024-09-18,58.7924,-1.2485
F008,2024-09-19,59.8323,1.7688
F008,2024-09-20,58.5529,-2.1383
F008,2024-09-23,57.9624,-1.0085
F008,2024-09-24,59.2494,2.2204
F008,2024-09-25,58.9379,-0.5257
F008,2024-09-26,57.954,-1.6694
F008,2024-09-27,58.1422,0.3247
F008,2024-09-30,57.8061,-0.5781
F008,2024-10-01,57.2011,-1.0466
F008,2024-10-02,56.4091,-1.3846
F008,2024-10-03,58.4618,3.639
F008,2024-10-04,58.294,-0.287
F008,2024-10-07,56.8581,-2.4632
F008,2024-10-08,57.9849,1.9818
F008,2024-10-09,58.4687,0.8344
F008,2024-10-10,57.9095,-0.9564
F008,2024-10-11,57.2302,-1.173
F008,2024-10-14,57.7542,0.9156
F008,2024-10-15,57.5919,-0.281
F008,2024-10-16,56.173,-2.4637
F008,2024-10-17,57.5006,2.3634
F008,2024-10-18,57.1992,-0.5242
F008,2024-10-21,58.3342,1.9843
F008,2024-10-22,59.327,1.7019
F008,2024-10-23,58.5787,-1.2613
F008,2024-10-24,59.3889,1.3831
F008,2024-10-25,58.9097,-0.8069
F008,2024-10-28,57.5037,-2.3867
F008,2024-10-29,57.2093,-0.512
F008,2024-10-30,57.5279,0.5569
F008,2024-10-31,57.2048,-0.5616
F008,2024-11-01,56.9993,-0.3592
F008,2024-11-04,57.8695,1.5267
F008,2024-11-05,57.9728,0.1785
F008,2024-11-06,57.3604,-1.0564
F008,2024-11-07,57.9068,0.9526
F008,2024-11-08,58.0788,0.297
F008,2024-11-11,56.1982,-3.238
F008,2024-11-12,56.5336,0.5968
F008,2024-11-13,56.8442,0.5494
F008,2024-11-14,56.8818,0.0661
F008,2024-11-15,57.5639,1.1992
F008,2024-11-18,57.0838,-0.834
F008,2024-11-19,57.3563,0.4774
F008,2024-11-20,56.2109,-1.997
F008,2024-11-21,56.5309,0.5693
F008,2024-11-22,57.9888,2.5789
F008,2024-11-25,57.262,-1.2533
F008,2024-11-26,56.7193,-0.9477
F008,2024-11-27,56.2185,-0.8829
F008,2024-11-28,56.336,0.209
F008,2024-11-29,55.58,-1.3419
F008,2024-12-02,55.9066,0.5876
F008,2024-12-03,56.5444,1.1408
F008,2024-12-04,56.9598,0.7346
F008,2024-12-05,55.6731,-2.259
F008,2024-12-06,56.4156,1.3337
F008,2024-12-09,57.1256,1.2585
F008,2024-12-10,57.765,1.1193
F008,2024-12-11,58.0681,0.5247
F008,2024-12-12,58.2575,0.3262
F008,2024-12-13,59.0627,1.3821
F008,2024-12-16,60.5632,2.5405
F008,2024-12-17,59.8371,-1.1989
F008,2024-12-18,60.6997,1.4416
F008,2024-12-19,60.6559,-0.0722
F008,2024-12-20,60.5779,-0.1286
F008,2024-12-23,59.3921,-1.9575
F008,2024-12-24,59.196,-0.3302
F008,2024-12-25,58.4522,-1.2565
F008,2024-12-26,58.1231,-0.563
F008,2024-12-27,57.3166,-1.3876
F008,2024-12-30,57.005,-0.5436
F008,2024-12-31,56.7268,-0.488
F008,2025-01-01,56.8208,0.1657
F008,2025-01-02,55.6508,-2.0591
F008,2025-01-03,54.6273,-1.8391
F008,2025-01-06,54.9062,0.5106
F008,2025-01-07,54.359,-0.9966
F008,2025-01-08,55.1401,1.4369
F008,2025-01-09,55.3236,0.3328
F008,2025-01-10,55.7821,0.8288
F008,2025-01-13,56.8274,1.8739
F008,2025-01-14,56.6213,-0.3627
F008,2025-01-15,56.2211,-0.7068
F008,2025-01-16,56.8807,1.1732
F008,2025-01-17,57.2802,0.7023
F008,2025-01-20,57.1636,-0.2036
F008,2025-01-21,58.2205,1.8489
F008,2025-01-22,58.0831,-0.236
F008,2025-01-23,58.1311,0.0826
F008,2025-01-24,58.1704,0.0676
F008,2025-01-27,57.4869,-1.175
F008,2025-01-28,57.5679,0.1409
F008,2025-01-29,58.6362,1.8557
F008,2025-01-30,58.9988,0.6184
F008,2025-01-31,59.0462,0.0803
F008,2025-02-03,58.9456,-0.1704
F008,2025-02-04,59.2227,0.4701
F008,2025-02-05,59.8236,1.0146
F008,2025-02-06,60.3213,0.8319
F008,2025-02-07,60.0852,-0.3914
F008,2025-02-10,60.3629,0.4622
F008,2025-02-11,60.7637,0.664
F008,2025-02-12,59.9924,-1.2693
F008,2025-02-13,60.1476,0.2587
F008,2025-02-14,58.4817,-2.7697
F008,2025-02-17,58.8719,0.6672
F008,2025-02-18,59.4008,0.8984
F008,2025-02-19,60.0018,1.0118
F008,2025-02-20,59.7177,-0.4735
F008,2025-02-21,59.9815,0.4417
F008,2025-02-24,61.1158,1.8911
F008,2025-02-25,62.2635,1.8779
F008,2025-02-26,62.2648,0.0021
F008,2025-02-27,62.4025,0.2212
F008,2025-02-28,63.3287,1.4842
F008,2025-03-03,62.1185,-1.911
F008,2025-03-04,61.8825,-0.3799
F008,2025-03-05,62.9817,1.7763
F008,2025-03-06,63.8053,1.3077
F008,2025-03-07,64.1371,0.52
F008,2025-03-10,62.9072,-1.9176
F008,2025-03-11,62.8915,-0.025
F008,2025-03-12,62.4343,-0.727
F008,2025-03-13,62.728,0.4704
F008,2025-03-14,62.0931,-1.0121
F008,2025-03-17,61.29,-1.2934
F008,2025-03-18,59.6693,-2.6443
F008,2025-03-19,60.6409,1.6283
F008,2025-03-20,60.35,-0.4797
F008,2025-03-21,60.4974,0.2442
F008,2025-03-24,60.5198,0.037
F008,2025-03-25,59.7042,-1.3477
F008,2025-03-26,58.7509,-1.5967
F008,2025-03-27,58.0066,-1.2669
F008,2025-03-28,57.4845,-0.9001
F008,2025-03-31,57.7815,0.5167
F008,2025-04-01,57.2069,-0.9944
F008,2025-04-02,58.5286,2.3104
F008,2025-04-03,59.3335,1.3752
F008,2025-04-04,59.9807,1.0908
F008,2025-04-07,59.9114,-0.1155
F008,2025-04-08,61.1148,2.0086
F008,2025-04-09,60.966,-0.2435
F008,2025-04-10,60.9656,-0.0007
F008,2025-04-11,61.1247,0.261
F008,2025-04-14,61.7068,0.9523
F008,2025-04-15,62.2424,0.868
F008,2025-04-16,61.8828,-0.5777
F008,2025-04-17,61.4788,-0.6528
F008,2025-04-18,62.0148,0.8718
F008,2025-04-21,62.6162,0.9698
F008,2025-04-22,62.3211,-0.4713
F008,2025-04-23,61.0601,-2.0234
F008,2025-04-24,60.92,-0.2294
F008,2025-04-25,61.4382,0.8506
F008,2025-04-28,62.9048,2.3871
F008,2025-04-29,61.9503,-1.5174
F008,2025-04-30,61.6315,-0.5146
F008,2025-05-01,61.3442,-0.4662
F008,2025-05-02,62.45,1.8026
F008,2025-05-05,62.4466,-0.0054
F008,2025-05-06,61.735,-1.1395
F008,2025-05-07,62.2081,0.7663
F008,2025-05-08,61.9057,-0.4861
F008,2025-05-09,60.9451,-1.5517
F008,2025-05-12,60.2621,-1.1207
F008,2025-05-13,61.6447,2.2943
F008,2025-05-14,61.9773,0.5395
F008,2025-05-15,62.0889,0.1801
F008,2025-05-16,61.912,-0.2849
F008,2025-05-19,62.1719,0.4198
F008,2025-05-20,62.4233,0.4044
F008,2025-05-21,62.6854,0.4199
F008,2025-05-22,62.8041,0.1894
F008,2025-05-23,63.5386,1.1695
F008,2025-05-26,63.5831,0.07
F008,2025-05-27,62.8002,-1.2313
F008,2025-05-28,62.3253,-0.7562
F008,2025-05-29,60.7468,-2.5327
F008,2025-05-30,62.3717,2.6749
F008,2025-06-02,63.0962,1.1616
F008,2025-06-03,62.4406,-1.039
F008,2025-06-04,62.2368,-0.3264
F008,2025-06-05,61.7464,-0.788
F008,2025-06-06,63.0093,2.0453
F008,2025-06-09,61.8715,-1.8058
F008,2025-06-10,61.9883,0.1888
F008,2025-06-11,61.9256,-0.1011
F008,2025-06-12,62.616,1.1149
F008,2025-06-13,62.5564,-0.0952
F008,2025-06-16,61.1516,-2.2457
F008,2025-06-17,60.9764,-0.2865
F008,2025-06-18,60.2302,-1.2238
F008,2025-06-19,60.3166,0.1434
F008,2025-06-20,61.4653,1.9045
F008,2025-06-23,60.1,-2.2213
F008,2025-06-24,59.4988,-1.0003
F008,2025-06-25,59.0951,-0.6785
F008,2025-06-26,58.8256,-0.456
F008,2025-06-27,59.4151,1.0021
F008,2025-06-30,59.3048,-0.1856
F008,2025-07-01,59.6491,0.5806
F008,2025-07-02,59.1877,-0.7735
F008,2025-07-03,59.3883,0.3389
F008,2025-07-04,60.0126,1.0512
F008,2025-07-07,59.4653,-0.912
F008,2025-07-08,60.0931,1.0557
F008,2025-07-09,60.1581,0.1082
F008,2025-07-10,60.9998,1.3991
F008,2025-07-11,60.8645,-0.2218
F008,2025-07-14,61.1905,0.5356
F008,2025-07-15,61.1827,-0.0127
F008,2025-07-16,61.1306,-0.0852
F008,2025-07-17,61.3608,0.3766
F008,2025-07-18,61.8136,0.7379
F008,2025-07-21,60.8342,-1.5844
F008,2025-07-22,61.9923,1.9037
F008,2025-07-23,60.5184,-2.3776
F008,2025-07-24,60.0038,-0.8503
F008,2025-07-25,59.9543,-0.0825
F008,2025-07-28,60.2997,0.5761
F008,2025-07-29,61.5594,2.0891
F008,2025-07-30,60.0969,-2.3758
F008,2025-07-31,59.7243,-0.62
F008,2025-08-01,58.0969,-2.7249
F008,2025-08-04,58.144,0.0811
F008,2025-08-05,58.3726,0.3932
F008,2025-08-06,59.6031,2.108
F008,2025-08-07,59.7204,0.1968
F008,2025-08-08,60.5548,1.3972
F008,2025-08-11,61.0386,0.7989
F008,2025-08-12,60.7176,-0.5259
F008,2025-08-13,59.6298,-1.7916
F008,2025-08-14,59.8668,0.3975
F008,2025-08-15,58.7295,-1.8997
F008,2025-08-18,59.7419,1.7238
F008,2025-08-19,59.6399,-0.1707
F008,2025-08-20,60.5904,1.5937
F008,2025-08-21,60.2364,-0.5843
F008,2025-08-22,60.471,0.3895
F008,2025-08-25,60.6598,0.3122
F008,2025-08-26,60.6485,-0.0186
F008,2025-08-27,60.3316,-0.5225
F008,2025-08-28,60.6635,0.5501
F008,2025-08-29,59.9574,-1.164
F008,2025-09-01,59.0387,-1.5323
F008,2025-09-02,60.0162,1.6557
F008,2025-09-03,60.6076,0.9854
F008,2025-09-04,60.6838,0.1257
F008,2025-09-05,62.0217,2.2047
F008,2025-09-08,61.8306,-0.3081
F008,2025-09-09,62.9185,1.7595
F008,2025-09-10,63.0873,0.2683
F008,2025-09-11,62.2721,-1.2922
F008,2025-09-12,63.7931,2.4425
F008,2025-09-15,64.6402,1.3279
F008,2025-09-16,64.5644,-0.1173
F008,2025-09-17,65.2006,0.9854
F008,2025-09-18,64.8845,-0.4848
F008,2025-09-19,65.6098,1.1178
F008,2025-09-22,63.5966,-3.0684
F008,2025-09-23,62.7789,-1.2858
F008,2025-09-24,63.6032,1.313
F008,2025-09-25,63.4222,-0.2846
F008,2025-09-26,63.6187,0.3098
F008,2025-09-29,62.5303,-1.7108
F008,2025-09-30,64.0574,2.4422
F008,2025-10-01,65.0744,1.5876
F008,2025-10-02,64.9307,-0.2208
F008,2025-10-03,64.6151,-0.4861
F008,2025-10-06,65.5058,1.3785
F008,2025-10-07,67.2202,2.6172
F008,2025-10-08,68.0805,1.2798
F008,2025-10-09,70.0299,2.8634
F008,2025-10-10,69.2182,-1.1591
F008,2025-10-13,68.5086,-1.0252
F008,2025-10-14,67.4771,-1.5057
F008,2025-10-15,67.8916,0.6143
F008,2025-10-16,68.0737,0.2682
F008,2025-10-17,67.9665,-0.1575
F008,2025-10-20,68.7087,1.092
F008,2025-10-21,69.8369,1.642
F008,2025-10-22,68.4797,-1.9434
F008,2025-10-23,67.9756,-0.7361
F008,2025-10-24,68.7275,1.1061
F008,2025-10-27,68.3371,-0.568
F008,2025-10-28,67.6553,-0.9977
F008,2025-10-29,68.5782,1.3641
F008,2025-10-30,67.456,-1.6364
F008,2025-10-31,67.2185,-0.3521
F008,2025-11-03,67.5326,0.4673
F008,2025-11-04,67.0558,-0.706
F008,2025-11-05,67.7653,1.0581
F008,2025-11-06,67.2913,-0.6995
F008,2025-11-07,68.5505,1.8713
F008,2025-11-10,68.4659,-0.1234
F008,2025-11-11,69.0908,0.9127
F008,2025-11-12,69.7885,1.0098
F008,2025-11-13,69.2471,-0.7758
F008,2025-11-14,67.4262,-2.6296
F008,2025-11-17,67.7694,0.509
F008,2025-11-18,67.8602,0.134
F008,2025-11-19,68.3777,0.7626
F008,2025-11-20,68.2037,-0.2545
F008,2025-11-21,67.8493,-0.5196
F008,2025-11-24,69.648,2.651
F008,2025-11-25,68.3428,-1.874
F008,2025-11-26,69.0222,0.9941
F008,2025-11-27,68.5342,-0.707
F008,2025-11-28,68.2625,-0.3964
F008,2025-12-01,68.0084,-0.3722
F008,2025-12-02,67.3253,-1.0044
F008,2025-12-03,67.8522,0.7826
F008,2025-12-04,69.106,1.8478
F008,2025-12-05,69.5559,0.651
F008,2025-12-08,69.6772,0.1744
F008,2025-12-09,68.8115,-1.2424
F008,2025-12-10,69.3014,0.7119
F008,2025-12-11,71.2718,2.8432
F008,2025-12-12,70.9476,-0.4549
F008,2025-12-15,70.6292,-0.4488
F008,2025-12-16,70.1423,-0.6894
F008,2025-12-17,69.7241,-0.5962
F008,2025-12-18,67.2636,-3.5289
F008,2025-12-19,67.6447,0.5666
F008,2025-12-22,66.9282,-1.0592
F008,2025-12-23,65.5539,-2.0534
F008,2025-12-24,66.222,1.0192
F008,2025-12-25,65.317,-1.3666
F008,2025-12-26,65.0556,-0.4002
F008,2025-12-29,66.3218,1.9463
F008,2025-12-30,65.1333,-1.792
F008,2025-12-31,63.8617,-1.9523
F008,2026-01-01,64.1108,0.3901
F008,2026-01-02,65.0945,1.5344
F008,2026-01-05,63.7883,-2.0066
F008,2026-01-06,64.1519,0.57
F008,2026-01-07,64.6621,0.7953
F008,2026-01-08,62.957,-2.6369
F008,2026-01-09,63.6357,1.078
F008,2026-01-12,64.3863,1.1795
F008,2026-01-13,64.1511,-0.3653
F008,2026-01-14,65.2212,1.6681
F008,2026-01-15,66.2109,1.5175
F008,2026-01-16,66.3261,0.174
F008,2026-01-19,65.9634,-0.5468
F008,2026-01-20,65.1556,-1.2246
F008,2026-01-21,65.1498,-0.0089
F008,2026-01-22,65.6584,0.7807
F008,2026-01-23,65.408,-0.3814
F008,2026-01-26,63.5656,-2.8168
F008,2026-01-27,64.6394,1.6893
F008,2026-01-28,64.8251,0.2873
F008,2026-01-29,64.5311,-0.4535
F008,2026-01-30,65.276,1.1543
F008,2026-02-02,66.5959,2.022
F008,2026-02-03,64.1968,-3.6025
F008,2026-02-04,64.5849,0.6045
F008,2026-02-05,63.4129,-1.8147
F008,2026-02-06,63.8497,0.6888
F008,2026-02-09,63.9814,0.2063
F008,2026-02-10,64.5358,0.8665
F008,2026-02-11,64.1428,-0.609
F008,2026-02-12,62.6064,-2.3953
F008,2026-02-13,62.2649,-0.5455
F008,2026-02-16,62.6191,0.5689
F008,2026-02-17,63.4707,1.36
F008,2026-02-18,62.5292,-1.4834
F008,2026-02-19,63.3891,1.3752
F008,2026-02-20,62.8806,-0.8022
F008,2026-02-23,63.202,0.5111
F008,2026-02-24,62.8083,-0.6229
F008,2026-02-25,62.9822,0.2769
F008,2026-02-26,63.7376,1.1994
F008,2026-02-27,62.7464,-1.5551
F008,2026-03-02,62.2169,-0.8439
F008,2026-03-03,62.3914,0.2805
F008,2026-03-04,64.3643,3.1621
F008,2026-03-05,63.6678,-1.0821
F008,2026-03-06,65.3818,2.6921
F008,2026-03-09,67.1116,2.6457
F008,2026-03-10,67.0535,-0.0866
F008,2026-03-11,66.8204,-0.3476
F008,2026-03-12,66.246,-0.8596
F008,2026-03-13,66.2138,-0.0486
F008,2026-03-16,65.0294,-1.7888
F008,2026-03-17,64.991,-0.0591
F008,2026-03-18,66.2817,1.986
F008,2026-03-19,65.7817,-0.7544
F008,2026-03-20,65.6022,-0.2729
F008,2026-03-23,64.1777,-2.1714
F008,2026-03-24,64.5155,0.5264
F008,2026-03-25,64.7631,0.3838
F008,2026-03-26,64.8426,0.1228
F008,2026-03-27,64.6858,-0.2418
F008,2026-03-30,64.4655,-0.3406
F008,2026-03-31,64.9119,0.6925
F008,2026-04-01,64.9135,0.0025
F008,2026-04-02,65.2053,0.4495
F008,2026-04-03,65.4136,0.3195
F008,2026-04-06,66.3951,1.5005
F008,2026-04-07,67.006,0.9201
F008,2026-04-08,67.2008,0.2907
F008,2026-04-09,68.5542,2.014
F008,2026-04-10,68.9562,0.5864
F008,2026-04-13,70.1536,1.7365
F008,2026-04-14,70.7352,0.829
F008,2026-04-15,69.0697,-2.3546
F008,2026-04-16,70.2689,1.7362
F008,2026-04-17,70.4205,0.2157
F008,2026-04-20,70.4011,-0.0275
F008,2026-04-21,70.6868,0.4058
F008,2026-04-22,70.3981,-0.4084
F008,2026-04-23,70.634,0.3351
F008,2026-04-24,70.1188,-0.7294
F008,2026-04-27,71.3084,1.6965
F008,2026-04-28,71.2316,-0.1077
F008,2026-04-29,70.9058,-0.4574
F008,2026-04-30,70.0816,-1.1624
F008,2026-05-01,70.3545,0.3894
F008,2026-05-04,70.5538,0.2833
F008,2026-05-05,70.9383,0.545
F008,2026-05-06,70.0193,-1.2955
F008,2026-05-07,70.0193,0.0
F008,2026-05-08,69.1751,-1.2057
F008,2026-05-11,70.5379,1.9701
F008,2026-05-12,69.625,-1.2942
F008,2026-05-13,71.0915,2.1063
F008,2026-05-14,71.3823,0.4091
F008,2026-05-15,71.4043,0.0308
F008,2026-05-18,71.0638,-0.4769
F008,2026-05-19,69.8132,-1.7598
F008,2026-05-20,70.7376,1.3241
F008,2026-05-21,70.0527,-0.9682
F008,2026-05-22,69.3706,-0.9737
F008,2026-05-25,70.2929,1.3295
F008,2026-05-26,68.6003,-2.4079
F008,2026-05-27,67.269,-1.9407
F008,2026-05-28,67.28,0.0164
F008,2026-05-29,67.5634,0.4212
F008,2026-06-01,68.0162,0.6702
F008,2026-06-02,67.7766,-0.3523
F008,2026-06-03,70.0332,3.3295
F008,2026-06-04,69.8537,-0.2563
F008,2026-06-05,69.6721,-0.26
F008,2026-06-08,68.9781,-0.9961
F008,2026-06-09,69.1168,0.2011
F008,2026-06-10,69.697,0.8394
F008,2026-06-11,70.8154,1.6047
F008,2026-06-12,69.4727,-1.8961
F008,2026-06-15,69.2783,-0.2798
F008,2026-06-16,69.7083,0.6207
F008,2026-06-17,70.2682,0.8032
F008,2026-06-18,70.3023,0.0485
F008,2026-06-19,70.8262,0.7452
F008,2026-06-22,70.1097,-1.0116
F008,2026-06-23,71.5577,2.0653
F008,2026-06-24,72.5097,1.3304
F008,2026-06-25,71.2709,-1.7085
F008,2026-06-26,70.3033,-1.3576
F008,2026-06-29,69.3746,-1.321
F008,2026-06-30,70.0138,0.9214
F008,2026-07-01,68.8725,-1.6301
F008,2026-07-02,68.6037,-0.3903
F008,2026-07-03,69.0367,0.6312
F008,2026-07-06,69.0049,-0.0461
F008,2026-07-07,69.2647,0.3765
F008,2026-07-08,68.3327,-1.3456
F008,2026-07-09,68.8885,0.8134
F008,2026-07-10,68.3669,-0.7572
F008,2026-07-13,68.1057,-0.3821
F008,2026-07-14,68.3434,0.349
F008,2026-07-15,68.4623,0.174
F008,2026-07-16,68.511,0.0711
F008,2026-07-17,67.8699,-0.9358
F008,2026-07-20,67.6328,-0.3493
F008,2026-07-21,67.6618,0.0429
F008,2026-07-22,66.4793,-1.7477
F008,2026-07-23,66.1062,-0.5612
F008,2026-07-24,66.4658,0.544
F008,2026-07-27,65.3886,-1.6207
F008,2026-07-28,66.3979,1.5435
F008,2026-07-29,67.5204,1.6906
F008,2026-07-30,66.4545,-1.5786
F008,2026-07-31,67.6539,1.8048
F008,2026-08-03,67.5547,-0.1466
F008,2026-08-04,67.9493,0.5841
F008,2026-08-05,67.5378,-0.6056
F008,2026-08-06,68.3752,1.2399
F008,2026-08-07,68.3752,0.0
F008,2026-08-10,68.0632,-0.4563
F008,2026-08-11,67.0594,-1.4748
F008,2026-08-12,65.8132,-1.8584
F008,2026-08-13,66.0003,0.2843
F008,2026-08-14,66.5179,0.7842
F008,2026-08-17,67.1074,0.8862
F008,2026-08-18,67.0313,-0.1134
F008,2026-08-19,66.0499,-1.4641
F008,2026-08-20,65.4907,-0.8466
F008,2026-08-21,66.498,1.5381
F008,2026-08-24,66.1057,-0.5899
F008,2026-08-25,66.2554,0.2265
F008,2026-08-26,65.3554,-1.3584
F008,2026-08-27,65.6675,0.4775
F008,2026-08-28,65.3031,-0.5549
F008,2026-08-31,66.2178,1.4007
F008,2026-09-01,66.9102,1.0456
F008,2026-09-02,66.5058,-0.6044
F008,2026-09-03,66.4229,-0.1247
F008,2026-09-04,65.9736,-0.6764
F009,2022-01-03,66.2692,
F009,2022-01-04,65.8345,-0.656
F009,2022-01-05,65.9586,0.1885
F009,2022-01-06,66.15,0.2902
F009,2022-01-07,66.2485,0.1489
F009,2022-01-10,66.1085,-0.2113
F009,2022-01-11,66.1085,0.0
F009,2022-01-12,66.6757,0.858
F009,2022-01-13,67.0708,0.5926
F009,2022-01-14,66.1392,-1.389
F009,2022-01-17,66.1392,0.0
F009,2022-01-18,64.2483,-2.859
F009,2022-01-19,63.5353,-1.1098
F009,2022-01-20,63.4464,-0.1399
F009,2022-01-21,63.3121,-0.2117
F009,2022-01-24,64.1351,1.2999
F009,2022-01-25,64.3596,0.35
F009,2022-01-26,64.4643,0.1627
F009,2022-01-27,64.9153,0.6996
F009,2022-01-28,65.1261,0.3247
F009,2022-01-31,64.9072,-0.3361
F009,2022-02-01,65.483,0.8871
F009,2022-02-02,64.9213,-0.8578
F009,2022-02-03,65.1087,0.2887
F009,2022-02-04,64.3222,-1.208
F009,2022-02-07,64.4464,0.1931
F009,2022-02-08,64.5652,0.1843
F009,2022-02-09,65.4505,1.3712
F009,2022-02-10,64.6507,-1.222
F009,2022-02-11,64.3593,-0.4507
F009,2022-02-14,64.8022,0.6882
F009,2022-02-15,64.9955,0.2983
F009,2022-02-16,65.1088,0.1743
F009,2022-02-17,64.6303,-0.7349
F009,2022-02-18,64.3442,-0.4427
F009,2022-02-21,65.0044,1.026
F009,2022-02-22,64.9971,-0.0112
F009,2022-02-23,65.2118,0.3303
F009,2022-02-24,65.1713,-0.0621
F009,2022-02-25,64.574,-0.9165
F009,2022-02-28,65.0758,0.7771
F009,2022-03-01,65.3573,0.4326
F009,2022-03-02,66.5824,1.8745
F009,2022-03-03,66.0614,-0.7825
F009,2022-03-04,66.5159,0.688
F009,2022-03-07,65.8379,-1.0193
F009,2022-03-08,65.9405,0.1558
F009,2022-03-09,66.4754,0.8112
F009,2022-03-10,65.3934,-1.6277
F009,2022-03-11,65.3058,-0.134
F009,2022-03-14,65.0311,-0.4206
F009,2022-03-15,64.6854,-0.5316
F009,2022-03-16,64.9041,0.3381
F009,2022-03-17,65.5055,0.9266
F009,2022-03-18,65.4553,-0.0766
F009,2022-03-21,65.5825,0.1943
F009,2022-03-22,65.6621,0.1214
F009,2022-03-23,65.6827,0.0314
F009,2022-03-24,65.13,-0.8415
F009,2022-03-25,65.7271,0.9168
F009,2022-03-28,65.902,0.2661
F009,2022-03-29,66.13,0.346
F009,2022-03-30,65.7232,-0.6152
F009,2022-03-31,65.5015,-0.3373
F009,2022-04-01,65.4289,-0.1108
F009,2022-04-04,64.6455,-1.1973
F009,2022-04-05,63.7919,-1.3204
F009,2022-04-06,63.5045,-0.4505
F009,2022-04-07,63.789,0.448
F009,2022-04-08,63.4748,-0.4926
F009,2022-04-11,62.9765,-0.785
F009,2022-04-12,62.5849,-0.6218
F009,2022-04-13,62.3757,-0.3343
F009,2022-04-14,62.2178,-0.2531
F009,2022-04-15,63.3143,1.7624
F009,2022-04-18,63.8675,0.8737
F009,2022-04-19,64.4103,0.8499
F009,2022-04-20,65.0318,0.9649
F009,2022-04-21,64.5317,-0.769
F009,2022-04-22,63.92,-0.9479
F009,2022-04-25,63.3732,-0.8554
F009,2022-04-26,64.0688,1.0976
F009,2022-04-27,63.8076,-0.4077
F009,2022-04-28,63.188,-0.971
F009,2022-04-29,62.9891,-0.3148
F009,2022-05-02,62.8878,-0.1608
F009,2022-05-03,63.0417,0.2447
F009,2022-05-04,63.1872,0.2308
F009,2022-05-05,62.7875,-0.6326
F009,2022-05-06,63.1507,0.5785
F009,2022-05-09,62.8467,-0.4814
F009,2022-05-10,62.787,-0.095
F009,2022-05-11,63.1508,0.5794
F009,2022-05-12,62.8455,-0.4834
F009,2022-05-13,62.5781,-0.4255
F009,2022-05-16,62.8931,0.5034
F009,2022-05-17,62.4804,-0.6562
F009,2022-05-18,62.3068,-0.2778
F009,2022-05-19,62.6025,0.4746
F009,2022-05-20,63.65,1.6733
F009,2022-05-23,63.9774,0.5144
F009,2022-05-24,64.2385,0.4081
F009,2022-05-25,64.5306,0.4547
F009,2022-05-26,63.9959,-0.8286
F009,2022-05-27,64.0743,0.1225
F009,2022-05-30,64.0783,0.0062
F009,2022-05-31,64.2624,0.2873
F009,2022-06-01,64.3416,0.1232
F009,2022-06-02,64.5563,0.3337
F009,2022-06-03,64.4148,-0.2192
F009,2022-06-06,64.4643,0.0768
F009,2022-06-07,63.8504,-0.9523
F009,2022-06-08,63.7061,-0.226
F009,2022-06-09,64.434,1.1426
F009,2022-06-10,64.6177,0.2851
F009,2022-06-13,64.6263,0.0133
F009,2022-06-14,65.626,1.5469
F009,2022-06-15,64.9312,-1.0587
F009,2022-06-16,64.3744,-0.8575
F009,2022-06-17,65.2758,1.4002
F009,2022-06-20,65.3194,0.0668
F009,2022-06-21,65.2122,-0.1641
F009,2022-06-22,64.6061,-0.9294
F009,2022-06-23,64.8569,0.3882
F009,2022-06-24,65.1589,0.4656
F009,2022-06-27,64.6079,-0.8456
F009,2022-06-28,64.5548,-0.0822
F009,2022-06-29,64.4009,-0.2384
F009,2022-06-30,64.5521,0.2348
F009,2022-07-01,63.9935,-0.8653
F009,2022-07-04,64.6536,1.0315
F009,2022-07-05,65.1467,0.7627
F009,2022-07-06,64.977,-0.2605
F009,2022-07-07,64.884,-0.1431
F009,2022-07-08,64.8327,-0.0791
F009,2022-07-11,64.4485,-0.5926
F009,2022-07-12,64.2392,-0.3248
F009,2022-07-13,64.1196,-0.1862
F009,2022-07-14,64.9662,1.3203
F009,2022-07-15,65.4777,0.7873
F009,2022-07-18,65.9869,0.7777
F009,2022-07-19,66.202,0.326
F009,2022-07-20,65.6301,-0.8639
F009,2022-07-21,65.628,-0.0032
F009,2022-07-22,66.1572,0.8064
F009,2022-07-25,65.5111,-0.9766
F009,2022-07-26,65.8644,0.5393
F009,2022-07-27,67.108,1.8881
F009,2022-07-28,67.6982,0.8795
F009,2022-07-29,68.4843,1.1612
F009,2022-08-01,68.6245,0.2047
F009,2022-08-02,69.1765,0.8044
F009,2022-08-03,68.8,-0.5443
F009,2022-08-04,69.2587,0.6667
F009,2022-08-05,69.6421,0.5536
F009,2022-08-08,69.8245,0.2619
F009,2022-08-09,70.5806,1.0829
F009,2022-08-10,70.2976,-0.401
F009,2022-08-11,70.2135,-0.1196
F009,2022-08-12,70.2882,0.1064
F009,2022-08-15,69.7303,-0.7937
F009,2022-08-16,69.8778,0.2115
F009,2022-08-17,68.9378,-1.3452
F009,2022-08-18,69.5359,0.8676
F009,2022-08-19,69.5827,0.0673
F009,2022-08-22,69.3136,-0.3867
F009,2022-08-23,68.8717,-0.6375
F009,2022-08-24,68.7631,-0.1577
F009,2022-08-25,69.1623,0.5805
F009,2022-08-26,69.4861,0.4682
F009,2022-08-29,69.1147,-0.5345
F009,2022-08-30,68.6676,-0.6469
F009,2022-08-31,69.0491,0.5556
F009,2022-09-01,68.6708,-0.5479
F009,2022-09-02,68.7243,0.0779
F009,2022-09-05,68.813,0.1291
F009,2022-09-06,69.0054,0.2796
F009,2022-09-07,69.4999,0.7166
F009,2022-09-08,68.8185,-0.9804
F009,2022-09-09,67.787,-1.4989
F009,2022-09-12,67.4996,-0.424
F009,2022-09-13,68.4927,1.4713
F009,2022-09-14,69.6213,1.6478
F009,2022-09-15,70.6621,1.4949
F009,2022-09-16,70.5742,-0.1244
F009,2022-09-19,69.5892,-1.3957
F009,2022-09-20,68.3057,-1.8444
F009,2022-09-21,67.9907,-0.4612
F009,2022-09-22,67.9034,-0.1284
F009,2022-09-23,68.6303,1.0705
F009,2022-09-26,69.1274,0.7243
F009,2022-09-27,69.2739,0.2119
F009,2022-09-28,68.8015,-0.6819
F009,2022-09-29,68.2933,-0.7386
F009,2022-09-30,68.4526,0.2333
F009,2022-10-03,68.8549,0.5877
F009,2022-10-04,69.0914,0.3435
F009,2022-10-05,68.5403,-0.7976
F009,2022-10-06,68.9176,0.5505
F009,2022-10-07,69.1731,0.3707
F009,2022-10-10,68.6014,-0.8265
F009,2022-10-11,68.1915,-0.5975
F009,2022-10-12,68.5876,0.5809
F009,2022-10-13,68.4795,-0.1576
F009,2022-10-14,69.3706,1.3013
F009,2022-10-17,69.6695,0.4309
F009,2022-10-18,69.4192,-0.3593
F009,2022-10-19,69.4344,0.0219
F009,2022-10-20,69.4904,0.0807
F009,2022-10-21,69.1063,-0.5527
F009,2022-10-24,68.6225,-0.7001
F009,2022-10-25,69.0281,0.5911
F009,2022-10-26,69.5156,0.7062
F009,2022-10-27,69.8722,0.513
F009,2022-10-28,70.7402,1.2423
F009,2022-10-31,70.4548,-0.4034
F009,2022-11-01,71.4196,1.3694
F009,2022-11-02,70.9263,-0.6907
F009,2022-11-03,70.373,-0.7801
F009,2022-11-04,69.4033,-1.3779
F009,2022-11-07,69.1766,-0.3266
F009,2022-11-08,68.9186,-0.373
F009,2022-11-09,69.2293,0.4508
F009,2022-11-10,69.3851,0.225
F009,2022-11-11,68.7437,-0.9244
F009,2022-11-14,68.5483,-0.2842
F009,2022-11-15,68.3652,-0.2671
F009,2022-11-16,67.4144,-1.3908
F009,2022-11-17,66.9056,-0.7547
F009,2022-11-18,66.5131,-0.5866
F009,2022-11-21,67.2959,1.1769
F009,2022-11-22,67.4192,0.1832
F009,2022-11-23,67.7966,0.5598
F009,2022-11-24,67.0041,-1.1689
F009,2022-11-25,67.6643,0.9853
F009,2022-11-28,68.3889,1.0709
F009,2022-11-29,67.3161,-1.5687
F009,2022-11-30,66.9565,-0.5342
F009,2022-12-01,67.2421,0.4265
F009,2022-12-02,67.6089,0.5455
F009,2022-12-05,67.2622,-0.5128
F009,2022-12-06,67.118,-0.2144
F009,2022-12-07,66.8174,-0.4479
F009,2022-12-08,66.8965,0.1184
F009,2022-12-09,67.5573,0.9878
F009,2022-12-12,67.1609,-0.5868
F009,2022-12-13,67.7188,0.8307
F009,2022-12-14,67.3156,-0.5954
F009,2022-12-15,66.8793,-0.6481
F009,2022-12-16,67.3373,0.6848
F009,2022-12-19,67.8541,0.7675
F009,2022-12-20,68.3366,0.7111
F009,2022-12-21,67.6378,-1.0226
F009,2022-12-22,67.406,-0.3427
F009,2022-12-23,67.87,0.6884
F009,2022-12-26,67.9129,0.0632
F009,2022-12-27,67.3499,-0.829
F009,2022-12-28,67.617,0.3966
F009,2022-12-29,67.2506,-0.5419
F009,2022-12-30,68.2362,1.4656
F009,2023-01-02,69.1,1.2659
F009,2023-01-03,69.4547,0.5133
F009,2023-01-04,70.2318,1.1189
F009,2023-01-05,70.2893,0.0819
F009,2023-01-06,70.7408,0.6423
F009,2023-01-09,71.5983,1.2122
F009,2023-01-10,71.7604,0.2264
F009,2023-01-11,71.6354,-0.1742
F009,2023-01-12,70.68,-1.3337
F009,2023-01-13,70.6542,-0.0365
F009,2023-01-16,71.1408,0.6887
F009,2023-01-17,71.7003,0.7865
F009,2023-01-18,72.0111,0.4335
F009,2023-01-19,71.7209,-0.403
F009,2023-01-20,70.6082,-1.5514
F009,2023-01-23,70.3497,-0.3661
F009,2023-01-24,70.1995,-0.2135
F009,2023-01-25,70.0448,-0.2204
F009,2023-01-26,70.4124,0.5248
F009,2023-01-27,71.5521,1.6186
F009,2023-01-30,71.6443,0.1289
F009,2023-01-31,71.5416,-0.1433
F009,2023-02-01,71.4147,-0.1774
F009,2023-02-02,71.5072,0.1295
F009,2023-02-03,71.0548,-0.6327
F009,2023-02-06,71.1444,0.1261
F009,2023-02-07,71.4223,0.3906
F009,2023-02-08,71.5635,0.1977
F009,2023-02-09,71.8469,0.396
F009,2023-02-10,72.1178,0.3771
F009,2023-02-13,71.1172,-1.3875
F009,2023-02-14,71.5009,0.5395
F009,2023-02-15,71.1385,-0.5068
F009,2023-02-16,70.5362,-0.8467
F009,2023-02-17,69.9341,-0.8536
F009,2023-02-20,70.1976,0.3768
F009,2023-02-21,70.0937,-0.148
F009,2023-02-22,69.1716,-1.3155
F009,2023-02-23,69.4569,0.4125
F009,2023-02-24,68.6778,-1.1217
F009,2023-02-27,68.7752,0.1418
F009,2023-02-28,68.9271,0.2209
F009,2023-03-01,69.4361,0.7385
F009,2023-03-02,70.4466,1.4553
F009,2023-03-03,69.6986,-1.0618
F009,2023-03-06,69.6903,-0.0119
F009,2023-03-07,69.5571,-0.1911
F009,2023-03-08,69.8193,0.377
F009,2023-03-09,69.9607,0.2025
F009,2023-03-10,69.7844,-0.252
F009,2023-03-13,69.5592,-0.3227
F009,2023-03-14,68.9588,-0.8631
F009,2023-03-15,69.5245,0.8203
F009,2023-03-16,69.8008,0.3974
F009,2023-03-17,70.3342,0.7642
F009,2023-03-20,70.1806,-0.2184
F009,2023-03-21,69.8329,-0.4954
F009,2023-03-22,69.2514,-0.8327
F009,2023-03-23,69.471,0.3171
F009,2023-03-24,68.914,-0.8018
F009,2023-03-27,69.9539,1.509
F009,2023-03-28,69.2431,-1.0161
F009,2023-03-29,69.4155,0.249
F009,2023-03-30,70.3064,1.2834
F009,2023-03-31,70.6645,0.5093
F009,2023-04-03,70.785,0.1705
F009,2023-04-04,70.2578,-0.7448
F009,2023-04-05,69.5022,-1.0755
F009,2023-04-06,69.9512,0.646
F009,2023-04-07,70.815,1.2349
F009,2023-04-10,70.5876,-0.3211
F009,2023-04-11,69.9655,-0.8813
F009,2023-04-12,68.6106,-1.9365
F009,2023-04-13,68.0929,-0.7545
F009,2023-04-14,68.0514,-0.0609
F009,2023-04-17,68.9424,1.3093
F009,2023-04-18,69.3343,0.5684
F009,2023-04-19,69.5243,0.274
F009,2023-04-20,69.3226,-0.2901
F009,2023-04-21,69.02,-0.4365
F009,2023-04-24,69.8168,1.1544
F009,2023-04-25,69.9499,0.1906
F009,2023-04-26,68.7943,-1.652
F009,2023-04-27,68.4443,-0.5088
F009,2023-04-28,67.9949,-0.6566
F009,2023-05-01,67.7182,-0.4069
F009,2023-05-02,68.0435,0.4804
F009,2023-05-03,68.0054,-0.056
F009,2023-05-04,67.984,-0.0315
F009,2023-05-05,68.7188,1.0808
F009,2023-05-08,68.3565,-0.5272
F009,2023-05-09,69.3964,1.5213
F009,2023-05-10,69.0445,-0.5071
F009,2023-05-11,69.1145,0.1014
F009,2023-05-12,68.9798,-0.1949
F009,2023-05-15,69.0686,0.1287
F009,2023-05-16,69.335,0.3857
F009,2023-05-17,69.5964,0.377
F009,2023-05-18,69.198,-0.5724
F009,2023-05-19,68.5971,-0.8684
F009,2023-05-22,69.9914,2.0326
F009,2023-05-23,69.7414,-0.3572
F009,2023-05-24,70.1524,0.5893
F009,2023-05-25,69.2712,-1.2561
F009,2023-05-26,69.137,-0.1937
F009,2023-05-29,69.0874,-0.0717
F009,2023-05-30,69.3695,0.4083
F009,2023-05-31,67.8795,-2.1479
F009,2023-06-01,67.9901,0.1629
F009,2023-06-02,67.3851,-0.8898
F009,2023-06-05,67.5802,0.2895
F009,2023-06-06,67.0402,-0.7991
F009,2023-06-07,66.6015,-0.6544
F009,2023-06-08,66.4757,-0.1889
F009,2023-06-09,65.936,-0.8119
F009,2023-06-12,65.7049,-0.3505
F009,2023-06-13,65.0973,-0.9247
F009,2023-06-14,64.1622,-1.4365
F009,2023-06-15,64.704,0.8444
F009,2023-06-16,64.0525,-1.0069
F009,2023-06-19,63.9802,-0.1129
F009,2023-06-20,64.3848,0.6324
F009,2023-06-21,64.0874,-0.4619
F009,2023-06-22,63.6836,-0.6301
F009,2023-06-23,63.818,0.211
F009,2023-06-26,64.4079,0.9243
F009,2023-06-27,63.8247,-0.9055
F009,2023-06-28,63.7672,-0.0901
F009,2023-06-29,62.9025,-1.356
F009,2023-06-30,62.7235,-0.2846
F009,2023-07-03,62.7595,0.0574
F009,2023-07-04,62.3492,-0.6538
F009,2023-07-05,62.14,-0.3355
F009,2023-07-06,61.4586,-1.0966
F009,2023-07-07,61.5149,0.0916
F009,2023-07-10,62.0529,0.8746
F009,2023-07-11,61.5269,-0.8477
F009,2023-07-12,61.2389,-0.4681
F009,2023-07-13,61.5035,0.4321
F009,2023-07-14,62.1183,0.9996
F009,2023-07-17,61.3949,-1.1646
F009,2023-07-18,61.3304,-0.1051
F009,2023-07-19,61.4877,0.2565
F009,2023-07-20,61.4559,-0.0517
F009,2023-07-21,60.2566,-1.9515
F009,2023-07-24,60.5162,0.4308
F009,2023-07-25,61.2699,1.2455
F009,2023-07-26,61.3455,0.1234
F009,2023-07-27,60.8579,-0.7948
F009,2023-07-28,60.6263,-0.3806
F009,2023-07-31,61.5029,1.4459
F009,2023-08-01,61.9691,0.758
F009,2023-08-02,62.305,0.542
F009,2023-08-03,62.5013,0.3151
F009,2023-08-04,62.1895,-0.4989
F009,2023-08-07,62.1084,-0.1304
F009,2023-08-08,62.0883,-0.0324
F009,2023-08-09,62.3799,0.4697
F009,2023-08-10,63.1516,1.2371
F009,2023-08-11,63.7355,0.9246
F009,2023-08-14,63.0309,-1.1055
F009,2023-08-15,63.1628,0.2093
F009,2023-08-16,63.554,0.6194
F009,2023-08-17,63.8877,0.5251
F009,2023-08-18,63.5853,-0.4733
F009,2023-08-21,65.0867,2.3612
F009,2023-08-22,64.4413,-0.9916
F009,2023-08-23,63.9022,-0.8366
F009,2023-08-24,64.0408,0.2169
F009,2023-08-25,65.1445,1.7234
F009,2023-08-28,64.7283,-0.6389
F009,2023-08-29,64.6101,-0.1826
F009,2023-08-30,65.1863,0.8918
F009,2023-08-31,65.1965,0.0156
F009,2023-09-01,65.0415,-0.2377
F009,2023-09-04,65.3553,0.4825
F009,2023-09-05,65.5174,0.248
F009,2023-09-06,66.0771,0.8543
F009,2023-09-07,66.7796,1.0632
F009,2023-09-08,66.9636,0.2755
F009,2023-09-11,67.14,0.2634
F009,2023-09-12,67.2751,0.2012
F009,2023-09-13,67.5585,0.4213
F009,2023-09-14,67.6086,0.0742
F009,2023-09-15,67.6286,0.0296
F009,2023-09-18,68.2963,0.9873
F009,2023-09-19,69.1451,1.2428
F009,2023-09-20,68.3319,-1.1761
F009,2023-09-21,68.3579,0.038
F009,2023-09-22,68.0018,-0.5209
F009,2023-09-25,67.853,-0.2188
F009,2023-09-26,68.0919,0.3521
F009,2023-09-27,68.477,0.5656
F009,2023-09-28,68.4361,-0.0597
F009,2023-09-29,67.4091,-1.5007
F009,2023-10-02,66.9089,-0.742
F009,2023-10-03,67.4088,0.7471
F009,2023-10-04,65.9512,-2.1623
F009,2023-10-05,66.5975,0.98
F009,2023-10-06,66.8952,0.447
F009,2023-10-09,67.6196,1.0829
F009,2023-10-10,67.5325,-0.1288
F009,2023-10-11,66.4391,-1.6191
F009,2023-10-12,66.6878,0.3743
F009,2023-10-13,67.3878,1.0497
F009,2023-10-16,67.9065,0.7697
F009,2023-10-17,67.5669,-0.5001
F009,2023-10-18,67.6341,0.0995
F009,2023-10-19,67.3661,-0.3962
F009,2023-10-20,66.9448,-0.6254
F009,2023-10-23,67.4765,0.7942
F009,2023-10-24,66.8503,-0.928
F009,2023-10-25,66.3923,-0.6851
F009,2023-10-26,65.8258,-0.8533
F009,2023-10-27,65.0608,-1.1622
F009,2023-10-30,65.1565,0.1471
F009,2023-10-31,65.7815,0.9592
F009,2023-11-01,65.7039,-0.118
F009,2023-11-02,64.9321,-1.1747
F009,2023-11-03,65.3879,0.702
F009,2023-11-06,66.2893,1.3785
F009,2023-11-07,65.9665,-0.487
F009,2023-11-08,65.7337,-0.3529
F009,2023-11-09,66.0246,0.4425
F009,2023-11-10,66.9011,1.3275
F009,2023-11-13,66.643,-0.3858
F009,2023-11-14,65.9526,-1.036
F009,2023-11-15,66.3055,0.5351
F009,2023-11-16,66.7493,0.6693
F009,2023-11-17,66.7726,0.0349
F009,2023-11-20,66.4945,-0.4165
F009,2023-11-21,67.0434,0.8255
F009,2023-11-22,67.3467,0.4524
F009,2023-11-23,66.9529,-0.5847
F009,2023-11-24,66.9993,0.0693
F009,2023-11-27,66.2949,-1.0514
F009,2023-11-28,66.6786,0.5788
F009,2023-11-29,66.5587,-0.1798
F009,2023-11-30,66.3467,-0.3185
F009,2023-12-01,66.3492,0.0038
F009,2023-12-04,66.3905,0.0622
F009,2023-12-05,66.8857,0.7459
F009,2023-12-06,67.222,0.5028
F009,2023-12-07,67.1581,-0.0951
F009,2023-12-08,67.5885,0.6409
F009,2023-12-11,67.8255,0.3507
F009,2023-12-12,67.6144,-0.3112
F009,2023-12-13,67.5672,-0.0698
F009,2023-12-14,67.5074,-0.0885
F009,2023-12-15,67.8005,0.4342
F009,2023-12-18,67.6218,-0.2636
F009,2023-12-19,67.4309,-0.2823
F009,2023-12-20,68.5132,1.6051
F009,2023-12-21,69.0488,0.7817
F009,2023-12-22,68.6494,-0.5784
F009,2023-12-25,68.9836,0.4868
F009,2023-12-26,69.0696,0.1247
F009,2023-12-27,69.3067,0.3433
F009,2023-12-28,69.4036,0.1398
F009,2023-12-29,70.0849,0.9816
F009,2024-01-01,70.2997,0.3065
F009,2024-01-02,70.2859,-0.0196
F009,2024-01-03,70.893,0.8638
F009,2024-01-04,71.0466,0.2167
F009,2024-01-05,71.137,0.1272
F009,2024-01-08,71.3371,0.2813
F009,2024-01-09,71.3051,-0.0449
F009,2024-01-10,71.3318,0.0374
F009,2024-01-11,71.0184,-0.4394
F009,2024-01-12,70.6129,-0.571
F009,2024-01-15,70.07,-0.7688
F009,2024-01-16,69.3107,-1.0836
F009,2024-01-17,68.8437,-0.6738
F009,2024-01-18,68.7684,-0.1094
F009,2024-01-19,68.8458,0.1126
F009,2024-01-22,68.717,-0.1871
F009,2024-01-23,67.4426,-1.8546
F009,2024-01-24,68.3124,1.2897
F009,2024-01-25,68.9267,0.8993
F009,2024-01-26,69.1932,0.3866
F009,2024-01-29,70.2698,1.5559
F009,2024-01-30,69.7414,-0.752
F009,2024-01-31,70.8155,1.5401
F009,2024-02-01,70.2899,-0.7422
F009,2024-02-02,70.4452,0.2209
F009,2024-02-05,69.7484,-0.9891
F009,2024-02-06,69.7775,0.0417
F009,2024-02-07,70.014,0.3389
F009,2024-02-08,69.9484,-0.0937
F009,2024-02-09,70.3689,0.6012
F009,2024-02-12,70.4458,0.1093
F009,2024-02-13,70.1725,-0.388
F009,2024-02-14,69.8754,-0.4234
F009,2024-02-15,70.3497,0.6788
F009,2024-02-16,70.0029,-0.493
F009,2024-02-19,70.5365,0.7623
F009,2024-02-20,71.2476,1.0081
F009,2024-02-21,70.3178,-1.305
F009,2024-02-22,70.9762,0.9363
F009,2024-02-23,72.1674,1.6783
F009,2024-02-26,72.3345,0.2315
F009,2024-02-27,72.7029,0.5093
F009,2024-02-28,73.3279,0.8597
F009,2024-02-29,73.1883,-0.1904
F009,2024-03-01,73.317,0.1758
F009,2024-03-04,72.5682,-1.0213
F009,2024-03-05,72.6705,0.141
F009,2024-03-06,72.9819,0.4285
F009,2024-03-07,73.3052,0.443
F009,2024-03-08,73.952,0.8823
F009,2024-03-11,73.5158,-0.5898
F009,2024-03-12,73.2246,-0.3961
F009,2024-03-13,74.3569,1.5463
F009,2024-03-14,74.2898,-0.0902
F009,2024-03-15,74.431,0.1901
F009,2024-03-18,74.4134,-0.0236
F009,2024-03-19,73.9466,-0.6273
F009,2024-03-20,74.9292,1.3288
F009,2024-03-21,74.6354,-0.3921
F009,2024-03-22,73.9847,-0.8718
F009,2024-03-25,73.7401,-0.3306
F009,2024-03-26,72.5814,-1.5713
F009,2024-03-27,72.225,-0.491
F009,2024-03-28,71.6873,-0.7445
F009,2024-03-29,72.0629,0.5239
F009,2024-04-01,71.6963,-0.5087
F009,2024-04-02,72.227,0.7402
F009,2024-04-03,73.0567,1.1487
F009,2024-04-04,73.5352,0.655
F009,2024-04-05,73.4306,-0.1422
F009,2024-04-08,73.4306,0.0
F009,2024-04-09,72.6604,-1.0489
F009,2024-04-10,72.6044,-0.0771
F009,2024-04-11,72.1264,-0.6584
F009,2024-04-12,72.5487,0.5855
F009,2024-04-15,74.0637,2.0883
F009,2024-04-16,74.3821,0.4299
F009,2024-04-17,73.2196,-1.5629
F009,2024-04-18,73.03,-0.2589
F009,2024-04-19,73.1235,0.128
F009,2024-04-22,73.1965,0.0998
F009,2024-04-23,72.7905,-0.5547
F009,2024-04-24,72.9552,0.2263
F009,2024-04-25,72.2519,-0.964
F009,2024-04-26,71.7274,-0.7259
F009,2024-04-29,72.1195,0.5467
F009,2024-04-30,71.5551,-0.7826
F009,2024-05-01,71.8847,0.4606
F009,2024-05-02,71.1187,-1.0656
F009,2024-05-03,72.1441,1.4418
F009,2024-05-06,71.7189,-0.5894
F009,2024-05-07,71.6121,-0.1489
F009,2024-05-08,71.823,0.2945
F009,2024-05-09,71.5197,-0.4223
F009,2024-05-10,71.6232,0.1447
F009,2024-05-13,71.9744,0.4903
F009,2024-05-14,72.5491,0.7985
F009,2024-05-15,73.0302,0.6631
F009,2024-05-16,72.9517,-0.1075
F009,2024-05-17,72.888,-0.0873
F009,2024-05-20,74.2796,1.9092
F009,2024-05-21,74.8663,0.7899
F009,2024-05-22,74.3367,-0.7074
F009,2024-05-23,74.4185,0.11
F009,2024-05-24,74.2413,-0.2381
F009,2024-05-27,74.1832,-0.0783
F009,2024-05-28,73.4758,-0.9536
F009,2024-05-29,73.2557,-0.2996
F009,2024-05-30,74.3393,1.4792
F009,2024-05-31,74.706,0.4933
F009,2024-06-03,73.2396,-1.9629
F009,2024-06-04,73.9745,1.0034
F009,2024-06-05,73.9745,0.0
F009,2024-06-06,74.4494,0.642
F009,2024-06-07,74.8989,0.6038
F009,2024-06-10,74.4064,-0.6576
F009,2024-06-11,74.1488,-0.3462
F009,2024-06-12,75.06,1.2289
F009,2024-06-13,74.9193,-0.1875
F009,2024-06-14,73.8211,-1.4658
F009,2024-06-17,73.8059,-0.0206
F009,2024-06-18,73.7816,-0.0329
F009,2024-06-19,74.5111,0.9887
F009,2024-06-20,74.542,0.0415
F009,2024-06-21,74.313,-0.3072
F009,2024-06-24,74.9566,0.8661
F009,2024-06-25,75.0515,0.1266
F009,2024-06-26,75.0515,0.0
F009,2024-06-27,75.3356,0.3785
F009,2024-06-28,75.4749,0.1849
F009,2024-07-01,75.4993,0.0323
F009,2024-07-02,75.6294,0.1723
F009,2024-07-03,75.0043,-0.8265
F009,2024-07-04,74.7102,-0.3921
F009,2024-07-05,74.7348,0.0329
F009,2024-07-08,74.6408,-0.1258
F009,2024-07-09,75.423,1.048
F009,2024-07-10,75.5768,0.2039
F009,2024-07-11,76.1164,0.714
F009,2024-07-12,76.145,0.0376
F009,2024-07-15,76.8113,0.875
F009,2024-07-16,77.0786,0.348
F009,2024-07-17,77.11,0.0407
F009,2024-07-18,77.1249,0.0193
F009,2024-07-19,76.5591,-0.7336
F009,2024-07-22,76.8925,0.4355
F009,2024-07-23,76.8908,-0.0022
F009,2024-07-24,76.6051,-0.3716
F009,2024-07-25,77.3062,0.9152
F009,2024-07-26,76.5562,-0.9702
F009,2024-07-29,76.3204,-0.308
F009,2024-07-30,76.9708,0.8522
F009,2024-07-31,77.1882,0.2824
F009,2024-08-01,77.1818,-0.0083
F009,2024-08-02,77.3599,0.2308
F009,2024-08-05,77.4941,0.1735
F009,2024-08-06,76.5771,-1.1833
F009,2024-08-07,76.3861,-0.2494
F009,2024-08-08,77.3969,1.3233
F009,2024-08-09,77.0119,-0.4974
F009,2024-08-12,76.8389,-0.2246
F009,2024-08-13,76.529,-0.4033
F009,2024-08-14,76.4987,-0.0396
F009,2024-08-15,76.1648,-0.4365
F009,2024-08-16,76.4842,0.4194
F009,2024-08-19,76.6279,0.1879
F009,2024-08-20,77.1251,0.6488
F009,2024-08-21,76.4998,-0.8108
F009,2024-08-22,76.3145,-0.2422
F009,2024-08-23,76.1996,-0.1506
F009,2024-08-26,76.5002,0.3945
F009,2024-08-27,76.0377,-0.6046
F009,2024-08-28,76.6175,0.7625
F009,2024-08-29,77.3677,0.9791
F009,2024-08-30,76.7789,-0.761
F009,2024-09-02,76.5004,-0.3627
F009,2024-09-03,76.1978,-0.3956
F009,2024-09-04,77.8253,2.1359
F009,2024-09-05,77.581,-0.3139
F009,2024-09-06,78.6455,1.3721
F009,2024-09-09,77.8722,-0.9833
F009,2024-09-10,77.279,-0.7618
F009,2024-09-11,76.8777,-0.5193
F009,2024-09-12,76.3806,-0.6466
F009,2024-09-13,76.2398,-0.1843
F009,2024-09-16,75.8304,-0.537
F009,2024-09-17,75.3561,-0.6255
F009,2024-09-18,76.0771,0.9568
F009,2024-09-19,76.8447,1.009
F009,2024-09-20,77.4513,0.7894
F009,2024-09-23,77.7992,0.4492
F009,2024-09-24,77.8803,0.1042
F009,2024-09-25,77.594,-0.3676
F009,2024-09-26,77.0256,-0.7325
F009,2024-09-27,77.2724,0.3204
F009,2024-09-30,76.5701,-0.9089
F009,2024-10-01,75.9842,-0.7652
F009,2024-10-02,76.7078,0.9523
F009,2024-10-03,77.8972,1.5506
F009,2024-10-04,78.1657,0.3447
F009,2024-10-07,78.881,0.9151
F009,2024-10-08,78.7495,-0.1667
F009,2024-10-09,77.9304,-1.0401
F009,2024-10-10,78.3354,0.5197
F009,2024-10-11,78.7157,0.4855
F009,2024-10-14,78.7844,0.0873
F009,2024-10-15,78.6553,-0.1639
F009,2024-10-16,79.2844,0.7998
F009,2024-10-17,78.683,-0.7585
F009,2024-10-18,78.2195,-0.5891
F009,2024-10-21,77.6121,-0.7765
F009,2024-10-22,77.6881,0.0979
F009,2024-10-23,77.0353,-0.8403
F009,2024-10-24,76.6367,-0.5174
F009,2024-10-25,76.227,-0.5346
F009,2024-10-28,76.0909,-0.1785
F009,2024-10-29,75.2083,-1.1599
F009,2024-10-30,75.2833,0.0997
F009,2024-10-31,76.0571,1.0279
F009,2024-11-01,76.1624,0.1384
F009,2024-11-04,77.1244,1.2631
F009,2024-11-05,77.9706,1.0972
F009,2024-11-06,78.4791,0.6522
F009,2024-11-07,78.5495,0.0897
F009,2024-11-08,78.5872,0.048
F009,2024-11-11,79.091,0.6411
F009,2024-11-12,78.8669,-0.2833
F009,2024-11-13,77.7028,-1.476
F009,2024-11-14,78.032,0.4237
F009,2024-11-15,77.3493,-0.8749
F009,2024-11-18,76.7771,-0.7398
F009,2024-11-19,76.8003,0.0302
F009,2024-11-20,76.7649,-0.0461
F009,2024-11-21,75.9207,-1.0997
F009,2024-11-22,76.044,0.1624
F009,2024-11-25,76.6546,0.803
F009,2024-11-26,75.9857,-0.8726
F009,2024-11-27,76.782,1.048
F009,2024-11-28,75.8467,-1.2181
F009,2024-11-29,77.1542,1.7239
F009,2024-12-02,76.9235,-0.299
F009,2024-12-03,77.0362,0.1465
F009,2024-12-04,75.8933,-1.4836
F009,2024-12-05,75.8783,-0.0198
F009,2024-12-06,76.0398,0.2128
F009,2024-12-09,76.0102,-0.0389
F009,2024-12-10,75.6906,-0.4205
F009,2024-12-11,75.1401,-0.7273
F009,2024-12-12,75.8422,0.9344
F009,2024-12-13,75.8836,0.0546
F009,2024-12-16,76.8417,1.2626
F009,2024-12-17,76.5411,-0.3912
F009,2024-12-18,76.2978,-0.3179
F009,2024-12-19,76.8185,0.6825
F009,2024-12-20,75.8441,-1.2684
F009,2024-12-23,75.1306,-0.9407
F009,2024-12-24,75.8128,0.908
F009,2024-12-25,75.1248,-0.9075
F009,2024-12-26,74.0541,-1.4252
F009,2024-12-27,75.1833,1.5248
F009,2024-12-30,74.3675,-1.0851
F009,2024-12-31,74.4994,0.1774
F009,2025-01-01,74.5629,0.0852
F009,2025-01-02,72.9087,-2.2185
F009,2025-01-03,72.7747,-0.1838
F009,2025-01-06,73.0576,0.3887
F009,2025-01-07,73.2866,0.3135
F009,2025-01-08,73.8383,0.7528
F009,2025-01-09,73.6316,-0.2799
F009,2025-01-10,74.0734,0.6
F009,2025-01-13,73.6871,-0.5215
F009,2025-01-14,72.8777,-1.0984
F009,2025-01-15,72.143,-1.0081
F009,2025-01-16,71.3208,-1.1397
F009,2025-01-17,71.9182,0.8376
F009,2025-01-20,71.0684,-1.1816
F009,2025-01-21,71.2455,0.2492
F009,2025-01-22,71.1153,-0.1827
F009,2025-01-23,71.0782,-0.0522
F009,2025-01-24,71.8749,1.1209
F009,2025-01-27,71.6444,-0.3207
F009,2025-01-28,72.0164,0.5192
F009,2025-01-29,72.0596,0.06
F009,2025-01-30,71.9936,-0.0916
F009,2025-01-31,73.3399,1.87
F009,2025-02-03,72.5162,-1.1231
F009,2025-02-04,73.2858,1.0613
F009,2025-02-05,73.6926,0.5551
F009,2025-02-06,73.432,-0.3536
F009,2025-02-07,74.4112,1.3335
F009,2025-02-10,73.3334,-1.4484
F009,2025-02-11,73.0493,-0.3874
F009,2025-02-12,72.365,-0.9368
F009,2025-02-13,72.6253,0.3597
F009,2025-02-14,72.0004,-0.8604
F009,2025-02-17,72.2714,0.3764
F009,2025-02-18,72.1853,-0.1191
F009,2025-02-19,71.9301,-0.3535
F009,2025-02-20,72.1753,0.3409
F009,2025-02-21,72.1753,0.0
F009,2025-02-24,71.436,-1.0243
F009,2025-02-25,73.0584,2.2711
F009,2025-02-26,72.7956,-0.3597
F009,2025-02-27,71.526,-1.7441
F009,2025-02-28,71.0656,-0.6437
F009,2025-03-03,70.3664,-0.9839
F009,2025-03-04,70.8526,0.691
F009,2025-03-05,71.0562,0.2874
F009,2025-03-06,71.3042,0.349
F009,2025-03-07,71.1145,-0.266
F009,2025-03-10,70.9769,-0.1935
F009,2025-03-11,70.7876,-0.2667
F009,2025-03-12,70.7629,-0.0349
F009,2025-03-13,71.257,0.6982
F009,2025-03-14,71.47,0.2989
F009,2025-03-17,71.7774,0.4301
F009,2025-03-18,72.0858,0.4297
F009,2025-03-19,72.6175,0.7376
F009,2025-03-20,72.8067,0.2605
F009,2025-03-21,73.0376,0.3171
F009,2025-03-24,73.7541,0.981
F009,2025-03-25,73.3838,-0.5021
F009,2025-03-26,72.9034,-0.6546
F009,2025-03-27,72.2336,-0.9188
F009,2025-03-28,72.361,0.1764
F009,2025-03-31,71.3096,-1.453
F009,2025-04-01,71.5946,0.3997
F009,2025-04-02,71.5535,-0.0574
F009,2025-04-03,72.2245,0.9378
F009,2025-04-04,71.8579,-0.5076
F009,2025-04-07,71.7626,-0.1326
F009,2025-04-08,72.4284,0.9278
F009,2025-04-09,73.2516,1.1366
F009,2025-04-10,72.875,-0.5141
F009,2025-04-11,73.0028,0.1754
F009,2025-04-14,73.1966,0.2655
F009,2025-04-15,73.4374,0.329
F009,2025-04-16,73.3052,-0.18
F009,2025-04-17,74.0786,1.055
F009,2025-04-18,72.9809,-1.4818
F009,2025-04-21,72.7569,-0.3069
F009,2025-04-22,73.0394,0.3883
F009,2025-04-23,73.3285,0.3958
F009,2025-04-24,74.1441,1.1123
F009,2025-04-25,74.8771,0.9886
F009,2025-04-28,74.7285,-0.1985
F009,2025-04-29,75.528,1.0699
F009,2025-04-30,75.1192,-0.5413
F009,2025-05-01,75.7012,0.7748
F009,2025-05-02,76.8204,1.4784
F009,2025-05-05,77.5901,1.0019
F009,2025-05-06,77.679,0.1146
F009,2025-05-07,77.4961,-0.2355
F009,2025-05-08,77.4961,0.0
F009,2025-05-09,76.7849,-0.9177
F009,2025-05-12,76.1229,-0.8621
F009,2025-05-13,75.6627,-0.6045
F009,2025-05-14,74.9646,-0.9226
F009,2025-05-15,74.711,-0.3383
F009,2025-05-16,74.7167,0.0076
F009,2025-05-19,74.9027,0.2489
F009,2025-05-20,74.5653,-0.4505
F009,2025-05-21,75.2255,0.8854
F009,2025-05-22,75.1228,-0.1365
F009,2025-05-23,74.6719,-0.6002
F009,2025-05-26,74.8295,0.2111
F009,2025-05-27,76.0274,1.6008
F009,2025-05-28,76.2541,0.2982
F009,2025-05-29,76.0556,-0.2603
F009,2025-05-30,75.149,-1.192
F009,2025-06-02,75.0396,-0.1456
F009,2025-06-03,75.2031,0.2179
F009,2025-06-04,74.9925,-0.28
F009,2025-06-05,74.0159,-1.3023
F009,2025-06-06,73.5345,-0.6504
F009,2025-06-09,74.4122,1.1936
F009,2025-06-10,75.2882,1.1772
F009,2025-06-11,74.7768,-0.6793
F009,2025-06-12,75.2017,0.5682
F009,2025-06-13,74.5152,-0.9129
F009,2025-06-16,75.3747,1.1535
F009,2025-06-17,75.5452,0.2262
F009,2025-06-18,76.1418,0.7897
F009,2025-06-19,75.1199,-1.3421
F009,2025-06-20,75.5497,0.5722
F009,2025-06-23,75.5677,0.0238
F009,2025-06-24,76.1054,0.7115
F009,2025-06-25,76.6852,0.7618
F009,2025-06-26,76.7486,0.0827
F009,2025-06-27,76.4027,-0.4507
F009,2025-06-30,76.9022,0.6538
F009,2025-07-01,76.8883,-0.0181
F009,2025-07-02,76.3745,-0.6682
F009,2025-07-03,75.8352,-0.7061
F009,2025-07-04,74.9618,-1.1517
F009,2025-07-07,74.6783,-0.3782
F009,2025-07-08,75.3595,0.9122
F009,2025-07-09,75.4893,0.1722
F009,2025-07-10,75.192,-0.3938
F009,2025-07-11,75.6987,0.6739
F009,2025-07-14,75.2173,-0.6359
F009,2025-07-15,75.2972,0.1062
F009,2025-07-16,75.2116,-0.1137
F009,2025-07-17,75.703,0.6534
F009,2025-07-18,74.7705,-1.2318
F009,2025-07-21,74.2844,-0.6501
F009,2025-07-22,73.3331,-1.2806
F009,2025-07-23,73.2028,-0.1777
F009,2025-07-24,73.9342,0.9991
F009,2025-07-25,73.6574,-0.3744
F009,2025-07-28,73.3786,-0.3785
F009,2025-07-29,73.9123,0.7273
F009,2025-07-30,74.5663,0.8848
F009,2025-07-31,74.5358,-0.0409
F009,2025-08-01,74.9664,0.5777
F009,2025-08-04,74.343,-0.8316
F009,2025-08-05,75.1848,1.1323
F009,2025-08-06,76.4998,1.749
F009,2025-08-07,76.8417,0.4469
F009,2025-08-08,75.5834,-1.6375
F009,2025-08-11,75.2685,-0.4166
F009,2025-08-12,75.6601,0.5203
F009,2025-08-13,75.4277,-0.3072
F009,2025-08-14,76.218,1.0478
F009,2025-08-15,76.5995,0.5005
F009,2025-08-18,76.1896,-0.5351
F009,2025-08-19,76.2321,0.0558
F009,2025-08-20,75.7099,-0.685
F009,2025-08-21,75.622,-0.1161
F009,2025-08-22,75.3092,-0.4136
F009,2025-08-25,76.0396,0.9699
F009,2025-08-26,77.3496,1.7228
F009,2025-08-27,76.4872,-1.1149
F009,2025-08-28,75.3333,-1.5086
F009,2025-08-29,75.2081,-0.1662
F009,2025-09-01,74.3171,-1.1847
F009,2025-09-02,74.3669,0.067
F009,2025-09-03,74.8348,0.6292
F009,2025-09-04,75.7518,1.2254
F009,2025-09-05,75.8966,0.1912
F009,2025-09-08,75.8021,-0.1245
F009,2025-09-09,74.6251,-1.5527
F009,2025-09-10,74.6631,0.0509
F009,2025-09-11,74.7281,0.0871
F009,2025-09-12,75.1325,0.5412
F009,2025-09-15,74.7292,-0.5368
F009,2025-09-16,74.4915,-0.3181
F009,2025-09-17,73.6331,-1.1523
F009,2025-09-18,72.3055,-1.803
F009,2025-09-19,71.686,-0.8568
F009,2025-09-22,70.8069,-1.2263
F009,2025-09-23,70.8069,0.0
F009,2025-09-24,70.7458,-0.0863
F009,2025-09-25,70.4624,-0.4006
F009,2025-09-26,69.9286,-0.7576
F009,2025-09-29,68.1412,-2.556
F009,2025-09-30,68.9839,1.2367
F009,2025-10-01,68.4526,-0.7702
F009,2025-10-02,68.2473,-0.2999
F009,2025-10-03,67.4734,-1.134
F009,2025-10-06,68.0183,0.8076
F009,2025-10-07,68.1168,0.1448
F009,2025-10-08,67.6869,-0.6311
F009,2025-10-09,67.4948,-0.2838
F009,2025-10-10,68.4212,1.3726
F009,2025-10-13,68.4018,-0.0284
F009,2025-10-14,68.3229,-0.1153
F009,2025-10-15,67.8289,-0.723
F009,2025-10-16,66.8212,-1.4856
F009,2025-10-17,66.7557,-0.098
F009,2025-10-20,66.9496,0.2905
F009,2025-10-21,67.5586,0.9096
F009,2025-10-22,66.3636,-1.7688
F009,2025-10-23,65.7862,-0.8701
F009,2025-10-24,65.5003,-0.4346
F009,2025-10-27,65.5181,0.0272
F009,2025-10-28,65.4617,-0.0861
F009,2025-10-29,65.4176,-0.0674
F009,2025-10-30,65.6508,0.3565
F009,2025-10-31,65.1961,-0.6926
F009,2025-11-03,65.7029,0.7773
F009,2025-11-04,65.9504,0.3767
F009,2025-11-05,65.8014,-0.2259
F009,2025-11-06,66.6639,1.3108
F009,2025-11-07,67.514,1.2752
F009,2025-11-10,68.0381,0.7763
F009,2025-11-11,66.4155,-2.3848
F009,2025-11-12,67.2744,1.2932
F009,2025-11-13,67.7223,0.6658
F009,2025-11-14,68.8296,1.6351
F009,2025-11-17,69.5316,1.0199
F009,2025-11-18,70.4304,1.2926
F009,2025-11-19,70.9466,0.7329
F009,2025-11-20,71.7334,1.109
F009,2025-11-21,72.8993,1.6253
F009,2025-11-24,73.0475,0.2033
F009,2025-11-25,72.1506,-1.2278
F009,2025-11-26,71.9948,-0.2159
F009,2025-11-27,72.241,0.342
F009,2025-11-28,72.306,0.09
F009,2025-12-01,71.6066,-0.9673
F009,2025-12-02,70.6937,-1.2749
F009,2025-12-03,70.2957,-0.563
F009,2025-12-04,70.771,0.6761
F009,2025-12-05,71.687,1.2943
F009,2025-12-08,72.2342,0.7633
F009,2025-12-09,72.8669,0.8759
F009,2025-12-10,72.8416,-0.0347
F009,2025-12-11,71.8483,-1.3636
F009,2025-12-12,71.6082,-0.3342
F009,2025-12-15,71.4814,-0.1771
F009,2025-12-16,71.2186,-0.3676
F009,2025-12-17,71.2711,0.0737
F009,2025-12-18,71.5442,0.3832
F009,2025-12-19,72.0539,0.7124
F009,2025-12-22,71.9152,-0.1925
F009,2025-12-23,70.8415,-1.493
F009,2025-12-24,70.5891,-0.3563
F009,2025-12-25,70.5891,0.0
F009,2025-12-26,71.3472,1.074
F009,2025-12-29,71.0445,-0.4243
F009,2025-12-30,71.3571,0.44
F009,2025-12-31,71.5441,0.2621
F009,2026-01-01,71.5907,0.0651
F009,2026-01-02,72.1451,0.7744
F009,2026-01-05,71.7853,-0.4987
F009,2026-01-06,71.4765,-0.4302
F009,2026-01-07,71.4911,0.0204
F009,2026-01-08,71.1464,-0.4822
F009,2026-01-09,71.4569,0.4364
F009,2026-01-12,71.0706,-0.5406
F009,2026-01-13,71.2206,0.2111
F009,2026-01-14,71.1849,-0.0501
F009,2026-01-15,71.3287,0.202
F009,2026-01-16,71.0878,-0.3377
F009,2026-01-19,70.9163,-0.2413
F009,2026-01-20,70.992,0.1067
F009,2026-01-21,71.1281,0.1917
F009,2026-01-22,71.147,0.0266
F009,2026-01-23,72.139,1.3943
F009,2026-01-26,71.5889,-0.7626
F009,2026-01-27,71.5736,-0.0214
F009,2026-01-28,70.694,-1.2289
F009,2026-01-29,70.9256,0.3276
F009,2026-01-30,70.3141,-0.8622
F009,2026-02-02,70.1786,-0.1927
F009,2026-02-03,69.9908,-0.2676
F009,2026-02-04,70.1691,0.2547
F009,2026-02-05,69.8798,-0.4123
F009,2026-02-06,69.568,-0.4462
F009,2026-02-09,70.388,1.1787
F009,2026-02-10,70.5694,0.2577
F009,2026-02-11,70.2738,-0.4189
F009,2026-02-12,70.1539,-0.1706
F009,2026-02-13,71.0984,1.3463
F009,2026-02-16,70.986,-0.1581
F009,2026-02-17,70.6159,-0.5214
F009,2026-02-18,70.2501,-0.518
F009,2026-02-19,69.9626,-0.4093
F009,2026-02-20,69.6508,-0.4457
F009,2026-02-23,68.9587,-0.9937
F009,2026-02-24,68.3592,-0.8694
F009,2026-02-25,67.9262,-0.6334
F009,2026-02-26,68.268,0.5032
F009,2026-02-27,68.0803,-0.2749
F009,2026-03-02,67.9879,-0.1357
F009,2026-03-03,68.6991,1.0461
F009,2026-03-04,69.4314,1.066
F009,2026-03-05,69.2955,-0.1957
F009,2026-03-06,68.9666,-0.4746
F009,2026-03-09,68.5104,-0.6615
F009,2026-03-10,68.9107,0.5843
F009,2026-03-11,68.8185,-0.1338
F009,2026-03-12,68.6264,-0.2791
F009,2026-03-13,68.2003,-0.6209
F009,2026-03-16,67.8008,-0.5858
F009,2026-03-17,67.9947,0.286
F009,2026-03-18,67.2996,-1.0223
F009,2026-03-19,67.8554,0.8259
F009,2026-03-20,67.586,-0.397
F009,2026-03-23,67.5254,-0.0897
F009,2026-03-24,66.8234,-1.0396
F009,2026-03-25,66.8368,0.0201
F009,2026-03-26,66.6813,-0.2327
F009,2026-03-27,66.6746,-0.01
F009,2026-03-30,67.4796,1.2074
F009,2026-03-31,67.5958,0.1722
F009,2026-04-01,67.1864,-0.6057
F009,2026-04-02,66.8242,-0.5391
F009,2026-04-03,67.1624,0.5061
F009,2026-04-06,67.8803,1.0689
F009,2026-04-07,68.0538,0.2556
F009,2026-04-08,68.4492,0.581
F009,2026-04-09,68.8036,0.5178
F009,2026-04-10,69.6053,1.1652
F009,2026-04-13,69.6053,0.0
F009,2026-04-14,68.927,-0.9745
F009,2026-04-15,69.4901,0.817
F009,2026-04-16,68.7667,-1.041
F009,2026-04-17,68.3001,-0.6785
F009,2026-04-20,67.8557,-0.6507
F009,2026-04-21,67.4804,-0.5531
F009,2026-04-22,67.2406,-0.3554
F009,2026-04-23,67.3913,0.2241
F009,2026-04-24,67.8782,0.7225
F009,2026-04-27,68.4857,0.895
F009,2026-04-28,68.0472,-0.6403
F009,2026-04-29,67.6078,-0.6457
F009,2026-04-30,68.3398,1.0827
F009,2026-05-01,68.7139,0.5474
F009,2026-05-04,68.7801,0.0963
F009,2026-05-05,69.0612,0.4087
F009,2026-05-06,69.0655,0.0062
F009,2026-05-07,69.3761,0.4497
F009,2026-05-08,69.2104,-0.2388
F009,2026-05-11,69.38,0.245
F009,2026-05-12,68.5624,-1.1784
F009,2026-05-13,68.2057,-0.5203
F009,2026-05-14,67.8568,-0.5115
F009,2026-05-15,67.6739,-0.2695
F009,2026-05-18,67.1926,-0.7112
F009,2026-05-19,66.926,-0.3968
F009,2026-05-20,66.1352,-1.1816
F009,2026-05-21,66.4453,0.4689
F009,2026-05-22,66.4214,-0.036
F009,2026-05-25,65.5352,-1.3342
F009,2026-05-26,65.1172,-0.6378
F009,2026-05-27,65.3121,0.2993
F009,2026-05-28,65.048,-0.4044
F009,2026-05-29,64.7048,-0.5276
F009,2026-06-01,64.6856,-0.0297
F009,2026-06-02,64.8828,0.3049
F009,2026-06-03,64.1567,-1.1191
F009,2026-06-04,64.4583,0.4701
F009,2026-06-05,64.065,-0.6102
F009,2026-06-08,64.075,0.0156
F009,2026-06-09,64.0761,0.0017
F009,2026-06-10,63.8251,-0.3917
F009,2026-06-11,63.3216,-0.7889
F009,2026-06-12,63.1959,-0.1985
F009,2026-06-15,64.0366,1.3303
F009,2026-06-16,63.3582,-1.0594
F009,2026-06-17,64.235,1.3839
F009,2026-06-18,64.235,0.0
F009,2026-06-19,64.1582,-0.1196
F009,2026-06-22,63.6197,-0.8393
F009,2026-06-23,63.2462,-0.5871
F009,2026-06-24,63.0107,-0.3724
F009,2026-06-25,62.5025,-0.8065
F009,2026-06-26,62.4168,-0.1371
F009,2026-06-29,62.2323,-0.2956
F009,2026-06-30,63.1724,1.5106
F009,2026-07-01,62.6021,-0.9028
F009,2026-07-02,62.6723,0.1121
F009,2026-07-03,62.8154,0.2283
F009,2026-07-06,62.2964,-0.8262
F009,2026-07-07,62.6574,0.5795
F009,2026-07-08,62.4765,-0.2887
F009,2026-07-09,61.2495,-1.9639
F009,2026-07-10,61.5912,0.5579
F009,2026-07-13,61.0593,-0.8636
F009,2026-07-14,60.5658,-0.8082
F009,2026-07-15,60.9173,0.5804
F009,2026-07-16,60.7664,-0.2477
F009,2026-07-17,61.2308,0.7642
F009,2026-07-20,61.842,0.9982
F009,2026-07-21,61.5415,-0.4859
F009,2026-07-22,61.9505,0.6646
F009,2026-07-23,61.5947,-0.5743
F009,2026-07-24,62.7136,1.8166
F009,2026-07-27,62.3848,-0.5243
F009,2026-07-28,62.9156,0.8508
F009,2026-07-29,63.3592,0.7051
F009,2026-07-30,63.5384,0.2828
F009,2026-07-31,63.2166,-0.5065
F009,2026-08-03,63.159,-0.0911
F009,2026-08-04,62.0898,-1.6929
F009,2026-08-05,62.2199,0.2095
F009,2026-08-06,62.4126,0.3097
F009,2026-08-07,62.498,0.1368
F009,2026-08-10,61.0301,-2.3487
F009,2026-08-11,60.4305,-0.9825
F009,2026-08-12,60.087,-0.5684
F009,2026-08-13,60.2452,0.2633
F009,2026-08-14,60.4027,0.2614
F009,2026-08-17,60.3386,-0.1061
F009,2026-08-18,60.6633,0.5381
F009,2026-08-19,60.1835,-0.7909
F009,2026-08-20,60.4954,0.5182
F009,2026-08-21,60.7433,0.4098
F009,2026-08-24,60.945,0.3321
F009,2026-08-25,60.8745,-0.1157
F009,2026-08-26,61.7843,1.4946
F009,2026-08-27,62.0466,0.4245
F009,2026-08-28,61.5846,-0.7446
F009,2026-08-31,61.7254,0.2286
F009,2026-09-01,62.1155,0.632
F009,2026-09-02,61.8419,-0.4405
F009,2026-09-03,62.3994,0.9015
F009,2026-09-04,62.6088,0.3356
F010,2022-01-03,115.1271,
F010,2022-01-04,115.2249,0.0849
F010,2022-01-05,115.1601,-0.0562
F010,2022-01-06,115.3126,0.1324
F010,2022-01-07,115.5592,0.2139
F010,2022-01-10,115.6332,0.064
F010,2022-01-11,116.0472,0.358
F010,2022-01-12,116.0347,-0.0108
F010,2022-01-13,116.2087,0.15
F010,2022-01-14,116.4248,0.186
F010,2022-01-17,116.4312,0.0055
F010,2022-01-18,116.6417,0.1808
F010,2022-01-19,116.5321,-0.094
F010,2022-01-20,116.4627,-0.0596
F010,2022-01-21,116.1861,-0.2375
F010,2022-01-24,116.2712,0.0732
F010,2022-01-25,116.3759,0.09
F010,2022-01-26,116.6795,0.2609
F010,2022-01-27,116.8933,0.1832
F010,2022-01-28,116.8559,-0.032
F010,2022-01-31,116.6098,-0.2106
F010,2022-02-01,116.7399,0.1116
F010,2022-02-02,117.0284,0.2471
F010,2022-02-03,117.2344,0.176
F010,2022-02-04,117.518,0.2419
F010,2022-02-07,117.4976,-0.0174
F010,2022-02-08,117.4173,-0.0683
F010,2022-02-09,117.2736,-0.1224
F010,2022-02-10,117.2898,0.0138
F010,2022-02-11,117.3007,0.0093
F010,2022-02-14,117.3785,0.0663
F010,2022-02-15,117.3775,-0.0009
F010,2022-02-16,117.3755,-0.0017
F010,2022-02-17,117.2225,-0.1304
F010,2022-02-18,117.4726,0.2134
F010,2022-02-21,117.5199,0.0403
F010,2022-02-22,117.5083,-0.0099
F010,2022-02-23,117.362,-0.1245
F010,2022-02-24,117.0787,-0.2414
F010,2022-02-25,117.4142,0.2866
F010,2022-02-28,117.5738,0.1359
F010,2022-03-01,117.2213,-0.2998
F010,2022-03-02,117.4295,0.1776
F010,2022-03-03,117.6755,0.2095
F010,2022-03-04,117.7342,0.0499
F010,2022-03-07,118.1399,0.3446
F010,2022-03-08,118.2206,0.0683
F010,2022-03-09,117.9152,-0.2583
F010,2022-03-10,118.0308,0.098
F010,2022-03-11,118.1181,0.074
F010,2022-03-14,118.0051,-0.0957
F010,2022-03-15,118.17,0.1397
F010,2022-03-16,117.8054,-0.3085
F010,2022-03-17,118.0682,0.2231
F010,2022-03-18,117.8904,-0.1506
F010,2022-03-21,117.6876,-0.172
F010,2022-03-22,117.6902,0.0022
F010,2022-03-23,117.8215,0.1116
F010,2022-03-24,117.8896,0.0578
F010,2022-03-25,117.744,-0.1235
F010,2022-03-28,117.6543,-0.0762
F010,2022-03-29,117.4171,-0.2016
F010,2022-03-30,117.3937,-0.0199
F010,2022-03-31,117.6754,0.24
F010,2022-04-01,117.7038,0.0241
F010,2022-04-04,117.9355,0.1969
F010,2022-04-05,118.3083,0.3161
F010,2022-04-06,118.1987,-0.0926
F010,2022-04-07,118.1841,-0.0124
F010,2022-04-08,118.7268,0.4592
F010,2022-04-11,119.0994,0.3138
F010,2022-04-12,118.7308,-0.3095
F010,2022-04-13,118.8524,0.1024
F010,2022-04-14,118.8822,0.0251
F010,2022-04-15,119.1084,0.1903
F010,2022-04-18,118.9607,-0.124
F010,2022-04-19,118.7907,-0.1429
F010,2022-04-20,118.6598,-0.1102
F010,2022-04-21,118.5537,-0.0894
F010,2022-04-22,118.7767,0.1881
F010,2022-04-25,118.5258,-0.2112
F010,2022-04-26,118.4078,-0.0996
F010,2022-04-27,118.0137,-0.3328
F010,2022-04-28,118.2809,0.2264
F010,2022-04-29,118.6111,0.2792
F010,2022-05-02,118.5632,-0.0404
F010,2022-05-03,118.5222,-0.0346
F010,2022-05-04,118.6593,0.1157
F010,2022-05-05,119.0389,0.3199
F010,2022-05-06,119.1659,0.1067
F010,2022-05-09,119.0294,-0.1145
F010,2022-05-10,118.6738,-0.2987
F010,2022-05-11,118.4388,-0.198
F010,2022-05-12,118.4858,0.0397
F010,2022-05-13,118.3601,-0.1061
F010,2022-05-16,118.4358,0.064
F010,2022-05-17,118.3344,-0.0856
F010,2022-05-18,118.1136,-0.1866
F010,2022-05-19,117.8651,-0.2104
F010,2022-05-20,118.2629,0.3375
F010,2022-05-23,118.5027,0.2028
F010,2022-05-24,118.9425,0.3711
F010,2022-05-25,119.1007,0.133
F010,2022-05-26,119.0281,-0.061
F010,2022-05-27,119.3729,0.2897
F010,2022-05-30,119.3948,0.0183
F010,2022-05-31,119.4774,0.0692
F010,2022-06-01,119.497,0.0164
F010,2022-06-02,118.8226,-0.5644
F010,2022-06-03,119.2337,0.346
F010,2022-06-06,119.3806,0.1232
F010,2022-06-07,119.4892,0.091
F010,2022-06-08,119.5043,0.0126
F010,2022-06-09,119.5732,0.0577
F010,2022-06-10,119.4603,-0.0944
F010,2022-06-13,119.6375,0.1483
F010,2022-06-14,119.3547,-0.2364
F010,2022-06-15,119.429,0.0623
F010,2022-06-16,119.593,0.1373
F010,2022-06-17,119.5754,-0.0147
F010,2022-06-20,119.694,0.0992
F010,2022-06-21,119.4866,-0.1733
F010,2022-06-22,119.2857,-0.1681
F010,2022-06-23,119.372,0.0723
F010,2022-06-24,119.5638,0.1607
F010,2022-06-27,119.1454,-0.3499
F010,2022-06-28,119.2996,0.1294
F010,2022-06-29,119.1998,-0.0837
F010,2022-06-30,119.1836,-0.0136
F010,2022-07-01,118.8941,-0.2429
F010,2022-07-04,118.7213,-0.1453
F010,2022-07-05,118.9804,0.2182
F010,2022-07-06,119.018,0.0316
F010,2022-07-07,118.9566,-0.0516
F010,2022-07-08,118.9586,0.0017
F010,2022-07-11,119.1047,0.1228
F010,2022-07-12,119.2394,0.1131
F010,2022-07-13,119.2513,0.01
F010,2022-07-14,119.5418,0.2436
F010,2022-07-15,119.8037,0.2191
F010,2022-07-18,119.9327,0.1077
F010,2022-07-19,119.9758,0.0359
F010,2022-07-20,120.1635,0.1564
F010,2022-07-21,120.2691,0.0879
F010,2022-07-22,120.5543,0.2371
F010,2022-07-25,120.8013,0.2049
F010,2022-07-26,120.5855,-0.1786
F010,2022-07-27,120.3537,-0.1922
F010,2022-07-28,120.215,-0.1152
F010,2022-07-29,120.4797,0.2202
F010,2022-08-01,120.13,-0.2903
F010,2022-08-02,120.2549,0.104
F010,2022-08-03,120.3722,0.0975
F010,2022-08-04,120.6822,0.2575
F010,2022-08-05,120.7559,0.0611
F010,2022-08-08,120.4617,-0.2436
F010,2022-08-09,120.2607,-0.1669
F010,2022-08-10,120.0065,-0.2114
F010,2022-08-11,119.9074,-0.0826
F010,2022-08-12,119.8935,-0.0116
F010,2022-08-15,119.644,-0.2081
F010,2022-08-16,120.0258,0.3191
F010,2022-08-17,119.7377,-0.24
F010,2022-08-18,120.09,0.2942
F010,2022-08-19,120.4047,0.2621
F010,2022-08-22,120.6511,0.2046
F010,2022-08-23,120.5139,-0.1137
F010,2022-08-24,120.6266,0.0935
F010,2022-08-25,120.3486,-0.2305
F010,2022-08-26,120.5979,0.2071
F010,2022-08-29,120.6102,0.0102
F010,2022-08-30,120.5416,-0.0569
F010,2022-08-31,120.2767,-0.2198
F010,2022-09-01,119.7108,-0.4705
F010,2022-09-02,119.4921,-0.1827
F010,2022-09-05,119.7879,0.2475
F010,2022-09-06,119.7213,-0.0556
F010,2022-09-07,119.7107,-0.0089
F010,2022-09-08,119.8976,0.1561
F010,2022-09-09,120.3606,0.3862
F010,2022-09-12,120.7096,0.29
F010,2022-09-13,120.505,-0.1695
F010,2022-09-14,120.0669,-0.3636
F010,2022-09-15,120.6635,0.4969
F010,2022-09-16,121.2412,0.4788
F010,2022-09-19,121.3172,0.0627
F010,2022-09-20,121.0393,-0.2291
F010,2022-09-21,121.3027,0.2176
F010,2022-09-22,121.3068,0.0034
F010,2022-09-23,121.3097,0.0024
F010,2022-09-26,121.557,0.2039
F010,2022-09-27,121.6687,0.0919
F010,2022-09-28,121.4106,-0.2121
F010,2022-09-29,121.3621,-0.0399
F010,2022-09-30,121.5529,0.1572
F010,2022-10-03,121.7073,0.127
F010,2022-10-04,121.8015,0.0774
F010,2022-10-05,122.0593,0.2117
F010,2022-10-06,122.0015,-0.0474
F010,2022-10-07,122.0756,0.0607
F010,2022-10-10,121.282,-0.6501
F010,2022-10-11,121.2033,-0.0649
F010,2022-10-12,121.4188,0.1778
F010,2022-10-13,121.3544,-0.053
F010,2022-10-14,121.2716,-0.0682
F010,2022-10-17,121.0493,-0.1833
F010,2022-10-18,121.3225,0.2257
F010,2022-10-19,121.4859,0.1347
F010,2022-10-20,121.7168,0.1901
F010,2022-10-21,121.327,-0.3203
F010,2022-10-24,121.3184,-0.0071
F010,2022-10-25,121.2808,-0.031
F010,2022-10-26,121.2431,-0.0311
F010,2022-10-27,121.124,-0.0982
F010,2022-10-28,121.0704,-0.0443
F010,2022-10-31,121.3064,0.1949
F010,2022-11-01,120.8726,-0.3576
F010,2022-11-02,121.3325,0.3805
F010,2022-11-03,121.4802,0.1217
F010,2022-11-04,121.5003,0.0165
F010,2022-11-07,121.751,0.2063
F010,2022-11-08,121.4279,-0.2654
F010,2022-11-09,121.2968,-0.108
F010,2022-11-10,121.2978,0.0008
F010,2022-11-11,121.6594,0.2981
F010,2022-11-14,121.6785,0.0157
F010,2022-11-15,121.8184,0.115
F010,2022-11-16,121.7052,-0.0929
F010,2022-11-17,121.8541,0.1223
F010,2022-11-18,122.2933,0.3604
F010,2022-11-21,122.5674,0.2241
F010,2022-11-22,122.5781,0.0087
F010,2022-11-23,122.7743,0.1601
F010,2022-11-24,122.9468,0.1405
F010,2022-11-25,123.1021,0.1263
F010,2022-11-28,123.4066,0.2474
F010,2022-11-29,123.7101,0.2459
F010,2022-11-30,123.7096,-0.0004
F010,2022-12-01,123.8993,0.1533
F010,2022-12-02,123.8353,-0.0517
F010,2022-12-05,123.6376,-0.1596
F010,2022-12-06,123.6019,-0.0289
F010,2022-12-07,123.6139,0.0097
F010,2022-12-08,123.234,-0.3073
F010,2022-12-09,123.4769,0.1971
F010,2022-12-12,122.8244,-0.5284
F010,2022-12-13,123.522,0.568
F010,2022-12-14,123.9239,0.3254
F010,2022-12-15,123.8902,-0.0272
F010,2022-12-16,123.9235,0.0269
F010,2022-12-19,124.0296,0.0856
F010,2022-12-20,123.9145,-0.0928
F010,2022-12-21,123.9932,0.0635
F010,2022-12-22,123.9885,-0.0038
F010,2022-12-23,123.9961,0.0061
F010,2022-12-26,124.0721,0.0613
F010,2022-12-27,123.7772,-0.2377
F010,2022-12-28,123.8179,0.0329
F010,2022-12-29,123.8179,0.0
F010,2022-12-30,123.9522,0.1085
F010,2023-01-02,123.9297,-0.0182
F010,2023-01-03,124.2427,0.2526
F010,2023-01-04,124.1859,-0.0457
F010,2023-01-05,124.2734,0.0705
F010,2023-01-06,124.6269,0.2845
F010,2023-01-09,124.6383,0.0091
F010,2023-01-10,124.7229,0.0679
F010,2023-01-11,124.73,0.0057
F010,2023-01-12,125.0699,0.2725
F010,2023-01-13,125.0367,-0.0265
F010,2023-01-16,125.3889,0.2817
F010,2023-01-17,125.3943,0.0043
F010,2023-01-18,125.2101,-0.1469
F010,2023-01-19,125.4115,0.1608
F010,2023-01-20,125.3664,-0.036
F010,2023-01-23,125.5533,0.1491
F010,2023-01-24,124.8993,-0.5209
F010,2023-01-25,124.9318,0.026
F010,2023-01-26,124.8482,-0.0669
F010,2023-01-27,124.6139,-0.1877
F010,2023-01-30,124.5072,-0.0856
F010,2023-01-31,124.3955,-0.0897
F010,2023-02-01,124.4147,0.0154
F010,2023-02-02,124.1056,-0.2484
F010,2023-02-03,124.2151,0.0882
F010,2023-02-06,124.5856,0.2983
F010,2023-02-07,124.6867,0.0811
F010,2023-02-08,124.9196,0.1868
F010,2023-02-09,125.2243,0.2439
F010,2023-02-10,125.5653,0.2723
F010,2023-02-13,126.0663,0.399
F010,2023-02-14,125.972,-0.0748
F010,2023-02-15,125.8225,-0.1187
F010,2023-02-16,126.0511,0.1817
F010,2023-02-17,126.2612,0.1667
F010,2023-02-20,126.4886,0.1801
F010,2023-02-21,126.9982,0.4029
F010,2023-02-22,127.0328,0.0272
F010,2023-02-23,127.1728,0.1102
F010,2023-02-24,126.9552,-0.1711
F010,2023-02-27,127.5291,0.452
F010,2023-02-28,127.4751,-0.0423
F010,2023-03-01,127.4284,-0.0366
F010,2023-03-02,127.3719,-0.0443
F010,2023-03-03,127.2395,-0.1039
F010,2023-03-06,127.0857,-0.1209
F010,2023-03-07,126.9844,-0.0797
F010,2023-03-08,126.6693,-0.2481
F010,2023-03-09,126.502,-0.1321
F010,2023-03-10,127.0267,0.4148
F010,2023-03-13,127.2454,0.1722
F010,2023-03-14,127.5128,0.2101
F010,2023-03-15,127.8449,0.2604
F010,2023-03-16,128.3458,0.3918
F010,2023-03-17,127.9232,-0.3293
F010,2023-03-20,127.6405,-0.221
F010,2023-03-21,127.4672,-0.1358
F010,2023-03-22,127.3793,-0.069
F010,2023-03-23,127.3346,-0.0351
F010,2023-03-24,127.2526,-0.0644
F010,2023-03-27,127.3402,0.0688
F010,2023-03-28,127.381,0.032
F010,2023-03-29,127.2287,-0.1196
F010,2023-03-30,126.7069,-0.4101
F010,2023-03-31,126.487,-0.1736
F010,2023-04-03,126.3797,-0.0848
F010,2023-04-04,126.3488,-0.0245
F010,2023-04-05,126.0949,-0.201
F010,2023-04-06,126.0026,-0.0732
F010,2023-04-07,125.7491,-0.2012
F010,2023-04-10,125.7489,-0.0002
F010,2023-04-11,125.5105,-0.1896
F010,2023-04-12,125.3288,-0.1448
F010,2023-04-13,125.0321,-0.2367
F010,2023-04-14,125.025,-0.0057
F010,2023-04-17,124.8396,-0.1483
F010,2023-04-18,125.0972,0.2063
F010,2023-04-19,125.23,0.1062
F010,2023-04-20,125.2438,0.011
F010,2023-04-21,125.0754,-0.1345
F010,2023-04-24,125.2019,0.1011
F010,2023-04-25,125.4062,0.1632
F010,2023-04-26,125.4733,0.0535
F010,2023-04-27,125.9071,0.3457
F010,2023-04-28,126.0543,0.1169
F010,2023-05-01,126.3161,0.2077
F010,2023-05-02,126.3814,0.0517
F010,2023-05-03,126.5838,0.1602
F010,2023-05-04,126.4137,-0.1344
F010,2023-05-05,126.3294,-0.0667
F010,2023-05-08,126.4493,0.0949
F010,2023-05-09,126.5674,0.0934
F010,2023-05-10,126.7275,0.1265
F010,2023-05-11,127.0381,0.2451
F010,2023-05-12,126.7078,-0.26
F010,2023-05-15,126.4925,-0.1699
F010,2023-05-16,126.5822,0.0709
F010,2023-05-17,126.4305,-0.1198
F010,2023-05-18,127.3162,0.7005
F010,2023-05-19,127.4793,0.1281
F010,2023-05-22,127.4912,0.0093
F010,2023-05-23,127.3916,-0.0781
F010,2023-05-24,127.3011,-0.071
F010,2023-05-25,127.3406,0.031
F010,2023-05-26,127.401,0.0474
F010,2023-05-29,127.3165,-0.0663
F010,2023-05-30,127.2788,-0.0296
F010,2023-05-31,127.6528,0.2938
F010,2023-06-01,128.0382,0.3019
F010,2023-06-02,128.1347,0.0754
F010,2023-06-05,127.823,-0.2433
F010,2023-06-06,127.9926,0.1327
F010,2023-06-07,128.4225,0.3359
F010,2023-06-08,128.8064,0.2989
F010,2023-06-09,129.0278,0.1719
F010,2023-06-12,129.4271,0.3095
F010,2023-06-13,129.4733,0.0357
F010,2023-06-14,129.6683,0.1506
F010,2023-06-15,129.5242,-0.1111
F010,2023-06-16,129.6323,0.0835
F010,2023-06-19,130.0094,0.2909
F010,2023-06-20,129.8886,-0.0929
F010,2023-06-21,129.6973,-0.1473
F010,2023-06-22,129.755,0.0445
F010,2023-06-23,129.7286,-0.0203
F010,2023-06-26,129.9295,0.1549
F010,2023-06-27,129.8442,-0.0657
F010,2023-06-28,130.3229,0.3687
F010,2023-06-29,130.0193,-0.233
F010,2023-06-30,130.3778,0.2757
F010,2023-07-03,130.211,-0.1279
F010,2023-07-04,129.7758,-0.3342
F010,2023-07-05,129.87,0.0726
F010,2023-07-06,129.8363,-0.0259
F010,2023-07-07,129.5806,-0.1969
F010,2023-07-10,129.1772,-0.3113
F010,2023-07-11,129.2073,0.0233
F010,2023-07-12,129.4918,0.2202
F010,2023-07-13,129.6757,0.142
F010,2023-07-14,129.7228,0.0363
F010,2023-07-17,129.8795,0.1208
F010,2023-07-18,129.9049,0.0196
F010,2023-07-19,129.5659,-0.261
F010,2023-07-20,129.2301,-0.2592
F010,2023-07-21,129.2099,-0.0156
F010,2023-07-24,129.2007,-0.0071
F010,2023-07-25,129.4529,0.1952
F010,2023-07-26,129.6813,0.1764
F010,2023-07-27,129.8707,0.1461
F010,2023-07-28,129.8304,-0.031
F010,2023-07-31,129.5044,-0.2511
F010,2023-08-01,129.6435,0.1074
F010,2023-08-02,129.8121,0.13
F010,2023-08-03,129.2244,-0.4527
F010,2023-08-04,129.0411,-0.1418
F010,2023-08-07,128.895,-0.1132
F010,2023-08-08,128.9577,0.0486
F010,2023-08-09,128.7827,-0.1357
F010,2023-08-10,128.8051,0.0174
F010,2023-08-11,128.7831,-0.0171
F010,2023-08-14,128.7743,-0.0068
F010,2023-08-15,128.622,-0.1183
F010,2023-08-16,128.4898,-0.1028
F010,2023-08-17,128.2443,-0.1911
F010,2023-08-18,128.2443,0.0
F010,2023-08-21,128.5525,0.2403
F010,2023-08-22,128.3865,-0.1291
F010,2023-08-23,128.8091,0.3292
F010,2023-08-24,128.7603,-0.0379
F010,2023-08-25,129.1865,0.331
F010,2023-08-28,129.0529,-0.1034
F010,2023-08-29,128.5621,-0.3803
F010,2023-08-30,128.6977,0.1055
F010,2023-08-31,128.7938,0.0747
F010,2023-09-01,128.8349,0.0319
F010,2023-09-04,128.7016,-0.1035
F010,2023-09-05,128.7249,0.0181
F010,2023-09-06,128.6255,-0.0772
F010,2023-09-07,128.5799,-0.0355
F010,2023-09-08,128.8285,0.1933
F010,2023-09-11,128.9082,0.0619
F010,2023-09-12,129.0977,0.147
F010,2023-09-13,129.0701,-0.0214
F010,2023-09-14,129.0141,-0.0434
F010,2023-09-15,128.7487,-0.2057
F010,2023-09-18,128.6856,-0.049
F010,2023-09-19,127.863,-0.6392
F010,2023-09-20,127.744,-0.0931
F010,2023-09-21,127.755,0.0086
F010,2023-09-22,127.931,0.1378
F010,2023-09-25,127.8942,-0.0288
F010,2023-09-26,128.0151,0.0945
F010,2023-09-27,127.489,-0.411
F010,2023-09-28,127.5064,0.0136
F010,2023-09-29,127.11,-0.3109
F010,2023-10-02,126.8346,-0.2167
F010,2023-10-03,126.8188,-0.0125
F010,2023-10-04,127.1742,0.2802
F010,2023-10-05,127.3004,0.0992
F010,2023-10-06,127.3369,0.0287
F010,2023-10-09,127.3638,0.0211
F010,2023-10-10,127.2139,-0.1177
F010,2023-10-11,127.1073,-0.0838
F010,2023-10-12,127.2477,0.1105
F010,2023-10-13,126.9269,-0.2521
F010,2023-10-16,127.1092,0.1436
F010,2023-10-17,127.0422,-0.0527
F010,2023-10-18,127.2837,0.1901
F010,2023-10-19,127.5602,0.2172
F010,2023-10-20,127.1653,-0.3096
F010,2023-10-23,127.0492,-0.0913
F010,2023-10-24,126.8636,-0.1461
F010,2023-10-25,126.4354,-0.3375
F010,2023-10-26,126.2059,-0.1815
F010,2023-10-27,126.8537,0.5133
F010,2023-10-30,127.0401,0.1469
F010,2023-10-31,127.559,0.4085
F010,2023-11-01,127.8024,0.1908
F010,2023-11-02,127.6447,-0.1234
F010,2023-11-03,127.5791,-0.0514
F010,2023-11-06,127.7611,0.1427
F010,2023-11-07,127.9048,0.1125
F010,2023-11-08,127.7891,-0.0905
F010,2023-11-09,127.4351,-0.277
F010,2023-11-10,128.3049,0.6825
F010,2023-11-13,128.3008,-0.0032
F010,2023-11-14,128.2493,-0.0401
F010,2023-11-15,128.3104,0.0476
F010,2023-11-16,128.2802,-0.0235
F010,2023-11-17,128.3438,0.0496
F010,2023-11-20,128.7062,0.2824
F010,2023-11-21,128.7063,0.0001
F010,2023-11-22,128.4392,-0.2075
F010,2023-11-23,128.4298,-0.0073
F010,2023-11-24,128.3426,-0.0679
F010,2023-11-27,128.7402,0.3098
F010,2023-11-28,129.0739,0.2592
F010,2023-11-29,129.1339,0.0465
F010,2023-11-30,128.8359,-0.2308
F010,2023-12-01,128.5522,-0.2202
F010,2023-12-04,128.5882,0.028
F010,2023-12-05,128.7068,0.0922
F010,2023-12-06,128.6425,-0.05
F010,2023-12-07,128.5511,-0.071
F010,2023-12-08,128.4308,-0.0936
F010,2023-12-11,128.4569,0.0203
F010,2023-12-12,127.8768,-0.4516
F010,2023-12-13,127.6271,-0.1953
F010,2023-12-14,127.4989,-0.1004
F010,2023-12-15,127.8387,0.2665
F010,2023-12-18,127.6626,-0.1378
F010,2023-12-19,127.7406,0.0611
F010,2023-12-20,127.8304,0.0703
F010,2023-12-21,128.1942,0.2846
F010,2023-12-22,128.55,0.2775
F010,2023-12-25,128.5674,0.0135
F010,2023-12-26,128.4773,-0.0701
F010,2023-12-27,128.3388,-0.1078
F010,2023-12-28,128.309,-0.0232
F010,2023-12-29,128.2297,-0.0618
F010,2024-01-01,128.4037,0.1357
F010,2024-01-02,128.5437,0.109
F010,2024-01-03,128.728,0.1434
F010,2024-01-04,129.0844,0.2769
F010,2024-01-05,129.5976,0.3976
F010,2024-01-08,129.6623,0.0499
F010,2024-01-09,129.9798,0.2449
F010,2024-01-10,129.9209,-0.0453
F010,2024-01-11,130.2613,0.262
F010,2024-01-12,130.5704,0.2373
F010,2024-01-15,130.8664,0.2267
F010,2024-01-16,130.9237,0.0438
F010,2024-01-17,130.7814,-0.1087
F010,2024-01-18,130.4493,-0.2539
F010,2024-01-19,130.4715,0.017
F010,2024-01-22,130.9041,0.3316
F010,2024-01-23,130.8557,-0.037
F010,2024-01-24,131.0939,0.182
F010,2024-01-25,131.3479,0.1938
F010,2024-01-26,131.3062,-0.0317
F010,2024-01-29,131.6847,0.2883
F010,2024-01-30,130.9516,-0.5567
F010,2024-01-31,130.6641,-0.2195
F010,2024-02-01,130.4575,-0.1581
F010,2024-02-02,130.2762,-0.139
F010,2024-02-05,130.3964,0.0923
F010,2024-02-06,130.5046,0.083
F010,2024-02-07,130.6401,0.1038
F010,2024-02-08,130.8285,0.1442
F010,2024-02-09,130.6126,-0.165
F010,2024-02-12,130.327,-0.2187
F010,2024-02-13,130.4629,0.1043
F010,2024-02-14,130.3311,-0.101
F010,2024-02-15,129.9543,-0.2891
F010,2024-02-16,130.2392,0.2192
F010,2024-02-19,130.6352,0.3041
F010,2024-02-20,131.0747,0.3364
F010,2024-02-21,131.1565,0.0624
F010,2024-02-22,131.3535,0.1502
F010,2024-02-23,131.7462,0.299
F010,2024-02-26,131.6101,-0.1033
F010,2024-02-27,131.9354,0.2472
F010,2024-02-28,132.0411,0.0801
F010,2024-02-29,132.3154,0.2077
F010,2024-03-01,132.3977,0.0622
F010,2024-03-04,132.774,0.2842
F010,2024-03-05,132.8665,0.0697
F010,2024-03-06,132.5054,-0.2718
F010,2024-03-07,132.9233,0.3154
F010,2024-03-08,132.7046,-0.1645
F010,2024-03-11,133.0703,0.2756
F010,2024-03-12,133.0796,0.007
F010,2024-03-13,133.4259,0.2602
F010,2024-03-14,133.7621,0.252
F010,2024-03-15,133.9106,0.111
F010,2024-03-18,134.0803,0.1267
F010,2024-03-19,134.2272,0.1096
F010,2024-03-20,133.7201,-0.3778
F010,2024-03-21,133.7852,0.0487
F010,2024-03-22,133.52,-0.1982
F010,2024-03-25,133.5991,0.0592
F010,2024-03-26,133.3271,-0.2036
F010,2024-03-27,133.0445,-0.212
F010,2024-03-28,133.5048,0.346
F010,2024-03-29,133.8237,0.2389
F010,2024-04-01,133.856,0.0241
F010,2024-04-02,133.9389,0.0619
F010,2024-04-03,133.906,-0.0246
F010,2024-04-04,134.0921,0.139
F010,2024-04-05,133.9443,-0.1102
F010,2024-04-08,134.244,0.2237
F010,2024-04-09,134.2096,-0.0256
F010,2024-04-10,134.1305,-0.0589
F010,2024-04-11,134.1699,0.0294
F010,2024-04-12,134.0448,-0.0932
F010,2024-04-15,134.1664,0.0907
F010,2024-04-16,134.0557,-0.0825
F010,2024-04-17,134.2148,0.1187
F010,2024-04-18,134.5748,0.2682
F010,2024-04-19,134.4148,-0.1189
F010,2024-04-22,134.4133,-0.0011
F010,2024-04-23,134.5709,0.1173
F010,2024-04-24,134.4872,-0.0622
F010,2024-04-25,134.6457,0.1179
F010,2024-04-26,134.8289,0.1361
F010,2024-04-29,135.1547,0.2416
F010,2024-04-30,135.0247,-0.0962
F010,2024-05-01,134.8039,-0.1635
F010,2024-05-02,134.7547,-0.0365
F010,2024-05-03,134.5276,-0.1685
F010,2024-05-06,134.7131,0.1379
F010,2024-05-07,134.7131,0.0
F010,2024-05-08,135.0947,0.2833
F010,2024-05-09,135.4786,0.2842
F010,2024-05-10,135.5159,0.0275
F010,2024-05-13,135.7849,0.1985
F010,2024-05-14,135.3743,-0.3024
F010,2024-05-15,136.0913,0.5296
F010,2024-05-16,135.9647,-0.093
F010,2024-05-17,135.9659,0.0009
F010,2024-05-20,135.4952,-0.3462
F010,2024-05-21,135.6609,0.1223
F010,2024-05-22,135.3946,-0.1963
F010,2024-05-23,135.456,0.0453
F010,2024-05-24,135.3424,-0.0839
F010,2024-05-27,135.0845,-0.1906
F010,2024-05-28,134.901,-0.1358
F010,2024-05-29,134.9956,0.0701
F010,2024-05-30,134.6834,-0.2313
F010,2024-05-31,134.5154,-0.1247
F010,2024-06-03,134.7275,0.1577
F010,2024-06-04,135.4624,0.5455
F010,2024-06-05,135.6257,0.1206
F010,2024-06-06,135.4108,-0.1585
F010,2024-06-07,135.3452,-0.0484
F010,2024-06-10,135.3876,0.0313
F010,2024-06-11,135.3268,-0.0449
F010,2024-06-12,135.605,0.2056
F010,2024-06-13,135.6979,0.0685
F010,2024-06-14,135.9782,0.2066
F010,2024-06-17,135.9267,-0.0379
F010,2024-06-18,136.321,0.2901
F010,2024-06-19,136.3097,-0.0083
F010,2024-06-20,136.079,-0.1692
F010,2024-06-21,136.7056,0.4605
F010,2024-06-24,136.2408,-0.34
F010,2024-06-25,136.0736,-0.1227
F010,2024-06-26,135.937,-0.1004
F010,2024-06-27,136.6529,0.5266
F010,2024-06-28,137.1809,0.3864
F010,2024-07-01,137.6251,0.3238
F010,2024-07-02,137.5685,-0.0411
F010,2024-07-03,138.2704,0.5102
F010,2024-07-04,138.4068,0.0986
F010,2024-07-05,138.7119,0.2204
F010,2024-07-08,138.7964,0.0609
F010,2024-07-09,138.8174,0.0151
F010,2024-07-10,138.7822,-0.0254
F010,2024-07-11,138.7587,-0.0169
F010,2024-07-12,138.9623,0.1467
F010,2024-07-15,139.0991,0.0984
F010,2024-07-16,139.1251,0.0187
F010,2024-07-17,139.5799,0.3269
F010,2024-07-18,138.7866,-0.5683
F010,2024-07-19,138.9628,0.127
F010,2024-07-22,139.197,0.1685
F010,2024-07-23,139.5511,0.2544
F010,2024-07-24,139.5679,0.012
F010,2024-07-25,139.6608,0.0666
F010,2024-07-26,139.9711,0.2222
F010,2024-07-29,140.4235,0.3232
F010,2024-07-30,140.3742,-0.0351
F010,2024-07-31,140.4842,0.0784
F010,2024-08-01,140.9909,0.3607
F010,2024-08-02,140.4272,-0.3998
F010,2024-08-05,140.2685,-0.113
F010,2024-08-06,140.7148,0.3182
F010,2024-08-07,141.0575,0.2435
F010,2024-08-08,141.2402,0.1295
F010,2024-08-09,141.2402,0.0
F010,2024-08-12,140.9352,-0.2159
F010,2024-08-13,140.8038,-0.0932
F010,2024-08-14,141.2749,0.3346
F010,2024-08-15,141.1327,-0.1007
F010,2024-08-16,141.1966,0.0453
F010,2024-08-19,141.0191,-0.1257
F010,2024-08-20,141.292,0.1935
F010,2024-08-21,141.1751,-0.0827
F010,2024-08-22,141.1828,0.0055
F010,2024-08-23,140.7428,-0.3117
F010,2024-08-26,140.3238,-0.2977
F010,2024-08-27,140.361,0.0265
F010,2024-08-28,140.0241,-0.24
F010,2024-08-29,140.6486,0.446
F010,2024-08-30,140.1039,-0.3873
F010,2024-09-02,139.9147,-0.135
F010,2024-09-03,139.9544,0.0284
F010,2024-09-04,139.8872,-0.048
F010,2024-09-05,139.6133,-0.1958
F010,2024-09-06,139.3807,-0.1666
F010,2024-09-09,139.1394,-0.1731
F010,2024-09-10,139.0944,-0.0323
F010,2024-09-11,139.6722,0.4154
F010,2024-09-12,139.7289,0.0406
F010,2024-09-13,140.0944,0.2616
F010,2024-09-16,140.2715,0.1264
F010,2024-09-17,140.6191,0.2478
F010,2024-09-18,139.8668,-0.535
F010,2024-09-19,139.8166,-0.0359
F010,2024-09-20,140.2171,0.2864
F010,2024-09-23,140.0918,-0.0894
F010,2024-09-24,140.6206,0.3775
F010,2024-09-25,141.0731,0.3218
F010,2024-09-26,140.976,-0.0688
F010,2024-09-27,140.8694,-0.0756
F010,2024-09-30,140.619,-0.1778
F010,2024-10-01,140.4771,-0.1009
F010,2024-10-02,140.1659,-0.2215
F010,2024-10-03,140.3212,0.1108
F010,2024-10-04,139.9477,-0.2662
F010,2024-10-07,140.1517,0.1458
F010,2024-10-08,140.3628,0.1506
F010,2024-10-09,139.9315,-0.3073
F010,2024-10-10,140.4002,0.3349
F010,2024-10-11,140.5795,0.1277
F010,2024-10-14,140.8254,0.1749
F010,2024-10-15,140.6469,-0.1268
F010,2024-10-16,140.8571,0.1495
F010,2024-10-17,141.2096,0.2503
F010,2024-10-18,141.2171,0.0053
F010,2024-10-21,141.8178,0.4254
F010,2024-10-22,141.8658,0.0338
F010,2024-10-23,142.2249,0.2531
F010,2024-10-24,142.3438,0.0836
F010,2024-10-25,142.5461,0.1421
F010,2024-10-28,142.1053,-0.3092
F010,2024-10-29,142.2463,0.0992
F010,2024-10-30,142.0728,-0.122
F010,2024-10-31,141.8678,-0.1443
F010,2024-11-01,142.3981,0.3738
F010,2024-11-04,142.3728,-0.0178
F010,2024-11-05,142.1227,-0.1757
F010,2024-11-06,142.0561,-0.0469
F010,2024-11-07,141.7221,-0.2351
F010,2024-11-08,142.164,0.3118
F010,2024-11-11,142.0017,-0.1142
F010,2024-11-12,142.1875,0.1308
F010,2024-11-13,142.6087,0.2962
F010,2024-11-14,142.5017,-0.075
F010,2024-11-15,142.689,0.1314
F010,2024-11-18,142.4307,-0.181
F010,2024-11-19,143.163,0.5141
F010,2024-11-20,143.4669,0.2123
F010,2024-11-21,143.4475,-0.0135
F010,2024-11-22,143.2616,-0.1296
F010,2024-11-25,143.2648,0.0022
F010,2024-11-26,143.2032,-0.043
F010,2024-11-27,143.7983,0.4156
F010,2024-11-28,143.4818,-0.2201
F010,2024-11-29,143.5564,0.052
F010,2024-12-02,143.587,0.0213
F010,2024-12-03,143.5892,0.0015
F010,2024-12-04,143.5939,0.0033
F010,2024-12-05,143.5965,0.0018
F010,2024-12-06,143.8831,0.1996
F010,2024-12-09,144.0943,0.1468
F010,2024-12-10,144.251,0.1087
F010,2024-12-11,143.4118,-0.5818
F010,2024-12-12,143.5336,0.0849
F010,2024-12-13,143.0942,-0.3061
F010,2024-12-16,143.3149,0.1542
F010,2024-12-17,143.7734,0.3199
F010,2024-12-18,143.543,-0.1603
F010,2024-12-19,143.5037,-0.0274
F010,2024-12-20,143.3676,-0.0948
F010,2024-12-23,143.7577,0.2721
F010,2024-12-24,143.821,0.044
F010,2024-12-25,144.3541,0.3707
F010,2024-12-26,144.5096,0.1077
F010,2024-12-27,144.6158,0.0735
F010,2024-12-30,144.6717,0.0387
F010,2024-12-31,144.9445,0.1886
F010,2025-01-01,144.477,-0.3225
F010,2025-01-02,144.5378,0.0421
F010,2025-01-03,144.5537,0.011
F010,2025-01-06,144.7996,0.1701
F010,2025-01-07,144.7814,-0.0126
F010,2025-01-08,144.5168,-0.1828
F010,2025-01-09,144.5551,0.0265
F010,2025-01-10,144.2782,-0.1916
F010,2025-01-13,143.7587,-0.3601
F010,2025-01-14,144.0037,0.1704
F010,2025-01-15,144.2065,0.1408
F010,2025-01-16,144.3773,0.1184
F010,2025-01-17,144.7896,0.2856
F010,2025-01-20,144.6332,-0.108
F010,2025-01-21,144.2554,-0.2612
F010,2025-01-22,144.2713,0.011
F010,2025-01-23,144.2071,-0.0445
F010,2025-01-24,144.0002,-0.1435
F010,2025-01-27,144.0132,0.009
F010,2025-01-28,143.873,-0.0974
F010,2025-01-29,143.3807,-0.3422
F010,2025-01-30,143.29,-0.0633
F010,2025-01-31,143.0002,-0.2022
F010,2025-02-03,143.1022,0.0713
F010,2025-02-04,142.9502,-0.1062
F010,2025-02-05,143.3038,0.2474
F010,2025-02-06,143.7993,0.3458
F010,2025-02-07,144.0306,0.1608
F010,2025-02-10,143.6198,-0.2852
F010,2025-02-11,144.0881,0.3261
F010,2025-02-12,144.5782,0.3401
F010,2025-02-13,144.6198,0.0288
F010,2025-02-14,145.0386,0.2896
F010,2025-02-17,144.9148,-0.0854
F010,2025-02-18,144.4101,-0.3483
F010,2025-02-19,144.2266,-0.1271
F010,2025-02-20,144.7615,0.3709
F010,2025-02-21,144.366,-0.2732
F010,2025-02-24,144.402,0.0249
F010,2025-02-25,144.448,0.0319
F010,2025-02-26,144.3359,-0.0776
F010,2025-02-27,144.244,-0.0637
F010,2025-02-28,144.3009,0.0394
F010,2025-03-03,144.1747,-0.0875
F010,2025-03-04,143.8007,-0.2594
F010,2025-03-05,143.8985,0.068
F010,2025-03-06,144.2434,0.2397
F010,2025-03-07,144.5303,0.1989
F010,2025-03-10,144.3324,-0.1369
F010,2025-03-11,144.0073,-0.2252
F010,2025-03-12,143.9615,-0.0318
F010,2025-03-13,144.4489,0.3386
F010,2025-03-14,144.6715,0.1541
F010,2025-03-17,144.9114,0.1658
F010,2025-03-18,145.2055,0.203
F010,2025-03-19,145.364,0.1092
F010,2025-03-20,145.4354,0.0491
F010,2025-03-21,145.6644,0.1575
F010,2025-03-24,145.5417,-0.0842
F010,2025-03-25,145.1664,-0.2579
F010,2025-03-26,145.4126,0.1696
F010,2025-03-27,145.8089,0.2725
F010,2025-03-28,145.5193,-0.1986
F010,2025-03-31,145.7949,0.1894
F010,2025-04-01,146.3214,0.3611
F010,2025-04-02,146.3573,0.0245
F010,2025-04-03,146.1544,-0.1386
F010,2025-04-04,146.2269,0.0496
F010,2025-04-07,146.1025,-0.0851
F010,2025-04-08,145.9588,-0.0984
F010,2025-04-09,146.1217,0.1116
F010,2025-04-10,145.6896,-0.2957
F010,2025-04-11,145.3053,-0.2638
F010,2025-04-14,145.3472,0.0288
F010,2025-04-15,145.3771,0.0206
F010,2025-04-16,145.5133,0.0937
F010,2025-04-17,146.0954,0.4
F010,2025-04-18,146.1625,0.0459
F010,2025-04-21,146.3739,0.1446
F010,2025-04-22,146.1249,-0.1701
F010,2025-04-23,146.3859,0.1786
F010,2025-04-24,146.2684,-0.0803
F010,2025-04-25,146.3259,0.0393
F010,2025-04-28,146.3306,0.0032
F010,2025-04-29,146.6695,0.2316
F010,2025-04-30,146.3219,-0.237
F010,2025-05-01,145.6903,-0.4317
F010,2025-05-02,145.6645,-0.0177
F010,2025-05-05,145.8374,0.1187
F010,2025-05-06,145.9183,0.0555
F010,2025-05-07,146.3144,0.2715
F010,2025-05-08,146.479,0.1125
F010,2025-05-09,146.3504,-0.0878
F010,2025-05-12,145.7063,-0.4401
F010,2025-05-13,145.6736,-0.0224
F010,2025-05-14,145.6736,0.0
F010,2025-05-15,145.9315,0.177
F010,2025-05-16,145.9762,0.0306
F010,2025-05-19,146.1357,0.1093
F010,2025-05-20,145.8755,-0.1781
F010,2025-05-21,146.0938,0.1496
F010,2025-05-22,146.6087,0.3524
F010,2025-05-23,146.5947,-0.0095
F010,2025-05-26,146.3003,-0.2008
F010,2025-05-27,146.3174,0.0117
F010,2025-05-28,145.703,-0.4199
F010,2025-05-29,145.8376,0.0924
F010,2025-05-30,146.006,0.1155
F010,2025-06-02,146.5318,0.3601
F010,2025-06-03,146.5116,-0.0138
F010,2025-06-04,146.6679,0.1067
F010,2025-06-05,146.4519,-0.1473
F010,2025-06-06,146.3841,-0.0463
F010,2025-06-09,145.9742,-0.28
F010,2025-06-10,145.9538,-0.014
F010,2025-06-11,145.9012,-0.036
F010,2025-06-12,146.025,0.0849
F010,2025-06-13,145.8794,-0.0997
F010,2025-06-16,145.9402,0.0417
F010,2025-06-17,145.8794,-0.0417
F010,2025-06-18,145.8192,-0.0413
F010,2025-06-19,145.8791,0.0411
F010,2025-06-20,145.9274,0.0331
F010,2025-06-23,146.186,0.1772
F010,2025-06-24,146.1873,0.0009
F010,2025-06-25,146.1215,-0.045
F010,2025-06-26,146.1052,-0.0112
F010,2025-06-27,145.9329,-0.1179
F010,2025-06-30,145.8643,-0.047
F010,2025-07-01,146.4933,0.4312
F010,2025-07-02,146.2625,-0.1575
F010,2025-07-03,146.2176,-0.0307
F010,2025-07-04,146.1408,-0.0525
F010,2025-07-07,146.1051,-0.0244
F010,2025-07-08,146.0448,-0.0413
F010,2025-07-09,146.1629,0.0809
F010,2025-07-10,145.6995,-0.317
F010,2025-07-11,146.0382,0.2325
F010,2025-07-14,146.2595,0.1515
F010,2025-07-15,145.9325,-0.2236
F010,2025-07-16,145.3067,-0.4288
F010,2025-07-17,145.0591,-0.1704
F010,2025-07-18,145.025,-0.0235
F010,2025-07-21,145.8097,0.5411
F010,2025-07-22,146.0046,0.1337
F010,2025-07-23,145.5133,-0.3365
F010,2025-07-24,145.349,-0.1129
F010,2025-07-25,145.3699,0.0144
F010,2025-07-28,145.48,0.0757
F010,2025-07-29,145.1338,-0.238
F010,2025-07-30,145.1309,-0.002
F010,2025-07-31,144.9589,-0.1185
F010,2025-08-01,144.6751,-0.1958
F010,2025-08-04,144.7864,0.0769
F010,2025-08-05,145.0467,0.1798
F010,2025-08-06,145.3269,0.1932
F010,2025-08-07,145.5302,0.1399
F010,2025-08-08,145.4218,-0.0745
F010,2025-08-11,145.666,0.1679
F010,2025-08-12,145.7925,0.0868
F010,2025-08-13,145.868,0.0518
F010,2025-08-14,145.726,-0.0973
F010,2025-08-15,145.6176,-0.0744
F010,2025-08-18,145.6755,0.0398
F010,2025-08-19,146.4228,0.513
F010,2025-08-20,146.5476,0.0852
F010,2025-08-21,146.4051,-0.0972
F010,2025-08-22,146.198,-0.1415
F010,2025-08-25,146.0908,-0.0733
F010,2025-08-26,146.7635,0.4605
F010,2025-08-27,146.683,-0.0549
F010,2025-08-28,146.9857,0.2064
F010,2025-08-29,146.9119,-0.0502
F010,2025-09-01,147.0254,0.0773
F010,2025-09-02,147.295,0.1834
F010,2025-09-03,147.1633,-0.0894
F010,2025-09-04,147.0114,-0.1032
F010,2025-09-05,147.5359,0.3568
F010,2025-09-08,147.8633,0.2219
F010,2025-09-09,148.1341,0.1831
F010,2025-09-10,148.4044,0.1825
F010,2025-09-11,148.5779,0.1169
F010,2025-09-12,149.2146,0.4285
F010,2025-09-15,149.265,0.0338
F010,2025-09-16,149.4746,0.1404
F010,2025-09-17,149.0782,-0.2652
F010,2025-09-18,148.8695,-0.14
F010,2025-09-19,148.5492,-0.2152
F010,2025-09-22,148.9649,0.2798
F010,2025-09-23,148.2417,-0.4855
F010,2025-09-24,148.1595,-0.0554
F010,2025-09-25,147.3094,-0.5738
F010,2025-09-26,147.1013,-0.1413
F010,2025-09-29,146.9936,-0.0732
F010,2025-09-30,147.4375,0.302
F010,2025-10-01,147.5913,0.1043
F010,2025-10-02,147.3823,-0.1416
F010,2025-10-03,147.7334,0.2382
F010,2025-10-06,147.7756,0.0286
F010,2025-10-07,147.8236,0.0325
F010,2025-10-08,147.505,-0.2155
F010,2025-10-09,147.2498,-0.173
F010,2025-10-10,147.0436,-0.14
F010,2025-10-13,147.094,0.0343
F010,2025-10-14,147.1537,0.0406
F010,2025-10-15,147.6449,0.3338
F010,2025-10-16,147.7955,0.102
F010,2025-10-17,147.0321,-0.5165
F010,2025-10-20,147.1461,0.0775
F010,2025-10-21,146.7562,-0.265
F010,2025-10-22,146.5094,-0.1682
F010,2025-10-23,146.308,-0.1375
F010,2025-10-24,146.1505,-0.1076
F010,2025-10-27,145.7851,-0.25
F010,2025-10-28,145.8809,0.0657
F010,2025-10-29,145.5058,-0.2571
F010,2025-10-30,145.646,0.0964
F010,2025-10-31,146.334,0.4724
F010,2025-11-03,145.9815,-0.2409
F010,2025-11-04,145.9349,-0.0319
F010,2025-11-05,145.2349,-0.4797
F010,2025-11-06,145.1838,-0.0352
F010,2025-11-07,145.4067,0.1535
F010,2025-11-10,145.6526,0.1691
F010,2025-11-11,145.7115,0.0404
F010,2025-11-12,146.0071,0.2029
F010,2025-11-13,146.7871,0.5342
F010,2025-11-14,147.3265,0.3675
F010,2025-11-17,147.2094,-0.0795
F010,2025-11-18,146.819,-0.2652
F010,2025-11-19,146.7364,-0.0563
F010,2025-11-20,146.4952,-0.1644
F010,2025-11-21,146.6641,0.1153
F010,2025-11-24,146.3543,-0.2112
F010,2025-11-25,146.3696,0.0105
F010,2025-11-26,146.6515,0.1926
F010,2025-11-27,146.6586,0.0048
F010,2025-11-28,146.4177,-0.1643
F010,2025-12-01,146.7983,0.2599
F010,2025-12-02,146.2833,-0.3508
F010,2025-12-03,146.224,-0.0405
F010,2025-12-04,146.2484,0.0167
F010,2025-12-05,146.2896,0.0282
F010,2025-12-08,146.379,0.0611
F010,2025-12-09,146.5943,0.1471
F010,2025-12-10,146.6206,0.0179
F010,2025-12-11,146.5493,-0.0486
F010,2025-12-12,146.4665,-0.0565
F010,2025-12-15,146.324,-0.0973
F010,2025-12-16,146.5911,0.1825
F010,2025-12-17,146.4382,-0.1043
F010,2025-12-18,146.7228,0.1943
F010,2025-12-19,146.7651,0.0288
F010,2025-12-22,146.6488,-0.0792
F010,2025-12-23,146.8668,0.1487
F010,2025-12-24,146.6898,-0.1205
F010,2025-12-25,146.9137,0.1526
F010,2025-12-26,147.0129,0.0675
F010,2025-12-29,146.8743,-0.0943
F010,2025-12-30,147.0663,0.1307
F010,2025-12-31,147.2638,0.1343
F010,2026-01-01,147.6415,0.2565
F010,2026-01-02,147.9637,0.2182
F010,2026-01-05,148.1461,0.1233
F010,2026-01-06,147.849,-0.2005
F010,2026-01-07,148.61,0.5147
F010,2026-01-08,148.23,-0.2557
F010,2026-01-09,148.5485,0.2149
F010,2026-01-12,148.7138,0.1113
F010,2026-01-13,148.4018,-0.2098
F010,2026-01-14,148.402,0.0001
F010,2026-01-15,148.4157,0.0092
F010,2026-01-16,148.8403,0.2861
F010,2026-01-19,148.6652,-0.1176
F010,2026-01-20,148.6245,-0.0274
F010,2026-01-21,147.9673,-0.4422
F010,2026-01-22,148.5177,0.372
F010,2026-01-23,148.2369,-0.1891
F010,2026-01-26,148.3709,0.0904
F010,2026-01-27,148.3779,0.0047
F010,2026-01-28,148.3859,0.0054
F010,2026-01-29,148.6633,0.1869
F010,2026-01-30,149.1974,0.3593
F010,2026-02-02,149.3097,0.0753
F010,2026-02-03,149.5426,0.156
F010,2026-02-04,149.6784,0.0908
F010,2026-02-05,150.0204,0.2285
F010,2026-02-06,149.919,-0.0676
F010,2026-02-09,150.2789,0.2401
F010,2026-02-10,150.6502,0.2471
F010,2026-02-11,151.014,0.2415
F010,2026-02-12,150.8524,-0.107
F010,2026-02-13,150.8393,-0.0087
F010,2026-02-16,150.9493,0.0729
F010,2026-02-17,150.5732,-0.2492
F010,2026-02-18,151.0911,0.344
F010,2026-02-19,151.1252,0.0226
F010,2026-02-20,151.2488,0.0818
F010,2026-02-23,151.1121,-0.0904
F010,2026-02-24,150.7489,-0.2404
F010,2026-02-25,150.6045,-0.0958
F010,2026-02-26,150.7082,0.0689
F010,2026-02-27,150.9489,0.1597
F010,2026-03-02,151.0355,0.0574
F010,2026-03-03,151.178,0.0943
F010,2026-03-04,151.1139,-0.0424
F010,2026-03-05,151.3017,0.1243
F010,2026-03-06,151.7882,0.3215
F010,2026-03-09,152.0401,0.166
F010,2026-03-10,152.3243,0.1869
F010,2026-03-11,152.452,0.0838
F010,2026-03-12,152.0318,-0.2756
F010,2026-03-13,151.7522,-0.1839
F010,2026-03-16,151.9282,0.116
F010,2026-03-17,151.9629,0.0228
F010,2026-03-18,152.1346,0.113
F010,2026-03-19,152.6827,0.3603
F010,2026-03-20,152.9426,0.1702
F010,2026-03-23,153.3659,0.2768
F010,2026-03-24,153.4333,0.0439
F010,2026-03-25,153.224,-0.1364
F010,2026-03-26,153.2446,0.0134
F010,2026-03-27,153.0363,-0.1359
F010,2026-03-30,153.5515,0.3367
F010,2026-03-31,153.8326,0.1831
F010,2026-04-01,154.0312,0.1291
F010,2026-04-02,154.4505,0.2722
F010,2026-04-03,153.8651,-0.379
F010,2026-04-06,154.0846,0.1427
F010,2026-04-07,153.7192,-0.2371
F010,2026-04-08,153.7554,0.0235
F010,2026-04-09,153.698,-0.0373
F010,2026-04-10,153.9398,0.1573
F010,2026-04-13,154.0485,0.0706
F010,2026-04-14,154.5014,0.294
F010,2026-04-15,154.354,-0.0954
F010,2026-04-16,154.6115,0.1668
F010,2026-04-17,154.7003,0.0574
F010,2026-04-20,154.233,-0.3021
F010,2026-04-21,153.9882,-0.1587
F010,2026-04-22,153.9805,-0.005
F010,2026-04-23,154.3615,0.2474
F010,2026-04-24,154.5433,0.1178
F010,2026-04-27,154.2211,-0.2085
F010,2026-04-28,154.2164,-0.003
F010,2026-04-29,154.8773,0.4286
F010,2026-04-30,154.9505,0.0473
F010,2026-05-01,154.8878,-0.0405
F010,2026-05-04,155.0789,0.1234
F010,2026-05-05,155.3544,0.1777
F010,2026-05-06,155.2515,-0.0662
F010,2026-05-07,155.4464,0.1255
F010,2026-05-08,155.383,-0.0408
F010,2026-05-11,155.6454,0.1689
F010,2026-05-12,155.7371,0.0589
F010,2026-05-13,155.9262,0.1214
F010,2026-05-14,155.7284,-0.1269
F010,2026-05-15,155.5115,-0.1393
F010,2026-05-18,155.8444,0.2141
F010,2026-05-19,155.8586,0.0091
F010,2026-05-20,155.9864,0.082
F010,2026-05-21,155.9298,-0.0363
F010,2026-05-22,156.2491,0.2048
F010,2026-05-25,156.0982,-0.0966
F010,2026-05-26,156.0949,-0.0021
F010,2026-05-27,156.3793,0.1822
F010,2026-05-28,156.7853,0.2596
F010,2026-05-29,156.6603,-0.0797
F010,2026-06-01,157.3135,0.417
F010,2026-06-02,157.4514,0.0877
F010,2026-06-03,157.1623,-0.1836
F010,2026-06-04,157.3176,0.0988
F010,2026-06-05,157.2364,-0.0516
F010,2026-06-08,157.4122,0.1118
F010,2026-06-09,157.4381,0.0165
F010,2026-06-10,157.5008,0.0398
F010,2026-06-11,157.253,-0.1573
F010,2026-06-12,157.6037,0.223
F010,2026-06-15,157.2787,-0.2062
F010,2026-06-16,156.9692,-0.1968
F010,2026-06-17,157.1238,0.0985
F010,2026-06-18,157.1238,0.0
F010,2026-06-19,157.595,0.2999
F010,2026-06-22,157.8553,0.1652
F010,2026-06-23,158.2336,0.2396
F010,2026-06-24,158.531,0.1879
F010,2026-06-25,158.472,-0.0372
F010,2026-06-26,158.1658,-0.1932
F010,2026-06-29,157.507,-0.4165
F010,2026-06-30,157.4636,-0.0276
F010,2026-07-01,157.874,0.2606
F010,2026-07-02,157.5585,-0.1998
F010,2026-07-03,157.8185,0.165
F010,2026-07-06,157.5581,-0.165
F010,2026-07-07,157.6309,0.0462
F010,2026-07-08,157.8934,0.1665
F010,2026-07-09,157.7246,-0.1069
F010,2026-07-10,157.8178,0.0591
F010,2026-07-13,157.7262,-0.058
F010,2026-07-14,157.9881,0.166
F010,2026-07-15,158.102,0.0721
F010,2026-07-16,158.1594,0.0363
F010,2026-07-17,158.6919,0.3367
F010,2026-07-20,158.9418,0.1575
F010,2026-07-21,158.7621,-0.1131
F010,2026-07-22,158.7745,0.0078
F010,2026-07-23,158.7901,0.0098
F010,2026-07-24,158.8553,0.0411
F010,2026-07-27,159.6971,0.5299
F010,2026-07-28,159.8555,0.0992
F010,2026-07-29,159.2446,-0.3822
F010,2026-07-30,159.1115,-0.0836
F010,2026-07-31,158.5364,-0.3614
F010,2026-08-03,158.4715,-0.0409
F010,2026-08-04,157.8813,-0.3724
F010,2026-08-05,157.6456,-0.1493
F010,2026-08-06,157.2055,-0.2792
F010,2026-08-07,157.3656,0.1018
F010,2026-08-10,157.4051,0.0251
F010,2026-08-11,157.5398,0.0856
F010,2026-08-12,157.5462,0.0041
F010,2026-08-13,157.1463,-0.2538
F010,2026-08-14,157.347,0.1277
F010,2026-08-17,157.9912,0.4094
F010,2026-08-18,158.16,0.1068
F010,2026-08-19,158.0648,-0.0602
F010,2026-08-20,157.6529,-0.2606
F010,2026-08-21,157.406,-0.1566
F010,2026-08-24,157.588,0.1156
F010,2026-08-25,157.588,0.0
F010,2026-08-26,158.0875,0.317
F010,2026-08-27,158.3799,0.185
F010,2026-08-28,158.6437,0.1666
F010,2026-08-31,158.8441,0.1263
F010,2026-09-01,158.6746,-0.1067
F010,2026-09-02,158.7695,0.0598
F010,2026-09-03,158.5398,-0.1447
F010,2026-09-04,158.585,0.0285
