benchmark,date,index_value,daily_return_pct
Nifty 100,2022-01-03,14345.41,3.1266
Nifty Midcap 150,2022-01-03,16013.95,0.0586
Nifty 500,2022-01-03,16889.45,0.172
Nifty Smallcap 250,2022-01-03,16271.47,1.2869
Nifty 50 Hybrid,2022-01-03,6269.67,0.945
Crisil ST Bond,2022-01-03,5193.81,0.0238
Crisil Liquid,2022-01-03,16066.29,0.033
Crisil Gilt,2022-01-03,11841.77,-0.1304
Nifty 100,2022-01-04,14269.89,-0.5265
Nifty Midcap 150,2022-01-04,16101.58,0.5472
Nifty 500,2022-01-04,16969.49,0.4739
Nifty Smallcap 250,2022-01-04,16475.05,1.2512
Nifty 50 Hybrid,2022-01-04,6264.0,-0.0905
Crisil ST Bond,2022-01-04,5187.64,-0.1187
Crisil Liquid,2022-01-04,16086.48,0.1257
Crisil Gilt,2022-01-04,11861.15,0.1636
Nifty 100,2022-01-05,14402.35,0.9282
Nifty Midcap 150,2022-01-05,16080.06,-0.1336
Nifty 500,2022-01-05,17151.81,1.0744
Nifty Smallcap 250,2022-01-05,17044.91,3.4589
Nifty 50 Hybrid,2022-01-05,6273.09,0.1452
Crisil ST Bond,2022-01-05,5181.88,-0.1112
Crisil Liquid,2022-01-05,16080.27,-0.0386
Crisil Gilt,2022-01-05,11870.94,0.0825
Nifty 100,2022-01-06,14175.54,-1.5748
Nifty Midcap 150,2022-01-06,16112.13,0.1994
Nifty 500,2022-01-06,17222.19,0.4103
Nifty Smallcap 250,2022-01-06,17311.68,1.5651
Nifty 50 Hybrid,2022-01-06,6357.16,1.3402
Crisil ST Bond,2022-01-06,5187.39,0.1065
Crisil Liquid,2022-01-06,16048.71,-0.1963
Crisil Gilt,2022-01-06,11884.25,0.1121
Nifty 100,2022-01-07,14279.8,0.7355
Nifty Midcap 150,2022-01-07,16158.2,0.2859
Nifty 500,2022-01-07,16929.37,-1.7002
Nifty Smallcap 250,2022-01-07,17182.41,-0.7468
Nifty 50 Hybrid,2022-01-07,6284.89,-1.1368
Crisil ST Bond,2022-01-07,5177.98,-0.1815
Crisil Liquid,2022-01-07,16051.87,0.0197
Crisil Gilt,2022-01-07,11877.14,-0.0598
Nifty 100,2022-01-10,14658.98,2.6553
Nifty Midcap 150,2022-01-10,16135.77,-0.1388
Nifty 500,2022-01-10,17153.47,1.3238
Nifty Smallcap 250,2022-01-10,16917.95,-1.5391
Nifty 50 Hybrid,2022-01-10,6253.46,-0.5001
Crisil ST Bond,2022-01-10,5179.52,0.0297
Crisil Liquid,2022-01-10,16040.5,-0.0708
Crisil Gilt,2022-01-10,11874.5,-0.0222
Nifty 100,2022-01-11,14631.42,-0.188
Nifty Midcap 150,2022-01-11,16102.87,-0.2039
Nifty 500,2022-01-11,17476.84,1.8851
Nifty Smallcap 250,2022-01-11,16987.01,0.4082
Nifty 50 Hybrid,2022-01-11,6285.33,0.5095
Crisil ST Bond,2022-01-11,5183.35,0.074
Crisil Liquid,2022-01-11,16053.54,0.0813
Crisil Gilt,2022-01-11,11875.89,0.0117
Nifty 100,2022-01-12,14588.88,-0.2907
Nifty Midcap 150,2022-01-12,16134.57,0.1968
Nifty 500,2022-01-12,17684.25,1.1868
Nifty Smallcap 250,2022-01-12,17183.42,1.1562
Nifty 50 Hybrid,2022-01-12,6272.1,-0.2104
Crisil ST Bond,2022-01-12,5188.36,0.0968
Crisil Liquid,2022-01-12,16053.62,0.0005
Crisil Gilt,2022-01-12,11878.67,0.0234
Nifty 100,2022-01-13,14524.18,-0.4435
Nifty Midcap 150,2022-01-13,16110.1,-0.1516
Nifty 500,2022-01-13,17926.76,1.3713
Nifty Smallcap 250,2022-01-13,17204.46,0.1224
Nifty 50 Hybrid,2022-01-13,6282.47,0.1653
Crisil ST Bond,2022-01-13,5181.89,-0.1247
Crisil Liquid,2022-01-13,16051.87,-0.0109
Crisil Gilt,2022-01-13,11878.18,-0.0041
Nifty 100,2022-01-14,14408.11,-0.7991
Nifty Midcap 150,2022-01-14,16118.42,0.0517
Nifty 500,2022-01-14,17855.2,-0.3992
Nifty Smallcap 250,2022-01-14,17223.39,0.11
Nifty 50 Hybrid,2022-01-14,6291.99,0.1515
Crisil ST Bond,2022-01-14,5177.98,-0.0756
Crisil Liquid,2022-01-14,16048.68,-0.0199
Crisil Gilt,2022-01-14,11881.48,0.0277
Nifty 100,2022-01-17,14583.07,1.2143
Nifty Midcap 150,2022-01-17,16164.64,0.2867
Nifty 500,2022-01-17,17742.37,-0.6319
Nifty Smallcap 250,2022-01-17,17297.27,0.429
Nifty 50 Hybrid,2022-01-17,6401.31,1.7375
Crisil ST Bond,2022-01-17,5183.76,0.1117
Crisil Liquid,2022-01-17,16060.68,0.0748
Crisil Gilt,2022-01-17,11892.47,0.0926
Nifty 100,2022-01-18,14797.43,1.47
Nifty Midcap 150,2022-01-18,16343.36,1.1056
Nifty 500,2022-01-18,17848.25,0.5968
Nifty Smallcap 250,2022-01-18,17487.31,1.0986
Nifty 50 Hybrid,2022-01-18,6333.99,-1.0517
Crisil ST Bond,2022-01-18,5177.01,-0.1302
Crisil Liquid,2022-01-18,16066.41,0.0357
Crisil Gilt,2022-01-18,11895.67,0.0269
Nifty 100,2022-01-19,14721.39,-0.5139
Nifty Midcap 150,2022-01-19,16483.23,0.8559
Nifty 500,2022-01-19,17521.11,-1.8329
Nifty Smallcap 250,2022-01-19,17399.04,-0.5048
Nifty 50 Hybrid,2022-01-19,6305.18,-0.455
Crisil ST Bond,2022-01-19,5169.57,-0.1436
Crisil Liquid,2022-01-19,16093.64,0.1695
Crisil Gilt,2022-01-19,11881.88,-0.1159
Nifty 100,2022-01-20,14639.19,-0.5583
Nifty Midcap 150,2022-01-20,16637.84,0.938
Nifty 500,2022-01-20,17639.57,0.676
Nifty Smallcap 250,2022-01-20,17211.45,-1.0782
Nifty 50 Hybrid,2022-01-20,6350.1,0.7125
Crisil ST Bond,2022-01-20,5172.1,0.049
Crisil Liquid,2022-01-20,16134.41,0.2533
Crisil Gilt,2022-01-20,11889.05,0.0604
Nifty 100,2022-01-21,14622.91,-0.1112
Nifty Midcap 150,2022-01-21,16500.33,-0.8265
Nifty 500,2022-01-21,17513.58,-0.7142
Nifty Smallcap 250,2022-01-21,17074.48,-0.7958
Nifty 50 Hybrid,2022-01-21,6439.07,1.4011
Crisil ST Bond,2022-01-21,5173.23,0.0218
Crisil Liquid,2022-01-21,16146.75,0.0765
Crisil Gilt,2022-01-21,11909.44,0.1714
Nifty 100,2022-01-24,14282.42,-2.3285
Nifty Midcap 150,2022-01-24,16716.3,1.3089
Nifty 500,2022-01-24,17528.53,0.0854
Nifty Smallcap 250,2022-01-24,17153.89,0.465
Nifty 50 Hybrid,2022-01-24,6387.66,-0.7984
Crisil ST Bond,2022-01-24,5170.36,-0.0555
Crisil Liquid,2022-01-24,16157.88,0.0689
Crisil Gilt,2022-01-24,11940.22,0.2585
Nifty 100,2022-01-25,14430.0,1.0333
Nifty Midcap 150,2022-01-25,16932.86,1.2955
Nifty 500,2022-01-25,17500.14,-0.162
Nifty Smallcap 250,2022-01-25,17056.08,-0.5702
Nifty 50 Hybrid,2022-01-25,6339.7,-0.7508
Crisil ST Bond,2022-01-25,5168.87,-0.0288
Crisil Liquid,2022-01-25,16127.94,-0.1853
Crisil Gilt,2022-01-25,11933.95,-0.0525
Nifty 100,2022-01-26,14353.47,-0.5304
Nifty Midcap 150,2022-01-26,16908.25,-0.1454
Nifty 500,2022-01-26,17528.44,0.1618
Nifty Smallcap 250,2022-01-26,17123.01,0.3925
Nifty 50 Hybrid,2022-01-26,6340.66,0.0151
Crisil ST Bond,2022-01-26,5166.9,-0.0381
Crisil Liquid,2022-01-26,16099.5,-0.1763
Crisil Gilt,2022-01-26,11929.47,-0.0375
Nifty 100,2022-01-27,14218.19,-0.9425
Nifty Midcap 150,2022-01-27,16992.12,0.4961
Nifty 500,2022-01-27,17693.08,0.9393
Nifty Smallcap 250,2022-01-27,17288.86,0.9686
Nifty 50 Hybrid,2022-01-27,6390.56,0.787
Crisil ST Bond,2022-01-27,5167.24,0.0066
Crisil Liquid,2022-01-27,16094.32,-0.0322
Crisil Gilt,2022-01-27,11922.94,-0.0547
Nifty 100,2022-01-28,14008.12,-1.4775
Nifty Midcap 150,2022-01-28,17165.76,1.0219
Nifty 500,2022-01-28,17667.48,-0.1447
Nifty Smallcap 250,2022-01-28,17078.57,-1.2163
Nifty 50 Hybrid,2022-01-28,6339.66,-0.7965
Crisil ST Bond,2022-01-28,5163.79,-0.0667
Crisil Liquid,2022-01-28,16098.23,0.0243
Crisil Gilt,2022-01-28,11938.06,0.1267
Nifty 100,2022-01-31,13963.58,-0.318
Nifty Midcap 150,2022-01-31,16784.24,-2.2225
Nifty 500,2022-01-31,17639.36,-0.1592
Nifty Smallcap 250,2022-01-31,17057.02,-0.1262
Nifty 50 Hybrid,2022-01-31,6327.3,-0.1949
Crisil ST Bond,2022-01-31,5161.59,-0.0427
Crisil Liquid,2022-01-31,16104.95,0.0417
Crisil Gilt,2022-01-31,11941.23,0.0266
Nifty 100,2022-02-01,13964.3,0.0052
Nifty Midcap 150,2022-02-01,16858.54,0.4426
Nifty 500,2022-02-01,17568.83,-0.3998
Nifty Smallcap 250,2022-02-01,16979.14,-0.4566
Nifty 50 Hybrid,2022-02-01,6416.52,1.4101
Crisil ST Bond,2022-02-01,5165.51,0.0759
Crisil Liquid,2022-02-01,16121.49,0.1027
Crisil Gilt,2022-02-01,11958.26,0.1426
Nifty 100,2022-02-02,14041.93,0.5559
Nifty Midcap 150,2022-02-02,17020.11,0.9584
Nifty 500,2022-02-02,17296.63,-1.5493
Nifty Smallcap 250,2022-02-02,17018.89,0.2342
Nifty 50 Hybrid,2022-02-02,6406.72,-0.1527
Crisil ST Bond,2022-02-02,5175.21,0.1878
Crisil Liquid,2022-02-02,16139.66,0.1128
Crisil Gilt,2022-02-02,11953.11,-0.043
Nifty 100,2022-02-03,14098.49,0.4028
Nifty Midcap 150,2022-02-03,17053.75,0.1977
Nifty 500,2022-02-03,17380.4,0.4843
Nifty Smallcap 250,2022-02-03,16850.6,-0.9888
Nifty 50 Hybrid,2022-02-03,6431.71,0.39
Crisil ST Bond,2022-02-03,5175.06,-0.0028
Crisil Liquid,2022-02-03,16147.45,0.0482
Crisil Gilt,2022-02-03,11946.85,-0.0524
Nifty 100,2022-02-04,14020.24,-0.5551
Nifty Midcap 150,2022-02-04,17259.05,1.2038
Nifty 500,2022-02-04,17202.85,-1.0215
Nifty Smallcap 250,2022-02-04,16690.9,-0.9478
Nifty 50 Hybrid,2022-02-04,6430.32,-0.0216
Crisil ST Bond,2022-02-04,5172.1,-0.0572
Crisil Liquid,2022-02-04,16136.39,-0.0685
Crisil Gilt,2022-02-04,11950.49,0.0305
Nifty 100,2022-02-07,13813.43,-1.4751
Nifty Midcap 150,2022-02-07,17090.27,-0.978
Nifty 500,2022-02-07,17561.38,2.0841
Nifty Smallcap 250,2022-02-07,16772.6,0.4895
Nifty 50 Hybrid,2022-02-07,6384.25,-0.7166
Crisil ST Bond,2022-02-07,5175.3,0.0618
Crisil Liquid,2022-02-07,16148.77,0.0767
Crisil Gilt,2022-02-07,11964.77,0.1194
Nifty 100,2022-02-08,13800.01,-0.0972
Nifty Midcap 150,2022-02-08,17262.28,1.0065
Nifty 500,2022-02-08,17208.66,-2.0084
Nifty Smallcap 250,2022-02-08,16600.46,-1.0263
Nifty 50 Hybrid,2022-02-08,6396.62,0.1939
Crisil ST Bond,2022-02-08,5178.04,0.053
Crisil Liquid,2022-02-08,16137.28,-0.0712
Crisil Gilt,2022-02-08,11970.26,0.0459
Nifty 100,2022-02-09,13718.06,-0.5938
Nifty Midcap 150,2022-02-09,17219.65,-0.247
Nifty 500,2022-02-09,17390.18,1.0548
Nifty Smallcap 250,2022-02-09,16756.33,0.9389
Nifty 50 Hybrid,2022-02-09,6334.76,-0.9671
Crisil ST Bond,2022-02-09,5173.6,-0.0857
Crisil Liquid,2022-02-09,16133.87,-0.0211
Crisil Gilt,2022-02-09,11972.34,0.0173
Nifty 100,2022-02-10,13631.92,-0.6279
Nifty Midcap 150,2022-02-10,17404.01,1.0706
Nifty 500,2022-02-10,17455.81,0.3774
Nifty Smallcap 250,2022-02-10,16829.4,0.4361
Nifty 50 Hybrid,2022-02-10,6256.43,-1.2365
Crisil ST Bond,2022-02-10,5180.67,0.1367
Crisil Liquid,2022-02-10,16091.6,-0.262
Crisil Gilt,2022-02-10,11984.72,0.1034
Nifty 100,2022-02-11,13763.38,0.9643
Nifty Midcap 150,2022-02-11,17333.98,-0.4024
Nifty 500,2022-02-11,17683.24,1.3029
Nifty Smallcap 250,2022-02-11,16823.83,-0.0331
Nifty 50 Hybrid,2022-02-11,6262.21,0.0924
Crisil ST Bond,2022-02-11,5183.47,0.054
Crisil Liquid,2022-02-11,16146.09,0.3387
Crisil Gilt,2022-02-11,12003.23,0.1544
Nifty 100,2022-02-14,13864.01,0.7311
Nifty Midcap 150,2022-02-14,17180.95,-0.8828
Nifty 500,2022-02-14,17713.94,0.1736
Nifty Smallcap 250,2022-02-14,16692.08,-0.7831
Nifty 50 Hybrid,2022-02-14,6315.58,0.8521
Crisil ST Bond,2022-02-14,5185.23,0.034
Crisil Liquid,2022-02-14,16131.16,-0.0925
Crisil Gilt,2022-02-14,12006.6,0.0281
Nifty 100,2022-02-15,13750.4,-0.8194
Nifty Midcap 150,2022-02-15,17212.09,0.1812
Nifty 500,2022-02-15,17567.07,-0.8291
Nifty Smallcap 250,2022-02-15,16701.68,0.0575
Nifty 50 Hybrid,2022-02-15,6364.87,0.7805
Crisil ST Bond,2022-02-15,5186.0,0.0147
Crisil Liquid,2022-02-15,16128.09,-0.0191
Crisil Gilt,2022-02-15,12011.44,0.0403
Nifty 100,2022-02-16,13850.39,0.7272
Nifty Midcap 150,2022-02-16,17026.68,-1.0772
Nifty 500,2022-02-16,17618.13,0.2907
Nifty Smallcap 250,2022-02-16,16926.74,1.3475
Nifty 50 Hybrid,2022-02-16,6403.29,0.6037
Crisil ST Bond,2022-02-16,5187.33,0.0258
Crisil Liquid,2022-02-16,16141.63,0.084
Crisil Gilt,2022-02-16,12019.28,0.0652
Nifty 100,2022-02-17,13958.92,0.7836
Nifty Midcap 150,2022-02-17,16687.18,-1.9939
Nifty 500,2022-02-17,17349.73,-1.5235
Nifty Smallcap 250,2022-02-17,17101.9,1.0348
Nifty 50 Hybrid,2022-02-17,6308.82,-1.4753
Crisil ST Bond,2022-02-17,5190.45,0.0602
Crisil Liquid,2022-02-17,16139.17,-0.0152
Crisil Gilt,2022-02-17,12009.71,-0.0796
Nifty 100,2022-02-18,14011.92,0.3796
Nifty Midcap 150,2022-02-18,16725.73,0.231
Nifty 500,2022-02-18,17721.07,2.1403
Nifty Smallcap 250,2022-02-18,17000.18,-0.5948
Nifty 50 Hybrid,2022-02-18,6401.57,1.4701
Crisil ST Bond,2022-02-18,5193.32,0.0552
Crisil Liquid,2022-02-18,16131.73,-0.0461
Crisil Gilt,2022-02-18,12021.71,0.0999
Nifty 100,2022-02-21,14095.39,0.5957
Nifty Midcap 150,2022-02-21,16736.75,0.0658
Nifty 500,2022-02-21,17773.58,0.2963
Nifty Smallcap 250,2022-02-21,16903.79,-0.567
Nifty 50 Hybrid,2022-02-21,6350.63,-0.7958
Crisil ST Bond,2022-02-21,5198.3,0.0959
Crisil Liquid,2022-02-21,16131.35,-0.0024
Crisil Gilt,2022-02-21,12023.15,0.012
Nifty 100,2022-02-22,14139.06,0.3098
Nifty Midcap 150,2022-02-22,16786.17,0.2953
Nifty 500,2022-02-22,17524.87,-1.3993
Nifty Smallcap 250,2022-02-22,17126.28,1.3163
Nifty 50 Hybrid,2022-02-22,6360.23,0.1512
Crisil ST Bond,2022-02-22,5198.29,-0.0003
Crisil Liquid,2022-02-22,16141.52,0.0631
Crisil Gilt,2022-02-22,12028.4,0.0437
Nifty 100,2022-02-23,14251.76,0.7971
Nifty Midcap 150,2022-02-23,16881.51,0.568
Nifty 500,2022-02-23,17655.93,0.7478
Nifty Smallcap 250,2022-02-23,17362.8,1.381
Nifty 50 Hybrid,2022-02-23,6418.34,0.9136
Crisil ST Bond,2022-02-23,5198.49,0.004
Crisil Liquid,2022-02-23,16126.63,-0.0923
Crisil Gilt,2022-02-23,12050.87,0.1868
Nifty 100,2022-02-24,14222.16,-0.2077
Nifty Midcap 150,2022-02-24,16806.71,-0.4431
Nifty 500,2022-02-24,17354.59,-1.7067
Nifty Smallcap 250,2022-02-24,17426.77,0.3685
Nifty 50 Hybrid,2022-02-24,6429.82,0.1789
Crisil ST Bond,2022-02-24,5191.66,-0.1315
Crisil Liquid,2022-02-24,16137.16,0.0653
Crisil Gilt,2022-02-24,12047.27,-0.0298
Nifty 100,2022-02-25,14609.04,2.7203
Nifty Midcap 150,2022-02-25,16716.06,-0.5394
Nifty 500,2022-02-25,17284.27,-0.4052
Nifty Smallcap 250,2022-02-25,17279.56,-0.8448
Nifty 50 Hybrid,2022-02-25,6513.91,1.3079
Crisil ST Bond,2022-02-25,5190.76,-0.0173
Crisil Liquid,2022-02-25,16128.69,-0.0525
Crisil Gilt,2022-02-25,12058.2,0.0907
Nifty 100,2022-02-28,14411.77,-1.3504
Nifty Midcap 150,2022-02-28,16825.57,0.6551
Nifty 500,2022-02-28,17597.36,1.8114
Nifty Smallcap 250,2022-02-28,17382.65,0.5966
Nifty 50 Hybrid,2022-02-28,6557.42,0.6679
Crisil ST Bond,2022-02-28,5196.31,0.107
Crisil Liquid,2022-02-28,16159.49,0.191
Crisil Gilt,2022-02-28,12075.2,0.141
Nifty 100,2022-03-01,14479.46,0.4697
Nifty Midcap 150,2022-03-01,16982.7,0.9339
Nifty 500,2022-03-01,17446.73,-0.8559
Nifty Smallcap 250,2022-03-01,17522.8,0.8063
Nifty 50 Hybrid,2022-03-01,6493.45,-0.9756
Crisil ST Bond,2022-03-01,5195.45,-0.0167
Crisil Liquid,2022-03-01,16112.91,-0.2883
Crisil Gilt,2022-03-01,12082.46,0.0601
Nifty 100,2022-03-02,14390.57,-0.6139
Nifty Midcap 150,2022-03-02,17176.5,1.1411
Nifty 500,2022-03-02,17520.04,0.4202
Nifty Smallcap 250,2022-03-02,17725.03,1.1541
Nifty 50 Hybrid,2022-03-02,6425.03,-1.0536
Crisil ST Bond,2022-03-02,5201.88,0.1238
Crisil Liquid,2022-03-02,16150.07,0.2306
Crisil Gilt,2022-03-02,12094.11,0.0964
Nifty 100,2022-03-03,14508.63,0.8203
Nifty Midcap 150,2022-03-03,17210.78,0.1996
Nifty 500,2022-03-03,17433.38,-0.4947
Nifty Smallcap 250,2022-03-03,17865.27,0.7912
Nifty 50 Hybrid,2022-03-03,6330.19,-1.4761
Crisil ST Bond,2022-03-03,5200.75,-0.0218
Crisil Liquid,2022-03-03,16124.69,-0.1571
Crisil Gilt,2022-03-03,12088.02,-0.0504
Nifty 100,2022-03-04,14606.13,0.672
Nifty Midcap 150,2022-03-04,17302.93,0.5354
Nifty 500,2022-03-04,17447.48,0.0809
Nifty Smallcap 250,2022-03-04,17901.07,0.2004
Nifty 50 Hybrid,2022-03-04,6212.71,-1.8559
Crisil ST Bond,2022-03-04,5199.85,-0.0173
Crisil Liquid,2022-03-04,16116.93,-0.0481
Crisil Gilt,2022-03-04,12082.47,-0.0459
Nifty 100,2022-03-07,14698.09,0.6296
Nifty Midcap 150,2022-03-07,17159.22,-0.8305
Nifty 500,2022-03-07,17347.22,-0.5747
Nifty Smallcap 250,2022-03-07,17532.84,-2.0571
Nifty 50 Hybrid,2022-03-07,6196.3,-0.2641
Crisil ST Bond,2022-03-07,5195.23,-0.0888
Crisil Liquid,2022-03-07,16121.43,0.0279
Crisil Gilt,2022-03-07,12073.4,-0.0751
Nifty 100,2022-03-08,14717.86,0.1345
Nifty Midcap 150,2022-03-08,17139.54,-0.1147
Nifty 500,2022-03-08,17642.47,1.702
Nifty Smallcap 250,2022-03-08,17625.27,0.5272
Nifty 50 Hybrid,2022-03-08,6084.17,-1.8096
Crisil ST Bond,2022-03-08,5189.7,-0.1065
Crisil Liquid,2022-03-08,16125.55,0.0255
Crisil Gilt,2022-03-08,12064.59,-0.073
Nifty 100,2022-03-09,14285.4,-2.9384
Nifty Midcap 150,2022-03-09,17375.99,1.3795
Nifty 500,2022-03-09,17774.83,0.7502
Nifty Smallcap 250,2022-03-09,17722.38,0.551
Nifty 50 Hybrid,2022-03-09,6049.05,-0.5773
Crisil ST Bond,2022-03-09,5192.96,0.0628
Crisil Liquid,2022-03-09,16117.41,-0.0504
Crisil Gilt,2022-03-09,12069.47,0.0405
Nifty 100,2022-03-10,14158.17,-0.8906
Nifty Midcap 150,2022-03-10,17644.67,1.5463
Nifty 500,2022-03-10,17501.06,-1.5402
Nifty Smallcap 250,2022-03-10,17946.09,1.2623
Nifty 50 Hybrid,2022-03-10,6053.22,0.0689
Crisil ST Bond,2022-03-10,5191.46,-0.0289
Crisil Liquid,2022-03-10,16123.33,0.0367
Crisil Gilt,2022-03-10,12080.73,0.0933
Nifty 100,2022-03-11,14355.93,1.3967
Nifty Midcap 150,2022-03-11,17705.22,0.3431
Nifty 500,2022-03-11,17350.43,-0.8607
Nifty Smallcap 250,2022-03-11,17961.46,0.0856
Nifty 50 Hybrid,2022-03-11,6165.01,1.8468
Crisil ST Bond,2022-03-11,5199.49,0.1548
Crisil Liquid,2022-03-11,16141.2,0.1109
Crisil Gilt,2022-03-11,12092.76,0.0996
Nifty 100,2022-03-14,14460.65,0.7295
Nifty Midcap 150,2022-03-14,17915.69,1.1888
Nifty 500,2022-03-14,17276.4,-0.4266
Nifty Smallcap 250,2022-03-14,17723.45,-1.3251
Nifty 50 Hybrid,2022-03-14,6171.11,0.099
Crisil ST Bond,2022-03-14,5196.28,-0.0618
Crisil Liquid,2022-03-14,16127.4,-0.0855
Crisil Gilt,2022-03-14,12086.47,-0.052
Nifty 100,2022-03-15,14824.38,2.5153
Nifty Midcap 150,2022-03-15,17945.46,0.1661
Nifty 500,2022-03-15,17344.11,0.3919
Nifty Smallcap 250,2022-03-15,17512.13,-1.1924
Nifty 50 Hybrid,2022-03-15,6059.18,-1.8138
Crisil ST Bond,2022-03-15,5193.06,-0.0619
Crisil Liquid,2022-03-15,16153.82,0.1638
Crisil Gilt,2022-03-15,12092.93,0.0534
Nifty 100,2022-03-16,14917.56,0.6286
Nifty Midcap 150,2022-03-16,18083.38,0.7686
Nifty 500,2022-03-16,17246.75,-0.5613
Nifty Smallcap 250,2022-03-16,17760.44,1.418
Nifty 50 Hybrid,2022-03-16,6022.66,-0.6028
Crisil ST Bond,2022-03-16,5201.4,0.1606
Crisil Liquid,2022-03-16,16164.2,0.0642
Crisil Gilt,2022-03-16,12073.71,-0.1589
Nifty 100,2022-03-17,14810.45,-0.718
Nifty Midcap 150,2022-03-17,17766.03,-1.7549
Nifty 500,2022-03-17,17452.55,1.1933
Nifty Smallcap 250,2022-03-17,17761.38,0.0053
Nifty 50 Hybrid,2022-03-17,5890.26,-2.1983
Crisil ST Bond,2022-03-17,5204.4,0.0576
Crisil Liquid,2022-03-17,16158.75,-0.0337
Crisil Gilt,2022-03-17,12058.21,-0.1284
Nifty 100,2022-03-18,15063.41,1.708
Nifty Midcap 150,2022-03-18,17790.42,0.1373
Nifty 500,2022-03-18,17406.58,-0.2634
Nifty Smallcap 250,2022-03-18,17695.76,-0.3694
Nifty 50 Hybrid,2022-03-18,5802.89,-1.4833
Crisil ST Bond,2022-03-18,5198.65,-0.1105
Crisil Liquid,2022-03-18,16182.74,0.1485
Crisil Gilt,2022-03-18,12054.91,-0.0274
Nifty 100,2022-03-21,15071.25,0.0521
Nifty Midcap 150,2022-03-21,17432.06,-2.0143
Nifty 500,2022-03-21,17182.37,-1.2881
Nifty Smallcap 250,2022-03-21,17808.98,0.6398
Nifty 50 Hybrid,2022-03-21,5826.55,0.4077
Crisil ST Bond,2022-03-21,5208.81,0.1953
Crisil Liquid,2022-03-21,16207.71,0.1543
Crisil Gilt,2022-03-21,12054.54,-0.0031
Nifty 100,2022-03-22,15147.06,0.503
Nifty Midcap 150,2022-03-22,17382.1,-0.2866
Nifty 500,2022-03-22,17540.58,2.0848
Nifty Smallcap 250,2022-03-22,18018.95,1.179
Nifty 50 Hybrid,2022-03-22,5838.18,0.1997
Crisil ST Bond,2022-03-22,5210.89,0.04
Crisil Liquid,2022-03-22,16234.37,0.1645
Crisil Gilt,2022-03-22,12063.94,0.078
Nifty 100,2022-03-23,15387.69,1.5886
Nifty Midcap 150,2022-03-23,17006.01,-2.1636
Nifty 500,2022-03-23,17626.75,0.4912
Nifty Smallcap 250,2022-03-23,17931.48,-0.4854
Nifty 50 Hybrid,2022-03-23,5942.47,1.7864
Crisil ST Bond,2022-03-23,5219.99,0.1746
Crisil Liquid,2022-03-23,16238.15,0.0233
Crisil Gilt,2022-03-23,12084.88,0.1736
Nifty 100,2022-03-24,15666.68,1.8131
Nifty Midcap 150,2022-03-24,17023.77,0.1044
Nifty 500,2022-03-24,18067.76,2.5019
Nifty Smallcap 250,2022-03-24,17931.24,-0.0013
Nifty 50 Hybrid,2022-03-24,5931.51,-0.1845
Crisil ST Bond,2022-03-24,5225.55,0.1066
Crisil Liquid,2022-03-24,16235.65,-0.0154
Crisil Gilt,2022-03-24,12088.32,0.0285
Nifty 100,2022-03-25,15892.19,1.4394
Nifty Midcap 150,2022-03-25,17032.14,0.0492
Nifty 500,2022-03-25,17766.93,-1.665
Nifty Smallcap 250,2022-03-25,18002.49,0.3973
Nifty 50 Hybrid,2022-03-25,5891.99,-0.6663
Crisil ST Bond,2022-03-25,5231.12,0.1065
Crisil Liquid,2022-03-25,16250.2,0.0896
Crisil Gilt,2022-03-25,12108.53,0.1671
Nifty 100,2022-03-28,16041.19,0.9375
Nifty Midcap 150,2022-03-28,17222.95,1.1202
Nifty 500,2022-03-28,17653.38,-0.6391
Nifty Smallcap 250,2022-03-28,18152.62,0.834
Nifty 50 Hybrid,2022-03-28,6009.74,1.9985
Crisil ST Bond,2022-03-28,5228.57,-0.0489
Crisil Liquid,2022-03-28,16282.7,0.2
Crisil Gilt,2022-03-28,12104.3,-0.0349
Nifty 100,2022-03-29,15909.33,-0.822
Nifty Midcap 150,2022-03-29,17279.13,0.3262
Nifty 500,2022-03-29,17785.06,0.7459
Nifty Smallcap 250,2022-03-29,18323.58,0.9418
Nifty 50 Hybrid,2022-03-29,5953.74,-0.9318
Crisil ST Bond,2022-03-29,5231.88,0.0635
Crisil Liquid,2022-03-29,16274.79,-0.0486
Crisil Gilt,2022-03-29,12088.7,-0.1289
Nifty 100,2022-03-30,15766.35,-0.8987
Nifty Midcap 150,2022-03-30,17154.56,-0.7209
Nifty 500,2022-03-30,17883.16,0.5516
Nifty Smallcap 250,2022-03-30,18540.2,1.1822
Nifty 50 Hybrid,2022-03-30,5867.82,-1.4432
Crisil ST Bond,2022-03-30,5234.77,0.0552
Crisil Liquid,2022-03-30,16258.9,-0.0977
Crisil Gilt,2022-03-30,12098.72,0.0829
Nifty 100,2022-03-31,15672.9,-0.5927
Nifty Midcap 150,2022-03-31,16979.36,-1.0213
Nifty 500,2022-03-31,18031.53,0.8297
Nifty Smallcap 250,2022-03-31,18436.95,-0.5569
Nifty 50 Hybrid,2022-03-31,5851.04,-0.286
Crisil ST Bond,2022-03-31,5224.2,-0.202
Crisil Liquid,2022-03-31,16277.54,0.1147
Crisil Gilt,2022-03-31,12111.07,0.1021
Nifty 100,2022-04-01,15678.46,0.0355
Nifty Midcap 150,2022-04-01,16725.08,-1.4976
Nifty 500,2022-04-01,18255.01,1.2394
Nifty Smallcap 250,2022-04-01,18319.64,-0.6363
Nifty 50 Hybrid,2022-04-01,5826.26,-0.4234
Crisil ST Bond,2022-04-01,5237.32,0.2512
Crisil Liquid,2022-04-01,16269.34,-0.0504
Crisil Gilt,2022-04-01,12122.48,0.0942
Nifty 100,2022-04-04,15771.29,0.5921
Nifty Midcap 150,2022-04-04,16795.35,0.4202
Nifty 500,2022-04-04,18311.96,0.312
Nifty Smallcap 250,2022-04-04,18394.09,0.4064
Nifty 50 Hybrid,2022-04-04,5843.86,0.3019
Crisil ST Bond,2022-04-04,5238.1,0.0148
Crisil Liquid,2022-04-04,16297.18,0.1711
Crisil Gilt,2022-04-04,12108.99,-0.1113
Nifty 100,2022-04-05,15937.12,1.0515
Nifty Midcap 150,2022-04-05,16938.51,0.8523
Nifty 500,2022-04-05,18445.35,0.7284
Nifty Smallcap 250,2022-04-05,18605.06,1.147
Nifty 50 Hybrid,2022-04-05,5840.2,-0.0626
Crisil ST Bond,2022-04-05,5229.35,-0.1669
Crisil Liquid,2022-04-05,16299.27,0.0128
Crisil Gilt,2022-04-05,12099.41,-0.0791
Nifty 100,2022-04-06,15825.26,-0.7019
Nifty Midcap 150,2022-04-06,16733.14,-1.2124
Nifty 500,2022-04-06,18362.83,-0.4473
Nifty Smallcap 250,2022-04-06,18499.64,-0.5666
Nifty 50 Hybrid,2022-04-06,5703.1,-2.3476
Crisil ST Bond,2022-04-06,5234.06,0.09
Crisil Liquid,2022-04-06,16338.72,0.242
Crisil Gilt,2022-04-06,12109.17,0.0806
Nifty 100,2022-04-07,15797.89,-0.1729
Nifty Midcap 150,2022-04-07,16729.0,-0.0247
Nifty 500,2022-04-07,18291.04,-0.391
Nifty Smallcap 250,2022-04-07,18521.85,0.12
Nifty 50 Hybrid,2022-04-07,5702.7,-0.007
Crisil ST Bond,2022-04-07,5230.71,-0.0641
Crisil Liquid,2022-04-07,16369.48,0.1883
Crisil Gilt,2022-04-07,12093.58,-0.1287
Nifty 100,2022-04-08,15916.12,0.7483
Nifty Midcap 150,2022-04-08,16717.09,-0.0712
Nifty 500,2022-04-08,18644.21,1.9308
Nifty Smallcap 250,2022-04-08,18590.54,0.3709
Nifty 50 Hybrid,2022-04-08,5683.88,-0.3299
Crisil ST Bond,2022-04-08,5230.46,-0.0048
Crisil Liquid,2022-04-08,16373.41,0.024
Crisil Gilt,2022-04-08,12082.18,-0.0943
Nifty 100,2022-04-11,15798.83,-0.7369
Nifty Midcap 150,2022-04-11,16423.71,-1.7549
Nifty 500,2022-04-11,18477.72,-0.893
Nifty Smallcap 250,2022-04-11,18613.58,0.1239
Nifty 50 Hybrid,2022-04-11,5702.65,0.3302
Crisil ST Bond,2022-04-11,5221.15,-0.1779
Crisil Liquid,2022-04-11,16374.43,0.0063
Crisil Gilt,2022-04-11,12091.4,0.0763
Nifty 100,2022-04-12,15777.84,-0.1329
Nifty Midcap 150,2022-04-12,16324.55,-0.6038
Nifty 500,2022-04-12,18407.1,-0.3822
Nifty Smallcap 250,2022-04-12,18518.5,-0.5108
Nifty 50 Hybrid,2022-04-12,5668.05,-0.6067
Crisil ST Bond,2022-04-12,5223.1,0.0374
Crisil Liquid,2022-04-12,16415.5,0.2508
Crisil Gilt,2022-04-12,12084.83,-0.0544
Nifty 100,2022-04-13,15732.37,-0.2881
Nifty Midcap 150,2022-04-13,16321.01,-0.0217
Nifty 500,2022-04-13,18286.1,-0.6574
Nifty Smallcap 250,2022-04-13,18727.44,1.1282
Nifty 50 Hybrid,2022-04-13,5535.37,-2.3409
Crisil ST Bond,2022-04-13,5221.37,-0.0331
Crisil Liquid,2022-04-13,16432.21,0.1018
Crisil Gilt,2022-04-13,12083.69,-0.0094
Nifty 100,2022-04-14,15607.96,-0.7908
Nifty Midcap 150,2022-04-14,16397.84,0.4708
Nifty 500,2022-04-14,18457.32,0.9363
Nifty Smallcap 250,2022-04-14,18772.5,0.2406
Nifty 50 Hybrid,2022-04-14,5492.68,-0.7712
Crisil ST Bond,2022-04-14,5224.8,0.0656
Crisil Liquid,2022-04-14,16428.89,-0.0202
Crisil Gilt,2022-04-14,12095.11,0.0945
Nifty 100,2022-04-15,15844.14,1.5133
Nifty Midcap 150,2022-04-15,15975.5,-2.5756
Nifty 500,2022-04-15,18483.36,0.1411
Nifty Smallcap 250,2022-04-15,18452.29,-1.7057
Nifty 50 Hybrid,2022-04-15,5628.44,2.4718
Crisil ST Bond,2022-04-15,5223.4,-0.0268
Crisil Liquid,2022-04-15,16444.44,0.0946
Crisil Gilt,2022-04-15,12097.11,0.0165
Nifty 100,2022-04-18,15721.66,-0.7731
Nifty Midcap 150,2022-04-18,15832.99,-0.8921
Nifty 500,2022-04-18,18781.99,1.6157
Nifty Smallcap 250,2022-04-18,18634.22,0.9859
Nifty 50 Hybrid,2022-04-18,5739.53,1.9736
Crisil ST Bond,2022-04-18,5224.73,0.0255
Crisil Liquid,2022-04-18,16452.46,0.0488
Crisil Gilt,2022-04-18,12096.29,-0.0067
Nifty 100,2022-04-19,15681.24,-0.2571
Nifty Midcap 150,2022-04-19,15672.78,-1.0119
Nifty 500,2022-04-19,18803.41,0.114
Nifty Smallcap 250,2022-04-19,18492.74,-0.7592
Nifty 50 Hybrid,2022-04-19,5766.61,0.4719
Crisil ST Bond,2022-04-19,5226.67,0.037
Crisil Liquid,2022-04-19,16460.49,0.0488
Crisil Gilt,2022-04-19,12118.98,0.1875
Nifty 100,2022-04-20,15680.03,-0.0077
Nifty Midcap 150,2022-04-20,15796.08,0.7867
Nifty 500,2022-04-20,19194.8,2.0815
Nifty Smallcap 250,2022-04-20,18739.92,1.3366
Nifty 50 Hybrid,2022-04-20,5834.84,1.1832
Crisil ST Bond,2022-04-20,5226.11,-0.0107
Crisil Liquid,2022-04-20,16467.56,0.043
Crisil Gilt,2022-04-20,12105.42,-0.1118
Nifty 100,2022-04-21,15762.96,0.5289
Nifty Midcap 150,2022-04-21,15844.17,0.3045
Nifty 500,2022-04-21,19205.05,0.0534
Nifty Smallcap 250,2022-04-21,18938.04,1.0572
Nifty 50 Hybrid,2022-04-21,5766.12,-1.1778
Crisil ST Bond,2022-04-21,5235.7,0.1835
Crisil Liquid,2022-04-21,16485.7,0.1102
Crisil Gilt,2022-04-21,12106.99,0.0129
Nifty 100,2022-04-22,15744.25,-0.1187
Nifty Midcap 150,2022-04-22,15925.07,0.5106
Nifty 500,2022-04-22,19502.89,1.5509
Nifty Smallcap 250,2022-04-22,18962.96,0.1316
Nifty 50 Hybrid,2022-04-22,5776.15,0.174
Crisil ST Bond,2022-04-22,5236.84,0.0218
Crisil Liquid,2022-04-22,16518.38,0.1982
Crisil Gilt,2022-04-22,12104.94,-0.0169
Nifty 100,2022-04-25,15744.32,0.0005
Nifty Midcap 150,2022-04-25,16162.91,1.4934
Nifty 500,2022-04-25,19537.41,0.177
Nifty Smallcap 250,2022-04-25,19184.27,1.1671
Nifty 50 Hybrid,2022-04-25,5725.25,-0.8813
Crisil ST Bond,2022-04-25,5236.81,-0.0005
Crisil Liquid,2022-04-25,16546.2,0.1684
Crisil Gilt,2022-04-25,12099.18,-0.0476
Nifty 100,2022-04-26,15725.23,-0.1213
Nifty Midcap 150,2022-04-26,16209.24,0.2867
Nifty 500,2022-04-26,19350.02,-0.9592
Nifty Smallcap 250,2022-04-26,19110.64,-0.3838
Nifty 50 Hybrid,2022-04-26,5733.42,0.1426
Crisil ST Bond,2022-04-26,5238.1,0.0247
Crisil Liquid,2022-04-26,16570.7,0.148
Crisil Gilt,2022-04-26,12120.25,0.1741
Nifty 100,2022-04-27,15595.32,-0.8261
Nifty Midcap 150,2022-04-27,16232.14,0.1413
Nifty 500,2022-04-27,19486.29,0.7042
Nifty Smallcap 250,2022-04-27,19406.15,1.5463
Nifty 50 Hybrid,2022-04-27,5776.33,0.7485
Crisil ST Bond,2022-04-27,5240.67,0.0491
Crisil Liquid,2022-04-27,16585.06,0.0867
Crisil Gilt,2022-04-27,12130.84,0.0874
Nifty 100,2022-04-28,15455.32,-0.8977
Nifty Midcap 150,2022-04-28,16268.31,0.2228
Nifty 500,2022-04-28,19776.47,1.4892
Nifty Smallcap 250,2022-04-28,19371.74,-0.1774
Nifty 50 Hybrid,2022-04-28,5785.54,0.1594
Crisil ST Bond,2022-04-28,5240.45,-0.0043
Crisil Liquid,2022-04-28,16550.0,-0.2114
Crisil Gilt,2022-04-28,12133.51,0.0221
Nifty 100,2022-04-29,15506.6,0.3318
Nifty Midcap 150,2022-04-29,16189.81,-0.4825
Nifty 500,2022-04-29,19554.06,-1.1246
Nifty Smallcap 250,2022-04-29,19206.96,-0.8506
Nifty 50 Hybrid,2022-04-29,5831.49,0.7942
Crisil ST Bond,2022-04-29,5251.84,0.2173
Crisil Liquid,2022-04-29,16576.19,0.1582
Crisil Gilt,2022-04-29,12119.63,-0.1144
Nifty 100,2022-05-02,15643.78,0.8846
Nifty Midcap 150,2022-05-02,16087.3,-0.6332
Nifty 500,2022-05-02,19446.07,-0.5523
Nifty Smallcap 250,2022-05-02,19123.99,-0.432
Nifty 50 Hybrid,2022-05-02,5874.41,0.7361
Crisil ST Bond,2022-05-02,5257.92,0.1159
Crisil Liquid,2022-05-02,16577.88,0.0102
Crisil Gilt,2022-05-02,12121.07,0.0119
Nifty 100,2022-05-03,15721.1,0.4943
Nifty Midcap 150,2022-05-03,16183.51,0.598
Nifty 500,2022-05-03,19680.63,1.2062
Nifty Smallcap 250,2022-05-03,18884.1,-1.2544
Nifty 50 Hybrid,2022-05-03,5877.35,0.05
Crisil ST Bond,2022-05-03,5253.36,-0.0868
Crisil Liquid,2022-05-03,16580.35,0.0149
Crisil Gilt,2022-05-03,12120.75,-0.0026
Nifty 100,2022-05-04,15718.46,-0.0167
Nifty Midcap 150,2022-05-04,16058.93,-0.7697
Nifty 500,2022-05-04,19393.83,-1.4573
Nifty Smallcap 250,2022-05-04,18494.25,-2.0644
Nifty 50 Hybrid,2022-05-04,5871.4,-0.1012
Crisil ST Bond,2022-05-04,5252.15,-0.0231
Crisil Liquid,2022-05-04,16572.46,-0.0476
Crisil Gilt,2022-05-04,12139.21,0.1523
Nifty 100,2022-05-05,15588.09,-0.8294
Nifty Midcap 150,2022-05-05,16291.28,1.4468
Nifty 500,2022-05-05,19714.57,1.6538
Nifty Smallcap 250,2022-05-05,18139.0,-1.9209
Nifty 50 Hybrid,2022-05-05,5878.59,0.1224
Crisil ST Bond,2022-05-05,5251.1,-0.02
Crisil Liquid,2022-05-05,16527.52,-0.2712
Crisil Gilt,2022-05-05,12124.1,-0.1245
Nifty 100,2022-05-06,15713.56,0.8049
Nifty Midcap 150,2022-05-06,16625.12,2.0492
Nifty 500,2022-05-06,19898.44,0.9327
Nifty Smallcap 250,2022-05-06,18203.14,0.3536
Nifty 50 Hybrid,2022-05-06,5879.1,0.0087
Crisil ST Bond,2022-05-06,5260.98,0.1883
Crisil Liquid,2022-05-06,16566.33,0.2348
Crisil Gilt,2022-05-06,12119.41,-0.0387
Nifty 100,2022-05-09,15404.01,-1.97
Nifty Midcap 150,2022-05-09,16281.28,-2.0682
Nifty 500,2022-05-09,20167.45,1.3519
Nifty Smallcap 250,2022-05-09,18200.04,-0.0171
Nifty 50 Hybrid,2022-05-09,5891.64,0.2132
Crisil ST Bond,2022-05-09,5252.62,-0.1591
Crisil Liquid,2022-05-09,16557.16,-0.0553
Crisil Gilt,2022-05-09,12118.25,-0.0095
Nifty 100,2022-05-10,15440.65,0.2378
Nifty Midcap 150,2022-05-10,16221.27,-0.3686
Nifty 500,2022-05-10,19964.3,-1.0073
Nifty Smallcap 250,2022-05-10,18062.71,-0.7546
Nifty 50 Hybrid,2022-05-10,5964.59,1.2383
Crisil ST Bond,2022-05-10,5254.95,0.0445
Crisil Liquid,2022-05-10,16570.61,0.0812
Crisil Gilt,2022-05-10,12109.78,-0.0699
Nifty 100,2022-05-11,14989.19,-2.9238
Nifty Midcap 150,2022-05-11,16141.28,-0.4931
Nifty 500,2022-05-11,19797.28,-0.8366
Nifty Smallcap 250,2022-05-11,18131.17,0.379
Nifty 50 Hybrid,2022-05-11,6162.36,3.3157
Crisil ST Bond,2022-05-11,5259.66,0.0895
Crisil Liquid,2022-05-11,16619.26,0.2936
Crisil Gilt,2022-05-11,12119.09,0.0769
Nifty 100,2022-05-12,14899.27,-0.5999
Nifty Midcap 150,2022-05-12,16202.28,0.3779
Nifty 500,2022-05-12,20155.74,1.8106
Nifty Smallcap 250,2022-05-12,18468.33,1.8596
Nifty 50 Hybrid,2022-05-12,6128.76,-0.5453
Crisil ST Bond,2022-05-12,5262.04,0.0453
Crisil Liquid,2022-05-12,16598.83,-0.1229
Crisil Gilt,2022-05-12,12131.51,0.1025
Nifty 100,2022-05-13,15135.18,1.5834
Nifty Midcap 150,2022-05-13,16213.59,0.0698
Nifty 500,2022-05-13,20027.27,-0.6374
Nifty Smallcap 250,2022-05-13,18540.38,0.3901
Nifty 50 Hybrid,2022-05-13,6156.18,0.4475
Crisil ST Bond,2022-05-13,5263.52,0.0281
Crisil Liquid,2022-05-13,16605.12,0.0379
Crisil Gilt,2022-05-13,12131.83,0.0026
Nifty 100,2022-05-16,15290.46,1.026
Nifty Midcap 150,2022-05-16,16337.83,0.7662
Nifty 500,2022-05-16,19836.39,-0.9531
Nifty Smallcap 250,2022-05-16,18358.57,-0.9806
Nifty 50 Hybrid,2022-05-16,6142.37,-0.2244
Crisil ST Bond,2022-05-16,5268.45,0.0937
Crisil Liquid,2022-05-16,16610.9,0.0348
Crisil Gilt,2022-05-16,12126.45,-0.0443
Nifty 100,2022-05-17,15335.03,0.2915
Nifty Midcap 150,2022-05-17,16288.68,-0.3008
Nifty 500,2022-05-17,20017.0,0.9105
Nifty Smallcap 250,2022-05-17,18425.22,0.3631
Nifty 50 Hybrid,2022-05-17,6124.85,-0.2853
Crisil ST Bond,2022-05-17,5270.72,0.0432
Crisil Liquid,2022-05-17,16636.06,0.1515
Crisil Gilt,2022-05-17,12121.97,-0.037
Nifty 100,2022-05-18,15401.38,0.4327
Nifty Midcap 150,2022-05-18,16282.09,-0.0405
Nifty 500,2022-05-18,20108.47,0.457
Nifty Smallcap 250,2022-05-18,18310.15,-0.6246
Nifty 50 Hybrid,2022-05-18,6133.44,0.1403
Crisil ST Bond,2022-05-18,5277.62,0.1308
Crisil Liquid,2022-05-18,16623.8,-0.0737
Crisil Gilt,2022-05-18,12108.28,-0.1129
Nifty 100,2022-05-19,15207.1,-1.2615
Nifty Midcap 150,2022-05-19,16096.37,-1.1407
Nifty 500,2022-05-19,20234.21,0.6253
Nifty Smallcap 250,2022-05-19,18058.22,-1.3759
Nifty 50 Hybrid,2022-05-19,6117.01,-0.2679
Crisil ST Bond,2022-05-19,5281.94,0.0818
Crisil Liquid,2022-05-19,16634.05,0.0617
Crisil Gilt,2022-05-19,12106.03,-0.0186
Nifty 100,2022-05-20,15240.7,0.2209
Nifty Midcap 150,2022-05-20,16118.44,0.1371
Nifty 500,2022-05-20,20194.91,-0.1942
Nifty Smallcap 250,2022-05-20,18025.57,-0.1808
Nifty 50 Hybrid,2022-05-20,6255.59,2.2654
Crisil ST Bond,2022-05-20,5287.27,0.1009
Crisil Liquid,2022-05-20,16678.64,0.2681
Crisil Gilt,2022-05-20,12102.44,-0.0297
Nifty 100,2022-05-23,15232.32,-0.055
Nifty Midcap 150,2022-05-23,15908.56,-1.3021
Nifty 500,2022-05-23,20037.48,-0.7796
Nifty Smallcap 250,2022-05-23,18373.81,1.9319
Nifty 50 Hybrid,2022-05-23,6224.81,-0.492
Crisil ST Bond,2022-05-23,5298.47,0.2119
Crisil Liquid,2022-05-23,16661.24,-0.1043
Crisil Gilt,2022-05-23,12092.11,-0.0853
Nifty 100,2022-05-24,15184.91,-0.3112
Nifty Midcap 150,2022-05-24,15903.19,-0.0337
Nifty 500,2022-05-24,20228.45,0.9531
Nifty Smallcap 250,2022-05-24,18462.14,0.4808
Nifty 50 Hybrid,2022-05-24,6200.76,-0.3863
Crisil ST Bond,2022-05-24,5298.83,0.0067
Crisil Liquid,2022-05-24,16659.26,-0.0119
Crisil Gilt,2022-05-24,12083.47,-0.0715
Nifty 100,2022-05-25,15054.63,-0.858
Nifty Midcap 150,2022-05-25,16071.43,1.0579
Nifty 500,2022-05-25,19864.71,-1.7982
Nifty Smallcap 250,2022-05-25,18766.28,1.6474
Nifty 50 Hybrid,2022-05-25,6181.35,-0.313
Crisil ST Bond,2022-05-25,5295.79,-0.0573
Crisil Liquid,2022-05-25,16674.91,0.094
Crisil Gilt,2022-05-25,12103.83,0.1685
Nifty 100,2022-05-26,15227.4,1.1476
Nifty Midcap 150,2022-05-26,16156.9,0.5319
Nifty 500,2022-05-26,20086.57,1.1169
Nifty Smallcap 250,2022-05-26,18449.79,-1.6865
Nifty 50 Hybrid,2022-05-26,6150.95,-0.4918
Crisil ST Bond,2022-05-26,5292.03,-0.0711
Crisil Liquid,2022-05-26,16698.67,0.1425
Crisil Gilt,2022-05-26,12101.61,-0.0183
Nifty 100,2022-05-27,15360.7,0.8754
Nifty Midcap 150,2022-05-27,16248.33,0.5659
Nifty 500,2022-05-27,19919.39,-0.8323
Nifty Smallcap 250,2022-05-27,18347.03,-0.557
Nifty 50 Hybrid,2022-05-27,6232.38,1.3238
Crisil ST Bond,2022-05-27,5288.98,-0.0575
Crisil Liquid,2022-05-27,16704.09,0.0325
Crisil Gilt,2022-05-27,12094.56,-0.0583
Nifty 100,2022-05-30,15317.09,-0.284
Nifty Midcap 150,2022-05-30,16245.7,-0.0162
Nifty 500,2022-05-30,19769.42,-0.7529
Nifty Smallcap 250,2022-05-30,18176.32,-0.9304
Nifty 50 Hybrid,2022-05-30,6252.09,0.3163
Crisil ST Bond,2022-05-30,5285.57,-0.0645
Crisil Liquid,2022-05-30,16693.89,-0.0611
Crisil Gilt,2022-05-30,12085.62,-0.0739
Nifty 100,2022-05-31,15309.75,-0.0479
Nifty Midcap 150,2022-05-31,16403.89,0.9737
Nifty 500,2022-05-31,20073.19,1.5365
Nifty Smallcap 250,2022-05-31,18049.83,-0.6959
Nifty 50 Hybrid,2022-05-31,6388.4,2.1803
Crisil ST Bond,2022-05-31,5281.32,-0.0805
Crisil Liquid,2022-05-31,16715.32,0.1284
Crisil Gilt,2022-05-31,12079.32,-0.0522
Nifty 100,2022-06-01,15181.0,-0.8409
Nifty Midcap 150,2022-06-01,16286.64,-0.7148
Nifty 500,2022-06-01,20068.68,-0.0224
Nifty Smallcap 250,2022-06-01,18159.93,0.61
Nifty 50 Hybrid,2022-06-01,6433.11,0.6999
Crisil ST Bond,2022-06-01,5277.39,-0.0744
Crisil Liquid,2022-06-01,16702.12,-0.079
Crisil Gilt,2022-06-01,12070.66,-0.0717
Nifty 100,2022-06-02,15168.65,-0.0814
Nifty Midcap 150,2022-06-02,16257.3,-0.1802
Nifty 500,2022-06-02,19884.01,-0.9202
Nifty Smallcap 250,2022-06-02,18214.33,0.2996
Nifty 50 Hybrid,2022-06-02,6580.6,2.2926
Crisil ST Bond,2022-06-02,5275.78,-0.0305
Crisil Liquid,2022-06-02,16698.22,-0.0234
Crisil Gilt,2022-06-02,12079.83,0.076
Nifty 100,2022-06-03,15088.44,-0.5288
Nifty Midcap 150,2022-06-03,16370.93,0.699
Nifty 500,2022-06-03,19747.1,-0.6885
Nifty Smallcap 250,2022-06-03,18553.51,1.8621
Nifty 50 Hybrid,2022-06-03,6605.26,0.3748
Crisil ST Bond,2022-06-03,5273.56,-0.042
Crisil Liquid,2022-06-03,16691.73,-0.0389
Crisil Gilt,2022-06-03,12076.04,-0.0314
Nifty 100,2022-06-06,15300.09,1.4027
Nifty Midcap 150,2022-06-06,16168.14,-1.2388
Nifty 500,2022-06-06,19621.13,-0.6379
Nifty Smallcap 250,2022-06-06,18454.87,-0.5317
Nifty 50 Hybrid,2022-06-06,6606.2,0.0143
Crisil ST Bond,2022-06-06,5273.19,-0.0071
Crisil Liquid,2022-06-06,16670.18,-0.1291
Crisil Gilt,2022-06-06,12073.63,-0.02
Nifty 100,2022-06-07,15289.45,-0.0696
Nifty Midcap 150,2022-06-07,16071.43,-0.5981
Nifty 500,2022-06-07,19761.77,0.7168
Nifty Smallcap 250,2022-06-07,18630.08,0.9494
Nifty 50 Hybrid,2022-06-07,6603.01,-0.0484
Crisil ST Bond,2022-06-07,5275.46,0.0431
Crisil Liquid,2022-06-07,16637.49,-0.1961
Crisil Gilt,2022-06-07,12070.96,-0.0221
Nifty 100,2022-06-08,15447.67,1.0348
Nifty Midcap 150,2022-06-08,16008.2,-0.3934
Nifty 500,2022-06-08,19622.0,-0.7073
Nifty Smallcap 250,2022-06-08,19060.0,2.3077
Nifty 50 Hybrid,2022-06-08,6725.1,1.8491
Crisil ST Bond,2022-06-08,5278.98,0.0668
Crisil Liquid,2022-06-08,16659.76,0.1339
Crisil Gilt,2022-06-08,12046.5,-0.2026
Nifty 100,2022-06-09,15330.65,-0.7576
Nifty Midcap 150,2022-06-09,15937.77,-0.44
Nifty 500,2022-06-09,19581.58,-0.206
Nifty Smallcap 250,2022-06-09,18972.34,-0.4599
Nifty 50 Hybrid,2022-06-09,6555.63,-2.52
Crisil ST Bond,2022-06-09,5282.07,0.0586
Crisil Liquid,2022-06-09,16672.15,0.0744
Crisil Gilt,2022-06-09,12068.21,0.1802
Nifty 100,2022-06-10,15214.39,-0.7583
Nifty Midcap 150,2022-06-10,15803.87,-0.8402
Nifty 500,2022-06-10,19062.67,-2.65
Nifty Smallcap 250,2022-06-10,18922.33,-0.2636
Nifty 50 Hybrid,2022-06-10,6616.67,0.9311
Crisil ST Bond,2022-06-10,5279.9,-0.0412
Crisil Liquid,2022-06-10,16711.22,0.2343
Crisil Gilt,2022-06-10,12067.52,-0.0057
Nifty 100,2022-06-13,15241.32,0.177
Nifty Midcap 150,2022-06-13,15593.19,-1.3331
Nifty 500,2022-06-13,19123.15,0.3172
Nifty Smallcap 250,2022-06-13,18553.48,-1.9493
Nifty 50 Hybrid,2022-06-13,6664.55,0.7237
Crisil ST Bond,2022-06-13,5284.78,0.0924
Crisil Liquid,2022-06-13,16737.28,0.1559
Crisil Gilt,2022-06-13,12057.63,-0.082
Nifty 100,2022-06-14,15270.36,0.1906
Nifty Midcap 150,2022-06-14,15685.78,0.5938
Nifty 500,2022-06-14,19213.46,0.4723
Nifty Smallcap 250,2022-06-14,18398.5,-0.8353
Nifty 50 Hybrid,2022-06-14,6507.14,-2.362
Crisil ST Bond,2022-06-14,5287.67,0.0547
Crisil Liquid,2022-06-14,16738.07,0.0048
Crisil Gilt,2022-06-14,12053.21,-0.0367
Nifty 100,2022-06-15,15391.6,0.7939
Nifty Midcap 150,2022-06-15,15683.44,-0.0149
Nifty 500,2022-06-15,18965.76,-1.2892
Nifty Smallcap 250,2022-06-15,18048.66,-1.9015
Nifty 50 Hybrid,2022-06-15,6435.63,-1.099
Crisil ST Bond,2022-06-15,5301.38,0.2593
Crisil Liquid,2022-06-15,16753.52,0.0923
Crisil Gilt,2022-06-15,12057.89,0.0389
Nifty 100,2022-06-16,15368.26,-0.1517
Nifty Midcap 150,2022-06-16,15649.35,-0.2174
Nifty 500,2022-06-16,19192.82,1.1972
Nifty Smallcap 250,2022-06-16,17965.53,-0.4606
Nifty 50 Hybrid,2022-06-16,6474.69,0.6069
Crisil ST Bond,2022-06-16,5300.59,-0.0148
Crisil Liquid,2022-06-16,16789.37,0.214
Crisil Gilt,2022-06-16,12069.25,0.0942
Nifty 100,2022-06-17,15564.29,1.2756
Nifty Midcap 150,2022-06-17,15562.59,-0.5544
Nifty 500,2022-06-17,19401.66,1.0881
Nifty Smallcap 250,2022-06-17,17914.76,-0.2826
Nifty 50 Hybrid,2022-06-17,6483.75,0.14
Crisil ST Bond,2022-06-17,5310.32,0.1835
Crisil Liquid,2022-06-17,16775.22,-0.0843
Crisil Gilt,2022-06-17,12074.12,0.0403
Nifty 100,2022-06-20,15637.13,0.468
Nifty Midcap 150,2022-06-20,15648.18,0.55
Nifty 500,2022-06-20,19320.02,-0.4208
Nifty Smallcap 250,2022-06-20,18293.89,2.1163
Nifty 50 Hybrid,2022-06-20,6401.74,-1.2649
Crisil ST Bond,2022-06-20,5319.13,0.1659
Crisil Liquid,2022-06-20,16798.96,0.1415
Crisil Gilt,2022-06-20,12099.49,0.2101
Nifty 100,2022-06-21,15393.47,-1.5582
Nifty Midcap 150,2022-06-21,15516.92,-0.8388
Nifty 500,2022-06-21,19614.06,1.5219
Nifty Smallcap 250,2022-06-21,17955.99,-1.847
Nifty 50 Hybrid,2022-06-21,6300.82,-1.5765
Crisil ST Bond,2022-06-21,5317.6,-0.0288
Crisil Liquid,2022-06-21,16805.55,0.0392
Crisil Gilt,2022-06-21,12121.17,0.1792
Nifty 100,2022-06-22,15369.57,-0.1553
Nifty Midcap 150,2022-06-22,15427.2,-0.5782
Nifty 500,2022-06-22,19681.02,0.3414
Nifty Smallcap 250,2022-06-22,18045.7,0.4996
Nifty 50 Hybrid,2022-06-22,6330.51,0.4712
Crisil ST Bond,2022-06-22,5317.71,0.0022
Crisil Liquid,2022-06-22,16776.05,-0.1755
Crisil Gilt,2022-06-22,12112.47,-0.0718
Nifty 100,2022-06-23,15592.47,1.4503
Nifty Midcap 150,2022-06-23,15460.68,0.2171
Nifty 500,2022-06-23,19623.45,-0.2925
Nifty Smallcap 250,2022-06-23,18252.89,1.1482
Nifty 50 Hybrid,2022-06-23,6260.87,-1.1001
Crisil ST Bond,2022-06-23,5317.58,-0.0025
Crisil Liquid,2022-06-23,16781.72,0.0338
Crisil Gilt,2022-06-23,12109.55,-0.0241
Nifty 100,2022-06-24,15612.86,0.1308
Nifty Midcap 150,2022-06-24,15436.3,-0.1577
Nifty 500,2022-06-24,19354.74,-1.3693
Nifty Smallcap 250,2022-06-24,18291.49,0.2115
Nifty 50 Hybrid,2022-06-24,6179.58,-1.2984
Crisil ST Bond,2022-06-24,5319.52,0.0366
Crisil Liquid,2022-06-24,16808.14,0.1574
Crisil Gilt,2022-06-24,12108.57,-0.0081
Nifty 100,2022-06-27,15434.64,-1.1415
Nifty Midcap 150,2022-06-27,15421.33,-0.097
Nifty 500,2022-06-27,19199.52,-0.802
Nifty Smallcap 250,2022-06-27,18405.73,0.6245
Nifty 50 Hybrid,2022-06-27,6172.29,-0.118
Crisil ST Bond,2022-06-27,5329.68,0.191
Crisil Liquid,2022-06-27,16831.05,0.1363
Crisil Gilt,2022-06-27,12109.14,0.0047
Nifty 100,2022-06-28,15549.72,0.7456
Nifty Midcap 150,2022-06-28,15365.32,-0.3632
Nifty 500,2022-06-28,19211.8,0.064
Nifty Smallcap 250,2022-06-28,18344.72,-0.3314
Nifty 50 Hybrid,2022-06-28,6221.45,0.7965
Crisil ST Bond,2022-06-28,5338.39,0.1633
Crisil Liquid,2022-06-28,16847.85,0.0999
Crisil Gilt,2022-06-28,12122.72,0.1122
Nifty 100,2022-06-29,15697.92,0.953
Nifty Midcap 150,2022-06-29,15454.63,0.5813
Nifty 500,2022-06-29,18998.69,-1.1093
Nifty Smallcap 250,2022-06-29,18662.26,1.731
Nifty 50 Hybrid,2022-06-29,6335.57,1.8344
Crisil ST Bond,2022-06-29,5338.2,-0.0034
Crisil Liquid,2022-06-29,16844.98,-0.0171
Crisil Gilt,2022-06-29,12132.57,0.0812
Nifty 100,2022-06-30,15789.09,0.5808
Nifty Midcap 150,2022-06-30,15428.05,-0.1719
Nifty 500,2022-06-30,18766.9,-1.22
Nifty Smallcap 250,2022-06-30,18724.91,0.3357
Nifty 50 Hybrid,2022-06-30,6372.41,0.5814
Crisil ST Bond,2022-06-30,5343.15,0.0926
Crisil Liquid,2022-06-30,16854.23,0.0549
Crisil Gilt,2022-06-30,12131.71,-0.0071
Nifty 100,2022-07-01,15950.77,1.024
Nifty Midcap 150,2022-07-01,15442.84,0.0958
Nifty 500,2022-07-01,18685.28,-0.4349
Nifty Smallcap 250,2022-07-01,18696.7,-0.1507
Nifty 50 Hybrid,2022-07-01,6263.06,-1.716
Crisil ST Bond,2022-07-01,5343.24,0.0018
Crisil Liquid,2022-07-01,16869.2,0.0888
Crisil Gilt,2022-07-01,12138.26,0.054
Nifty 100,2022-07-04,16198.12,1.5507
Nifty Midcap 150,2022-07-04,15406.86,-0.233
Nifty 500,2022-07-04,18781.94,0.5173
Nifty Smallcap 250,2022-07-04,18850.53,0.8227
Nifty 50 Hybrid,2022-07-04,6411.68,2.3729
Crisil ST Bond,2022-07-04,5345.08,0.0345
Crisil Liquid,2022-07-04,16854.96,-0.0844
Crisil Gilt,2022-07-04,12150.98,0.1048
Nifty 100,2022-07-05,16505.19,1.8957
Nifty Midcap 150,2022-07-05,15361.79,-0.2925
Nifty 500,2022-07-05,18945.54,0.8711
Nifty Smallcap 250,2022-07-05,19087.81,1.2587
Nifty 50 Hybrid,2022-07-05,6478.81,1.0471
Crisil ST Bond,2022-07-05,5346.82,0.0326
Crisil Liquid,2022-07-05,16846.56,-0.0498
Crisil Gilt,2022-07-05,12152.42,0.0119
Nifty 100,2022-07-06,16585.83,0.4886
Nifty Midcap 150,2022-07-06,15505.92,0.9382
Nifty 500,2022-07-06,19014.49,0.3639
Nifty Smallcap 250,2022-07-06,19021.02,-0.3499
Nifty 50 Hybrid,2022-07-06,6516.74,0.5854
Crisil ST Bond,2022-07-06,5352.49,0.106
Crisil Liquid,2022-07-06,16856.33,0.058
Crisil Gilt,2022-07-06,12144.69,-0.0636
Nifty 100,2022-07-07,16560.72,-0.1514
Nifty Midcap 150,2022-07-07,15657.54,0.9778
Nifty 500,2022-07-07,18757.22,-1.353
Nifty Smallcap 250,2022-07-07,18628.58,-2.0632
Nifty 50 Hybrid,2022-07-07,6616.97,1.5381
Crisil ST Bond,2022-07-07,5356.3,0.0711
Crisil Liquid,2022-07-07,16869.92,0.0807
Crisil Gilt,2022-07-07,12134.04,-0.0877
Nifty 100,2022-07-08,16687.83,0.7675
Nifty Midcap 150,2022-07-08,15705.33,0.3052
Nifty 500,2022-07-08,18465.68,-1.5543
Nifty Smallcap 250,2022-07-08,18899.49,1.4543
Nifty 50 Hybrid,2022-07-08,6629.45,0.1887
Crisil ST Bond,2022-07-08,5355.25,-0.0196
Crisil Liquid,2022-07-08,16866.92,-0.0178
Crisil Gilt,2022-07-08,12112.01,-0.1815
Nifty 100,2022-07-11,16791.85,0.6233
Nifty Midcap 150,2022-07-11,15751.17,0.2919
Nifty 500,2022-07-11,18435.38,-0.1641
Nifty Smallcap 250,2022-07-11,19146.79,1.3085
Nifty 50 Hybrid,2022-07-11,6539.7,-1.3539
Crisil ST Bond,2022-07-11,5353.13,-0.0397
Crisil Liquid,2022-07-11,16855.96,-0.065
Crisil Gilt,2022-07-11,12111.06,-0.0079
Nifty 100,2022-07-12,16808.22,0.0975
Nifty Midcap 150,2022-07-12,15823.63,0.46
Nifty 500,2022-07-12,18376.94,-0.317
Nifty Smallcap 250,2022-07-12,18984.55,-0.8474
Nifty 50 Hybrid,2022-07-12,6651.92,1.716
Crisil ST Bond,2022-07-12,5367.11,0.2612
Crisil Liquid,2022-07-12,16861.74,0.0343
Crisil Gilt,2022-07-12,12104.32,-0.0557
Nifty 100,2022-07-13,17061.26,1.5055
Nifty Midcap 150,2022-07-13,15599.44,-1.4168
Nifty 500,2022-07-13,18320.93,-0.3048
Nifty Smallcap 250,2022-07-13,18858.09,-0.6661
Nifty 50 Hybrid,2022-07-13,6576.79,-1.1295
Crisil ST Bond,2022-07-13,5366.68,-0.008
Crisil Liquid,2022-07-13,16850.55,-0.0664
Crisil Gilt,2022-07-13,12106.89,0.0213
Nifty 100,2022-07-14,17071.01,0.0572
Nifty Midcap 150,2022-07-14,15507.2,-0.5913
Nifty 500,2022-07-14,18258.55,-0.3405
Nifty Smallcap 250,2022-07-14,18820.21,-0.2008
Nifty 50 Hybrid,2022-07-14,6632.02,0.8398
Crisil ST Bond,2022-07-14,5366.95,0.0052
Crisil Liquid,2022-07-14,16867.81,0.1025
Crisil Gilt,2022-07-14,12116.4,0.0786
Nifty 100,2022-07-15,17173.7,0.6015
Nifty Midcap 150,2022-07-15,15727.07,1.4178
Nifty 500,2022-07-15,18059.64,-1.0894
Nifty Smallcap 250,2022-07-15,18736.8,-0.4432
Nifty 50 Hybrid,2022-07-15,6750.95,1.7933
Crisil ST Bond,2022-07-15,5366.65,-0.0057
Crisil Liquid,2022-07-15,16823.7,-0.2615
Crisil Gilt,2022-07-15,12116.37,-0.0003
Nifty 100,2022-07-18,17202.03,0.1649
Nifty Midcap 150,2022-07-18,15320.19,-2.5871
Nifty 500,2022-07-18,18305.96,1.3639
Nifty Smallcap 250,2022-07-18,18608.7,-0.6837
Nifty 50 Hybrid,2022-07-18,6775.16,0.3586
Crisil ST Bond,2022-07-18,5366.51,-0.0026
Crisil Liquid,2022-07-18,16805.39,-0.1088
Crisil Gilt,2022-07-18,12105.82,-0.0871
Nifty 100,2022-07-19,17046.33,-0.9051
Nifty Midcap 150,2022-07-19,15491.11,1.1157
Nifty 500,2022-07-19,18284.45,-0.1175
Nifty Smallcap 250,2022-07-19,18517.17,-0.4919
Nifty 50 Hybrid,2022-07-19,6713.87,-0.9046
Crisil ST Bond,2022-07-19,5374.0,0.1396
Crisil Liquid,2022-07-19,16833.36,0.1664
Crisil Gilt,2022-07-19,12122.58,0.1385
Nifty 100,2022-07-20,17135.39,0.5224
Nifty Midcap 150,2022-07-20,15540.66,0.3198
Nifty 500,2022-07-20,18067.61,-1.1859
Nifty Smallcap 250,2022-07-20,18477.2,-0.2158
Nifty 50 Hybrid,2022-07-20,6669.97,-0.6539
Crisil ST Bond,2022-07-20,5365.26,-0.1626
Crisil Liquid,2022-07-20,16854.52,0.1257
Crisil Gilt,2022-07-20,12116.57,-0.0496
Nifty 100,2022-07-21,17345.46,1.2259
Nifty Midcap 150,2022-07-21,15682.35,0.9117
Nifty 500,2022-07-21,18173.61,0.5867
Nifty Smallcap 250,2022-07-21,18595.99,0.6429
Nifty 50 Hybrid,2022-07-21,6630.93,-0.5853
Crisil ST Bond,2022-07-21,5376.3,0.2058
Crisil Liquid,2022-07-21,16858.62,0.0243
Crisil Gilt,2022-07-21,12122.66,0.0502
Nifty 100,2022-07-22,17238.08,-0.6191
Nifty Midcap 150,2022-07-22,15541.03,-0.9012
Nifty 500,2022-07-22,18265.81,0.5073
Nifty Smallcap 250,2022-07-22,18642.02,0.2475
Nifty 50 Hybrid,2022-07-22,6580.58,-0.7594
Crisil ST Bond,2022-07-22,5369.65,-0.1238
Crisil Liquid,2022-07-22,16840.58,-0.107
Crisil Gilt,2022-07-22,12139.58,0.1396
Nifty 100,2022-07-25,17137.54,-0.5833
Nifty Midcap 150,2022-07-25,15493.02,-0.3089
Nifty 500,2022-07-25,18536.2,1.4803
Nifty Smallcap 250,2022-07-25,18438.42,-1.0922
Nifty 50 Hybrid,2022-07-25,6534.71,-0.697
Crisil ST Bond,2022-07-25,5366.59,-0.0569
Crisil Liquid,2022-07-25,16871.2,0.1818
Crisil Gilt,2022-07-25,12166.21,0.2193
Nifty 100,2022-07-26,17271.48,0.7816
Nifty Midcap 150,2022-07-26,15619.04,0.8134
Nifty 500,2022-07-26,18434.19,-0.5504
Nifty Smallcap 250,2022-07-26,18803.01,1.9773
Nifty 50 Hybrid,2022-07-26,6554.17,0.2977
Crisil ST Bond,2022-07-26,5372.24,0.1053
Crisil Liquid,2022-07-26,16872.79,0.0094
Crisil Gilt,2022-07-26,12165.38,-0.0068
Nifty 100,2022-07-27,17563.89,1.693
Nifty Midcap 150,2022-07-27,15708.02,0.5697
Nifty 500,2022-07-27,18707.27,1.4814
Nifty Smallcap 250,2022-07-27,18856.66,0.2853
Nifty 50 Hybrid,2022-07-27,6500.53,-0.8184
Crisil ST Bond,2022-07-27,5370.18,-0.0383
Crisil Liquid,2022-07-27,16877.9,0.0303
Crisil Gilt,2022-07-27,12160.19,-0.0427
Nifty 100,2022-07-28,17374.65,-1.0775
Nifty Midcap 150,2022-07-28,15901.45,1.2314
Nifty 500,2022-07-28,18610.95,-0.5149
Nifty Smallcap 250,2022-07-28,18888.37,0.1682
Nifty 50 Hybrid,2022-07-28,6521.73,0.3261
Crisil ST Bond,2022-07-28,5368.1,-0.0388
Crisil Liquid,2022-07-28,16905.76,0.1651
Crisil Gilt,2022-07-28,12149.04,-0.0917
Nifty 100,2022-07-29,17425.32,0.2916
Nifty Midcap 150,2022-07-29,15945.36,0.2761
Nifty 500,2022-07-29,18606.43,-0.0243
Nifty Smallcap 250,2022-07-29,18649.08,-1.2669
Nifty 50 Hybrid,2022-07-29,6580.48,0.9008
Crisil ST Bond,2022-07-29,5373.16,0.0944
Crisil Liquid,2022-07-29,16897.72,-0.0476
Crisil Gilt,2022-07-29,12160.06,0.0907
Nifty 100,2022-08-01,17495.87,0.4049
Nifty Midcap 150,2022-08-01,15745.95,-1.2506
Nifty 500,2022-08-01,18453.13,-0.8239
Nifty Smallcap 250,2022-08-01,18866.95,1.1683
Nifty 50 Hybrid,2022-08-01,6602.81,0.3394
Crisil ST Bond,2022-08-01,5371.21,-0.0364
Crisil Liquid,2022-08-01,16886.6,-0.0658
Crisil Gilt,2022-08-01,12156.23,-0.0315
Nifty 100,2022-08-02,17423.36,-0.4145
Nifty Midcap 150,2022-08-02,15617.47,-0.816
Nifty 500,2022-08-02,18137.26,-1.7118
Nifty Smallcap 250,2022-08-02,19087.69,1.17
Nifty 50 Hybrid,2022-08-02,6668.88,1.0006
Crisil ST Bond,2022-08-02,5365.44,-0.1073
Crisil Liquid,2022-08-02,16892.28,0.0336
Crisil Gilt,2022-08-02,12147.69,-0.0702
Nifty 100,2022-08-03,17383.01,-0.2316
Nifty Midcap 150,2022-08-03,15568.31,-0.3148
Nifty 500,2022-08-03,18065.1,-0.3978
Nifty Smallcap 250,2022-08-03,19475.74,2.0329
Nifty 50 Hybrid,2022-08-03,6641.52,-0.4103
Crisil ST Bond,2022-08-03,5362.18,-0.0608
Crisil Liquid,2022-08-03,16882.77,-0.0563
Crisil Gilt,2022-08-03,12162.8,0.1244
Nifty 100,2022-08-04,17101.04,-1.6221
Nifty Midcap 150,2022-08-04,15454.25,-0.7326
Nifty 500,2022-08-04,18331.89,1.4768
Nifty Smallcap 250,2022-08-04,19529.1,0.274
Nifty 50 Hybrid,2022-08-04,6656.26,0.2219
Crisil ST Bond,2022-08-04,5374.68,0.2332
Crisil Liquid,2022-08-04,16890.31,0.0446
Crisil Gilt,2022-08-04,12156.62,-0.0508
Nifty 100,2022-08-05,17057.93,-0.2521
Nifty Midcap 150,2022-08-05,15283.41,-1.1054
Nifty 500,2022-08-05,18567.63,1.2859
Nifty Smallcap 250,2022-08-05,19647.16,0.6046
Nifty 50 Hybrid,2022-08-05,6733.1,1.1544
Crisil ST Bond,2022-08-05,5382.28,0.1413
Crisil Liquid,2022-08-05,16886.69,-0.0214
Crisil Gilt,2022-08-05,12147.57,-0.0745
Nifty 100,2022-08-08,17054.23,-0.0217
Nifty Midcap 150,2022-08-08,15154.61,-0.8428
Nifty 500,2022-08-08,18603.82,0.195
Nifty Smallcap 250,2022-08-08,19875.48,1.1621
Nifty 50 Hybrid,2022-08-08,6723.8,-0.1381
Crisil ST Bond,2022-08-08,5384.16,0.035
Crisil Liquid,2022-08-08,16888.48,0.0106
Crisil Gilt,2022-08-08,12159.75,0.1003
Nifty 100,2022-08-09,16945.46,-0.6378
Nifty Midcap 150,2022-08-09,14826.29,-2.1664
Nifty 500,2022-08-09,18697.01,0.5009
Nifty Smallcap 250,2022-08-09,20077.78,1.0178
Nifty 50 Hybrid,2022-08-09,6755.83,0.4764
Crisil ST Bond,2022-08-09,5381.79,-0.044
Crisil Liquid,2022-08-09,16872.69,-0.0935
Crisil Gilt,2022-08-09,12168.19,0.0694
Nifty 100,2022-08-10,16974.52,0.1715
Nifty Midcap 150,2022-08-10,14812.09,-0.0958
Nifty 500,2022-08-10,19043.36,1.8525
Nifty Smallcap 250,2022-08-10,19893.71,-0.9168
Nifty 50 Hybrid,2022-08-10,6877.77,1.805
Crisil ST Bond,2022-08-10,5383.04,0.0232
Crisil Liquid,2022-08-10,16845.1,-0.1636
Crisil Gilt,2022-08-10,12168.44,0.0021
Nifty 100,2022-08-11,17142.48,0.9895
Nifty Midcap 150,2022-08-11,14762.46,-0.3351
Nifty 500,2022-08-11,18768.23,-1.4448
Nifty Smallcap 250,2022-08-11,19866.95,-0.1345
Nifty 50 Hybrid,2022-08-11,6820.88,-0.8272
Crisil ST Bond,2022-08-11,5386.76,0.0692
Crisil Liquid,2022-08-11,16861.49,0.0973
Crisil Gilt,2022-08-11,12158.03,-0.0856
Nifty 100,2022-08-12,17026.63,-0.6758
Nifty Midcap 150,2022-08-12,14878.59,0.7866
Nifty 500,2022-08-12,18612.67,-0.8288
Nifty Smallcap 250,2022-08-12,19657.92,-1.0522
Nifty 50 Hybrid,2022-08-12,6742.53,-1.1487
Crisil ST Bond,2022-08-12,5389.74,0.0552
Crisil Liquid,2022-08-12,16870.08,0.0509
Crisil Gilt,2022-08-12,12152.14,-0.0484
Nifty 100,2022-08-15,17032.6,0.0351
Nifty Midcap 150,2022-08-15,15110.27,1.5571
Nifty 500,2022-08-15,18436.95,-0.9441
Nifty Smallcap 250,2022-08-15,19280.14,-1.9217
Nifty 50 Hybrid,2022-08-15,6775.24,0.4851
Crisil ST Bond,2022-08-15,5390.22,0.009
Crisil Liquid,2022-08-15,16861.47,-0.051
Crisil Gilt,2022-08-15,12162.49,0.0852
Nifty 100,2022-08-16,17180.65,0.8692
Nifty Midcap 150,2022-08-16,14781.13,-2.1783
Nifty 500,2022-08-16,18322.16,-0.6226
Nifty Smallcap 250,2022-08-16,19732.75,2.3475
Nifty 50 Hybrid,2022-08-16,6816.8,0.6134
Crisil ST Bond,2022-08-16,5394.94,0.0876
Crisil Liquid,2022-08-16,16884.62,0.1373
Crisil Gilt,2022-08-16,12165.13,0.0217
Nifty 100,2022-08-17,17322.68,0.8267
Nifty Midcap 150,2022-08-17,14891.7,0.7481
Nifty 500,2022-08-17,18426.42,0.569
Nifty Smallcap 250,2022-08-17,19675.13,-0.292
Nifty 50 Hybrid,2022-08-17,6830.57,0.2021
Crisil ST Bond,2022-08-17,5392.85,-0.0388
Crisil Liquid,2022-08-17,16888.22,0.0213
Crisil Gilt,2022-08-17,12153.35,-0.0968
Nifty 100,2022-08-18,17190.92,-0.7606
Nifty Midcap 150,2022-08-18,14854.13,-0.2523
Nifty 500,2022-08-18,18258.06,-0.9137
Nifty Smallcap 250,2022-08-18,19581.67,-0.475
Nifty 50 Hybrid,2022-08-18,6821.42,-0.1339
Crisil ST Bond,2022-08-18,5396.09,0.0602
Crisil Liquid,2022-08-18,16907.63,0.1149
Crisil Gilt,2022-08-18,12150.15,-0.0264
Nifty 100,2022-08-19,17425.6,1.3651
Nifty Midcap 150,2022-08-19,14998.0,0.9686
Nifty 500,2022-08-19,18355.58,0.5341
Nifty Smallcap 250,2022-08-19,19617.63,0.1836
Nifty 50 Hybrid,2022-08-19,6845.24,0.3491
Crisil ST Bond,2022-08-19,5403.58,0.1387
Crisil Liquid,2022-08-19,16931.69,0.1424
Crisil Gilt,2022-08-19,12168.8,0.1535
Nifty 100,2022-08-22,17438.03,0.0713
Nifty Midcap 150,2022-08-22,15085.74,0.585
Nifty 500,2022-08-22,18607.7,1.3735
Nifty Smallcap 250,2022-08-22,19501.15,-0.5937
Nifty 50 Hybrid,2022-08-22,6825.5,-0.2884
Crisil ST Bond,2022-08-22,5404.75,0.0216
Crisil Liquid,2022-08-22,16950.31,0.11
Crisil Gilt,2022-08-22,12182.37,0.1115
Nifty 100,2022-08-23,17403.0,-0.2009
Nifty Midcap 150,2022-08-23,14862.68,-1.4786
Nifty 500,2022-08-23,18659.09,0.2762
Nifty Smallcap 250,2022-08-23,19327.92,-0.8883
Nifty 50 Hybrid,2022-08-23,6725.85,-1.4599
Crisil ST Bond,2022-08-23,5399.0,-0.1064
Crisil Liquid,2022-08-23,16959.24,0.0526
Crisil Gilt,2022-08-23,12201.38,0.1561
Nifty 100,2022-08-24,17414.99,0.0689
Nifty Midcap 150,2022-08-24,14898.55,0.2414
Nifty 500,2022-08-24,18885.41,1.2129
Nifty Smallcap 250,2022-08-24,19035.21,-1.5145
Nifty 50 Hybrid,2022-08-24,6762.85,0.5502
Crisil ST Bond,2022-08-24,5400.01,0.0188
Crisil Liquid,2022-08-24,16972.23,0.0766
Crisil Gilt,2022-08-24,12197.93,-0.0283
Nifty 100,2022-08-25,17277.77,-0.7879
Nifty Midcap 150,2022-08-25,14923.96,0.1705
Nifty 500,2022-08-25,19202.53,1.6792
Nifty Smallcap 250,2022-08-25,19204.8,0.8909
Nifty 50 Hybrid,2022-08-25,6730.55,-0.4777
Crisil ST Bond,2022-08-25,5393.85,-0.1141
Crisil Liquid,2022-08-25,16947.07,-0.1482
Crisil Gilt,2022-08-25,12216.42,0.1516
Nifty 100,2022-08-26,17117.94,-0.9251
Nifty Midcap 150,2022-08-26,14879.85,-0.2955
Nifty 500,2022-08-26,19461.99,1.3512
Nifty Smallcap 250,2022-08-26,18900.61,-1.5839
Nifty 50 Hybrid,2022-08-26,6833.0,1.5223
Crisil ST Bond,2022-08-26,5393.56,-0.0054
Crisil Liquid,2022-08-26,16931.0,-0.0949
Crisil Gilt,2022-08-26,12215.84,-0.0047
Nifty 100,2022-08-29,16999.38,-0.6926
Nifty Midcap 150,2022-08-29,14949.91,0.4708
Nifty 500,2022-08-29,19341.69,-0.6181
Nifty Smallcap 250,2022-08-29,18544.97,-1.8816
Nifty 50 Hybrid,2022-08-29,6819.98,-0.1906
Crisil ST Bond,2022-08-29,5387.33,-0.1157
Crisil Liquid,2022-08-29,16937.84,0.0404
Crisil Gilt,2022-08-29,12203.78,-0.0987
Nifty 100,2022-08-30,16921.52,-0.458
Nifty Midcap 150,2022-08-30,14981.69,0.2126
Nifty 500,2022-08-30,19306.4,-0.1825
Nifty Smallcap 250,2022-08-30,18596.97,0.2804
Nifty 50 Hybrid,2022-08-30,6868.42,0.7103
Crisil ST Bond,2022-08-30,5382.16,-0.0958
Crisil Liquid,2022-08-30,16940.14,0.0136
Crisil Gilt,2022-08-30,12165.59,-0.313
Nifty 100,2022-08-31,16968.45,0.2773
Nifty Midcap 150,2022-08-31,14941.12,-0.2708
Nifty 500,2022-08-31,19122.33,-0.9534
Nifty Smallcap 250,2022-08-31,18661.27,0.3457
Nifty 50 Hybrid,2022-08-31,6951.03,1.2027
Crisil ST Bond,2022-08-31,5380.68,-0.0276
Crisil Liquid,2022-08-31,16927.52,-0.0745
Crisil Gilt,2022-08-31,12170.03,0.0365
Nifty 100,2022-09-01,16746.91,-1.3056
Nifty Midcap 150,2022-09-01,14846.94,-0.6304
Nifty 500,2022-09-01,19361.81,1.2524
Nifty Smallcap 250,2022-09-01,18678.47,0.0922
Nifty 50 Hybrid,2022-09-01,6822.47,-1.8495
Crisil ST Bond,2022-09-01,5372.09,-0.1597
Crisil Liquid,2022-09-01,16933.65,0.0362
Crisil Gilt,2022-09-01,12182.96,0.1062
Nifty 100,2022-09-02,16481.03,-1.5876
Nifty Midcap 150,2022-09-02,14918.16,0.4797
Nifty 500,2022-09-02,19625.2,1.3603
Nifty Smallcap 250,2022-09-02,19036.7,1.9179
Nifty 50 Hybrid,2022-09-02,6847.12,0.3612
Crisil ST Bond,2022-09-02,5375.88,0.0707
Crisil Liquid,2022-09-02,16900.92,-0.1933
Crisil Gilt,2022-09-02,12210.98,0.23
Nifty 100,2022-09-05,16391.13,-0.5455
Nifty Midcap 150,2022-09-05,14783.38,-0.9035
Nifty 500,2022-09-05,19581.0,-0.2252
Nifty Smallcap 250,2022-09-05,19330.18,1.5417
Nifty 50 Hybrid,2022-09-05,7000.36,2.238
Crisil ST Bond,2022-09-05,5377.63,0.0325
Crisil Liquid,2022-09-05,16921.16,0.1198
Crisil Gilt,2022-09-05,12213.95,0.0243
Nifty 100,2022-09-06,16225.94,-1.0078
Nifty Midcap 150,2022-09-06,15006.12,1.5067
Nifty 500,2022-09-06,19465.06,-0.5921
Nifty Smallcap 250,2022-09-06,19632.8,1.5655
Nifty 50 Hybrid,2022-09-06,7093.36,1.3285
Crisil ST Bond,2022-09-06,5382.01,0.0814
Crisil Liquid,2022-09-06,16955.5,0.2029
Crisil Gilt,2022-09-06,12243.66,0.2432
Nifty 100,2022-09-07,16202.37,-0.1452
Nifty Midcap 150,2022-09-07,14889.26,-0.7788
Nifty 500,2022-09-07,19108.02,-1.8343
Nifty Smallcap 250,2022-09-07,20079.38,2.2747
Nifty 50 Hybrid,2022-09-07,7064.3,-0.4097
Crisil ST Bond,2022-09-07,5389.2,0.1335
Crisil Liquid,2022-09-07,16946.32,-0.0541
Crisil Gilt,2022-09-07,12264.94,0.1738
Nifty 100,2022-09-08,16093.8,-0.6701
Nifty Midcap 150,2022-09-08,14716.29,-1.1617
Nifty 500,2022-09-08,19073.91,-0.1785
Nifty Smallcap 250,2022-09-08,19978.63,-0.5018
Nifty 50 Hybrid,2022-09-08,7108.54,0.6263
Crisil ST Bond,2022-09-08,5390.0,0.0149
Crisil Liquid,2022-09-08,16960.35,0.0828
Crisil Gilt,2022-09-08,12263.82,-0.0091
Nifty 100,2022-09-09,15991.58,-0.6351
Nifty Midcap 150,2022-09-09,14634.82,-0.5536
Nifty 500,2022-09-09,19469.68,2.0749
Nifty Smallcap 250,2022-09-09,20029.61,0.2552
Nifty 50 Hybrid,2022-09-09,6969.66,-1.9538
Crisil ST Bond,2022-09-09,5388.27,-0.032
Crisil Liquid,2022-09-09,16965.38,0.0297
Crisil Gilt,2022-09-09,12288.91,0.2045
Nifty 100,2022-09-12,16160.89,1.0587
Nifty Midcap 150,2022-09-12,14504.32,-0.8917
Nifty 500,2022-09-12,19946.37,2.4484
Nifty Smallcap 250,2022-09-12,20029.38,-0.0012
Nifty 50 Hybrid,2022-09-12,7058.62,1.2763
Crisil ST Bond,2022-09-12,5383.12,-0.0955
Crisil Liquid,2022-09-12,16928.09,-0.2198
Crisil Gilt,2022-09-12,12274.06,-0.1208
Nifty 100,2022-09-13,15640.45,-3.2203
Nifty Midcap 150,2022-09-13,14815.02,2.1421
Nifty 500,2022-09-13,19995.14,0.2445
Nifty Smallcap 250,2022-09-13,19850.19,-0.8946
Nifty 50 Hybrid,2022-09-13,7092.68,0.4826
Crisil ST Bond,2022-09-13,5385.22,0.0389
Crisil Liquid,2022-09-13,16941.99,0.0821
Crisil Gilt,2022-09-13,12291.36,0.141
Nifty 100,2022-09-14,15599.8,-0.2599
Nifty Midcap 150,2022-09-14,14689.11,-0.8498
Nifty 500,2022-09-14,20166.66,0.8578
Nifty Smallcap 250,2022-09-14,20015.41,0.8323
Nifty 50 Hybrid,2022-09-14,7101.96,0.1307
Crisil ST Bond,2022-09-14,5398.02,0.2378
Crisil Liquid,2022-09-14,16937.96,-0.0238
Crisil Gilt,2022-09-14,12282.76,-0.07
Nifty 100,2022-09-15,15669.7,0.4481
Nifty Midcap 150,2022-09-15,14594.38,-0.6449
Nifty 500,2022-09-15,20272.64,0.5255
Nifty Smallcap 250,2022-09-15,19854.68,-0.803
Nifty 50 Hybrid,2022-09-15,7075.66,-0.3702
Crisil ST Bond,2022-09-15,5409.31,0.2091
Crisil Liquid,2022-09-15,16934.47,-0.0206
Crisil Gilt,2022-09-15,12275.4,-0.0599
Nifty 100,2022-09-16,15857.84,1.2007
Nifty Midcap 150,2022-09-16,14445.36,-1.021
Nifty 500,2022-09-16,20138.24,-0.6629
Nifty Smallcap 250,2022-09-16,19975.11,0.6066
Nifty 50 Hybrid,2022-09-16,7144.18,0.9684
Crisil ST Bond,2022-09-16,5416.99,0.142
Crisil Liquid,2022-09-16,16925.21,-0.0547
Crisil Gilt,2022-09-16,12285.17,0.0796
Nifty 100,2022-09-19,15788.69,-0.4361
Nifty Midcap 150,2022-09-19,14362.21,-0.5757
Nifty 500,2022-09-19,20386.59,1.2332
Nifty Smallcap 250,2022-09-19,19871.33,-0.5196
Nifty 50 Hybrid,2022-09-19,7166.2,0.3082
Crisil ST Bond,2022-09-19,5418.92,0.0356
Crisil Liquid,2022-09-19,16910.47,-0.0871
Crisil Gilt,2022-09-19,12299.5,0.1166
Nifty 100,2022-09-20,15881.88,0.5903
Nifty Midcap 150,2022-09-20,14081.24,-1.9563
Nifty 500,2022-09-20,20449.26,0.3074
Nifty Smallcap 250,2022-09-20,19723.69,-0.743
Nifty 50 Hybrid,2022-09-20,7246.97,1.1271
Crisil ST Bond,2022-09-20,5412.17,-0.1245
Crisil Liquid,2022-09-20,16907.82,-0.0156
Crisil Gilt,2022-09-20,12306.41,0.0562
Nifty 100,2022-09-21,15895.28,0.0843
Nifty Midcap 150,2022-09-21,14192.9,0.793
Nifty 500,2022-09-21,20144.89,-1.4884
Nifty Smallcap 250,2022-09-21,20055.43,1.6819
Nifty 50 Hybrid,2022-09-21,7287.2,0.5551
Crisil ST Bond,2022-09-21,5420.61,0.156
Crisil Liquid,2022-09-21,16925.99,0.1074
Crisil Gilt,2022-09-21,12308.73,0.0188
Nifty 100,2022-09-22,15695.92,-1.2542
Nifty Midcap 150,2022-09-22,14117.17,-0.5336
Nifty 500,2022-09-22,20471.15,1.6196
Nifty Smallcap 250,2022-09-22,20339.3,1.4154
Nifty 50 Hybrid,2022-09-22,7244.24,-0.5896
Crisil ST Bond,2022-09-22,5406.42,-0.2618
Crisil Liquid,2022-09-22,16925.77,-0.0013
Crisil Gilt,2022-09-22,12307.65,-0.0088
Nifty 100,2022-09-23,15661.42,-0.2198
Nifty Midcap 150,2022-09-23,14196.02,0.5585
Nifty 500,2022-09-23,20656.66,0.9062
Nifty Smallcap 250,2022-09-23,20546.82,1.0203
Nifty 50 Hybrid,2022-09-23,7278.7,0.4757
Crisil ST Bond,2022-09-23,5397.77,-0.1601
Crisil Liquid,2022-09-23,16923.38,-0.0141
Crisil Gilt,2022-09-23,12338.47,0.2504
Nifty 100,2022-09-26,15724.73,0.4042
Nifty Midcap 150,2022-09-26,14252.5,0.3978
Nifty 500,2022-09-26,20737.12,0.3895
Nifty Smallcap 250,2022-09-26,20638.33,0.4454
Nifty 50 Hybrid,2022-09-26,7107.42,-2.3531
Crisil ST Bond,2022-09-26,5397.55,-0.004
Crisil Liquid,2022-09-26,16926.12,0.0162
Crisil Gilt,2022-09-26,12356.75,0.1481
Nifty 100,2022-09-27,15736.94,0.0777
Nifty Midcap 150,2022-09-27,14022.1,-1.6165
Nifty 500,2022-09-27,20832.52,0.4601
Nifty Smallcap 250,2022-09-27,20478.63,-0.7738
Nifty 50 Hybrid,2022-09-27,7023.07,-1.1868
Crisil ST Bond,2022-09-27,5394.13,-0.0634
Crisil Liquid,2022-09-27,16938.69,0.0743
Crisil Gilt,2022-09-27,12374.77,0.1459
Nifty 100,2022-09-28,15817.66,0.5129
Nifty Midcap 150,2022-09-28,14114.93,0.662
Nifty 500,2022-09-28,20937.32,0.503
Nifty Smallcap 250,2022-09-28,20505.52,0.1313
Nifty 50 Hybrid,2022-09-28,7074.12,0.7269
Crisil ST Bond,2022-09-28,5382.16,-0.2219
Crisil Liquid,2022-09-28,16943.96,0.0311
Crisil Gilt,2022-09-28,12364.32,-0.0845
Nifty 100,2022-09-29,16006.35,1.1929
Nifty Midcap 150,2022-09-29,14098.4,-0.1172
Nifty 500,2022-09-29,20950.08,0.0609
Nifty Smallcap 250,2022-09-29,20203.05,-1.4751
Nifty 50 Hybrid,2022-09-29,7148.18,1.0468
Crisil ST Bond,2022-09-29,5386.61,0.0827
Crisil Liquid,2022-09-29,16956.79,0.0757
Crisil Gilt,2022-09-29,12356.74,-0.0613
Nifty 100,2022-09-30,15887.32,-0.7436
Nifty Midcap 150,2022-09-30,14134.15,0.2536
Nifty 500,2022-09-30,20810.87,-0.6645
Nifty Smallcap 250,2022-09-30,20296.97,0.4649
Nifty 50 Hybrid,2022-09-30,6995.86,-2.1309
Crisil ST Bond,2022-09-30,5385.07,-0.0288
Crisil Liquid,2022-09-30,16990.65,0.1997
Crisil Gilt,2022-09-30,12364.64,0.0639
Nifty 100,2022-10-03,15918.59,0.1968
Nifty Midcap 150,2022-10-03,14418.99,2.0152
Nifty 500,2022-10-03,20330.98,-2.306
Nifty Smallcap 250,2022-10-03,20137.58,-0.7853
Nifty 50 Hybrid,2022-10-03,6969.89,-0.3712
Crisil ST Bond,2022-10-03,5390.76,0.1058
Crisil Liquid,2022-10-03,17008.92,0.1076
Crisil Gilt,2022-10-03,12356.4,-0.0666
Nifty 100,2022-10-04,16082.22,1.028
Nifty Midcap 150,2022-10-04,14365.16,-0.3733
Nifty 500,2022-10-04,20583.42,1.2416
Nifty Smallcap 250,2022-10-04,19935.67,-1.0026
Nifty 50 Hybrid,2022-10-04,6963.39,-0.0933
Crisil ST Bond,2022-10-04,5389.2,-0.029
Crisil Liquid,2022-10-04,17030.29,0.1256
Crisil Gilt,2022-10-04,12352.42,-0.0323
Nifty 100,2022-10-05,16080.22,-0.0124
Nifty Midcap 150,2022-10-05,14442.27,0.5368
Nifty 500,2022-10-05,20701.83,0.5753
Nifty Smallcap 250,2022-10-05,20118.47,0.917
Nifty 50 Hybrid,2022-10-05,6980.18,0.2411
Crisil ST Bond,2022-10-05,5388.02,-0.0218
Crisil Liquid,2022-10-05,17027.74,-0.015
Crisil Gilt,2022-10-05,12355.2,0.0226
Nifty 100,2022-10-06,16125.18,0.2796
Nifty Midcap 150,2022-10-06,14425.35,-0.1172
Nifty 500,2022-10-06,20712.01,0.0492
Nifty Smallcap 250,2022-10-06,19819.26,-1.4873
Nifty 50 Hybrid,2022-10-06,7028.85,0.6974
Crisil ST Bond,2022-10-06,5390.08,0.0381
Crisil Liquid,2022-10-06,17048.2,0.1202
Crisil Gilt,2022-10-06,12357.68,0.02
Nifty 100,2022-10-07,15849.7,-1.7084
Nifty Midcap 150,2022-10-07,14377.97,-0.3284
Nifty 500,2022-10-07,20676.82,-0.1699
Nifty Smallcap 250,2022-10-07,19972.44,0.7729
Nifty 50 Hybrid,2022-10-07,6885.45,-2.0403
Crisil ST Bond,2022-10-07,5391.38,0.0241
Crisil Liquid,2022-10-07,17060.37,0.0714
Crisil Gilt,2022-10-07,12351.97,-0.0461
Nifty 100,2022-10-10,15866.28,0.1046
Nifty Midcap 150,2022-10-10,14292.13,-0.597
Nifty 500,2022-10-10,20532.17,-0.6996
Nifty Smallcap 250,2022-10-10,19896.86,-0.3784
Nifty 50 Hybrid,2022-10-10,6838.58,-0.6807
Crisil ST Bond,2022-10-10,5396.14,0.0884
Crisil Liquid,2022-10-10,17051.24,-0.0535
Crisil Gilt,2022-10-10,12343.29,-0.0703
Nifty 100,2022-10-11,16151.55,1.7979
Nifty Midcap 150,2022-10-11,14433.73,0.9907
Nifty 500,2022-10-11,20156.12,-1.8315
Nifty Smallcap 250,2022-10-11,19750.67,-0.7348
Nifty 50 Hybrid,2022-10-11,6857.21,0.2725
Crisil ST Bond,2022-10-11,5398.97,0.0524
Crisil Liquid,2022-10-11,17029.24,-0.129
Crisil Gilt,2022-10-11,12360.06,0.1359
Nifty 100,2022-10-12,16289.68,0.8552
Nifty Midcap 150,2022-10-12,14507.61,0.5119
Nifty 500,2022-10-12,20435.63,1.3867
Nifty Smallcap 250,2022-10-12,19845.92,0.4823
Nifty 50 Hybrid,2022-10-12,6890.03,0.4786
Crisil ST Bond,2022-10-12,5408.46,0.1758
Crisil Liquid,2022-10-12,17051.4,0.1301
Crisil Gilt,2022-10-12,12352.13,-0.0642
Nifty 100,2022-10-13,16397.71,0.6632
Nifty Midcap 150,2022-10-13,14415.59,-0.6343
Nifty 500,2022-10-13,20544.79,0.5342
Nifty Smallcap 250,2022-10-13,19946.46,0.5066
Nifty 50 Hybrid,2022-10-13,6796.77,-1.3535
Crisil ST Bond,2022-10-13,5408.88,0.0078
Crisil Liquid,2022-10-13,17059.33,0.0465
Crisil Gilt,2022-10-13,12349.21,-0.0236
Nifty 100,2022-10-14,16454.24,0.3447
Nifty Midcap 150,2022-10-14,14536.09,0.8359
Nifty 500,2022-10-14,20544.66,-0.0006
Nifty Smallcap 250,2022-10-14,19997.25,0.2546
Nifty 50 Hybrid,2022-10-14,6892.84,1.4134
Crisil ST Bond,2022-10-14,5412.52,0.0673
Crisil Liquid,2022-10-14,17066.17,0.0401
Crisil Gilt,2022-10-14,12339.85,-0.0758
Nifty 100,2022-10-17,16569.58,0.701
Nifty Midcap 150,2022-10-17,14588.45,0.3601
Nifty 500,2022-10-17,20814.57,1.3137
Nifty Smallcap 250,2022-10-17,20012.62,0.0769
Nifty 50 Hybrid,2022-10-17,6769.72,-1.7863
Crisil ST Bond,2022-10-17,5404.4,-0.15
Crisil Liquid,2022-10-17,17082.14,0.0936
Crisil Gilt,2022-10-17,12335.28,-0.037
Nifty 100,2022-10-18,16646.93,0.4668
Nifty Midcap 150,2022-10-18,14609.49,0.1442
Nifty 500,2022-10-18,20786.08,-0.1368
Nifty Smallcap 250,2022-10-18,19999.34,-0.0664
Nifty 50 Hybrid,2022-10-18,6713.16,-0.8354
Crisil ST Bond,2022-10-18,5405.4,0.0184
Crisil Liquid,2022-10-18,17075.57,-0.0384
Crisil Gilt,2022-10-18,12333.16,-0.0172
Nifty 100,2022-10-19,16598.04,-0.2936
Nifty Midcap 150,2022-10-19,14580.75,-0.1967
Nifty 500,2022-10-19,20984.0,0.9522
Nifty Smallcap 250,2022-10-19,19979.38,-0.0998
Nifty 50 Hybrid,2022-10-19,6783.9,1.0537
Crisil ST Bond,2022-10-19,5414.79,0.1738
Crisil Liquid,2022-10-19,17093.58,0.1055
Crisil Gilt,2022-10-19,12342.22,0.0734
Nifty 100,2022-10-20,16657.27,0.3568
Nifty Midcap 150,2022-10-20,14711.3,0.8954
Nifty 500,2022-10-20,21009.05,0.1194
Nifty Smallcap 250,2022-10-20,20182.09,1.0146
Nifty 50 Hybrid,2022-10-20,6827.59,0.6441
Crisil ST Bond,2022-10-20,5413.93,-0.016
Crisil Liquid,2022-10-20,17112.31,0.1096
Crisil Gilt,2022-10-20,12345.81,0.0291
Nifty 100,2022-10-21,16644.59,-0.0761
Nifty Midcap 150,2022-10-21,14645.66,-0.4462
Nifty 500,2022-10-21,21050.23,0.196
Nifty Smallcap 250,2022-10-21,20389.25,1.0265
Nifty 50 Hybrid,2022-10-21,6890.34,0.9189
Crisil ST Bond,2022-10-21,5416.92,0.0553
Crisil Liquid,2022-10-21,17126.0,0.08
Crisil Gilt,2022-10-21,12363.98,0.1472
Nifty 100,2022-10-24,16624.62,-0.12
Nifty Midcap 150,2022-10-24,14486.69,-1.0854
Nifty 500,2022-10-24,21330.44,1.3311
Nifty Smallcap 250,2022-10-24,20287.35,-0.4998
Nifty 50 Hybrid,2022-10-24,6844.84,-0.6603
Crisil ST Bond,2022-10-24,5408.28,-0.1596
Crisil Liquid,2022-10-24,17139.21,0.0771
Crisil Gilt,2022-10-24,12346.41,-0.1421
Nifty 100,2022-10-25,16504.88,-0.7203
Nifty Midcap 150,2022-10-25,14576.25,0.6182
Nifty 500,2022-10-25,21490.83,0.7519
Nifty Smallcap 250,2022-10-25,20161.22,-0.6217
Nifty 50 Hybrid,2022-10-25,6837.71,-0.1042
Crisil ST Bond,2022-10-25,5404.64,-0.0673
Crisil Liquid,2022-10-25,17133.24,-0.0348
Crisil Gilt,2022-10-25,12352.16,0.0466
Nifty 100,2022-10-26,16427.03,-0.4716
Nifty Midcap 150,2022-10-26,14545.03,-0.2142
Nifty 500,2022-10-26,21182.5,-1.4347
Nifty Smallcap 250,2022-10-26,20395.69,1.163
Nifty 50 Hybrid,2022-10-26,6874.64,0.5401
Crisil ST Bond,2022-10-26,5410.0,0.0993
Crisil Liquid,2022-10-26,17158.77,0.149
Crisil Gilt,2022-10-26,12344.44,-0.0625
Nifty 100,2022-10-27,16373.09,-0.3284
Nifty Midcap 150,2022-10-27,14273.79,-1.8648
Nifty 500,2022-10-27,21854.07,3.1704
Nifty Smallcap 250,2022-10-27,20371.3,-0.1196
Nifty 50 Hybrid,2022-10-27,6948.11,1.0687
Crisil ST Bond,2022-10-27,5404.39,-0.1038
Crisil Liquid,2022-10-27,17179.3,0.1196
Crisil Gilt,2022-10-27,12369.84,0.2058
Nifty 100,2022-10-28,16368.13,-0.0303
Nifty Midcap 150,2022-10-28,14133.78,-0.9809
Nifty 500,2022-10-28,21830.29,-0.1088
Nifty Smallcap 250,2022-10-28,19923.79,-2.1968
Nifty 50 Hybrid,2022-10-28,6947.56,-0.0079
Crisil ST Bond,2022-10-28,5409.91,0.1021
Crisil Liquid,2022-10-28,17182.12,0.0164
Crisil Gilt,2022-10-28,12368.8,-0.0084
Nifty 100,2022-10-31,16459.39,0.5576
Nifty Midcap 150,2022-10-31,14223.39,0.634
Nifty 500,2022-10-31,21474.48,-1.6299
Nifty Smallcap 250,2022-10-31,19947.46,0.1188
Nifty 50 Hybrid,2022-10-31,7118.88,2.466
Crisil ST Bond,2022-10-31,5403.77,-0.1135
Crisil Liquid,2022-10-31,17184.09,0.0115
Crisil Gilt,2022-10-31,12395.29,0.2142
Nifty 100,2022-11-01,16646.07,1.1342
Nifty Midcap 150,2022-11-01,14154.64,-0.4834
Nifty 500,2022-11-01,21525.19,0.2361
Nifty Smallcap 250,2022-11-01,19953.02,0.0279
Nifty 50 Hybrid,2022-11-01,7067.77,-0.7181
Crisil ST Bond,2022-11-01,5404.44,0.0126
Crisil Liquid,2022-11-01,17182.72,-0.008
Crisil Gilt,2022-11-01,12399.17,0.0313
Nifty 100,2022-11-02,16526.49,-0.7184
Nifty Midcap 150,2022-11-02,13978.18,-1.2466
Nifty 500,2022-11-02,21522.76,-0.0113
Nifty Smallcap 250,2022-11-02,20301.23,1.7451
Nifty 50 Hybrid,2022-11-02,7075.7,0.1122
Crisil ST Bond,2022-11-02,5403.73,-0.0132
Crisil Liquid,2022-11-02,17199.11,0.0954
Crisil Gilt,2022-11-02,12399.68,0.0042
Nifty 100,2022-11-03,16840.17,1.898
Nifty Midcap 150,2022-11-03,13981.83,0.0261
Nifty 500,2022-11-03,21679.98,0.7305
Nifty Smallcap 250,2022-11-03,20154.13,-0.7246
Nifty 50 Hybrid,2022-11-03,7113.42,0.5331
Crisil ST Bond,2022-11-03,5406.3,0.0475
Crisil Liquid,2022-11-03,17201.58,0.0143
Crisil Gilt,2022-11-03,12395.94,-0.0302
Nifty 100,2022-11-04,16737.78,-0.608
Nifty Midcap 150,2022-11-04,14025.5,0.3124
Nifty 500,2022-11-04,21822.84,0.6589
Nifty Smallcap 250,2022-11-04,20134.54,-0.0972
Nifty 50 Hybrid,2022-11-04,7135.98,0.3173
Crisil ST Bond,2022-11-04,5407.18,0.0162
Crisil Liquid,2022-11-04,17206.71,0.0299
Crisil Gilt,2022-11-04,12395.94,-0.0
Nifty 100,2022-11-07,16745.81,0.048
Nifty Midcap 150,2022-11-07,14408.12,2.728
Nifty 500,2022-11-07,21897.4,0.3416
Nifty Smallcap 250,2022-11-07,20270.51,0.6753
Nifty 50 Hybrid,2022-11-07,7169.38,0.468
Crisil ST Bond,2022-11-07,5406.84,-0.0063
Crisil Liquid,2022-11-07,17232.42,0.1494
Crisil Gilt,2022-11-07,12394.81,-0.0091
Nifty 100,2022-11-08,16927.51,1.0851
Nifty Midcap 150,2022-11-08,14364.29,-0.3042
Nifty 500,2022-11-08,21693.76,-0.93
Nifty Smallcap 250,2022-11-08,20350.66,0.3954
Nifty 50 Hybrid,2022-11-08,7092.34,-1.0747
Crisil ST Bond,2022-11-08,5410.81,0.0736
Crisil Liquid,2022-11-08,17215.29,-0.0994
Crisil Gilt,2022-11-08,12393.33,-0.0119
Nifty 100,2022-11-09,16690.23,-1.4017
Nifty Midcap 150,2022-11-09,14774.27,2.8542
Nifty 500,2022-11-09,21341.46,-1.624
Nifty Smallcap 250,2022-11-09,20358.76,0.0398
Nifty 50 Hybrid,2022-11-09,7175.55,1.1733
Crisil ST Bond,2022-11-09,5417.5,0.1236
Crisil Liquid,2022-11-09,17233.39,0.1051
Crisil Gilt,2022-11-09,12391.88,-0.0117
Nifty 100,2022-11-10,16920.74,1.3811
Nifty Midcap 150,2022-11-10,14913.65,0.9434
Nifty 500,2022-11-10,21393.17,0.2423
Nifty Smallcap 250,2022-11-10,20413.85,0.2706
Nifty 50 Hybrid,2022-11-10,7155.89,-0.2739
Crisil ST Bond,2022-11-10,5413.66,-0.071
Crisil Liquid,2022-11-10,17258.15,0.1437
Crisil Gilt,2022-11-10,12410.62,0.1512
Nifty 100,2022-11-11,16776.21,-0.8541
Nifty Midcap 150,2022-11-11,14895.19,-0.1238
Nifty 500,2022-11-11,21368.9,-0.1134
Nifty Smallcap 250,2022-11-11,20413.31,-0.0027
Nifty 50 Hybrid,2022-11-11,7162.64,0.0943
Crisil ST Bond,2022-11-11,5419.87,0.1147
Crisil Liquid,2022-11-11,17248.71,-0.0547
Crisil Gilt,2022-11-11,12402.6,-0.0646
Nifty 100,2022-11-14,16988.7,1.2666
Nifty Midcap 150,2022-11-14,14830.75,-0.4326
Nifty 500,2022-11-14,21105.42,-1.233
Nifty Smallcap 250,2022-11-14,20320.4,-0.4551
Nifty 50 Hybrid,2022-11-14,7141.15,-0.3001
Crisil ST Bond,2022-11-14,5429.38,0.1755
Crisil Liquid,2022-11-14,17268.11,0.1125
Crisil Gilt,2022-11-14,12419.31,0.1348
Nifty 100,2022-11-15,17133.1,0.85
Nifty Midcap 150,2022-11-15,14975.53,0.9762
Nifty 500,2022-11-15,20966.53,-0.6581
Nifty Smallcap 250,2022-11-15,20286.14,-0.1686
Nifty 50 Hybrid,2022-11-15,7072.6,-0.9599
Crisil ST Bond,2022-11-15,5429.32,-0.001
Crisil Liquid,2022-11-15,17283.38,0.0884
Crisil Gilt,2022-11-15,12423.47,0.0335
Nifty 100,2022-11-16,17362.94,1.3415
Nifty Midcap 150,2022-11-16,14809.09,-1.1114
Nifty 500,2022-11-16,21077.7,0.5302
Nifty Smallcap 250,2022-11-16,20038.99,-1.2183
Nifty 50 Hybrid,2022-11-16,7081.38,0.1242
Crisil ST Bond,2022-11-16,5434.43,0.094
Crisil Liquid,2022-11-16,17283.13,-0.0015
Crisil Gilt,2022-11-16,12432.8,0.0751
Nifty 100,2022-11-17,17201.51,-0.9297
Nifty Midcap 150,2022-11-17,14567.16,-1.6337
Nifty 500,2022-11-17,21201.43,0.587
Nifty Smallcap 250,2022-11-17,20394.49,1.774
Nifty 50 Hybrid,2022-11-17,7012.97,-0.966
Crisil ST Bond,2022-11-17,5442.16,0.1422
Crisil Liquid,2022-11-17,17287.33,0.0243
Crisil Gilt,2022-11-17,12418.68,-0.1136
Nifty 100,2022-11-18,17012.04,-1.1015
Nifty Midcap 150,2022-11-18,14573.83,0.0458
Nifty 500,2022-11-18,21122.04,-0.3745
Nifty Smallcap 250,2022-11-18,20132.84,-1.2829
Nifty 50 Hybrid,2022-11-18,6896.28,-1.664
Crisil ST Bond,2022-11-18,5438.64,-0.0647
Crisil Liquid,2022-11-18,17294.14,0.0394
Crisil Gilt,2022-11-18,12421.08,0.0194
Nifty 100,2022-11-21,16931.87,-0.4712
Nifty Midcap 150,2022-11-21,14607.62,0.2319
Nifty 500,2022-11-21,21348.05,1.07
Nifty Smallcap 250,2022-11-21,20218.23,0.4241
Nifty 50 Hybrid,2022-11-21,6889.98,-0.0913
Crisil ST Bond,2022-11-21,5444.77,0.1128
Crisil Liquid,2022-11-21,17281.0,-0.076
Crisil Gilt,2022-11-21,12420.77,-0.0025
Nifty 100,2022-11-22,16902.9,-0.1711
Nifty Midcap 150,2022-11-22,14431.31,-1.207
Nifty 500,2022-11-22,21264.82,-0.3899
Nifty Smallcap 250,2022-11-22,19804.78,-2.045
Nifty 50 Hybrid,2022-11-22,7023.79,1.9422
Crisil ST Bond,2022-11-22,5440.76,-0.0737
Crisil Liquid,2022-11-22,17311.87,0.1786
Crisil Gilt,2022-11-22,12423.73,0.0238
Nifty 100,2022-11-23,17003.45,0.5949
Nifty Midcap 150,2022-11-23,14365.1,-0.4588
Nifty 500,2022-11-23,21315.42,0.2379
Nifty Smallcap 250,2022-11-23,19939.55,0.6805
Nifty 50 Hybrid,2022-11-23,7072.58,0.6946
Crisil ST Bond,2022-11-23,5446.06,0.0975
Crisil Liquid,2022-11-23,17308.95,-0.0168
Crisil Gilt,2022-11-23,12420.25,-0.028
Nifty 100,2022-11-24,16737.49,-1.5642
Nifty Midcap 150,2022-11-24,14444.57,0.5532
Nifty 500,2022-11-24,21552.53,1.1124
Nifty Smallcap 250,2022-11-24,20267.75,1.646
Nifty 50 Hybrid,2022-11-24,7096.28,0.3352
Crisil ST Bond,2022-11-24,5442.98,-0.0566
Crisil Liquid,2022-11-24,17283.04,-0.1497
Crisil Gilt,2022-11-24,12435.67,0.1242
Nifty 100,2022-11-25,16441.86,-1.7663
Nifty Midcap 150,2022-11-25,14399.71,-0.3106
Nifty 500,2022-11-25,21510.65,-0.1943
Nifty Smallcap 250,2022-11-25,20259.75,-0.0395
Nifty 50 Hybrid,2022-11-25,7100.95,0.0658
Crisil ST Bond,2022-11-25,5444.82,0.0338
Crisil Liquid,2022-11-25,17244.75,-0.2215
Crisil Gilt,2022-11-25,12438.34,0.0215
Nifty 100,2022-11-28,16080.21,-2.1996
Nifty Midcap 150,2022-11-28,14509.47,0.7622
Nifty 500,2022-11-28,21397.69,-0.5251
Nifty Smallcap 250,2022-11-28,19828.82,-2.127
Nifty 50 Hybrid,2022-11-28,7045.27,-0.7842
Crisil ST Bond,2022-11-28,5442.8,-0.037
Crisil Liquid,2022-11-28,17268.73,0.1391
Crisil Gilt,2022-11-28,12443.27,0.0397
Nifty 100,2022-11-29,16140.42,0.3744
Nifty Midcap 150,2022-11-29,14685.21,1.2112
Nifty 500,2022-11-29,21383.54,-0.0661
Nifty Smallcap 250,2022-11-29,19984.31,0.7842
Nifty 50 Hybrid,2022-11-29,7095.56,0.7139
Crisil ST Bond,2022-11-29,5436.89,-0.1086
Crisil Liquid,2022-11-29,17297.62,0.1673
Crisil Gilt,2022-11-29,12428.09,-0.122
Nifty 100,2022-11-30,16293.33,0.9474
Nifty Midcap 150,2022-11-30,14466.83,-1.4871
Nifty 500,2022-11-30,21518.52,0.6312
Nifty Smallcap 250,2022-11-30,20362.4,1.8919
Nifty 50 Hybrid,2022-11-30,7082.58,-0.183
Crisil ST Bond,2022-11-30,5436.58,-0.0056
Crisil Liquid,2022-11-30,17311.64,0.081
Crisil Gilt,2022-11-30,12426.48,-0.0129
Nifty 100,2022-12-01,16594.47,1.8483
Nifty Midcap 150,2022-12-01,14498.97,0.2222
Nifty 500,2022-12-01,21456.08,-0.2902
Nifty Smallcap 250,2022-12-01,20258.49,-0.5103
Nifty 50 Hybrid,2022-12-01,7018.63,-0.9029
Crisil ST Bond,2022-12-01,5434.26,-0.0428
Crisil Liquid,2022-12-01,17309.04,-0.0151
Crisil Gilt,2022-12-01,12422.9,-0.0288
Nifty 100,2022-12-02,16490.23,-0.6282
Nifty Midcap 150,2022-12-02,14807.63,2.1288
Nifty 500,2022-12-02,21241.5,-1.0001
Nifty Smallcap 250,2022-12-02,20294.28,0.1766
Nifty 50 Hybrid,2022-12-02,7062.32,0.6225
Crisil ST Bond,2022-12-02,5438.77,0.083
Crisil Liquid,2022-12-02,17311.48,0.0141
Crisil Gilt,2022-12-02,12422.4,-0.0041
Nifty 100,2022-12-05,16569.64,0.4815
Nifty Midcap 150,2022-12-05,14851.54,0.2965
Nifty 500,2022-12-05,21192.86,-0.229
Nifty Smallcap 250,2022-12-05,19983.39,-1.5319
Nifty 50 Hybrid,2022-12-05,7031.39,-0.4379
Crisil ST Bond,2022-12-05,5433.62,-0.0947
Crisil Liquid,2022-12-05,17303.4,-0.0467
Crisil Gilt,2022-12-05,12425.29,0.0233
Nifty 100,2022-12-06,16634.05,0.3887
Nifty Midcap 150,2022-12-06,15120.42,1.8105
Nifty 500,2022-12-06,21085.33,-0.5074
Nifty Smallcap 250,2022-12-06,20144.18,0.8046
Nifty 50 Hybrid,2022-12-06,7055.01,0.336
Crisil ST Bond,2022-12-06,5441.75,0.1496
Crisil Liquid,2022-12-06,17316.83,0.0776
Crisil Gilt,2022-12-06,12415.25,-0.0808
Nifty 100,2022-12-07,16352.43,-1.693
Nifty Midcap 150,2022-12-07,15172.02,0.3413
Nifty 500,2022-12-07,20980.23,-0.4985
Nifty Smallcap 250,2022-12-07,19952.75,-0.9503
Nifty 50 Hybrid,2022-12-07,6967.7,-1.2376
Crisil ST Bond,2022-12-07,5443.71,0.0361
Crisil Liquid,2022-12-07,17346.4,0.1708
Crisil Gilt,2022-12-07,12412.66,-0.0209
Nifty 100,2022-12-08,16453.86,0.6203
Nifty Midcap 150,2022-12-08,15161.06,-0.0723
Nifty 500,2022-12-08,20716.01,-1.2594
Nifty Smallcap 250,2022-12-08,20105.35,0.7648
Nifty 50 Hybrid,2022-12-08,6893.52,-1.0647
Crisil ST Bond,2022-12-08,5444.92,0.0222
Crisil Liquid,2022-12-08,17343.94,-0.0142
Crisil Gilt,2022-12-08,12426.23,0.1093
Nifty 100,2022-12-09,16284.69,-1.0282
Nifty Midcap 150,2022-12-09,15224.86,0.4209
Nifty 500,2022-12-09,20548.25,-0.8098
Nifty Smallcap 250,2022-12-09,20008.62,-0.4811
Nifty 50 Hybrid,2022-12-09,6644.99,-3.6052
Crisil ST Bond,2022-12-09,5457.4,0.2292
Crisil Liquid,2022-12-09,17356.96,0.0751
Crisil Gilt,2022-12-09,12419.18,-0.0567
Nifty 100,2022-12-12,16106.43,-1.0947
Nifty Midcap 150,2022-12-12,15153.97,-0.4656
Nifty 500,2022-12-12,20701.72,0.7469
Nifty Smallcap 250,2022-12-12,19636.05,-1.8621
Nifty 50 Hybrid,2022-12-12,6637.58,-0.1116
Crisil ST Bond,2022-12-12,5468.15,0.1971
Crisil Liquid,2022-12-12,17340.75,-0.0934
Crisil Gilt,2022-12-12,12422.66,0.028
Nifty 100,2022-12-13,16466.13,2.2333
Nifty Midcap 150,2022-12-13,15254.31,0.6622
Nifty 500,2022-12-13,20734.0,0.1559
Nifty Smallcap 250,2022-12-13,19741.42,0.5366
Nifty 50 Hybrid,2022-12-13,6612.96,-0.3709
Crisil ST Bond,2022-12-13,5476.35,0.15
Crisil Liquid,2022-12-13,17337.29,-0.0199
Crisil Gilt,2022-12-13,12400.81,-0.1759
Nifty 100,2022-12-14,16406.64,-0.3613
Nifty Midcap 150,2022-12-14,15111.42,-0.9367
Nifty 500,2022-12-14,20681.92,-0.2512
Nifty Smallcap 250,2022-12-14,19696.2,-0.2291
Nifty 50 Hybrid,2022-12-14,6694.13,1.2274
Crisil ST Bond,2022-12-14,5481.26,0.0895
Crisil Liquid,2022-12-14,17345.33,0.0463
Crisil Gilt,2022-12-14,12403.25,0.0197
Nifty 100,2022-12-15,16237.84,-1.0289
Nifty Midcap 150,2022-12-15,14786.35,-2.1512
Nifty 500,2022-12-15,20711.52,0.1432
Nifty Smallcap 250,2022-12-15,19858.62,0.8246
Nifty 50 Hybrid,2022-12-15,6688.89,-0.0783
Crisil ST Bond,2022-12-15,5479.42,-0.0335
Crisil Liquid,2022-12-15,17356.85,0.0665
Crisil Gilt,2022-12-15,12404.7,0.0117
Nifty 100,2022-12-16,16516.44,1.7157
Nifty Midcap 150,2022-12-16,14973.06,1.2627
Nifty 500,2022-12-16,20916.47,0.9895
Nifty Smallcap 250,2022-12-16,20015.05,0.7877
Nifty 50 Hybrid,2022-12-16,6604.6,-1.2602
Crisil ST Bond,2022-12-16,5484.15,0.0863
Crisil Liquid,2022-12-16,17366.86,0.0576
Crisil Gilt,2022-12-16,12414.7,0.0806
Nifty 100,2022-12-19,16602.75,0.5226
Nifty Midcap 150,2022-12-19,15045.34,0.4828
Nifty 500,2022-12-19,21487.67,2.7309
Nifty Smallcap 250,2022-12-19,20005.81,-0.0462
Nifty 50 Hybrid,2022-12-19,6668.42,0.9663
Crisil ST Bond,2022-12-19,5482.66,-0.0271
Crisil Liquid,2022-12-19,17384.06,0.0991
Crisil Gilt,2022-12-19,12428.84,0.1139
Nifty 100,2022-12-20,16668.24,0.3944
Nifty Midcap 150,2022-12-20,15301.0,1.6992
Nifty 500,2022-12-20,21304.1,-0.8543
Nifty Smallcap 250,2022-12-20,19914.34,-0.4572
Nifty 50 Hybrid,2022-12-20,6684.58,0.2424
Crisil ST Bond,2022-12-20,5488.59,0.1081
Crisil Liquid,2022-12-20,17390.66,0.0379
Crisil Gilt,2022-12-20,12447.31,0.1486
Nifty 100,2022-12-21,16562.95,-0.6317
Nifty Midcap 150,2022-12-21,15131.07,-1.1106
Nifty 500,2022-12-21,21376.14,0.3381
Nifty Smallcap 250,2022-12-21,19904.94,-0.0472
Nifty 50 Hybrid,2022-12-21,6722.87,0.5729
Crisil ST Bond,2022-12-21,5489.54,0.0173
Crisil Liquid,2022-12-21,17388.22,-0.014
Crisil Gilt,2022-12-21,12448.87,0.0125
Nifty 100,2022-12-22,16572.7,0.0588
Nifty Midcap 150,2022-12-22,15089.46,-0.275
Nifty 500,2022-12-22,21339.13,-0.1731
Nifty Smallcap 250,2022-12-22,19830.58,-0.3736
Nifty 50 Hybrid,2022-12-22,6782.48,0.8867
Crisil ST Bond,2022-12-22,5491.7,0.0394
Crisil Liquid,2022-12-22,17430.94,0.2457
Crisil Gilt,2022-12-22,12453.36,0.0361
Nifty 100,2022-12-23,16486.38,-0.5209
Nifty Midcap 150,2022-12-23,15496.98,2.7007
Nifty 500,2022-12-23,21433.8,0.4436
Nifty Smallcap 250,2022-12-23,20032.88,1.0201
Nifty 50 Hybrid,2022-12-23,6824.68,0.6221
Crisil ST Bond,2022-12-23,5496.22,0.0823
Crisil Liquid,2022-12-23,17443.76,0.0736
Crisil Gilt,2022-12-23,12442.12,-0.0902
Nifty 100,2022-12-26,16551.91,0.3975
Nifty Midcap 150,2022-12-26,15296.32,-1.2949
Nifty 500,2022-12-26,21402.85,-0.1444
Nifty Smallcap 250,2022-12-26,19893.52,-0.6956
Nifty 50 Hybrid,2022-12-26,6851.12,0.3875
Crisil ST Bond,2022-12-26,5499.16,0.0534
Crisil Liquid,2022-12-26,17455.64,0.0681
Crisil Gilt,2022-12-26,12448.19,0.0487
Nifty 100,2022-12-27,16456.44,-0.5768
Nifty Midcap 150,2022-12-27,15260.98,-0.231
Nifty 500,2022-12-27,21606.26,0.9504
Nifty Smallcap 250,2022-12-27,20111.93,1.0979
Nifty 50 Hybrid,2022-12-27,6774.61,-1.1168
Crisil ST Bond,2022-12-27,5491.84,-0.1331
Crisil Liquid,2022-12-27,17446.45,-0.0527
Crisil Gilt,2022-12-27,12463.69,0.1245
Nifty 100,2022-12-28,16661.3,1.2449
Nifty Midcap 150,2022-12-28,15124.44,-0.8947
Nifty 500,2022-12-28,21679.14,0.3373
Nifty Smallcap 250,2022-12-28,20486.9,1.8644
Nifty 50 Hybrid,2022-12-28,6804.78,0.4453
Crisil ST Bond,2022-12-28,5500.74,0.1622
Crisil Liquid,2022-12-28,17467.36,0.1199
Crisil Gilt,2022-12-28,12454.83,-0.071
Nifty 100,2022-12-29,16634.65,-0.16
Nifty Midcap 150,2022-12-29,15134.23,0.0648
Nifty 500,2022-12-29,21708.22,0.1341
Nifty Smallcap 250,2022-12-29,20680.77,0.9463
Nifty 50 Hybrid,2022-12-29,6834.63,0.4387
Crisil ST Bond,2022-12-29,5485.69,-0.2736
Crisil Liquid,2022-12-29,17447.92,-0.1113
Crisil Gilt,2022-12-29,12430.08,-0.1987
Nifty 100,2022-12-30,16668.81,0.2054
Nifty Midcap 150,2022-12-30,15175.17,0.2705
Nifty 500,2022-12-30,21776.22,0.3132
Nifty Smallcap 250,2022-12-30,20488.66,-0.9289
Nifty 50 Hybrid,2022-12-30,6882.75,0.7041
Crisil ST Bond,2022-12-30,5490.72,0.0916
Crisil Liquid,2022-12-30,17429.51,-0.1055
Crisil Gilt,2022-12-30,12414.35,-0.1266
Nifty 100,2023-01-02,16673.79,0.0299
Nifty Midcap 150,2023-01-02,15451.63,1.8218
Nifty 500,2023-01-02,22152.89,1.7297
Nifty Smallcap 250,2023-01-02,20610.24,0.5934
Nifty 50 Hybrid,2023-01-02,6834.58,-0.7
Crisil ST Bond,2023-01-02,5496.68,0.1087
Crisil Liquid,2023-01-02,17425.11,-0.0252
Crisil Gilt,2023-01-02,12407.3,-0.0568
Nifty 100,2023-01-03,16321.31,-2.114
Nifty Midcap 150,2023-01-03,15472.08,0.1324
Nifty 500,2023-01-03,22020.0,-0.5999
Nifty Smallcap 250,2023-01-03,20636.3,0.1264
Nifty 50 Hybrid,2023-01-03,6679.47,-2.2694
Crisil ST Bond,2023-01-03,5498.72,0.037
Crisil Liquid,2023-01-03,17386.23,-0.2231
Crisil Gilt,2023-01-03,12423.28,0.1288
Nifty 100,2023-01-04,16411.38,0.5519
Nifty Midcap 150,2023-01-04,15433.61,-0.2487
Nifty 500,2023-01-04,22150.52,0.5927
Nifty Smallcap 250,2023-01-04,20440.65,-0.9481
Nifty 50 Hybrid,2023-01-04,6686.31,0.1024
Crisil ST Bond,2023-01-04,5504.19,0.0995
Crisil Liquid,2023-01-04,17335.91,-0.2894
Crisil Gilt,2023-01-04,12420.21,-0.0247
Nifty 100,2023-01-05,16412.59,0.0074
Nifty Midcap 150,2023-01-05,15407.94,-0.1663
Nifty 500,2023-01-05,22479.92,1.4871
Nifty Smallcap 250,2023-01-05,20217.05,-1.0939
Nifty 50 Hybrid,2023-01-05,6646.79,-0.5912
Crisil ST Bond,2023-01-05,5494.74,-0.1716
Crisil Liquid,2023-01-05,17365.56,0.171
Crisil Gilt,2023-01-05,12419.63,-0.0046
Nifty 100,2023-01-06,16345.56,-0.4084
Nifty Midcap 150,2023-01-06,15404.48,-0.0225
Nifty 500,2023-01-06,22629.69,0.6662
Nifty Smallcap 250,2023-01-06,20293.34,0.3774
Nifty 50 Hybrid,2023-01-06,6824.78,2.6779
Crisil ST Bond,2023-01-06,5498.34,0.0654
Crisil Liquid,2023-01-06,17360.96,-0.0265
Crisil Gilt,2023-01-06,12415.15,-0.0361
Nifty 100,2023-01-09,16286.27,-0.3628
Nifty Midcap 150,2023-01-09,15177.75,-1.4718
Nifty 500,2023-01-09,22645.5,0.0699
Nifty Smallcap 250,2023-01-09,20458.42,0.8135
Nifty 50 Hybrid,2023-01-09,6784.97,-0.5834
Crisil ST Bond,2023-01-09,5495.0,-0.0607
Crisil Liquid,2023-01-09,17390.75,0.1716
Crisil Gilt,2023-01-09,12399.92,-0.1226
Nifty 100,2023-01-10,15954.38,-2.0378
Nifty Midcap 150,2023-01-10,15007.32,-1.1229
Nifty 500,2023-01-10,22303.46,-1.5104
Nifty Smallcap 250,2023-01-10,20543.58,0.4162
Nifty 50 Hybrid,2023-01-10,6762.53,-0.3307
Crisil ST Bond,2023-01-10,5494.89,-0.002
Crisil Liquid,2023-01-10,17414.28,0.1353
Crisil Gilt,2023-01-10,12393.83,-0.0491
Nifty 100,2023-01-11,16082.83,0.8051
Nifty Midcap 150,2023-01-11,15238.63,1.5413
Nifty 500,2023-01-11,22208.52,-0.4257
Nifty Smallcap 250,2023-01-11,20701.15,0.767
Nifty 50 Hybrid,2023-01-11,6748.2,-0.2118
Crisil ST Bond,2023-01-11,5501.07,0.1124
Crisil Liquid,2023-01-11,17390.39,-0.1371
Crisil Gilt,2023-01-11,12375.91,-0.1446
Nifty 100,2023-01-12,16024.73,-0.3613
Nifty Midcap 150,2023-01-12,15107.74,-0.8589
Nifty 500,2023-01-12,22100.43,-0.4867
Nifty Smallcap 250,2023-01-12,20661.92,-0.1895
Nifty 50 Hybrid,2023-01-12,6798.82,0.75
Crisil ST Bond,2023-01-12,5499.92,-0.0208
Crisil Liquid,2023-01-12,17379.54,-0.0624
Crisil Gilt,2023-01-12,12374.04,-0.0152
Nifty 100,2023-01-13,15906.28,-0.7391
Nifty Midcap 150,2023-01-13,14971.17,-0.904
Nifty 500,2023-01-13,21750.57,-1.583
Nifty Smallcap 250,2023-01-13,20682.47,0.0995
Nifty 50 Hybrid,2023-01-13,6762.19,-0.5387
Crisil ST Bond,2023-01-13,5506.34,0.1166
Crisil Liquid,2023-01-13,17357.86,-0.1247
Crisil Gilt,2023-01-13,12369.8,-0.0342
Nifty 100,2023-01-16,16199.42,1.8429
Nifty Midcap 150,2023-01-16,14834.99,-0.9096
Nifty 500,2023-01-16,21705.65,-0.2065
Nifty Smallcap 250,2023-01-16,20437.21,-1.1858
Nifty 50 Hybrid,2023-01-16,6673.04,-1.3184
Crisil ST Bond,2023-01-16,5515.96,0.1747
Crisil Liquid,2023-01-16,17364.3,0.0371
Crisil Gilt,2023-01-16,12373.93,0.0334
Nifty 100,2023-01-17,15929.49,-1.6663
Nifty Midcap 150,2023-01-17,14892.66,0.3887
Nifty 500,2023-01-17,21963.39,1.1874
Nifty Smallcap 250,2023-01-17,20678.26,1.1795
Nifty 50 Hybrid,2023-01-17,6719.64,0.6983
Crisil ST Bond,2023-01-17,5510.83,-0.0929
Crisil Liquid,2023-01-17,17373.21,0.0513
Crisil Gilt,2023-01-17,12384.67,0.0868
Nifty 100,2023-01-18,15648.42,-1.7644
Nifty Midcap 150,2023-01-18,14730.14,-1.0913
Nifty 500,2023-01-18,22165.05,0.9182
Nifty Smallcap 250,2023-01-18,20865.62,0.906
Nifty 50 Hybrid,2023-01-18,6617.59,-1.5186
Crisil ST Bond,2023-01-18,5516.31,0.0995
Crisil Liquid,2023-01-18,17378.35,0.0295
Crisil Gilt,2023-01-18,12396.82,0.0981
Nifty 100,2023-01-19,15553.82,-0.6045
Nifty Midcap 150,2023-01-19,14829.59,0.6752
Nifty 500,2023-01-19,22358.73,0.8738
Nifty Smallcap 250,2023-01-19,20798.57,-0.3213
Nifty 50 Hybrid,2023-01-19,6620.75,0.0478
Crisil ST Bond,2023-01-19,5513.84,-0.0449
Crisil Liquid,2023-01-19,17410.52,0.1852
Crisil Gilt,2023-01-19,12397.8,0.008
Nifty 100,2023-01-20,15415.08,-0.892
Nifty Midcap 150,2023-01-20,14727.89,-0.6858
Nifty 500,2023-01-20,22393.78,0.1568
Nifty Smallcap 250,2023-01-20,20961.49,0.7833
Nifty 50 Hybrid,2023-01-20,6534.3,-1.3058
Crisil ST Bond,2023-01-20,5525.13,0.2048
Crisil Liquid,2023-01-20,17419.38,0.0509
Crisil Gilt,2023-01-20,12406.07,0.0666
Nifty 100,2023-01-23,15404.72,-0.0672
Nifty Midcap 150,2023-01-23,14735.14,0.0493
Nifty 500,2023-01-23,22367.3,-0.1183
Nifty Smallcap 250,2023-01-23,21181.12,1.0478
Nifty 50 Hybrid,2023-01-23,6535.74,0.0221
Crisil ST Bond,2023-01-23,5530.47,0.0967
Crisil Liquid,2023-01-23,17415.31,-0.0234
Crisil Gilt,2023-01-23,12410.97,0.0396
Nifty 100,2023-01-24,15285.5,-0.7739
Nifty Midcap 150,2023-01-24,14918.82,1.2465
Nifty 500,2023-01-24,22187.52,-0.8037
Nifty Smallcap 250,2023-01-24,21118.64,-0.295
Nifty 50 Hybrid,2023-01-24,6517.11,-0.285
Crisil ST Bond,2023-01-24,5529.62,-0.0154
Crisil Liquid,2023-01-24,17431.37,0.0922
Crisil Gilt,2023-01-24,12409.53,-0.0117
Nifty 100,2023-01-25,15503.15,1.4239
Nifty Midcap 150,2023-01-25,14801.19,-0.7885
Nifty 500,2023-01-25,22231.76,0.1994
Nifty Smallcap 250,2023-01-25,20961.14,-0.7458
Nifty 50 Hybrid,2023-01-25,6546.51,0.451
Crisil ST Bond,2023-01-25,5530.64,0.0184
Crisil Liquid,2023-01-25,17432.16,0.0045
Crisil Gilt,2023-01-25,12426.76,0.1388
Nifty 100,2023-01-26,15406.36,-0.6243
Nifty Midcap 150,2023-01-26,14892.44,0.6165
Nifty 500,2023-01-26,22067.47,-0.739
Nifty Smallcap 250,2023-01-26,20991.05,0.1427
Nifty 50 Hybrid,2023-01-26,6470.2,-1.1656
Crisil ST Bond,2023-01-26,5528.08,-0.0463
Crisil Liquid,2023-01-26,17434.21,0.0118
Crisil Gilt,2023-01-26,12451.79,0.2015
Nifty 100,2023-01-27,15426.51,0.1308
Nifty Midcap 150,2023-01-27,15143.33,1.6847
Nifty 500,2023-01-27,22122.71,0.2503
Nifty Smallcap 250,2023-01-27,20916.1,-0.3571
Nifty 50 Hybrid,2023-01-27,6571.74,1.5694
Crisil ST Bond,2023-01-27,5531.6,0.0637
Crisil Liquid,2023-01-27,17426.49,-0.0443
Crisil Gilt,2023-01-27,12460.14,0.0671
Nifty 100,2023-01-30,15386.0,-0.2626
Nifty Midcap 150,2023-01-30,14846.67,-1.959
Nifty 500,2023-01-30,22336.41,0.966
Nifty Smallcap 250,2023-01-30,21151.39,1.1249
Nifty 50 Hybrid,2023-01-30,6694.5,1.8679
Crisil ST Bond,2023-01-30,5535.05,0.0622
Crisil Liquid,2023-01-30,17425.64,-0.0049
Crisil Gilt,2023-01-30,12473.04,0.1035
Nifty 100,2023-01-31,15521.37,0.8798
Nifty Midcap 150,2023-01-31,15094.35,1.6683
Nifty 500,2023-01-31,22333.15,-0.0146
Nifty Smallcap 250,2023-01-31,21122.71,-0.1356
Nifty 50 Hybrid,2023-01-31,6648.6,-0.6855
Crisil ST Bond,2023-01-31,5539.13,0.0737
Crisil Liquid,2023-01-31,17402.15,-0.1348
Crisil Gilt,2023-01-31,12485.21,0.0976
Nifty 100,2023-02-01,15617.27,0.6178
Nifty Midcap 150,2023-02-01,15187.19,0.6151
Nifty 500,2023-02-01,22370.72,0.1682
Nifty Smallcap 250,2023-02-01,21452.85,1.563
Nifty 50 Hybrid,2023-02-01,6708.57,0.902
Crisil ST Bond,2023-02-01,5536.87,-0.0407
Crisil Liquid,2023-02-01,17395.38,-0.0389
Crisil Gilt,2023-02-01,12476.73,-0.068
Nifty 100,2023-02-02,15708.05,0.5813
Nifty Midcap 150,2023-02-02,15039.85,-0.9701
Nifty 500,2023-02-02,22619.79,1.1134
Nifty Smallcap 250,2023-02-02,21743.11,1.353
Nifty 50 Hybrid,2023-02-02,6651.62,-0.849
Crisil ST Bond,2023-02-02,5536.95,0.0014
Crisil Liquid,2023-02-02,17399.14,0.0217
Crisil Gilt,2023-02-02,12490.25,0.1084
Nifty 100,2023-02-03,15965.56,1.6393
Nifty Midcap 150,2023-02-03,14790.87,-1.6555
Nifty 500,2023-02-03,22554.6,-0.2882
Nifty Smallcap 250,2023-02-03,21691.79,-0.236
Nifty 50 Hybrid,2023-02-03,6560.45,-1.3707
Crisil ST Bond,2023-02-03,5535.37,-0.0285
Crisil Liquid,2023-02-03,17410.07,0.0628
Crisil Gilt,2023-02-03,12489.27,-0.0079
Nifty 100,2023-02-06,15723.74,-1.5146
Nifty Midcap 150,2023-02-06,15220.41,2.9041
Nifty 500,2023-02-06,22621.4,0.2962
Nifty Smallcap 250,2023-02-06,21722.52,0.1417
Nifty 50 Hybrid,2023-02-06,6490.38,-1.0679
Crisil ST Bond,2023-02-06,5537.92,0.0461
Crisil Liquid,2023-02-06,17410.69,0.0036
Crisil Gilt,2023-02-06,12468.18,-0.1689
Nifty 100,2023-02-07,15560.17,-1.0403
Nifty Midcap 150,2023-02-07,15345.97,0.8249
Nifty 500,2023-02-07,23067.96,1.974
Nifty Smallcap 250,2023-02-07,21808.8,0.3972
Nifty 50 Hybrid,2023-02-07,6563.93,1.1331
Crisil ST Bond,2023-02-07,5538.17,0.0044
Crisil Liquid,2023-02-07,17412.66,0.0113
Crisil Gilt,2023-02-07,12484.28,0.1291
Nifty 100,2023-02-08,15823.57,1.6928
Nifty Midcap 150,2023-02-08,15550.24,1.3311
Nifty 500,2023-02-08,22828.89,-1.0364
Nifty Smallcap 250,2023-02-08,21800.74,-0.037
Nifty 50 Hybrid,2023-02-08,6584.11,0.3075
Crisil ST Bond,2023-02-08,5537.84,-0.006
Crisil Liquid,2023-02-08,17422.9,0.0588
Crisil Gilt,2023-02-08,12497.02,0.1021
Nifty 100,2023-02-09,15987.0,1.0328
Nifty Midcap 150,2023-02-09,15817.06,1.7159
Nifty 500,2023-02-09,22760.53,-0.2994
Nifty Smallcap 250,2023-02-09,21509.91,-1.334
Nifty 50 Hybrid,2023-02-09,6609.67,0.3882
Crisil ST Bond,2023-02-09,5549.38,0.2084
Crisil Liquid,2023-02-09,17418.08,-0.0277
Crisil Gilt,2023-02-09,12508.1,0.0887
Nifty 100,2023-02-10,16103.02,0.7257
Nifty Midcap 150,2023-02-10,15852.08,0.2214
Nifty 500,2023-02-10,22768.93,0.0369
Nifty Smallcap 250,2023-02-10,21317.73,-0.8934
Nifty 50 Hybrid,2023-02-10,6460.85,-2.2517
Crisil ST Bond,2023-02-10,5544.32,-0.0912
Crisil Liquid,2023-02-10,17414.76,-0.019
Crisil Gilt,2023-02-10,12524.33,0.1297
Nifty 100,2023-02-13,16091.25,-0.0731
Nifty Midcap 150,2023-02-13,15774.56,-0.489
Nifty 500,2023-02-13,22572.9,-0.861
Nifty Smallcap 250,2023-02-13,21464.15,0.6868
Nifty 50 Hybrid,2023-02-13,6550.55,1.3884
Crisil ST Bond,2023-02-13,5551.32,0.1263
Crisil Liquid,2023-02-13,17428.8,0.0806
Crisil Gilt,2023-02-13,12508.35,-0.1276
Nifty 100,2023-02-14,16039.49,-0.3217
Nifty Midcap 150,2023-02-14,16086.47,1.9773
Nifty 500,2023-02-14,22832.92,1.152
Nifty Smallcap 250,2023-02-14,21140.57,-1.5075
Nifty 50 Hybrid,2023-02-14,6548.87,-0.0256
Crisil ST Bond,2023-02-14,5554.45,0.0563
Crisil Liquid,2023-02-14,17419.0,-0.0562
Crisil Gilt,2023-02-14,12481.97,-0.2109
Nifty 100,2023-02-15,16060.15,0.1288
Nifty Midcap 150,2023-02-15,15964.58,-0.7578
Nifty 500,2023-02-15,22660.8,-0.7538
Nifty Smallcap 250,2023-02-15,21071.93,-0.3247
Nifty 50 Hybrid,2023-02-15,6542.08,-0.1037
Crisil ST Bond,2023-02-15,5555.51,0.0191
Crisil Liquid,2023-02-15,17407.09,-0.0684
Crisil Gilt,2023-02-15,12481.72,-0.002
Nifty 100,2023-02-16,15782.72,-1.7274
Nifty Midcap 150,2023-02-16,16019.02,0.341
Nifty 500,2023-02-16,22020.34,-2.8263
Nifty Smallcap 250,2023-02-16,21017.25,-0.2595
Nifty 50 Hybrid,2023-02-16,6604.18,0.9492
Crisil ST Bond,2023-02-16,5550.74,-0.0859
Crisil Liquid,2023-02-16,17423.04,0.0916
Crisil Gilt,2023-02-16,12498.64,0.1356
Nifty 100,2023-02-17,15265.38,-3.2779
Nifty Midcap 150,2023-02-17,15999.58,-0.1214
Nifty 500,2023-02-17,21393.69,-2.8458
Nifty Smallcap 250,2023-02-17,20998.71,-0.0882
Nifty 50 Hybrid,2023-02-17,6605.68,0.0228
Crisil ST Bond,2023-02-17,5538.07,-0.2283
Crisil Liquid,2023-02-17,17460.06,0.2125
Crisil Gilt,2023-02-17,12504.71,0.0486
Nifty 100,2023-02-20,15140.35,-0.819
Nifty Midcap 150,2023-02-20,16238.84,1.4954
Nifty 500,2023-02-20,21015.96,-1.7656
Nifty Smallcap 250,2023-02-20,20746.9,-1.1992
Nifty 50 Hybrid,2023-02-20,6455.77,-2.2695
Crisil ST Bond,2023-02-20,5549.15,0.2001
Crisil Liquid,2023-02-20,17469.36,0.0532
Crisil Gilt,2023-02-20,12515.46,0.0859
Nifty 100,2023-02-21,15190.47,0.331
Nifty Midcap 150,2023-02-21,16336.88,0.6038
Nifty 500,2023-02-21,21038.68,0.1081
Nifty Smallcap 250,2023-02-21,20809.34,0.3009
Nifty 50 Hybrid,2023-02-21,6464.65,0.1376
Crisil ST Bond,2023-02-21,5546.88,-0.0409
Crisil Liquid,2023-02-21,17472.03,0.0153
Crisil Gilt,2023-02-21,12521.39,0.0474
Nifty 100,2023-02-22,15211.82,0.1405
Nifty Midcap 150,2023-02-22,16100.36,-1.4478
Nifty 500,2023-02-22,20762.02,-1.315
Nifty Smallcap 250,2023-02-22,21040.91,1.1128
Nifty 50 Hybrid,2023-02-22,6446.75,-0.277
Crisil ST Bond,2023-02-22,5551.23,0.0785
Crisil Liquid,2023-02-22,17456.45,-0.0892
Crisil Gilt,2023-02-22,12505.45,-0.1273
Nifty 100,2023-02-23,15088.06,-0.8136
Nifty Midcap 150,2023-02-23,16069.36,-0.1926
Nifty 500,2023-02-23,20630.15,-0.6351
Nifty Smallcap 250,2023-02-23,21319.48,1.3239
Nifty 50 Hybrid,2023-02-23,6460.25,0.2095
Crisil ST Bond,2023-02-23,5562.61,0.2049
Crisil Liquid,2023-02-23,17467.0,0.0604
Crisil Gilt,2023-02-23,12477.78,-0.2213
Nifty 100,2023-02-24,15251.92,1.086
Nifty Midcap 150,2023-02-24,15831.6,-1.4796
Nifty 500,2023-02-24,20683.9,0.2605
Nifty Smallcap 250,2023-02-24,21160.72,-0.7447
Nifty 50 Hybrid,2023-02-24,6600.62,2.1727
Crisil ST Bond,2023-02-24,5571.73,0.164
Crisil Liquid,2023-02-24,17457.53,-0.0542
Crisil Gilt,2023-02-24,12478.68,0.0073
Nifty 100,2023-02-27,15293.8,0.2746
Nifty Midcap 150,2023-02-27,15973.04,0.8934
Nifty 500,2023-02-27,20696.14,0.0592
Nifty Smallcap 250,2023-02-27,20950.19,-0.9949
Nifty 50 Hybrid,2023-02-27,6555.23,-0.6876
Crisil ST Bond,2023-02-27,5572.82,0.0196
Crisil Liquid,2023-02-27,17482.58,0.1434
Crisil Gilt,2023-02-27,12486.52,0.0628
Nifty 100,2023-02-28,15180.1,-0.7434
Nifty Midcap 150,2023-02-28,16081.4,0.6784
Nifty 500,2023-02-28,20622.26,-0.357
Nifty Smallcap 250,2023-02-28,21143.02,0.9204
Nifty 50 Hybrid,2023-02-28,6722.85,2.557
Crisil ST Bond,2023-02-28,5571.93,-0.0159
Crisil Liquid,2023-02-28,17500.09,0.1002
Crisil Gilt,2023-02-28,12479.71,-0.0545
Nifty 100,2023-03-01,15167.62,-0.0823
Nifty Midcap 150,2023-03-01,16090.98,0.0596
Nifty 500,2023-03-01,20588.5,-0.1637
Nifty Smallcap 250,2023-03-01,21670.11,2.493
Nifty 50 Hybrid,2023-03-01,6704.26,-0.2766
Crisil ST Bond,2023-03-01,5576.32,0.0787
Crisil Liquid,2023-03-01,17469.81,-0.173
Crisil Gilt,2023-03-01,12487.6,0.0632
Nifty 100,2023-03-02,15345.39,1.1721
Nifty Midcap 150,2023-03-02,16010.91,-0.4976
Nifty 500,2023-03-02,20077.86,-2.4802
Nifty Smallcap 250,2023-03-02,21668.24,-0.0087
Nifty 50 Hybrid,2023-03-02,6707.42,0.0472
Crisil ST Bond,2023-03-02,5581.47,0.0924
Crisil Liquid,2023-03-02,17508.43,0.2211
Crisil Gilt,2023-03-02,12485.35,-0.018
Nifty 100,2023-03-03,15218.59,-0.8263
Nifty Midcap 150,2023-03-03,15828.88,-1.1369
Nifty 500,2023-03-03,20123.65,0.2281
Nifty Smallcap 250,2023-03-03,21778.61,0.5094
Nifty 50 Hybrid,2023-03-03,6672.83,-0.5157
Crisil ST Bond,2023-03-03,5586.93,0.0979
Crisil Liquid,2023-03-03,17520.08,0.0665
Crisil Gilt,2023-03-03,12488.38,0.0243
Nifty 100,2023-03-06,15085.82,-0.8724
Nifty Midcap 150,2023-03-06,15757.36,-0.4519
Nifty 500,2023-03-06,19640.73,-2.3998
Nifty Smallcap 250,2023-03-06,21836.49,0.2658
Nifty 50 Hybrid,2023-03-06,6676.59,0.0563
Crisil ST Bond,2023-03-06,5589.1,0.0388
Crisil Liquid,2023-03-06,17532.42,0.0704
Crisil Gilt,2023-03-06,12495.7,0.0586
Nifty 100,2023-03-07,15073.7,-0.0804
Nifty Midcap 150,2023-03-07,15769.75,0.0787
Nifty 500,2023-03-07,19370.81,-1.3743
Nifty Smallcap 250,2023-03-07,21715.58,-0.5537
Nifty 50 Hybrid,2023-03-07,6681.97,0.0805
Crisil ST Bond,2023-03-07,5586.11,-0.0536
Crisil Liquid,2023-03-07,17551.01,0.106
Crisil Gilt,2023-03-07,12489.97,-0.0459
Nifty 100,2023-03-08,15110.82,0.2463
Nifty Midcap 150,2023-03-08,15792.86,0.1466
Nifty 500,2023-03-08,19521.18,0.7763
Nifty Smallcap 250,2023-03-08,21917.71,0.9308
Nifty 50 Hybrid,2023-03-08,6730.35,0.724
Crisil ST Bond,2023-03-08,5575.46,-0.1906
Crisil Liquid,2023-03-08,17575.48,0.1394
Crisil Gilt,2023-03-08,12511.54,0.1727
Nifty 100,2023-03-09,15042.5,-0.4521
Nifty Midcap 150,2023-03-09,15834.98,0.2666
Nifty 500,2023-03-09,19353.14,-0.8608
Nifty Smallcap 250,2023-03-09,21497.24,-1.9184
Nifty 50 Hybrid,2023-03-09,6682.65,-0.7087
Crisil ST Bond,2023-03-09,5573.56,-0.034
Crisil Liquid,2023-03-09,17572.76,-0.0155
Crisil Gilt,2023-03-09,12502.05,-0.0759
Nifty 100,2023-03-10,14936.69,-0.7034
Nifty Midcap 150,2023-03-10,15837.98,0.019
Nifty 500,2023-03-10,19209.88,-0.7402
Nifty Smallcap 250,2023-03-10,21620.53,0.5735
Nifty 50 Hybrid,2023-03-10,6730.2,0.7117
Crisil ST Bond,2023-03-10,5587.95,0.258
Crisil Liquid,2023-03-10,17596.05,0.1326
Crisil Gilt,2023-03-10,12507.59,0.0443
Nifty 100,2023-03-13,14848.53,-0.5903
Nifty Midcap 150,2023-03-13,15889.26,0.3237
Nifty 500,2023-03-13,19278.38,0.3566
Nifty Smallcap 250,2023-03-13,21516.04,-0.4833
Nifty 50 Hybrid,2023-03-13,6784.97,0.8137
Crisil ST Bond,2023-03-13,5581.25,-0.1198
Crisil Liquid,2023-03-13,17595.27,-0.0044
Crisil Gilt,2023-03-13,12517.04,0.0756
Nifty 100,2023-03-14,14810.28,-0.2576
Nifty Midcap 150,2023-03-14,15861.17,-0.1768
Nifty 500,2023-03-14,19257.6,-0.1078
Nifty Smallcap 250,2023-03-14,21342.71,-0.8056
Nifty 50 Hybrid,2023-03-14,6866.65,1.2039
Crisil ST Bond,2023-03-14,5576.68,-0.0818
Crisil Liquid,2023-03-14,17604.39,0.0518
Crisil Gilt,2023-03-14,12524.72,0.0614
Nifty 100,2023-03-15,14674.23,-0.9186
Nifty Midcap 150,2023-03-15,15877.53,0.1031
Nifty 500,2023-03-15,19088.2,-0.8796
Nifty Smallcap 250,2023-03-15,21645.99,1.421
Nifty 50 Hybrid,2023-03-15,6790.52,-1.1088
Crisil ST Bond,2023-03-15,5574.15,-0.0454
Crisil Liquid,2023-03-15,17586.36,-0.1024
Crisil Gilt,2023-03-15,12510.22,-0.1158
Nifty 100,2023-03-16,14912.13,1.6212
Nifty Midcap 150,2023-03-16,15968.47,0.5728
Nifty 500,2023-03-16,19120.71,0.1703
Nifty Smallcap 250,2023-03-16,21510.37,-0.6266
Nifty 50 Hybrid,2023-03-16,6854.19,0.9376
Crisil ST Bond,2023-03-16,5570.67,-0.0624
Crisil Liquid,2023-03-16,17603.83,0.0994
Crisil Gilt,2023-03-16,12501.81,-0.0673
Nifty 100,2023-03-17,14820.49,-0.6145
Nifty Midcap 150,2023-03-17,16094.35,0.7883
Nifty 500,2023-03-17,19291.62,0.8938
Nifty Smallcap 250,2023-03-17,21645.34,0.6275
Nifty 50 Hybrid,2023-03-17,6784.3,-1.0197
Crisil ST Bond,2023-03-17,5569.3,-0.0247
Crisil Liquid,2023-03-17,17610.12,0.0357
Crisil Gilt,2023-03-17,12493.69,-0.0649
Nifty 100,2023-03-20,15028.12,1.401
Nifty Midcap 150,2023-03-20,15712.6,-2.3719
Nifty 500,2023-03-20,19147.17,-0.7487
Nifty Smallcap 250,2023-03-20,21541.53,-0.4796
Nifty 50 Hybrid,2023-03-20,6593.39,-2.8139
Crisil ST Bond,2023-03-20,5562.64,-0.1196
Crisil Liquid,2023-03-20,17624.65,0.0825
Crisil Gilt,2023-03-20,12496.57,0.023
Nifty 100,2023-03-21,15269.04,1.6031
Nifty Midcap 150,2023-03-21,15960.11,1.5752
Nifty 500,2023-03-21,19235.83,0.463
Nifty Smallcap 250,2023-03-21,21615.47,0.3432
Nifty 50 Hybrid,2023-03-21,6599.72,0.0959
Crisil ST Bond,2023-03-21,5548.98,-0.2455
Crisil Liquid,2023-03-21,17603.6,-0.1195
Crisil Gilt,2023-03-21,12500.33,0.0301
Nifty 100,2023-03-22,15367.68,0.646
Nifty Midcap 150,2023-03-22,16011.13,0.3197
Nifty 500,2023-03-22,19069.93,-0.8625
Nifty Smallcap 250,2023-03-22,21824.58,0.9674
Nifty 50 Hybrid,2023-03-22,6699.53,1.5124
Crisil ST Bond,2023-03-22,5555.3,0.1138
Crisil Liquid,2023-03-22,17624.54,0.119
Crisil Gilt,2023-03-22,12495.84,-0.0359
Nifty 100,2023-03-23,15537.64,1.1059
Nifty Midcap 150,2023-03-23,16039.27,0.1758
Nifty 500,2023-03-23,19173.21,0.5416
Nifty Smallcap 250,2023-03-23,21910.88,0.3954
Nifty 50 Hybrid,2023-03-23,6693.4,-0.0915
Crisil ST Bond,2023-03-23,5551.63,-0.066
Crisil Liquid,2023-03-23,17626.61,0.0118
Crisil Gilt,2023-03-23,12510.67,0.1187
Nifty 100,2023-03-24,15473.71,-0.4115
Nifty Midcap 150,2023-03-24,16187.36,0.9233
Nifty 500,2023-03-24,19320.28,0.7671
Nifty Smallcap 250,2023-03-24,21851.96,-0.2689
Nifty 50 Hybrid,2023-03-24,6788.37,1.4188
Crisil ST Bond,2023-03-24,5550.77,-0.0156
Crisil Liquid,2023-03-24,17656.75,0.171
Crisil Gilt,2023-03-24,12518.6,0.0634
Nifty 100,2023-03-27,15475.89,0.0141
Nifty Midcap 150,2023-03-27,16048.51,-0.8578
Nifty 500,2023-03-27,19309.02,-0.0583
Nifty Smallcap 250,2023-03-27,21813.99,-0.1738
Nifty 50 Hybrid,2023-03-27,6704.99,-1.2283
Crisil ST Bond,2023-03-27,5550.67,-0.0018
Crisil Liquid,2023-03-27,17646.09,-0.0604
Crisil Gilt,2023-03-27,12528.44,0.0786
Nifty 100,2023-03-28,15682.7,1.3363
Nifty Midcap 150,2023-03-28,15856.42,-1.1969
Nifty 500,2023-03-28,19645.44,1.7423
Nifty Smallcap 250,2023-03-28,21792.49,-0.0986
Nifty 50 Hybrid,2023-03-28,6641.62,-0.945
Crisil ST Bond,2023-03-28,5555.98,0.0958
Crisil Liquid,2023-03-28,17641.74,-0.0246
Crisil Gilt,2023-03-28,12529.92,0.0118
Nifty 100,2023-03-29,15624.0,-0.3743
Nifty Midcap 150,2023-03-29,15731.67,-0.7867
Nifty 500,2023-03-29,19793.57,0.754
Nifty Smallcap 250,2023-03-29,21736.63,-0.2563
Nifty 50 Hybrid,2023-03-29,6548.2,-1.4067
Crisil ST Bond,2023-03-29,5560.16,0.0751
Crisil Liquid,2023-03-29,17624.0,-0.1006
Crisil Gilt,2023-03-29,12517.98,-0.0953
Nifty 100,2023-03-30,15815.02,1.2226
Nifty Midcap 150,2023-03-30,15548.19,-1.1663
Nifty 500,2023-03-30,19341.0,-2.2864
Nifty Smallcap 250,2023-03-30,21878.54,0.6529
Nifty 50 Hybrid,2023-03-30,6530.27,-0.2739
Crisil ST Bond,2023-03-30,5560.06,-0.0018
Crisil Liquid,2023-03-30,17621.98,-0.0115
Crisil Gilt,2023-03-30,12523.38,0.0432
Nifty 100,2023-03-31,15700.72,-0.7227
Nifty Midcap 150,2023-03-31,15782.36,1.5061
Nifty 500,2023-03-31,19061.29,-1.4462
Nifty Smallcap 250,2023-03-31,21982.44,0.4749
Nifty 50 Hybrid,2023-03-31,6574.16,0.6721
Crisil ST Bond,2023-03-31,5556.95,-0.056
Crisil Liquid,2023-03-31,17607.46,-0.0824
Crisil Gilt,2023-03-31,12538.62,0.1217
Nifty 100,2023-04-03,15549.86,-0.9609
Nifty Midcap 150,2023-04-03,15691.35,-0.5767
Nifty 500,2023-04-03,19236.14,0.9173
Nifty Smallcap 250,2023-04-03,21996.67,0.0647
Nifty 50 Hybrid,2023-04-03,6457.98,-1.7671
Crisil ST Bond,2023-04-03,5567.77,0.1947
Crisil Liquid,2023-04-03,17601.65,-0.033
Crisil Gilt,2023-04-03,12536.08,-0.0203
Nifty 100,2023-04-04,15594.3,0.2858
Nifty Midcap 150,2023-04-04,15794.14,0.6551
Nifty 500,2023-04-04,19619.15,1.9911
Nifty Smallcap 250,2023-04-04,21638.11,-1.6301
Nifty 50 Hybrid,2023-04-04,6513.26,0.856
Crisil ST Bond,2023-04-04,5573.02,0.0943
Crisil Liquid,2023-04-04,17602.76,0.0063
Crisil Gilt,2023-04-04,12548.46,0.0987
Nifty 100,2023-04-05,15744.67,0.9643
Nifty Midcap 150,2023-04-05,15580.61,-1.352
Nifty 500,2023-04-05,19968.32,1.7798
Nifty Smallcap 250,2023-04-05,21307.32,-1.5288
Nifty 50 Hybrid,2023-04-05,6441.27,-1.1053
Crisil ST Bond,2023-04-05,5572.67,-0.0062
Crisil Liquid,2023-04-05,17640.16,0.2125
Crisil Gilt,2023-04-05,12547.1,-0.0108
Nifty 100,2023-04-06,15744.37,-0.0019
Nifty Midcap 150,2023-04-06,15808.41,1.4621
Nifty 500,2023-04-06,19914.34,-0.2703
Nifty Smallcap 250,2023-04-06,21062.61,-1.1484
Nifty 50 Hybrid,2023-04-06,6416.33,-0.3872
Crisil ST Bond,2023-04-06,5581.43,0.1571
Crisil Liquid,2023-04-06,17644.94,0.0271
Crisil Gilt,2023-04-06,12573.83,0.2131
Nifty 100,2023-04-07,15865.27,0.7679
Nifty Midcap 150,2023-04-07,15711.22,-0.6148
Nifty 500,2023-04-07,19930.49,0.0811
Nifty Smallcap 250,2023-04-07,20889.22,-0.8232
Nifty 50 Hybrid,2023-04-07,6375.36,-0.6384
Crisil ST Bond,2023-04-07,5607.54,0.4679
Crisil Liquid,2023-04-07,17666.44,0.1219
Crisil Gilt,2023-04-07,12587.17,0.1061
Nifty 100,2023-04-10,15771.16,-0.5932
Nifty Midcap 150,2023-04-10,15962.53,1.5996
Nifty 500,2023-04-10,20155.59,1.1294
Nifty Smallcap 250,2023-04-10,21288.55,1.9116
Nifty 50 Hybrid,2023-04-10,6494.14,1.8631
Crisil ST Bond,2023-04-10,5600.37,-0.1279
Crisil Liquid,2023-04-10,17650.37,-0.091
Crisil Gilt,2023-04-10,12577.06,-0.0804
Nifty 100,2023-04-11,15627.02,-0.9139
Nifty Midcap 150,2023-04-11,16018.95,0.3535
Nifty 500,2023-04-11,20047.39,-0.5368
Nifty Smallcap 250,2023-04-11,21736.16,2.1026
Nifty 50 Hybrid,2023-04-11,6619.78,1.9347
Crisil ST Bond,2023-04-11,5601.45,0.0194
Crisil Liquid,2023-04-11,17688.41,0.2155
Crisil Gilt,2023-04-11,12598.29,0.1688
Nifty 100,2023-04-12,15561.28,-0.4207
Nifty Midcap 150,2023-04-12,15701.9,-1.9792
Nifty 500,2023-04-12,20009.71,-0.188
Nifty Smallcap 250,2023-04-12,21602.56,-0.6146
Nifty 50 Hybrid,2023-04-12,6635.44,0.2365
Crisil ST Bond,2023-04-12,5603.07,0.0289
Crisil Liquid,2023-04-12,17693.07,0.0263
Crisil Gilt,2023-04-12,12607.41,0.0724
Nifty 100,2023-04-13,15377.26,-1.1825
Nifty Midcap 150,2023-04-13,15771.21,0.4414
Nifty 500,2023-04-13,19927.75,-0.4096
Nifty Smallcap 250,2023-04-13,21652.25,0.23
Nifty 50 Hybrid,2023-04-13,6700.96,0.9874
Crisil ST Bond,2023-04-13,5597.33,-0.1024
Crisil Liquid,2023-04-13,17691.63,-0.0081
Crisil Gilt,2023-04-13,12608.43,0.0081
Nifty 100,2023-04-14,15302.8,-0.4843
Nifty Midcap 150,2023-04-14,15917.85,0.9298
Nifty 500,2023-04-14,19790.17,-0.6904
Nifty Smallcap 250,2023-04-14,21538.48,-0.5254
Nifty 50 Hybrid,2023-04-14,6655.4,-0.6799
Crisil ST Bond,2023-04-14,5604.57,0.1292
Crisil Liquid,2023-04-14,17686.45,-0.0292
Crisil Gilt,2023-04-14,12616.76,0.066
Nifty 100,2023-04-17,15609.73,2.0057
Nifty Midcap 150,2023-04-17,15910.72,-0.0448
Nifty 500,2023-04-17,20016.18,1.1421
Nifty Smallcap 250,2023-04-17,21904.93,1.7014
Nifty 50 Hybrid,2023-04-17,6725.76,1.0572
Crisil ST Bond,2023-04-17,5605.59,0.0183
Crisil Liquid,2023-04-17,17701.35,0.0842
Crisil Gilt,2023-04-17,12603.04,-0.1087
Nifty 100,2023-04-18,15492.65,-0.75
Nifty Midcap 150,2023-04-18,15819.28,-0.5747
Nifty 500,2023-04-18,20470.67,2.2706
Nifty Smallcap 250,2023-04-18,21733.51,-0.7826
Nifty 50 Hybrid,2023-04-18,6672.12,-0.7975
Crisil ST Bond,2023-04-18,5600.86,-0.0844
Crisil Liquid,2023-04-18,17714.8,0.076
Crisil Gilt,2023-04-18,12607.35,0.0343
Nifty 100,2023-04-19,15665.66,1.1168
Nifty Midcap 150,2023-04-19,15930.22,0.7013
Nifty 500,2023-04-19,20194.24,-1.3504
Nifty Smallcap 250,2023-04-19,21564.58,-0.7773
Nifty 50 Hybrid,2023-04-19,6765.22,1.3953
Crisil ST Bond,2023-04-19,5600.84,-0.0003
Crisil Liquid,2023-04-19,17739.38,0.1388
Crisil Gilt,2023-04-19,12607.99,0.005
Nifty 100,2023-04-20,15518.77,-0.9377
Nifty Midcap 150,2023-04-20,15886.69,-0.2733
Nifty 500,2023-04-20,20004.81,-0.938
Nifty Smallcap 250,2023-04-20,21449.09,-0.5356
Nifty 50 Hybrid,2023-04-20,6780.84,0.2309
Crisil ST Bond,2023-04-20,5604.83,0.0712
Crisil Liquid,2023-04-20,17714.72,-0.139
Crisil Gilt,2023-04-20,12610.29,0.0183
Nifty 100,2023-04-21,15432.39,-0.5566
Nifty Midcap 150,2023-04-21,15788.44,-0.6184
Nifty 500,2023-04-21,20037.35,0.1627
Nifty Smallcap 250,2023-04-21,21337.45,-0.5205
Nifty 50 Hybrid,2023-04-21,6876.6,1.4121
Crisil ST Bond,2023-04-21,5612.61,0.1388
Crisil Liquid,2023-04-21,17739.2,0.1382
Crisil Gilt,2023-04-21,12606.57,-0.0295
Nifty 100,2023-04-24,15288.48,-0.9325
Nifty Midcap 150,2023-04-24,15806.13,0.112
Nifty 500,2023-04-24,20013.24,-0.1203
Nifty Smallcap 250,2023-04-24,21213.95,-0.5788
Nifty 50 Hybrid,2023-04-24,6797.81,-1.1457
Crisil ST Bond,2023-04-24,5613.5,0.0158
Crisil Liquid,2023-04-24,17735.58,-0.0204
Crisil Gilt,2023-04-24,12617.77,0.0888
Nifty 100,2023-04-25,15394.76,0.6951
Nifty Midcap 150,2023-04-25,15984.86,1.1308
Nifty 500,2023-04-25,19767.22,-1.2293
Nifty Smallcap 250,2023-04-25,21305.39,0.4311
Nifty 50 Hybrid,2023-04-25,6750.4,-0.6975
Crisil ST Bond,2023-04-25,5607.77,-0.102
Crisil Liquid,2023-04-25,17731.52,-0.0229
Crisil Gilt,2023-04-25,12633.78,0.1269
Nifty 100,2023-04-26,15342.06,-0.3423
Nifty Midcap 150,2023-04-26,16239.89,1.5955
Nifty 500,2023-04-26,19881.64,0.5789
Nifty Smallcap 250,2023-04-26,21227.82,-0.3641
Nifty 50 Hybrid,2023-04-26,6830.73,1.19
Crisil ST Bond,2023-04-26,5611.39,0.0645
Crisil Liquid,2023-04-26,17718.53,-0.0733
Crisil Gilt,2023-04-26,12659.79,0.2059
Nifty 100,2023-04-27,15386.47,0.2895
Nifty Midcap 150,2023-04-27,16247.82,0.0488
Nifty 500,2023-04-27,19717.51,-0.8255
Nifty Smallcap 250,2023-04-27,21484.58,1.2095
Nifty 50 Hybrid,2023-04-27,6868.11,0.5473
Crisil ST Bond,2023-04-27,5616.04,0.0829
Crisil Liquid,2023-04-27,17713.08,-0.0308
Crisil Gilt,2023-04-27,12672.88,0.1034
Nifty 100,2023-04-28,15531.38,0.9418
Nifty Midcap 150,2023-04-28,16144.03,-0.6388
Nifty 500,2023-04-28,19444.03,-1.387
Nifty Smallcap 250,2023-04-28,21615.93,0.6114
Nifty 50 Hybrid,2023-04-28,6762.11,-1.5433
Crisil ST Bond,2023-04-28,5618.02,0.0352
Crisil Liquid,2023-04-28,17708.7,-0.0247
Crisil Gilt,2023-04-28,12690.86,0.1419
Nifty 100,2023-05-01,15475.03,-0.3628
Nifty Midcap 150,2023-05-01,16327.63,1.1373
Nifty 500,2023-05-01,19349.88,-0.4842
Nifty Smallcap 250,2023-05-01,21838.57,1.03
Nifty 50 Hybrid,2023-05-01,6903.46,2.0903
Crisil ST Bond,2023-05-01,5613.14,-0.0868
Crisil Liquid,2023-05-01,17717.42,0.0492
Crisil Gilt,2023-05-01,12728.28,0.2949
Nifty 100,2023-05-02,15489.97,0.0966
Nifty Midcap 150,2023-05-02,16342.62,0.0918
Nifty 500,2023-05-02,19508.26,0.8185
Nifty Smallcap 250,2023-05-02,21854.1,0.0711
Nifty 50 Hybrid,2023-05-02,6787.68,-1.6772
Crisil ST Bond,2023-05-02,5620.62,0.1332
Crisil Liquid,2023-05-02,17685.47,-0.1803
Crisil Gilt,2023-05-02,12725.52,-0.0217
Nifty 100,2023-05-03,15681.65,1.2374
Nifty Midcap 150,2023-05-03,16289.25,-0.3265
Nifty 500,2023-05-03,19378.79,-0.6637
Nifty Smallcap 250,2023-05-03,22052.81,0.9093
Nifty 50 Hybrid,2023-05-03,6731.94,-0.8211
Crisil ST Bond,2023-05-03,5614.88,-0.1022
Crisil Liquid,2023-05-03,17693.87,0.0475
Crisil Gilt,2023-05-03,12725.74,0.0017
Nifty 100,2023-05-04,15491.33,-1.2137
Nifty Midcap 150,2023-05-04,16397.9,0.667
Nifty 500,2023-05-04,19474.61,0.4945
Nifty Smallcap 250,2023-05-04,21980.09,-0.3298
Nifty 50 Hybrid,2023-05-04,6714.35,-0.2613
Crisil ST Bond,2023-05-04,5618.64,0.067
Crisil Liquid,2023-05-04,17718.47,0.139
Crisil Gilt,2023-05-04,12724.69,-0.0083
Nifty 100,2023-05-05,15597.39,0.6847
Nifty Midcap 150,2023-05-05,16495.5,0.5952
Nifty 500,2023-05-05,19651.7,0.9093
Nifty Smallcap 250,2023-05-05,21995.32,0.0693
Nifty 50 Hybrid,2023-05-05,6655.11,-0.8823
Crisil ST Bond,2023-05-05,5617.16,-0.0262
Crisil Liquid,2023-05-05,17728.08,0.0543
Crisil Gilt,2023-05-05,12750.37,0.2018
Nifty 100,2023-05-08,15526.58,-0.454
Nifty Midcap 150,2023-05-08,16633.2,0.8348
Nifty 500,2023-05-08,19593.12,-0.2981
Nifty Smallcap 250,2023-05-08,22026.22,0.1405
Nifty 50 Hybrid,2023-05-08,6757.96,1.5454
Crisil ST Bond,2023-05-08,5622.58,0.0964
Crisil Liquid,2023-05-08,17709.62,-0.1041
Crisil Gilt,2023-05-08,12745.62,-0.0372
Nifty 100,2023-05-09,15726.28,1.2862
Nifty Midcap 150,2023-05-09,16661.79,0.1719
Nifty 500,2023-05-09,19373.91,-1.1188
Nifty Smallcap 250,2023-05-09,21852.44,-0.789
Nifty 50 Hybrid,2023-05-09,6807.52,0.7335
Crisil ST Bond,2023-05-09,5629.3,0.1194
Crisil Liquid,2023-05-09,17713.48,0.0218
Crisil Gilt,2023-05-09,12779.72,0.2675
Nifty 100,2023-05-10,15860.61,0.8542
Nifty Midcap 150,2023-05-10,16626.22,-0.2135
Nifty 500,2023-05-10,19221.69,-0.7857
Nifty Smallcap 250,2023-05-10,21645.96,-0.9449
Nifty 50 Hybrid,2023-05-10,6832.4,0.3654
Crisil ST Bond,2023-05-10,5627.67,-0.0289
Crisil Liquid,2023-05-10,17746.67,0.1874
Crisil Gilt,2023-05-10,12801.02,0.1666
Nifty 100,2023-05-11,15965.78,0.6631
Nifty Midcap 150,2023-05-11,16435.18,-1.149
Nifty 500,2023-05-11,19098.24,-0.6422
Nifty Smallcap 250,2023-05-11,21924.26,1.2857
Nifty 50 Hybrid,2023-05-11,6795.98,-0.5331
Crisil ST Bond,2023-05-11,5635.11,0.1322
Crisil Liquid,2023-05-11,17758.65,0.0675
Crisil Gilt,2023-05-11,12804.24,0.0252
Nifty 100,2023-05-12,15858.35,-0.6728
Nifty Midcap 150,2023-05-12,16424.62,-0.0642
Nifty 500,2023-05-12,19140.19,0.2196
Nifty Smallcap 250,2023-05-12,22157.21,1.0625
Nifty 50 Hybrid,2023-05-12,6737.82,-0.8557
Crisil ST Bond,2023-05-12,5634.76,-0.0063
Crisil Liquid,2023-05-12,17762.99,0.0245
Crisil Gilt,2023-05-12,12815.28,0.0863
Nifty 100,2023-05-15,15719.04,-0.8785
Nifty Midcap 150,2023-05-15,16213.31,-1.2866
Nifty 500,2023-05-15,19274.93,0.704
Nifty Smallcap 250,2023-05-15,21827.52,-1.4879
Nifty 50 Hybrid,2023-05-15,6826.43,1.315
Crisil ST Bond,2023-05-15,5635.01,0.0044
Crisil Liquid,2023-05-15,17739.06,-0.1348
Crisil Gilt,2023-05-15,12811.69,-0.028
Nifty 100,2023-05-16,15783.35,0.4091
Nifty Midcap 150,2023-05-16,16131.81,-0.5027
Nifty 500,2023-05-16,19284.57,0.05
Nifty Smallcap 250,2023-05-16,21995.61,0.7701
Nifty 50 Hybrid,2023-05-16,6814.67,-0.1722
Crisil ST Bond,2023-05-16,5630.85,-0.0737
Crisil Liquid,2023-05-16,17737.3,-0.0099
Crisil Gilt,2023-05-16,12832.38,0.1615
Nifty 100,2023-05-17,16054.05,1.7151
Nifty Midcap 150,2023-05-17,15810.8,-1.9899
Nifty 500,2023-05-17,19500.76,1.121
Nifty Smallcap 250,2023-05-17,22057.23,0.2801
Nifty 50 Hybrid,2023-05-17,6879.68,0.954
Crisil ST Bond,2023-05-17,5628.88,-0.035
Crisil Liquid,2023-05-17,17709.48,-0.1568
Crisil Gilt,2023-05-17,12842.45,0.0784
Nifty 100,2023-05-18,15907.8,-0.911
Nifty Midcap 150,2023-05-18,15596.04,-1.3583
Nifty 500,2023-05-18,19249.51,-1.2884
Nifty Smallcap 250,2023-05-18,22196.4,0.6309
Nifty 50 Hybrid,2023-05-18,6891.34,0.1695
Crisil ST Bond,2023-05-18,5634.41,0.0982
Crisil Liquid,2023-05-18,17724.87,0.0869
Crisil Gilt,2023-05-18,12839.61,-0.0221
Nifty 100,2023-05-19,15901.36,-0.0405
Nifty Midcap 150,2023-05-19,15520.95,-0.4814
Nifty 500,2023-05-19,19214.8,-0.1803
Nifty Smallcap 250,2023-05-19,21988.36,-0.9373
Nifty 50 Hybrid,2023-05-19,6920.32,0.4205
Crisil ST Bond,2023-05-19,5641.59,0.1275
Crisil Liquid,2023-05-19,17713.95,-0.0617
Crisil Gilt,2023-05-19,12858.63,0.1481
Nifty 100,2023-05-22,15924.18,0.1435
Nifty Midcap 150,2023-05-22,15563.03,0.2711
Nifty 500,2023-05-22,18894.02,-1.6694
Nifty Smallcap 250,2023-05-22,21597.57,-1.7773
Nifty 50 Hybrid,2023-05-22,6932.37,0.1741
Crisil ST Bond,2023-05-22,5647.18,0.099
Crisil Liquid,2023-05-22,17705.6,-0.0471
Crisil Gilt,2023-05-22,12882.67,0.187
Nifty 100,2023-05-23,16045.99,0.7649
Nifty Midcap 150,2023-05-23,15426.33,-0.8783
Nifty 500,2023-05-23,18905.52,0.0608
Nifty Smallcap 250,2023-05-23,22139.0,2.5069
Nifty 50 Hybrid,2023-05-23,6848.31,-1.2126
Crisil ST Bond,2023-05-23,5651.29,0.0728
Crisil Liquid,2023-05-23,17703.42,-0.0123
Crisil Gilt,2023-05-23,12894.36,0.0907
Nifty 100,2023-05-24,16254.15,1.2973
Nifty Midcap 150,2023-05-24,15371.38,-0.3562
Nifty 500,2023-05-24,19122.73,1.1489
Nifty Smallcap 250,2023-05-24,22637.4,2.2512
Nifty 50 Hybrid,2023-05-24,6854.9,0.0963
Crisil ST Bond,2023-05-24,5656.86,0.0985
Crisil Liquid,2023-05-24,17696.51,-0.039
Crisil Gilt,2023-05-24,12897.19,0.0219
Nifty 100,2023-05-25,16230.31,-0.1467
Nifty Midcap 150,2023-05-25,15498.49,0.8269
Nifty 500,2023-05-25,19358.83,1.2347
Nifty Smallcap 250,2023-05-25,22619.37,-0.0797
Nifty 50 Hybrid,2023-05-25,6962.08,1.5636
Crisil ST Bond,2023-05-25,5666.64,0.173
Crisil Liquid,2023-05-25,17715.04,0.1047
Crisil Gilt,2023-05-25,12893.11,-0.0316
Nifty 100,2023-05-26,16135.88,-0.5818
Nifty Midcap 150,2023-05-26,15377.23,-0.7824
Nifty 500,2023-05-26,19548.38,0.9792
Nifty Smallcap 250,2023-05-26,22352.06,-1.1818
Nifty 50 Hybrid,2023-05-26,7011.29,0.7068
Crisil ST Bond,2023-05-26,5661.65,-0.0881
Crisil Liquid,2023-05-26,17733.17,0.1024
Crisil Gilt,2023-05-26,12895.91,0.0217
Nifty 100,2023-05-29,16355.92,1.3636
Nifty Midcap 150,2023-05-29,15557.37,1.1715
Nifty 500,2023-05-29,19834.78,1.4651
Nifty Smallcap 250,2023-05-29,22685.29,1.4908
Nifty 50 Hybrid,2023-05-29,7023.47,0.1736
Crisil ST Bond,2023-05-29,5656.22,-0.0959
Crisil Liquid,2023-05-29,17718.05,-0.0853
Crisil Gilt,2023-05-29,12871.58,-0.1887
Nifty 100,2023-05-30,16183.58,-1.0537
Nifty Midcap 150,2023-05-30,15572.74,0.0988
Nifty 500,2023-05-30,19729.73,-0.5297
Nifty Smallcap 250,2023-05-30,22651.23,-0.1501
Nifty 50 Hybrid,2023-05-30,7060.18,0.5227
Crisil ST Bond,2023-05-30,5655.63,-0.0104
Crisil Liquid,2023-05-30,17701.72,-0.0922
Crisil Gilt,2023-05-30,12873.47,0.0147
Nifty 100,2023-05-31,16043.03,-0.8685
Nifty Midcap 150,2023-05-31,15535.25,-0.2408
Nifty 500,2023-05-31,20000.57,1.3728
Nifty Smallcap 250,2023-05-31,22596.75,-0.2405
Nifty 50 Hybrid,2023-05-31,7187.33,1.801
Crisil ST Bond,2023-05-31,5664.86,0.1632
Crisil Liquid,2023-05-31,17695.0,-0.0379
Crisil Gilt,2023-05-31,12861.74,-0.0911
Nifty 100,2023-06-01,16039.41,-0.0226
Nifty Midcap 150,2023-06-01,15719.08,1.1833
Nifty 500,2023-06-01,19908.53,-0.4602
Nifty Smallcap 250,2023-06-01,22808.73,0.9381
Nifty 50 Hybrid,2023-06-01,7276.34,1.2384
Crisil ST Bond,2023-06-01,5661.61,-0.0574
Crisil Liquid,2023-06-01,17686.58,-0.0476
Crisil Gilt,2023-06-01,12873.48,0.0913
Nifty 100,2023-06-02,16068.57,0.1818
Nifty Midcap 150,2023-06-02,15615.95,-0.6561
Nifty 500,2023-06-02,19844.39,-0.3222
Nifty Smallcap 250,2023-06-02,22799.49,-0.0405
Nifty 50 Hybrid,2023-06-02,7164.66,-1.5349
Crisil ST Bond,2023-06-02,5667.08,0.0966
Crisil Liquid,2023-06-02,17681.65,-0.0279
Crisil Gilt,2023-06-02,12840.21,-0.2584
Nifty 100,2023-06-05,16069.56,0.0061
Nifty Midcap 150,2023-06-05,15504.83,-0.7116
Nifty 500,2023-06-05,20185.48,1.7188
Nifty Smallcap 250,2023-06-05,22672.85,-0.5554
Nifty 50 Hybrid,2023-06-05,7088.17,-1.0676
Crisil ST Bond,2023-06-05,5671.09,0.0708
Crisil Liquid,2023-06-05,17673.51,-0.046
Crisil Gilt,2023-06-05,12832.77,-0.0579
Nifty 100,2023-06-06,16156.25,0.5395
Nifty Midcap 150,2023-06-06,15348.16,-1.0105
Nifty 500,2023-06-06,19897.38,-1.4273
Nifty Smallcap 250,2023-06-06,23070.98,1.756
Nifty 50 Hybrid,2023-06-06,7131.37,0.6095
Crisil ST Bond,2023-06-06,5670.72,-0.0064
Crisil Liquid,2023-06-06,17676.98,0.0197
Crisil Gilt,2023-06-06,12841.83,0.0706
Nifty 100,2023-06-07,16318.36,1.0033
Nifty Midcap 150,2023-06-07,15236.74,-0.726
Nifty 500,2023-06-07,19976.2,0.3961
Nifty Smallcap 250,2023-06-07,22961.0,-0.4767
Nifty 50 Hybrid,2023-06-07,7120.03,-0.159
Crisil ST Bond,2023-06-07,5672.77,0.0361
Crisil Liquid,2023-06-07,17680.4,0.0193
Crisil Gilt,2023-06-07,12853.85,0.0936
Nifty 100,2023-06-08,16402.74,0.5171
Nifty Midcap 150,2023-06-08,15011.51,-1.4782
Nifty 500,2023-06-08,19710.95,-1.3278
Nifty Smallcap 250,2023-06-08,22883.0,-0.3397
Nifty 50 Hybrid,2023-06-08,7252.37,1.8586
Crisil ST Bond,2023-06-08,5669.07,-0.0652
Crisil Liquid,2023-06-08,17680.25,-0.0008
Crisil Gilt,2023-06-08,12849.52,-0.0336
Nifty 100,2023-06-09,16316.78,-0.524
Nifty Midcap 150,2023-06-09,15042.77,0.2082
Nifty 500,2023-06-09,19992.97,1.4308
Nifty Smallcap 250,2023-06-09,22994.2,0.486
Nifty 50 Hybrid,2023-06-09,7196.27,-0.7735
Crisil ST Bond,2023-06-09,5685.82,0.2953
Crisil Liquid,2023-06-09,17685.18,0.0279
Crisil Gilt,2023-06-09,12844.68,-0.0377
Nifty 100,2023-06-12,16552.08,1.4421
Nifty Midcap 150,2023-06-12,14976.72,-0.4391
Nifty 500,2023-06-12,20331.43,1.6929
Nifty Smallcap 250,2023-06-12,22800.91,-0.8406
Nifty 50 Hybrid,2023-06-12,7301.34,1.46
Crisil ST Bond,2023-06-12,5688.1,0.0401
Crisil Liquid,2023-06-12,17711.55,0.1491
Crisil Gilt,2023-06-12,12871.67,0.2102
Nifty 100,2023-06-13,16369.58,-1.1026
Nifty Midcap 150,2023-06-13,15172.29,1.3058
Nifty 500,2023-06-13,20051.08,-1.3789
Nifty Smallcap 250,2023-06-13,22568.98,-1.0172
Nifty 50 Hybrid,2023-06-13,7244.87,-0.7734
Crisil ST Bond,2023-06-13,5692.1,0.0704
Crisil Liquid,2023-06-13,17715.68,0.0233
Crisil Gilt,2023-06-13,12872.1,0.0033
Nifty 100,2023-06-14,16398.43,0.1762
Nifty Midcap 150,2023-06-14,15266.55,0.6213
Nifty 500,2023-06-14,20191.09,0.6982
Nifty Smallcap 250,2023-06-14,22822.69,1.1242
Nifty 50 Hybrid,2023-06-14,7378.9,1.85
Crisil ST Bond,2023-06-14,5693.12,0.0179
Crisil Liquid,2023-06-14,17709.99,-0.0321
Crisil Gilt,2023-06-14,12882.57,0.0814
Nifty 100,2023-06-15,16215.71,-1.1143
Nifty Midcap 150,2023-06-15,15167.52,-0.6487
Nifty 500,2023-06-15,20398.93,1.0294
Nifty Smallcap 250,2023-06-15,22801.21,-0.0941
Nifty 50 Hybrid,2023-06-15,7291.96,-1.1782
Crisil ST Bond,2023-06-15,5685.77,-0.129
Crisil Liquid,2023-06-15,17714.39,0.0249
Crisil Gilt,2023-06-15,12899.85,0.1342
Nifty 100,2023-06-16,16403.57,1.1585
Nifty Midcap 150,2023-06-16,15188.88,0.1409
Nifty 500,2023-06-16,20814.85,2.0389
Nifty Smallcap 250,2023-06-16,22784.15,-0.0748
Nifty 50 Hybrid,2023-06-16,7284.05,-0.1086
Crisil ST Bond,2023-06-16,5672.31,-0.2367
Crisil Liquid,2023-06-16,17710.01,-0.0247
Crisil Gilt,2023-06-16,12913.43,0.1052
Nifty 100,2023-06-19,16665.04,1.594
Nifty Midcap 150,2023-06-19,15067.34,-0.8002
Nifty 500,2023-06-19,20917.31,0.4923
Nifty Smallcap 250,2023-06-19,23029.51,1.0769
Nifty 50 Hybrid,2023-06-19,7287.05,0.0412
Crisil ST Bond,2023-06-19,5660.49,-0.2083
Crisil Liquid,2023-06-19,17717.93,0.0447
Crisil Gilt,2023-06-19,12925.84,0.0961
Nifty 100,2023-06-20,16512.15,-0.9174
Nifty Midcap 150,2023-06-20,15033.56,-0.2242
Nifty 500,2023-06-20,20681.89,-1.1255
Nifty Smallcap 250,2023-06-20,22444.52,-2.5401
Nifty 50 Hybrid,2023-06-20,7364.07,1.057
Crisil ST Bond,2023-06-20,5661.61,0.0196
Crisil Liquid,2023-06-20,17749.78,0.1798
Crisil Gilt,2023-06-20,12939.51,0.1057
Nifty 100,2023-06-21,16458.62,-0.3242
Nifty Midcap 150,2023-06-21,15025.57,-0.0532
Nifty 500,2023-06-21,20805.19,0.5962
Nifty Smallcap 250,2023-06-21,22668.27,0.9969
Nifty 50 Hybrid,2023-06-21,7390.04,0.3527
Crisil ST Bond,2023-06-21,5669.0,0.1306
Crisil Liquid,2023-06-21,17748.07,-0.0097
Crisil Gilt,2023-06-21,12929.19,-0.0797
Nifty 100,2023-06-22,16452.89,-0.0348
Nifty Midcap 150,2023-06-22,15060.91,0.2352
Nifty 500,2023-06-22,20561.45,-1.1715
Nifty Smallcap 250,2023-06-22,22372.06,-1.3067
Nifty 50 Hybrid,2023-06-22,7425.32,0.4774
Crisil ST Bond,2023-06-22,5667.83,-0.0206
Crisil Liquid,2023-06-22,17748.67,0.0034
Crisil Gilt,2023-06-22,12927.13,-0.016
Nifty 100,2023-06-23,16708.01,1.5506
Nifty Midcap 150,2023-06-23,15255.46,1.2918
Nifty 500,2023-06-23,20313.2,-1.2074
Nifty Smallcap 250,2023-06-23,22259.57,-0.5028
Nifty 50 Hybrid,2023-06-23,7490.66,0.88
Crisil ST Bond,2023-06-23,5672.37,0.0802
Crisil Liquid,2023-06-23,17751.49,0.0159
Crisil Gilt,2023-06-23,12915.01,-0.0938
Nifty 100,2023-06-26,16598.98,-0.6525
Nifty Midcap 150,2023-06-26,15181.2,-0.4868
Nifty 500,2023-06-26,20375.56,0.307
Nifty Smallcap 250,2023-06-26,22645.49,1.7337
Nifty 50 Hybrid,2023-06-26,7441.46,-0.6569
Crisil ST Bond,2023-06-26,5667.69,-0.0826
Crisil Liquid,2023-06-26,17753.11,0.0091
Crisil Gilt,2023-06-26,12930.92,0.1232
Nifty 100,2023-06-27,16363.79,-1.4169
Nifty Midcap 150,2023-06-27,15406.43,1.4836
Nifty 500,2023-06-27,20346.62,-0.142
Nifty Smallcap 250,2023-06-27,22486.0,-0.7043
Nifty 50 Hybrid,2023-06-27,7324.62,-1.5702
Crisil ST Bond,2023-06-27,5672.82,0.0907
Crisil Liquid,2023-06-27,17753.62,0.0029
Crisil Gilt,2023-06-27,12935.71,0.0371
Nifty 100,2023-06-28,16221.29,-0.8708
Nifty Midcap 150,2023-06-28,15361.89,-0.2891
Nifty 500,2023-06-28,20253.72,-0.4566
Nifty Smallcap 250,2023-06-28,22470.12,-0.0706
Nifty 50 Hybrid,2023-06-28,7277.77,-0.6396
Crisil ST Bond,2023-06-28,5665.26,-0.1334
Crisil Liquid,2023-06-28,17805.61,0.2928
Crisil Gilt,2023-06-28,12920.66,-0.1163
Nifty 100,2023-06-29,16255.6,0.2115
Nifty Midcap 150,2023-06-29,15094.28,-1.742
Nifty 500,2023-06-29,19855.32,-1.967
Nifty Smallcap 250,2023-06-29,22498.84,0.1278
Nifty 50 Hybrid,2023-06-29,7292.64,0.2044
Crisil ST Bond,2023-06-29,5673.54,0.1461
Crisil Liquid,2023-06-29,17816.29,0.06
Crisil Gilt,2023-06-29,12921.31,0.005
Nifty 100,2023-06-30,16106.11,-0.9196
Nifty Midcap 150,2023-06-30,15325.08,1.529
Nifty 500,2023-06-30,20045.7,0.9589
Nifty Smallcap 250,2023-06-30,22225.18,-1.2163
Nifty 50 Hybrid,2023-06-30,7297.6,0.068
Crisil ST Bond,2023-06-30,5675.49,0.0344
Crisil Liquid,2023-06-30,17813.69,-0.0146
Crisil Gilt,2023-06-30,12933.87,0.0972
Nifty 100,2023-07-03,16244.9,0.8617
Nifty Midcap 150,2023-07-03,15300.48,-0.1605
Nifty 500,2023-07-03,19995.41,-0.2509
Nifty Smallcap 250,2023-07-03,22565.0,1.529
Nifty 50 Hybrid,2023-07-03,7367.86,0.9628
Crisil ST Bond,2023-07-03,5677.03,0.0272
Crisil Liquid,2023-07-03,17788.23,-0.1429
Crisil Gilt,2023-07-03,12940.9,0.0544
Nifty 100,2023-07-04,16363.18,0.7281
Nifty Midcap 150,2023-07-04,14883.62,-2.7245
Nifty 500,2023-07-04,20051.77,0.2819
Nifty Smallcap 250,2023-07-04,22477.74,-0.3867
Nifty 50 Hybrid,2023-07-04,7353.8,-0.1909
Crisil ST Bond,2023-07-04,5673.02,-0.0707
Crisil Liquid,2023-07-04,17789.16,0.0052
Crisil Gilt,2023-07-04,12961.5,0.1592
Nifty 100,2023-07-05,16295.04,-0.4164
Nifty Midcap 150,2023-07-05,15031.79,0.9956
Nifty 500,2023-07-05,19896.11,-0.7763
Nifty Smallcap 250,2023-07-05,22655.04,0.7888
Nifty 50 Hybrid,2023-07-05,7356.13,0.0317
Crisil ST Bond,2023-07-05,5676.15,0.0552
Crisil Liquid,2023-07-05,17792.84,0.0207
Crisil Gilt,2023-07-05,12972.41,0.0842
Nifty 100,2023-07-06,15881.54,-2.5376
Nifty Midcap 150,2023-07-06,14822.88,-1.3898
Nifty 500,2023-07-06,19985.06,0.4471
Nifty Smallcap 250,2023-07-06,22198.87,-2.0135
Nifty 50 Hybrid,2023-07-06,7319.31,-0.5006
Crisil ST Bond,2023-07-06,5676.98,0.0146
Crisil Liquid,2023-07-06,17781.66,-0.0628
Crisil Gilt,2023-07-06,12966.04,-0.0492
Nifty 100,2023-07-07,15929.44,0.3016
Nifty Midcap 150,2023-07-07,14976.93,1.0393
Nifty 500,2023-07-07,19799.51,-0.9284
Nifty Smallcap 250,2023-07-07,22077.87,-0.5451
Nifty 50 Hybrid,2023-07-07,7267.98,-0.7013
Crisil ST Bond,2023-07-07,5664.37,-0.2221
Crisil Liquid,2023-07-07,17787.74,0.0342
Crisil Gilt,2023-07-07,12980.75,0.1135
Nifty 100,2023-07-10,16096.16,1.0466
Nifty Midcap 150,2023-07-10,14851.01,-0.8408
Nifty 500,2023-07-10,19557.62,-1.2217
Nifty Smallcap 250,2023-07-10,22089.26,0.0516
Nifty 50 Hybrid,2023-07-10,7330.43,0.8593
Crisil ST Bond,2023-07-10,5666.38,0.0355
Crisil Liquid,2023-07-10,17796.44,0.0489
Crisil Gilt,2023-07-10,12998.17,0.1342
Nifty 100,2023-07-11,15982.02,-0.7091
Nifty Midcap 150,2023-07-11,14822.8,-0.19
Nifty 500,2023-07-11,19883.17,1.6646
Nifty Smallcap 250,2023-07-11,22052.42,-0.1668
Nifty 50 Hybrid,2023-07-11,7239.73,-1.2373
Crisil ST Bond,2023-07-11,5663.72,-0.0469
Crisil Liquid,2023-07-11,17783.31,-0.0738
Crisil Gilt,2023-07-11,13005.41,0.0557
Nifty 100,2023-07-12,15843.62,-0.8659
Nifty Midcap 150,2023-07-12,14867.42,0.301
Nifty 500,2023-07-12,19742.79,-0.7061
Nifty Smallcap 250,2023-07-12,21590.78,-2.0934
Nifty 50 Hybrid,2023-07-12,7264.1,0.3366
Crisil ST Bond,2023-07-12,5665.69,0.0348
Crisil Liquid,2023-07-12,17796.07,0.0718
Crisil Gilt,2023-07-12,12999.26,-0.0473
Nifty 100,2023-07-13,15724.87,-0.7495
Nifty Midcap 150,2023-07-13,14931.57,0.4315
Nifty 500,2023-07-13,20048.61,1.549
Nifty Smallcap 250,2023-07-13,21599.67,0.0412
Nifty 50 Hybrid,2023-07-13,7297.12,0.4546
Crisil ST Bond,2023-07-13,5665.0,-0.0122
Crisil Liquid,2023-07-13,17772.16,-0.1344
Crisil Gilt,2023-07-13,13014.43,0.1167
Nifty 100,2023-07-14,15872.43,0.9384
Nifty Midcap 150,2023-07-14,15042.18,0.7408
Nifty 500,2023-07-14,20018.14,-0.1519
Nifty Smallcap 250,2023-07-14,21735.11,0.6271
Nifty 50 Hybrid,2023-07-14,7364.53,0.9238
Crisil ST Bond,2023-07-14,5675.31,0.182
Crisil Liquid,2023-07-14,17793.28,0.1189
Crisil Gilt,2023-07-14,13017.87,0.0264
Nifty 100,2023-07-17,15669.54,-1.2783
Nifty Midcap 150,2023-07-17,15070.1,0.1857
Nifty 500,2023-07-17,20075.51,0.2866
Nifty Smallcap 250,2023-07-17,21895.74,0.739
Nifty 50 Hybrid,2023-07-17,7466.45,1.3839
Crisil ST Bond,2023-07-17,5675.91,0.0105
Crisil Liquid,2023-07-17,17834.22,0.2301
Crisil Gilt,2023-07-17,12997.57,-0.1559
Nifty 100,2023-07-18,15739.95,0.4493
Nifty Midcap 150,2023-07-18,14954.29,-0.7685
Nifty 500,2023-07-18,19698.65,-1.8772
Nifty Smallcap 250,2023-07-18,21858.12,-0.1718
Nifty 50 Hybrid,2023-07-18,7359.89,-1.4272
Crisil ST Bond,2023-07-18,5676.13,0.0039
Crisil Liquid,2023-07-18,17838.41,0.0235
Crisil Gilt,2023-07-18,13014.71,0.1319
Nifty 100,2023-07-19,15507.38,-1.4776
Nifty Midcap 150,2023-07-19,15094.63,0.9384
Nifty 500,2023-07-19,19723.88,0.1281
Nifty Smallcap 250,2023-07-19,22089.57,1.0588
Nifty 50 Hybrid,2023-07-19,7330.32,-0.4018
Crisil ST Bond,2023-07-19,5669.7,-0.1132
Crisil Liquid,2023-07-19,17820.26,-0.1017
Crisil Gilt,2023-07-19,13000.5,-0.1092
Nifty 100,2023-07-20,15586.13,0.5078
Nifty Midcap 150,2023-07-20,15322.09,1.5069
Nifty 500,2023-07-20,19618.36,-0.535
Nifty Smallcap 250,2023-07-20,22235.17,0.6591
Nifty 50 Hybrid,2023-07-20,7220.84,-1.4934
Crisil ST Bond,2023-07-20,5671.86,0.038
Crisil Liquid,2023-07-20,17835.74,0.0869
Crisil Gilt,2023-07-20,12984.27,-0.1248
Nifty 100,2023-07-21,15559.03,-0.1739
Nifty Midcap 150,2023-07-21,15436.38,0.7459
Nifty 500,2023-07-21,19048.69,-2.9038
Nifty Smallcap 250,2023-07-21,22538.78,1.3655
Nifty 50 Hybrid,2023-07-21,7248.55,0.3837
Crisil ST Bond,2023-07-21,5677.05,0.0917
Crisil Liquid,2023-07-21,17831.94,-0.0213
Crisil Gilt,2023-07-21,12964.5,-0.1523
Nifty 100,2023-07-24,15646.79,0.5641
Nifty Midcap 150,2023-07-24,15428.26,-0.0526
Nifty 500,2023-07-24,19060.52,0.0621
Nifty Smallcap 250,2023-07-24,22790.68,1.1176
Nifty 50 Hybrid,2023-07-24,7305.96,0.7921
Crisil ST Bond,2023-07-24,5689.1,0.2121
Crisil Liquid,2023-07-24,17838.25,0.0354
Crisil Gilt,2023-07-24,12958.13,-0.0491
Nifty 100,2023-07-25,15622.0,-0.1584
Nifty Midcap 150,2023-07-25,15497.02,0.4457
Nifty 500,2023-07-25,19259.87,1.0459
Nifty Smallcap 250,2023-07-25,22463.17,-1.437
Nifty 50 Hybrid,2023-07-25,7308.78,0.0385
Crisil ST Bond,2023-07-25,5699.39,0.181
Crisil Liquid,2023-07-25,17837.54,-0.004
Crisil Gilt,2023-07-25,12972.79,0.1131
Nifty 100,2023-07-26,15703.72,0.5231
Nifty Midcap 150,2023-07-26,15649.8,0.9859
Nifty 500,2023-07-26,19109.69,-0.7798
Nifty Smallcap 250,2023-07-26,22288.99,-0.7754
Nifty 50 Hybrid,2023-07-26,7312.45,0.0503
Crisil ST Bond,2023-07-26,5691.8,-0.1332
Crisil Liquid,2023-07-26,17836.29,-0.007
Crisil Gilt,2023-07-26,12978.66,0.0453
Nifty 100,2023-07-27,15988.69,1.8146
Nifty Midcap 150,2023-07-27,15717.52,0.4327
Nifty 500,2023-07-27,19234.9,0.6552
Nifty Smallcap 250,2023-07-27,22555.22,1.1945
Nifty 50 Hybrid,2023-07-27,7244.11,-0.9347
Crisil ST Bond,2023-07-27,5692.0,0.0035
Crisil Liquid,2023-07-27,17883.12,0.2625
Crisil Gilt,2023-07-27,12980.23,0.0121
Nifty 100,2023-07-28,16171.99,1.1464
Nifty Midcap 150,2023-07-28,15873.71,0.9937
Nifty 500,2023-07-28,18956.36,-1.4481
Nifty Smallcap 250,2023-07-28,22632.02,0.3405
Nifty 50 Hybrid,2023-07-28,7256.91,0.1767
Crisil ST Bond,2023-07-28,5695.01,0.053
Crisil Liquid,2023-07-28,17873.21,-0.0554
Crisil Gilt,2023-07-28,12968.33,-0.0917
Nifty 100,2023-07-31,16099.86,-0.446
Nifty Midcap 150,2023-07-31,15862.95,-0.0678
Nifty 500,2023-07-31,19186.68,1.215
Nifty Smallcap 250,2023-07-31,23050.1,1.8473
Nifty 50 Hybrid,2023-07-31,7360.44,1.4266
Crisil ST Bond,2023-07-31,5701.05,0.106
Crisil Liquid,2023-07-31,17858.84,-0.0804
Crisil Gilt,2023-07-31,12965.62,-0.0209
Nifty 100,2023-08-01,16138.49,0.2399
Nifty Midcap 150,2023-08-01,15767.38,-0.6024
Nifty 500,2023-08-01,19303.18,0.6072
Nifty Smallcap 250,2023-08-01,23223.09,0.7505
Nifty 50 Hybrid,2023-08-01,7402.12,0.5663
Crisil ST Bond,2023-08-01,5708.04,0.1225
Crisil Liquid,2023-08-01,17846.25,-0.0705
Crisil Gilt,2023-08-01,12980.31,0.1133
Nifty 100,2023-08-02,16031.06,-0.6656
Nifty Midcap 150,2023-08-02,15623.75,-0.9109
Nifty 500,2023-08-02,19411.68,0.5621
Nifty Smallcap 250,2023-08-02,23512.42,1.2459
Nifty 50 Hybrid,2023-08-02,7440.46,0.518
Crisil ST Bond,2023-08-02,5709.3,0.0221
Crisil Liquid,2023-08-02,17855.36,0.051
Crisil Gilt,2023-08-02,12984.67,0.0336
Nifty 100,2023-08-03,15855.37,-1.096
Nifty Midcap 150,2023-08-03,15434.3,-1.2126
Nifty 500,2023-08-03,19402.21,-0.0488
Nifty Smallcap 250,2023-08-03,23538.25,0.1099
Nifty 50 Hybrid,2023-08-03,7443.54,0.0413
Crisil ST Bond,2023-08-03,5714.3,0.0876
Crisil Liquid,2023-08-03,17855.08,-0.0015
Crisil Gilt,2023-08-03,12994.58,0.0763
Nifty 100,2023-08-04,15837.2,-0.1146
Nifty Midcap 150,2023-08-04,15720.35,1.8534
Nifty 500,2023-08-04,19423.69,0.1107
Nifty Smallcap 250,2023-08-04,24096.28,2.3707
Nifty 50 Hybrid,2023-08-04,7471.97,0.382
Crisil ST Bond,2023-08-04,5714.22,-0.0014
Crisil Liquid,2023-08-04,17842.59,-0.0699
Crisil Gilt,2023-08-04,12978.43,-0.1243
Nifty 100,2023-08-07,15684.94,-0.9614
Nifty Midcap 150,2023-08-07,15586.79,-0.8496
Nifty 500,2023-08-07,19506.2,0.4248
Nifty Smallcap 250,2023-08-07,23976.72,-0.4962
Nifty 50 Hybrid,2023-08-07,7488.18,0.2169
Crisil ST Bond,2023-08-07,5722.69,0.1482
Crisil Liquid,2023-08-07,17844.59,0.0112
Crisil Gilt,2023-08-07,13008.01,0.2279
Nifty 100,2023-08-08,15505.22,-1.1458
Nifty Midcap 150,2023-08-08,15567.99,-0.1206
Nifty 500,2023-08-08,19406.86,-0.5093
Nifty Smallcap 250,2023-08-08,24208.46,0.9665
Nifty 50 Hybrid,2023-08-08,7322.71,-2.2098
Crisil ST Bond,2023-08-08,5715.58,-0.1243
Crisil Liquid,2023-08-08,17846.25,0.0093
Crisil Gilt,2023-08-08,13030.79,0.1751
Nifty 100,2023-08-09,15544.88,0.2558
Nifty Midcap 150,2023-08-09,15362.25,-1.3215
Nifty 500,2023-08-09,19180.34,-1.1672
Nifty Smallcap 250,2023-08-09,24620.72,1.703
Nifty 50 Hybrid,2023-08-09,7279.42,-0.5911
Crisil ST Bond,2023-08-09,5711.33,-0.0743
Crisil Liquid,2023-08-09,17876.18,0.1677
Crisil Gilt,2023-08-09,13046.57,0.1211
Nifty 100,2023-08-10,15747.6,1.3041
Nifty Midcap 150,2023-08-10,15220.91,-0.92
Nifty 500,2023-08-10,18893.58,-1.4951
Nifty Smallcap 250,2023-08-10,24660.9,0.1632
Nifty 50 Hybrid,2023-08-10,7306.0,0.3651
Crisil ST Bond,2023-08-10,5714.55,0.0565
Crisil Liquid,2023-08-10,17906.18,0.1678
Crisil Gilt,2023-08-10,13026.56,-0.1534
Nifty 100,2023-08-11,15887.71,0.8897
Nifty Midcap 150,2023-08-11,15058.56,-1.0666
Nifty 500,2023-08-11,19060.93,0.8857
Nifty Smallcap 250,2023-08-11,24551.17,-0.445
Nifty 50 Hybrid,2023-08-11,7248.72,-0.784
Crisil ST Bond,2023-08-11,5712.21,-0.041
Crisil Liquid,2023-08-11,17883.88,-0.1246
Crisil Gilt,2023-08-11,13029.69,0.024
Nifty 100,2023-08-14,15769.71,-0.7427
Nifty Midcap 150,2023-08-14,15181.49,0.8163
Nifty 500,2023-08-14,19188.64,0.6701
Nifty Smallcap 250,2023-08-14,24972.99,1.7182
Nifty 50 Hybrid,2023-08-14,7277.45,0.3963
Crisil ST Bond,2023-08-14,5716.33,0.0721
Crisil Liquid,2023-08-14,17912.49,0.16
Crisil Gilt,2023-08-14,13024.12,-0.0428
Nifty 100,2023-08-15,15539.75,-1.4583
Nifty Midcap 150,2023-08-15,15216.42,0.2301
Nifty 500,2023-08-15,18921.42,-1.3926
Nifty Smallcap 250,2023-08-15,25593.31,2.4839
Nifty 50 Hybrid,2023-08-15,7385.56,1.4855
Crisil ST Bond,2023-08-15,5729.84,0.2364
Crisil Liquid,2023-08-15,17917.19,0.0262
Crisil Gilt,2023-08-15,13033.9,0.0751
Nifty 100,2023-08-16,15473.01,-0.4295
Nifty Midcap 150,2023-08-16,15355.33,0.9129
Nifty 500,2023-08-16,18697.1,-1.1855
Nifty Smallcap 250,2023-08-16,24950.12,-2.5131
Nifty 50 Hybrid,2023-08-16,7329.38,-0.7607
Crisil ST Bond,2023-08-16,5722.65,-0.1255
Crisil Liquid,2023-08-16,17947.26,0.1678
Crisil Gilt,2023-08-16,13060.17,0.2016
Nifty 100,2023-08-17,15260.58,-1.3729
Nifty Midcap 150,2023-08-17,15558.29,1.3217
Nifty 500,2023-08-17,18880.59,0.9814
Nifty Smallcap 250,2023-08-17,24565.95,-1.5398
Nifty 50 Hybrid,2023-08-17,7302.97,-0.3603
Crisil ST Bond,2023-08-17,5720.47,-0.038
Crisil Liquid,2023-08-17,17964.27,0.0948
Crisil Gilt,2023-08-17,13046.73,-0.1029
Nifty 100,2023-08-18,15250.06,-0.0689
Nifty Midcap 150,2023-08-18,15456.24,-0.6559
Nifty 500,2023-08-18,18975.62,0.5033
Nifty Smallcap 250,2023-08-18,24520.06,-0.1868
Nifty 50 Hybrid,2023-08-18,7266.07,-0.5052
Crisil ST Bond,2023-08-18,5720.4,-0.0013
Crisil Liquid,2023-08-18,18004.44,0.2236
Crisil Gilt,2023-08-18,13043.9,-0.0217
Nifty 100,2023-08-21,15095.89,-1.011
Nifty Midcap 150,2023-08-21,15551.05,0.6134
Nifty 500,2023-08-21,18954.08,-0.1135
Nifty Smallcap 250,2023-08-21,24180.4,-1.3852
Nifty 50 Hybrid,2023-08-21,7430.39,2.2615
Crisil ST Bond,2023-08-21,5719.52,-0.0152
Crisil Liquid,2023-08-21,18001.24,-0.0178
Crisil Gilt,2023-08-21,13048.6,0.036
Nifty 100,2023-08-22,15361.59,1.7601
Nifty Midcap 150,2023-08-22,15294.5,-1.6497
Nifty 500,2023-08-22,19012.07,0.306
Nifty Smallcap 250,2023-08-22,24692.37,2.1173
Nifty 50 Hybrid,2023-08-22,7442.19,0.1587
Crisil ST Bond,2023-08-22,5713.6,-0.1035
Crisil Liquid,2023-08-22,17993.71,-0.0418
Crisil Gilt,2023-08-22,13053.91,0.0407
Nifty 100,2023-08-23,15570.63,1.3608
Nifty Midcap 150,2023-08-23,15247.19,-0.3093
Nifty 500,2023-08-23,19174.94,0.8567
Nifty Smallcap 250,2023-08-23,24345.35,-1.4054
Nifty 50 Hybrid,2023-08-23,7336.98,-1.4137
Crisil ST Bond,2023-08-23,5711.99,-0.0283
Crisil Liquid,2023-08-23,18023.18,0.1638
Crisil Gilt,2023-08-23,13057.42,0.0269
Nifty 100,2023-08-24,15620.43,0.3198
Nifty Midcap 150,2023-08-24,15294.16,0.3081
Nifty 500,2023-08-24,19393.38,1.1392
Nifty Smallcap 250,2023-08-24,24204.09,-0.5802
Nifty 50 Hybrid,2023-08-24,7389.68,0.7183
Crisil ST Bond,2023-08-24,5708.38,-0.0631
Crisil Liquid,2023-08-24,18062.53,0.2183
Crisil Gilt,2023-08-24,13049.58,-0.06
Nifty 100,2023-08-25,15487.28,-0.8524
Nifty Midcap 150,2023-08-25,15382.81,0.5797
Nifty 500,2023-08-25,19414.68,0.1098
Nifty Smallcap 250,2023-08-25,24290.46,0.3569
Nifty 50 Hybrid,2023-08-25,7408.69,0.2573
Crisil ST Bond,2023-08-25,5703.3,-0.089
Crisil Liquid,2023-08-25,18095.28,0.1813
Crisil Gilt,2023-08-25,13063.85,0.1094
Nifty 100,2023-08-28,15702.39,1.3889
Nifty Midcap 150,2023-08-28,15306.16,-0.4983
Nifty 500,2023-08-28,19501.37,0.4465
Nifty Smallcap 250,2023-08-28,24345.69,0.2274
Nifty 50 Hybrid,2023-08-28,7494.48,1.158
Crisil ST Bond,2023-08-28,5711.06,0.136
Crisil Liquid,2023-08-28,18102.4,0.0393
Crisil Gilt,2023-08-28,13046.63,-0.1318
Nifty 100,2023-08-29,15986.55,1.8097
Nifty Midcap 150,2023-08-29,15395.85,0.586
Nifty 500,2023-08-29,19388.56,-0.5784
Nifty Smallcap 250,2023-08-29,24451.97,0.4365
Nifty 50 Hybrid,2023-08-29,7383.48,-1.4811
Crisil ST Bond,2023-08-29,5718.23,0.1255
Crisil Liquid,2023-08-29,18079.38,-0.1271
Crisil Gilt,2023-08-29,13046.36,-0.0021
Nifty 100,2023-08-30,16030.43,0.2745
Nifty Midcap 150,2023-08-30,15560.41,1.0688
Nifty 500,2023-08-30,19415.04,0.1365
Nifty Smallcap 250,2023-08-30,24614.57,0.665
Nifty 50 Hybrid,2023-08-30,7383.62,0.0018
Crisil ST Bond,2023-08-30,5719.19,0.0168
Crisil Liquid,2023-08-30,18084.55,0.0285
Crisil Gilt,2023-08-30,13046.5,0.0011
Nifty 100,2023-08-31,15764.87,-1.6566
Nifty Midcap 150,2023-08-31,15445.52,-0.7383
Nifty 500,2023-08-31,19468.39,0.2748
Nifty Smallcap 250,2023-08-31,24560.63,-0.2191
Nifty 50 Hybrid,2023-08-31,7374.33,-0.1258
Crisil ST Bond,2023-08-31,5718.48,-0.0123
Crisil Liquid,2023-08-31,18072.54,-0.0664
Crisil Gilt,2023-08-31,13042.68,-0.0293
Nifty 100,2023-09-01,15721.23,-0.2768
Nifty Midcap 150,2023-09-01,15450.95,0.0351
Nifty 500,2023-09-01,19550.81,0.4234
Nifty Smallcap 250,2023-09-01,24523.66,-0.1506
Nifty 50 Hybrid,2023-09-01,7300.61,-0.9997
Crisil ST Bond,2023-09-01,5711.63,-0.1198
Crisil Liquid,2023-09-01,18123.1,0.2797
Crisil Gilt,2023-09-01,13030.55,-0.093
Nifty 100,2023-09-04,15644.41,-0.4886
Nifty Midcap 150,2023-09-04,15535.46,0.547
Nifty 500,2023-09-04,19627.23,0.3909
Nifty Smallcap 250,2023-09-04,24658.75,0.5509
Nifty 50 Hybrid,2023-09-04,7270.48,-0.4127
Crisil ST Bond,2023-09-04,5714.13,0.0439
Crisil Liquid,2023-09-04,18127.84,0.0261
Crisil Gilt,2023-09-04,13029.09,-0.0112
Nifty 100,2023-09-05,15687.5,0.2754
Nifty Midcap 150,2023-09-05,15704.08,1.0854
Nifty 500,2023-09-05,19628.76,0.0078
Nifty Smallcap 250,2023-09-05,24662.31,0.0145
Nifty 50 Hybrid,2023-09-05,7350.32,1.0982
Crisil ST Bond,2023-09-05,5720.77,0.1161
Crisil Liquid,2023-09-05,18160.18,0.1784
Crisil Gilt,2023-09-05,13008.81,-0.1556
Nifty 100,2023-09-06,15834.2,0.9351
Nifty Midcap 150,2023-09-06,15803.27,0.6316
Nifty 500,2023-09-06,19460.8,-0.8557
Nifty Smallcap 250,2023-09-06,24731.76,0.2816
Nifty 50 Hybrid,2023-09-06,7429.79,1.0811
Crisil ST Bond,2023-09-06,5717.17,-0.0629
Crisil Liquid,2023-09-06,18171.85,0.0643
Crisil Gilt,2023-09-06,13022.75,0.1071
Nifty 100,2023-09-07,15669.36,-1.041
Nifty Midcap 150,2023-09-07,15785.52,-0.1123
Nifty 500,2023-09-07,19525.21,0.331
Nifty Smallcap 250,2023-09-07,24542.28,-0.7661
Nifty 50 Hybrid,2023-09-07,7366.7,-0.8492
Crisil ST Bond,2023-09-07,5717.54,0.0065
Crisil Liquid,2023-09-07,18190.05,0.1002
Crisil Gilt,2023-09-07,13033.74,0.0844
Nifty 100,2023-09-08,15539.08,-0.8314
Nifty Midcap 150,2023-09-08,15893.2,0.6822
Nifty 500,2023-09-08,19367.85,-0.8059
Nifty Smallcap 250,2023-09-08,24154.47,-1.5802
Nifty 50 Hybrid,2023-09-08,7341.86,-0.3371
Crisil ST Bond,2023-09-08,5725.11,0.1323
Crisil Liquid,2023-09-08,18205.62,0.0856
Crisil Gilt,2023-09-08,13036.32,0.0198
Nifty 100,2023-09-11,15478.99,-0.3867
Nifty Midcap 150,2023-09-11,15836.03,-0.3598
Nifty 500,2023-09-11,19394.73,0.1388
Nifty Smallcap 250,2023-09-11,23903.64,-1.0384
Nifty 50 Hybrid,2023-09-11,7318.51,-0.3181
Crisil ST Bond,2023-09-11,5725.02,-0.0016
Crisil Liquid,2023-09-11,18184.66,-0.1151
Crisil Gilt,2023-09-11,13028.0,-0.0638
Nifty 100,2023-09-12,15547.18,0.4405
Nifty Midcap 150,2023-09-12,15842.28,0.0395
Nifty 500,2023-09-12,19340.67,-0.2788
Nifty Smallcap 250,2023-09-12,23692.95,-0.8814
Nifty 50 Hybrid,2023-09-12,7436.11,1.6068
Crisil ST Bond,2023-09-12,5721.37,-0.0638
Crisil Liquid,2023-09-12,18192.87,0.0452
Crisil Gilt,2023-09-12,13024.25,-0.0288
Nifty 100,2023-09-13,15557.48,0.0663
Nifty Midcap 150,2023-09-13,15919.53,0.4876
Nifty 500,2023-09-13,19081.45,-1.3403
Nifty Smallcap 250,2023-09-13,23698.49,0.0234
Nifty 50 Hybrid,2023-09-13,7526.88,1.2207
Crisil ST Bond,2023-09-13,5732.59,0.1962
Crisil Liquid,2023-09-13,18194.15,0.007
Crisil Gilt,2023-09-13,13027.4,0.0242
Nifty 100,2023-09-14,15906.18,2.2413
Nifty Midcap 150,2023-09-14,16104.98,1.1649
Nifty 500,2023-09-14,18969.39,-0.5873
Nifty Smallcap 250,2023-09-14,23558.91,-0.589
Nifty 50 Hybrid,2023-09-14,7601.14,0.9865
Crisil ST Bond,2023-09-14,5727.94,-0.0811
Crisil Liquid,2023-09-14,18217.58,0.1288
Crisil Gilt,2023-09-14,13034.36,0.0534
Nifty 100,2023-09-15,15993.3,0.5477
Nifty Midcap 150,2023-09-15,16068.47,-0.2267
Nifty 500,2023-09-15,18855.61,-0.5998
Nifty Smallcap 250,2023-09-15,23910.41,1.492
Nifty 50 Hybrid,2023-09-15,7584.66,-0.2167
Crisil ST Bond,2023-09-15,5726.73,-0.0211
Crisil Liquid,2023-09-15,18219.76,0.012
Crisil Gilt,2023-09-15,13039.48,0.0393
Nifty 100,2023-09-18,15833.23,-1.0008
Nifty Midcap 150,2023-09-18,15982.52,-0.5349
Nifty 500,2023-09-18,18744.73,-0.588
Nifty Smallcap 250,2023-09-18,24119.69,0.8753
Nifty 50 Hybrid,2023-09-18,7519.74,-0.856
Crisil ST Bond,2023-09-18,5717.82,-0.1556
Crisil Liquid,2023-09-18,18187.56,-0.1767
Crisil Gilt,2023-09-18,13022.92,-0.127
Nifty 100,2023-09-19,16053.56,1.3915
Nifty Midcap 150,2023-09-19,15989.91,0.0462
Nifty 500,2023-09-19,18844.31,0.5312
Nifty Smallcap 250,2023-09-19,24256.32,0.5665
Nifty 50 Hybrid,2023-09-19,7526.22,0.0862
Crisil ST Bond,2023-09-19,5718.54,0.0125
Crisil Liquid,2023-09-19,18210.2,0.1245
Crisil Gilt,2023-09-19,13027.42,0.0346
Nifty 100,2023-09-20,16282.98,1.4291
Nifty Midcap 150,2023-09-20,16093.97,0.6508
Nifty 500,2023-09-20,18733.54,-0.5878
Nifty Smallcap 250,2023-09-20,24143.01,-0.4671
Nifty 50 Hybrid,2023-09-20,7473.73,-0.6975
Crisil ST Bond,2023-09-20,5726.64,0.1418
Crisil Liquid,2023-09-20,18206.46,-0.0205
Crisil Gilt,2023-09-20,13019.63,-0.0598
Nifty 100,2023-09-21,16339.93,0.3498
Nifty Midcap 150,2023-09-21,16083.16,-0.0672
Nifty 500,2023-09-21,18794.35,0.3246
Nifty Smallcap 250,2023-09-21,24606.51,1.9198
Nifty 50 Hybrid,2023-09-21,7544.21,0.9431
Crisil ST Bond,2023-09-21,5727.94,0.0227
Crisil Liquid,2023-09-21,18184.46,-0.1208
Crisil Gilt,2023-09-21,13015.72,-0.03
Nifty 100,2023-09-22,16461.02,0.741
Nifty Midcap 150,2023-09-22,15899.65,-1.141
Nifty 500,2023-09-22,19202.37,2.171
Nifty Smallcap 250,2023-09-22,24617.44,0.0444
Nifty 50 Hybrid,2023-09-22,7550.16,0.0788
Crisil ST Bond,2023-09-22,5725.27,-0.0467
Crisil Liquid,2023-09-22,18197.13,0.0697
Crisil Gilt,2023-09-22,13003.25,-0.0958
Nifty 100,2023-09-25,16822.32,2.1949
Nifty Midcap 150,2023-09-25,16113.87,1.3474
Nifty 500,2023-09-25,19397.14,1.0143
Nifty Smallcap 250,2023-09-25,24282.54,-1.3604
Nifty 50 Hybrid,2023-09-25,7567.93,0.2354
Crisil ST Bond,2023-09-25,5733.34,0.1409
Crisil Liquid,2023-09-25,18211.57,0.0793
Crisil Gilt,2023-09-25,12992.82,-0.0802
Nifty 100,2023-09-26,16718.01,-0.6201
Nifty Midcap 150,2023-09-26,16045.88,-0.4219
Nifty 500,2023-09-26,19285.91,-0.5734
Nifty Smallcap 250,2023-09-26,24661.05,1.5588
Nifty 50 Hybrid,2023-09-26,7424.82,-1.891
Crisil ST Bond,2023-09-26,5738.25,0.0856
Crisil Liquid,2023-09-26,18191.67,-0.1092
Crisil Gilt,2023-09-26,12982.93,-0.0761
Nifty 100,2023-09-27,16387.04,-1.9797
Nifty Midcap 150,2023-09-27,15962.6,-0.5191
Nifty 500,2023-09-27,19583.05,1.5407
Nifty Smallcap 250,2023-09-27,24733.76,0.2948
Nifty 50 Hybrid,2023-09-27,7338.07,-1.1684
Crisil ST Bond,2023-09-27,5745.23,0.1217
Crisil Liquid,2023-09-27,18217.71,0.1431
Crisil Gilt,2023-09-27,12986.88,0.0304
Nifty 100,2023-09-28,16725.39,2.0647
Nifty Midcap 150,2023-09-28,16098.53,0.8516
Nifty 500,2023-09-28,19722.61,0.7127
Nifty Smallcap 250,2023-09-28,24542.47,-0.7734
Nifty 50 Hybrid,2023-09-28,7386.31,0.6574
Crisil ST Bond,2023-09-28,5747.62,0.0417
Crisil Liquid,2023-09-28,18230.82,0.072
Crisil Gilt,2023-09-28,12980.58,-0.0485
Nifty 100,2023-09-29,16751.83,0.1581
Nifty Midcap 150,2023-09-29,15971.85,-0.7869
Nifty 500,2023-09-29,19305.05,-2.1171
Nifty Smallcap 250,2023-09-29,24794.84,1.0283
Nifty 50 Hybrid,2023-09-29,7277.56,-1.4724
Crisil ST Bond,2023-09-29,5749.39,0.0307
Crisil Liquid,2023-09-29,18240.54,0.0533
Crisil Gilt,2023-09-29,12987.42,0.0527
Nifty 100,2023-10-02,16709.44,-0.2531
Nifty Midcap 150,2023-10-02,16019.96,0.3012
Nifty 500,2023-10-02,19401.77,0.501
Nifty Smallcap 250,2023-10-02,24984.52,0.765
Nifty 50 Hybrid,2023-10-02,7405.89,1.7634
Crisil ST Bond,2023-10-02,5751.89,0.0434
Crisil Liquid,2023-10-02,18245.36,0.0264
Crisil Gilt,2023-10-02,12978.24,-0.0707
Nifty 100,2023-10-03,16787.29,0.4659
Nifty Midcap 150,2023-10-03,16131.68,0.6974
Nifty 500,2023-10-03,19370.28,-0.1623
Nifty Smallcap 250,2023-10-03,25128.08,0.5746
Nifty 50 Hybrid,2023-10-03,7386.45,-0.2625
Crisil ST Bond,2023-10-03,5756.9,0.0871
Crisil Liquid,2023-10-03,18265.66,0.1113
Crisil Gilt,2023-10-03,12992.5,0.1099
Nifty 100,2023-10-04,16812.11,0.1478
Nifty Midcap 150,2023-10-04,15968.76,-1.01
Nifty 500,2023-10-04,19257.56,-0.5819
Nifty Smallcap 250,2023-10-04,25285.17,0.6252
Nifty 50 Hybrid,2023-10-04,7569.55,2.4788
Crisil ST Bond,2023-10-04,5756.09,-0.0141
Crisil Liquid,2023-10-04,18277.64,0.0656
Crisil Gilt,2023-10-04,12987.87,-0.0356
Nifty 100,2023-10-05,16653.41,-0.944
Nifty Midcap 150,2023-10-05,15865.55,-0.6463
Nifty 500,2023-10-05,18862.3,-2.0525
Nifty Smallcap 250,2023-10-05,25634.97,1.3834
Nifty 50 Hybrid,2023-10-05,7403.01,-2.2001
Crisil ST Bond,2023-10-05,5755.72,-0.0064
Crisil Liquid,2023-10-05,18259.76,-0.0978
Crisil Gilt,2023-10-05,12978.98,-0.0684
Nifty 100,2023-10-06,16887.64,1.4065
Nifty Midcap 150,2023-10-06,15902.21,0.2311
Nifty 500,2023-10-06,18685.87,-0.9354
Nifty Smallcap 250,2023-10-06,25491.54,-0.5595
Nifty 50 Hybrid,2023-10-06,7348.56,-0.7355
Crisil ST Bond,2023-10-06,5756.62,0.0156
Crisil Liquid,2023-10-06,18266.57,0.0373
Crisil Gilt,2023-10-06,13006.18,0.2096
Nifty 100,2023-10-09,16569.09,-1.8863
Nifty Midcap 150,2023-10-09,15901.44,-0.0048
Nifty 500,2023-10-09,18632.5,-0.2856
Nifty Smallcap 250,2023-10-09,25740.48,0.9765
Nifty 50 Hybrid,2023-10-09,7376.84,0.3848
Crisil ST Bond,2023-10-09,5761.17,0.079
Crisil Liquid,2023-10-09,18276.52,0.0545
Crisil Gilt,2023-10-09,12996.66,-0.0732
Nifty 100,2023-10-10,16774.76,1.2413
Nifty Midcap 150,2023-10-10,16033.19,0.8285
Nifty 500,2023-10-10,18808.68,0.9455
Nifty Smallcap 250,2023-10-10,26073.57,1.2941
Nifty 50 Hybrid,2023-10-10,7409.86,0.4477
Crisil ST Bond,2023-10-10,5770.85,0.1681
Crisil Liquid,2023-10-10,18287.08,0.0578
Crisil Gilt,2023-10-10,12996.41,-0.0019
Nifty 100,2023-10-11,16778.68,0.0234
Nifty Midcap 150,2023-10-11,16034.18,0.0062
Nifty 500,2023-10-11,18716.63,-0.4894
Nifty Smallcap 250,2023-10-11,26506.89,1.6619
Nifty 50 Hybrid,2023-10-11,7434.04,0.3263
Crisil ST Bond,2023-10-11,5772.55,0.0295
Crisil Liquid,2023-10-11,18297.84,0.0588
Crisil Gilt,2023-10-11,13037.74,0.318
Nifty 100,2023-10-12,16593.83,-1.1017
Nifty Midcap 150,2023-10-12,15903.49,-0.815
Nifty 500,2023-10-12,18463.85,-1.3506
Nifty Smallcap 250,2023-10-12,26453.19,-0.2026
Nifty 50 Hybrid,2023-10-12,7454.52,0.2755
Crisil ST Bond,2023-10-12,5771.02,-0.0265
Crisil Liquid,2023-10-12,18291.62,-0.034
Crisil Gilt,2023-10-12,13042.21,0.0342
Nifty 100,2023-10-13,16515.49,-0.4721
Nifty Midcap 150,2023-10-13,15957.59,0.3402
Nifty 500,2023-10-13,18675.12,1.1442
Nifty Smallcap 250,2023-10-13,26640.22,0.707
Nifty 50 Hybrid,2023-10-13,7522.44,0.911
Crisil ST Bond,2023-10-13,5778.44,0.1286
Crisil Liquid,2023-10-13,18300.46,0.0483
Crisil Gilt,2023-10-13,13042.74,0.0041
Nifty 100,2023-10-16,16392.9,-0.7423
Nifty Midcap 150,2023-10-16,15899.96,-0.3612
Nifty 500,2023-10-16,18582.92,-0.4937
Nifty Smallcap 250,2023-10-16,26843.13,0.7617
Nifty 50 Hybrid,2023-10-16,7550.78,0.3768
Crisil ST Bond,2023-10-16,5783.63,0.0897
Crisil Liquid,2023-10-16,18282.88,-0.096
Crisil Gilt,2023-10-16,13064.03,0.1632
Nifty 100,2023-10-17,16327.82,-0.397
Nifty Midcap 150,2023-10-17,15729.82,-1.07
Nifty 500,2023-10-17,18506.88,-0.4092
Nifty Smallcap 250,2023-10-17,27517.9,2.5138
Nifty 50 Hybrid,2023-10-17,7523.77,-0.3577
Crisil ST Bond,2023-10-17,5782.9,-0.0125
Crisil Liquid,2023-10-17,18283.02,0.0008
Crisil Gilt,2023-10-17,13064.7,0.0051
Nifty 100,2023-10-18,16205.13,-0.7515
Nifty Midcap 150,2023-10-18,15757.07,0.1732
Nifty 500,2023-10-18,18711.49,1.1056
Nifty Smallcap 250,2023-10-18,27612.64,0.3443
Nifty 50 Hybrid,2023-10-18,7442.42,-1.0812
Crisil ST Bond,2023-10-18,5782.07,-0.0144
Crisil Liquid,2023-10-18,18276.6,-0.0352
Crisil Gilt,2023-10-18,13068.0,0.0253
Nifty 100,2023-10-19,16425.59,1.3605
Nifty Midcap 150,2023-10-19,15738.34,-0.1189
Nifty 500,2023-10-19,18700.61,-0.0582
Nifty Smallcap 250,2023-10-19,28111.78,1.8076
Nifty 50 Hybrid,2023-10-19,7509.87,0.9062
Crisil ST Bond,2023-10-19,5786.54,0.0774
Crisil Liquid,2023-10-19,18316.04,0.2158
Crisil Gilt,2023-10-19,13077.02,0.069
Nifty 100,2023-10-20,16104.22,-1.9565
Nifty Midcap 150,2023-10-20,15874.11,0.8627
Nifty 500,2023-10-20,18408.5,-1.562
Nifty Smallcap 250,2023-10-20,28247.28,0.482
Nifty 50 Hybrid,2023-10-20,7383.42,-1.6837
Crisil ST Bond,2023-10-20,5785.0,-0.0267
Crisil Liquid,2023-10-20,18313.04,-0.0164
Crisil Gilt,2023-10-20,13069.56,-0.057
Nifty 100,2023-10-23,16052.87,-0.3189
Nifty Midcap 150,2023-10-23,16042.78,1.0626
Nifty 500,2023-10-23,18282.6,-0.684
Nifty Smallcap 250,2023-10-23,28409.74,0.5751
Nifty 50 Hybrid,2023-10-23,7314.34,-0.9356
Crisil ST Bond,2023-10-23,5785.06,0.0011
Crisil Liquid,2023-10-23,18322.63,0.0524
Crisil Gilt,2023-10-23,13059.15,-0.0797
Nifty 100,2023-10-24,15847.12,-1.2817
Nifty Midcap 150,2023-10-24,16126.5,0.5219
Nifty 500,2023-10-24,18493.41,1.1531
Nifty Smallcap 250,2023-10-24,28395.8,-0.0491
Nifty 50 Hybrid,2023-10-24,7283.08,-0.4273
Crisil ST Bond,2023-10-24,5787.12,0.0356
Crisil Liquid,2023-10-24,18327.32,0.0255
Crisil Gilt,2023-10-24,13064.94,0.0443
Nifty 100,2023-10-25,15451.22,-2.4982
Nifty Midcap 150,2023-10-25,15958.93,-1.0391
Nifty 500,2023-10-25,18342.65,-0.8152
Nifty Smallcap 250,2023-10-25,28447.16,0.1809
Nifty 50 Hybrid,2023-10-25,7298.81,0.2159
Crisil ST Bond,2023-10-25,5791.96,0.0836
Crisil Liquid,2023-10-25,18335.7,0.0458
Crisil Gilt,2023-10-25,13050.55,-0.1101
Nifty 100,2023-10-26,15679.43,1.477
Nifty Midcap 150,2023-10-26,16166.7,1.3019
Nifty 500,2023-10-26,18117.36,-1.2282
Nifty Smallcap 250,2023-10-26,28550.34,0.3627
Nifty 50 Hybrid,2023-10-26,7257.54,-0.5654
Crisil ST Bond,2023-10-26,5793.92,0.0339
Crisil Liquid,2023-10-26,18358.68,0.1253
Crisil Gilt,2023-10-26,13080.96,0.233
Nifty 100,2023-10-27,15801.93,0.7813
Nifty Midcap 150,2023-10-27,16219.23,0.3249
Nifty 500,2023-10-27,18061.23,-0.3098
Nifty Smallcap 250,2023-10-27,28610.91,0.2121
Nifty 50 Hybrid,2023-10-27,7358.4,1.3898
Crisil ST Bond,2023-10-27,5794.82,0.0155
Crisil Liquid,2023-10-27,18346.09,-0.0686
Crisil Gilt,2023-10-27,13062.39,-0.142
Nifty 100,2023-10-30,15887.74,0.543
Nifty Midcap 150,2023-10-30,16264.21,0.2773
Nifty 500,2023-10-30,17949.99,-0.6159
Nifty Smallcap 250,2023-10-30,28913.04,1.056
Nifty 50 Hybrid,2023-10-30,7329.57,-0.3918
Crisil ST Bond,2023-10-30,5795.2,0.0065
Crisil Liquid,2023-10-30,18349.45,0.0183
Crisil Gilt,2023-10-30,13060.42,-0.0151
Nifty 100,2023-10-31,15929.98,0.2659
Nifty Midcap 150,2023-10-31,16456.37,1.1815
Nifty 500,2023-10-31,17750.3,-1.1125
Nifty Smallcap 250,2023-10-31,29062.96,0.5185
Nifty 50 Hybrid,2023-10-31,7344.39,0.2022
Crisil ST Bond,2023-10-31,5797.25,0.0354
Crisil Liquid,2023-10-31,18369.12,0.1072
Crisil Gilt,2023-10-31,13063.68,0.0249
Nifty 100,2023-11-01,16011.26,0.5102
Nifty Midcap 150,2023-11-01,16579.11,0.7459
Nifty 500,2023-11-01,17666.1,-0.4744
Nifty Smallcap 250,2023-11-01,29158.63,0.3292
Nifty 50 Hybrid,2023-11-01,7328.17,-0.2208
Crisil ST Bond,2023-11-01,5797.64,0.0067
Crisil Liquid,2023-11-01,18366.88,-0.0122
Crisil Gilt,2023-11-01,13072.44,0.0671
Nifty 100,2023-11-02,16029.14,0.1116
Nifty Midcap 150,2023-11-02,16649.5,0.4245
Nifty 500,2023-11-02,17668.31,0.0125
Nifty Smallcap 250,2023-11-02,28699.64,-1.5741
Nifty 50 Hybrid,2023-11-02,7332.67,0.0614
Crisil ST Bond,2023-11-02,5799.17,0.0264
Crisil Liquid,2023-11-02,18375.0,0.0443
Crisil Gilt,2023-11-02,13067.3,-0.0394
Nifty 100,2023-11-03,15842.32,-1.1655
Nifty Midcap 150,2023-11-03,16758.49,0.6546
Nifty 500,2023-11-03,17625.26,-0.2436
Nifty Smallcap 250,2023-11-03,28757.4,0.2012
Nifty 50 Hybrid,2023-11-03,7314.23,-0.2515
Crisil ST Bond,2023-11-03,5800.29,0.0194
Crisil Liquid,2023-11-03,18370.42,-0.0249
Crisil Gilt,2023-11-03,13057.26,-0.0768
Nifty 100,2023-11-06,15922.13,0.5037
Nifty Midcap 150,2023-11-06,16662.44,-0.5731
Nifty 500,2023-11-06,17659.45,0.194
Nifty Smallcap 250,2023-11-06,28884.06,0.4405
Nifty 50 Hybrid,2023-11-06,7273.5,-0.5568
Crisil ST Bond,2023-11-06,5794.47,-0.1004
Crisil Liquid,2023-11-06,18418.67,0.2626
Crisil Gilt,2023-11-06,13052.98,-0.0328
Nifty 100,2023-11-07,16026.16,0.6534
Nifty Midcap 150,2023-11-07,16990.6,1.9695
Nifty 500,2023-11-07,17804.24,0.8199
Nifty Smallcap 250,2023-11-07,28805.95,-0.2704
Nifty 50 Hybrid,2023-11-07,7270.81,-0.0371
Crisil ST Bond,2023-11-07,5790.8,-0.0633
Crisil Liquid,2023-11-07,18438.59,0.1082
Crisil Gilt,2023-11-07,13062.98,0.0766
Nifty 100,2023-11-08,15948.53,-0.4844
Nifty Midcap 150,2023-11-08,16818.63,-1.0122
Nifty 500,2023-11-08,17574.35,-1.2912
Nifty Smallcap 250,2023-11-08,29098.76,1.0165
Nifty 50 Hybrid,2023-11-08,7281.74,0.1504
Crisil ST Bond,2023-11-08,5793.2,0.0415
Crisil Liquid,2023-11-08,18427.1,-0.0623
Crisil Gilt,2023-11-08,13046.48,-0.1264
Nifty 100,2023-11-09,16106.84,0.9926
Nifty Midcap 150,2023-11-09,16830.75,0.072
Nifty 500,2023-11-09,17739.06,0.9372
Nifty Smallcap 250,2023-11-09,28995.19,-0.3559
Nifty 50 Hybrid,2023-11-09,7266.68,-0.2068
Crisil ST Bond,2023-11-09,5798.5,0.0913
Crisil Liquid,2023-11-09,18444.28,0.0932
Crisil Gilt,2023-11-09,13059.49,0.0998
Nifty 100,2023-11-10,16064.12,-0.2652
Nifty Midcap 150,2023-11-10,16939.23,0.6445
Nifty 500,2023-11-10,17941.12,1.1391
Nifty Smallcap 250,2023-11-10,28973.51,-0.0748
Nifty 50 Hybrid,2023-11-10,7231.54,-0.4835
Crisil ST Bond,2023-11-10,5807.44,0.1543
Crisil Liquid,2023-11-10,18435.9,-0.0454
Crisil Gilt,2023-11-10,13070.32,0.0829
Nifty 100,2023-11-13,16059.55,-0.0284
Nifty Midcap 150,2023-11-13,16632.36,-1.8116
Nifty 500,2023-11-13,18148.99,1.1586
Nifty Smallcap 250,2023-11-13,28183.16,-2.7279
Nifty 50 Hybrid,2023-11-13,7090.23,-1.9541
Crisil ST Bond,2023-11-13,5811.67,0.0727
Crisil Liquid,2023-11-13,18449.31,0.0727
Crisil Gilt,2023-11-13,13064.61,-0.0438
Nifty 100,2023-11-14,16088.11,0.1778
Nifty Midcap 150,2023-11-14,16216.32,-2.5014
Nifty 500,2023-11-14,18282.74,0.737
Nifty Smallcap 250,2023-11-14,28261.99,0.2797
Nifty 50 Hybrid,2023-11-14,7089.12,-0.0156
Crisil ST Bond,2023-11-14,5812.95,0.0221
Crisil Liquid,2023-11-14,18462.1,0.0693
Crisil Gilt,2023-11-14,13066.84,0.0171
Nifty 100,2023-11-15,15791.44,-1.8441
Nifty Midcap 150,2023-11-15,16577.34,2.2263
Nifty 500,2023-11-15,18507.77,1.2308
Nifty Smallcap 250,2023-11-15,27907.32,-1.2549
Nifty 50 Hybrid,2023-11-15,7066.78,-0.3151
Crisil ST Bond,2023-11-15,5812.74,-0.0036
Crisil Liquid,2023-11-15,18485.71,0.1279
Crisil Gilt,2023-11-15,13041.24,-0.1959
Nifty 100,2023-11-16,15717.38,-0.469
Nifty Midcap 150,2023-11-16,16290.45,-1.7306
Nifty 500,2023-11-16,18460.55,-0.2551
Nifty Smallcap 250,2023-11-16,27783.83,-0.4425
Nifty 50 Hybrid,2023-11-16,7074.53,0.1097
Crisil ST Bond,2023-11-16,5810.39,-0.0405
Crisil Liquid,2023-11-16,18475.52,-0.0551
Crisil Gilt,2023-11-16,13051.93,0.082
Nifty 100,2023-11-17,15793.55,0.4847
Nifty Midcap 150,2023-11-17,16385.16,0.5814
Nifty 500,2023-11-17,18433.44,-0.1469
Nifty Smallcap 250,2023-11-17,27633.31,-0.5417
Nifty 50 Hybrid,2023-11-17,7068.25,-0.0889
Crisil ST Bond,2023-11-17,5814.46,0.0701
Crisil Liquid,2023-11-17,18439.0,-0.1977
Crisil Gilt,2023-11-17,13059.68,0.0594
Nifty 100,2023-11-20,15847.12,0.3391
Nifty Midcap 150,2023-11-20,16400.26,0.0922
Nifty 500,2023-11-20,18411.44,-0.1193
Nifty Smallcap 250,2023-11-20,26932.5,-2.5361
Nifty 50 Hybrid,2023-11-20,7039.28,-0.4099
Crisil ST Bond,2023-11-20,5826.03,0.1989
Crisil Liquid,2023-11-20,18442.92,0.0213
Crisil Gilt,2023-11-20,13058.28,-0.0107
Nifty 100,2023-11-21,15854.55,0.0469
Nifty Midcap 150,2023-11-21,16463.37,0.3848
Nifty 500,2023-11-21,18538.26,0.6888
Nifty Smallcap 250,2023-11-21,26878.94,-0.1989
Nifty 50 Hybrid,2023-11-21,7071.3,0.4549
Crisil ST Bond,2023-11-21,5836.96,0.1877
Crisil Liquid,2023-11-21,18465.17,0.1206
Crisil Gilt,2023-11-21,13091.45,0.254
Nifty 100,2023-11-22,15755.18,-0.6268
Nifty Midcap 150,2023-11-22,16744.26,1.7062
Nifty 500,2023-11-22,18397.25,-0.7607
Nifty Smallcap 250,2023-11-22,26982.04,0.3836
Nifty 50 Hybrid,2023-11-22,7125.22,0.7625
Crisil ST Bond,2023-11-22,5835.15,-0.0311
Crisil Liquid,2023-11-22,18470.49,0.0288
Crisil Gilt,2023-11-22,13105.99,0.111
Nifty 100,2023-11-23,15648.0,-0.6803
Nifty Midcap 150,2023-11-23,17028.81,1.6994
Nifty 500,2023-11-23,18148.04,-1.3546
Nifty Smallcap 250,2023-11-23,27513.5,1.9697
Nifty 50 Hybrid,2023-11-23,7198.7,1.0313
Crisil ST Bond,2023-11-23,5835.79,0.011
Crisil Liquid,2023-11-23,18466.74,-0.0203
Crisil Gilt,2023-11-23,13101.97,-0.0307
Nifty 100,2023-11-24,15631.44,-0.1058
Nifty Midcap 150,2023-11-24,17025.66,-0.0185
Nifty 500,2023-11-24,18381.28,1.2852
Nifty Smallcap 250,2023-11-24,28063.4,1.9987
Nifty 50 Hybrid,2023-11-24,7215.21,0.2294
Crisil ST Bond,2023-11-24,5832.02,-0.0646
Crisil Liquid,2023-11-24,18460.36,-0.0346
Crisil Gilt,2023-11-24,13102.19,0.0017
Nifty 100,2023-11-27,15475.11,-1.0001
Nifty Midcap 150,2023-11-27,16830.05,-1.1489
Nifty 500,2023-11-27,18772.28,2.1271
Nifty Smallcap 250,2023-11-27,28156.74,0.3326
Nifty 50 Hybrid,2023-11-27,7157.27,-0.8031
Crisil ST Bond,2023-11-27,5837.95,0.1017
Crisil Liquid,2023-11-27,18442.3,-0.0978
Crisil Gilt,2023-11-27,13090.45,-0.0896
Nifty 100,2023-11-28,15355.48,-0.773
Nifty Midcap 150,2023-11-28,17113.55,1.6845
Nifty 500,2023-11-28,18730.44,-0.2229
Nifty Smallcap 250,2023-11-28,27477.68,-2.4117
Nifty 50 Hybrid,2023-11-28,7246.02,1.2401
Crisil ST Bond,2023-11-28,5837.33,-0.0106
Crisil Liquid,2023-11-28,18411.88,-0.1649
Crisil Gilt,2023-11-28,13088.92,-0.0117
Nifty 100,2023-11-29,15440.09,0.551
Nifty Midcap 150,2023-11-29,17187.83,0.434
Nifty 500,2023-11-29,19072.91,1.8284
Nifty Smallcap 250,2023-11-29,27251.61,-0.8228
Nifty 50 Hybrid,2023-11-29,7251.58,0.0767
Crisil ST Bond,2023-11-29,5834.41,-0.05
Crisil Liquid,2023-11-29,18387.17,-0.1342
Crisil Gilt,2023-11-29,13103.13,0.1086
Nifty 100,2023-11-30,15516.25,0.4933
Nifty Midcap 150,2023-11-30,17241.75,0.3137
Nifty 500,2023-11-30,19160.03,0.4568
Nifty Smallcap 250,2023-11-30,27072.98,-0.6555
Nifty 50 Hybrid,2023-11-30,7180.83,-0.9757
Crisil ST Bond,2023-11-30,5835.8,0.0238
Crisil Liquid,2023-11-30,18412.2,0.1361
Crisil Gilt,2023-11-30,13126.82,0.1808
Nifty 100,2023-12-01,15644.33,0.8254
Nifty Midcap 150,2023-12-01,17251.95,0.0592
Nifty 500,2023-12-01,19217.47,0.2998
Nifty Smallcap 250,2023-12-01,27084.24,0.0416
Nifty 50 Hybrid,2023-12-01,7109.31,-0.9959
Crisil ST Bond,2023-12-01,5837.11,0.0225
Crisil Liquid,2023-12-01,18391.3,-0.1135
Crisil Gilt,2023-12-01,13127.82,0.0076
Nifty 100,2023-12-04,15904.98,1.6661
Nifty Midcap 150,2023-12-04,17399.08,0.8529
Nifty 500,2023-12-04,19045.83,-0.8931
Nifty Smallcap 250,2023-12-04,27072.75,-0.0424
Nifty 50 Hybrid,2023-12-04,7052.13,-0.8044
Crisil ST Bond,2023-12-04,5837.91,0.0137
Crisil Liquid,2023-12-04,18414.13,0.1241
Crisil Gilt,2023-12-04,13139.02,0.0853
Nifty 100,2023-12-05,16304.85,2.5141
Nifty Midcap 150,2023-12-05,17611.78,1.2225
Nifty 500,2023-12-05,19090.4,0.234
Nifty Smallcap 250,2023-12-05,27264.19,0.7071
Nifty 50 Hybrid,2023-12-05,7039.96,-0.1724
Crisil ST Bond,2023-12-05,5832.5,-0.0928
Crisil Liquid,2023-12-05,18441.86,0.1506
Crisil Gilt,2023-12-05,13154.9,0.1209
Nifty 100,2023-12-06,16270.44,-0.2111
Nifty Midcap 150,2023-12-06,17665.31,0.3039
Nifty 500,2023-12-06,19333.03,1.2709
Nifty Smallcap 250,2023-12-06,27503.12,0.8764
Nifty 50 Hybrid,2023-12-06,6939.07,-1.4331
Crisil ST Bond,2023-12-06,5835.09,0.0444
Crisil Liquid,2023-12-06,18442.45,0.0032
Crisil Gilt,2023-12-06,13172.17,0.1313
Nifty 100,2023-12-07,16443.08,1.061
Nifty Midcap 150,2023-12-07,17903.55,1.3486
Nifty 500,2023-12-07,19122.71,-1.0879
Nifty Smallcap 250,2023-12-07,27295.72,-0.7541
Nifty 50 Hybrid,2023-12-07,7018.46,1.1441
Crisil ST Bond,2023-12-07,5832.8,-0.0392
Crisil Liquid,2023-12-07,18418.08,-0.1321
Crisil Gilt,2023-12-07,13181.82,0.0733
Nifty 100,2023-12-08,16358.03,-0.5172
Nifty Midcap 150,2023-12-08,18229.36,1.8198
Nifty 500,2023-12-08,19185.08,0.3262
Nifty Smallcap 250,2023-12-08,27347.65,0.1903
Nifty 50 Hybrid,2023-12-08,6994.65,-0.3392
Crisil ST Bond,2023-12-08,5843.25,0.1791
Crisil Liquid,2023-12-08,18428.37,0.0559
Crisil Gilt,2023-12-08,13179.08,-0.0208
Nifty 100,2023-12-11,16233.04,-0.7641
Nifty Midcap 150,2023-12-11,18221.43,-0.0435
Nifty 500,2023-12-11,19003.27,-0.9476
Nifty Smallcap 250,2023-12-11,27637.23,1.0589
Nifty 50 Hybrid,2023-12-11,6870.26,-1.7783
Crisil ST Bond,2023-12-11,5843.6,0.006
Crisil Liquid,2023-12-11,18443.3,0.081
Crisil Gilt,2023-12-11,13186.22,0.0542
Nifty 100,2023-12-12,16121.47,-0.6873
Nifty Midcap 150,2023-12-12,18347.21,0.6903
Nifty 500,2023-12-12,18840.6,-0.856
Nifty Smallcap 250,2023-12-12,27639.33,0.0076
Nifty 50 Hybrid,2023-12-12,6917.11,0.6818
Crisil ST Bond,2023-12-12,5847.47,0.0663
Crisil Liquid,2023-12-12,18434.54,-0.0475
Crisil Gilt,2023-12-12,13204.65,0.1397
Nifty 100,2023-12-13,16140.29,0.1167
Nifty Midcap 150,2023-12-13,18489.03,0.773
Nifty 500,2023-12-13,19134.34,1.5591
Nifty Smallcap 250,2023-12-13,27956.5,1.1475
Nifty 50 Hybrid,2023-12-13,6996.66,1.1501
Crisil ST Bond,2023-12-13,5849.77,0.0393
Crisil Liquid,2023-12-13,18452.86,0.0994
Crisil Gilt,2023-12-13,13210.11,0.0414
Nifty 100,2023-12-14,15949.94,-1.1793
Nifty Midcap 150,2023-12-14,18550.55,0.3327
Nifty 500,2023-12-14,19189.14,0.2864
Nifty Smallcap 250,2023-12-14,28128.08,0.6137
Nifty 50 Hybrid,2023-12-14,6989.81,-0.098
Crisil ST Bond,2023-12-14,5846.49,-0.0561
Crisil Liquid,2023-12-14,18468.67,0.0857
Crisil Gilt,2023-12-14,13195.4,-0.1113
Nifty 100,2023-12-15,16187.41,1.4888
Nifty Midcap 150,2023-12-15,18513.19,-0.2014
Nifty 500,2023-12-15,19242.01,0.2755
Nifty Smallcap 250,2023-12-15,28293.63,0.5886
Nifty 50 Hybrid,2023-12-15,7033.19,0.6207
Crisil ST Bond,2023-12-15,5839.42,-0.1209
Crisil Liquid,2023-12-15,18487.58,0.1024
Crisil Gilt,2023-12-15,13202.04,0.0503
Nifty 100,2023-12-18,16089.43,-0.6053
Nifty Midcap 150,2023-12-18,18379.95,-0.7197
Nifty 500,2023-12-18,19183.5,-0.3041
Nifty Smallcap 250,2023-12-18,27934.66,-1.2687
Nifty 50 Hybrid,2023-12-18,7156.43,1.7523
Crisil ST Bond,2023-12-18,5849.26,0.1686
Crisil Liquid,2023-12-18,18499.63,0.0652
Crisil Gilt,2023-12-18,13201.73,-0.0023
Nifty 100,2023-12-19,16062.54,-0.1671
Nifty Midcap 150,2023-12-19,18524.8,0.7881
Nifty 500,2023-12-19,19526.47,1.7878
Nifty Smallcap 250,2023-12-19,27783.7,-0.5404
Nifty 50 Hybrid,2023-12-19,7078.6,-1.0876
Crisil ST Bond,2023-12-19,5859.49,0.1748
Crisil Liquid,2023-12-19,18470.27,-0.1587
Crisil Gilt,2023-12-19,13191.06,-0.0809
Nifty 100,2023-12-20,16027.71,-0.2169
Nifty Midcap 150,2023-12-20,18241.29,-1.5304
Nifty 500,2023-12-20,19749.49,1.1421
Nifty Smallcap 250,2023-12-20,28030.11,0.8869
Nifty 50 Hybrid,2023-12-20,7040.04,-0.5448
Crisil ST Bond,2023-12-20,5868.16,0.148
Crisil Liquid,2023-12-20,18500.73,0.1649
Crisil Gilt,2023-12-20,13192.2,0.0087
Nifty 100,2023-12-21,15960.29,-0.4207
Nifty Midcap 150,2023-12-21,18658.94,2.2896
Nifty 500,2023-12-21,19897.84,0.7512
Nifty Smallcap 250,2023-12-21,28110.37,0.2863
Nifty 50 Hybrid,2023-12-21,7138.14,1.3935
Crisil ST Bond,2023-12-21,5871.1,0.0502
Crisil Liquid,2023-12-21,18495.07,-0.0306
Crisil Gilt,2023-12-21,13195.9,0.028
Nifty 100,2023-12-22,16130.85,1.0687
Nifty Midcap 150,2023-12-22,18292.82,-1.9622
Nifty 500,2023-12-22,19846.5,-0.258
Nifty Smallcap 250,2023-12-22,28507.58,1.4131
Nifty 50 Hybrid,2023-12-22,7103.75,-0.4819
Crisil ST Bond,2023-12-22,5881.35,0.1746
Crisil Liquid,2023-12-22,18524.94,0.1615
Crisil Gilt,2023-12-22,13197.67,0.0134
Nifty 100,2023-12-25,16043.98,-0.5385
Nifty Midcap 150,2023-12-25,18245.74,-0.2574
Nifty 500,2023-12-25,20381.29,2.6946
Nifty Smallcap 250,2023-12-25,29050.49,1.9044
Nifty 50 Hybrid,2023-12-25,7114.79,0.1554
Crisil ST Bond,2023-12-25,5878.95,-0.0408
Crisil Liquid,2023-12-25,18530.81,0.0317
Crisil Gilt,2023-12-25,13203.53,0.0444
Nifty 100,2023-12-26,15849.31,-1.2134
Nifty Midcap 150,2023-12-26,18265.82,0.11
Nifty 500,2023-12-26,20656.92,1.3524
Nifty Smallcap 250,2023-12-26,28536.48,-1.7694
Nifty 50 Hybrid,2023-12-26,7175.73,0.8566
Crisil ST Bond,2023-12-26,5888.21,0.1575
Crisil Liquid,2023-12-26,18524.13,-0.0361
Crisil Gilt,2023-12-26,13228.54,0.1894
Nifty 100,2023-12-27,15744.65,-0.6603
Nifty Midcap 150,2023-12-27,18351.87,0.4711
Nifty 500,2023-12-27,20599.75,-0.2768
Nifty Smallcap 250,2023-12-27,28457.44,-0.277
Nifty 50 Hybrid,2023-12-27,7133.59,-0.5873
Crisil ST Bond,2023-12-27,5893.5,0.0899
Crisil Liquid,2023-12-27,18543.56,0.1049
Crisil Gilt,2023-12-27,13230.34,0.0136
Nifty 100,2023-12-28,15535.25,-1.33
Nifty Midcap 150,2023-12-28,18431.36,0.4332
Nifty 500,2023-12-28,20692.86,0.452
Nifty Smallcap 250,2023-12-28,28404.3,-0.1867
Nifty 50 Hybrid,2023-12-28,7268.93,1.8972
Crisil ST Bond,2023-12-28,5885.46,-0.1364
Crisil Liquid,2023-12-28,18506.15,-0.2017
Crisil Gilt,2023-12-28,13223.31,-0.0531
Nifty 100,2023-12-29,15650.28,0.7404
Nifty Midcap 150,2023-12-29,18242.28,-1.0258
Nifty 500,2023-12-29,20496.08,-0.951
Nifty Smallcap 250,2023-12-29,28682.96,0.981
Nifty 50 Hybrid,2023-12-29,7304.73,0.4925
Crisil ST Bond,2023-12-29,5888.86,0.0577
Crisil Liquid,2023-12-29,18524.31,0.0981
Crisil Gilt,2023-12-29,13220.33,-0.0225
Nifty 100,2024-01-01,15595.66,-0.349
Nifty Midcap 150,2024-01-01,18395.48,0.8398
Nifty 500,2024-01-01,20226.58,-1.3149
Nifty Smallcap 250,2024-01-01,28076.97,-2.1127
Nifty 50 Hybrid,2024-01-01,7275.27,-0.4033
Crisil ST Bond,2024-01-01,5895.52,0.1131
Crisil Liquid,2024-01-01,18532.75,0.0456
Crisil Gilt,2024-01-01,13234.31,0.1057
Nifty 100,2024-01-02,15285.88,-1.9863
Nifty Midcap 150,2024-01-02,18459.03,0.3455
Nifty 500,2024-01-02,20364.9,0.6839
Nifty Smallcap 250,2024-01-02,27706.13,-1.3208
Nifty 50 Hybrid,2024-01-02,7340.17,0.8921
Crisil ST Bond,2024-01-02,5896.04,0.0088
Crisil Liquid,2024-01-02,18593.38,0.3271
Crisil Gilt,2024-01-02,13208.14,-0.1977
Nifty 100,2024-01-03,15499.75,1.3991
Nifty Midcap 150,2024-01-03,18391.81,-0.3642
Nifty 500,2024-01-03,20041.68,-1.5872
Nifty Smallcap 250,2024-01-03,27568.44,-0.497
Nifty 50 Hybrid,2024-01-03,7362.74,0.3075
Crisil ST Bond,2024-01-03,5903.34,0.1237
Crisil Liquid,2024-01-03,18629.12,0.1922
Crisil Gilt,2024-01-03,13229.57,0.1622
Nifty 100,2024-01-04,15354.77,-0.9354
Nifty Midcap 150,2024-01-04,18605.19,1.1602
Nifty 500,2024-01-04,20126.11,0.4213
Nifty Smallcap 250,2024-01-04,27396.25,-0.6246
Nifty 50 Hybrid,2024-01-04,7349.35,-0.1819
Crisil ST Bond,2024-01-04,5900.33,-0.051
Crisil Liquid,2024-01-04,18633.53,0.0237
Crisil Gilt,2024-01-04,13222.56,-0.053
Nifty 100,2024-01-05,15201.53,-0.998
Nifty Midcap 150,2024-01-05,18699.91,0.5091
Nifty 500,2024-01-05,20258.69,0.6587
Nifty Smallcap 250,2024-01-05,27353.07,-0.1576
Nifty 50 Hybrid,2024-01-05,7452.07,1.3977
Crisil ST Bond,2024-01-05,5899.97,-0.006
Crisil Liquid,2024-01-05,18631.62,-0.0103
Crisil Gilt,2024-01-05,13233.94,0.086
Nifty 100,2024-01-08,15185.96,-0.1024
Nifty Midcap 150,2024-01-08,18721.38,0.1148
Nifty 500,2024-01-08,19754.16,-2.4904
Nifty Smallcap 250,2024-01-08,27365.85,0.0467
Nifty 50 Hybrid,2024-01-08,7318.14,-1.7972
Crisil ST Bond,2024-01-08,5893.95,-0.1021
Crisil Liquid,2024-01-08,18610.46,-0.1135
Crisil Gilt,2024-01-08,13222.79,-0.0843
Nifty 100,2024-01-09,15107.17,-0.5189
Nifty Midcap 150,2024-01-09,18635.92,-0.4565
Nifty 500,2024-01-09,19891.31,0.6943
Nifty Smallcap 250,2024-01-09,27434.91,0.2524
Nifty 50 Hybrid,2024-01-09,7181.21,-1.8711
Crisil ST Bond,2024-01-09,5895.62,0.0283
Crisil Liquid,2024-01-09,18620.11,0.0518
Crisil Gilt,2024-01-09,13221.09,-0.0129
Nifty 100,2024-01-10,15102.5,-0.0309
Nifty Midcap 150,2024-01-10,18676.97,0.2203
Nifty 500,2024-01-10,20049.36,0.7946
Nifty Smallcap 250,2024-01-10,27011.08,-1.5449
Nifty 50 Hybrid,2024-01-10,7165.82,-0.2143
Crisil ST Bond,2024-01-10,5905.69,0.1708
Crisil Liquid,2024-01-10,18650.21,0.1617
Crisil Gilt,2024-01-10,13234.98,0.1051
Nifty 100,2024-01-11,15188.1,0.5668
Nifty Midcap 150,2024-01-11,18991.61,1.6846
Nifty 500,2024-01-11,20439.9,1.9478
Nifty Smallcap 250,2024-01-11,26984.32,-0.0991
Nifty 50 Hybrid,2024-01-11,7098.5,-0.9394
Crisil ST Bond,2024-01-11,5905.27,-0.007
Crisil Liquid,2024-01-11,18711.7,0.3297
Crisil Gilt,2024-01-11,13216.86,-0.1369
Nifty 100,2024-01-12,15121.19,-0.4405
Nifty Midcap 150,2024-01-12,18729.02,-1.3827
Nifty 500,2024-01-12,20471.53,0.1548
Nifty Smallcap 250,2024-01-12,26667.87,-1.1727
Nifty 50 Hybrid,2024-01-12,7092.91,-0.0788
Crisil ST Bond,2024-01-12,5894.94,-0.175
Crisil Liquid,2024-01-12,18727.0,0.0818
Crisil Gilt,2024-01-12,13235.66,0.1422
Nifty 100,2024-01-15,15067.67,-0.3539
Nifty Midcap 150,2024-01-15,18709.33,-0.1051
Nifty 500,2024-01-15,20444.22,-0.1334
Nifty Smallcap 250,2024-01-15,26724.12,0.2109
Nifty 50 Hybrid,2024-01-15,7092.33,-0.0082
Crisil ST Bond,2024-01-15,5900.65,0.0968
Crisil Liquid,2024-01-15,18753.83,0.1433
Crisil Gilt,2024-01-15,13227.53,-0.0614
Nifty 100,2024-01-16,15025.59,-0.2793
Nifty Midcap 150,2024-01-16,18883.63,0.9316
Nifty 500,2024-01-16,20159.7,-1.3917
Nifty Smallcap 250,2024-01-16,26205.48,-1.9407
Nifty 50 Hybrid,2024-01-16,7110.51,0.2563
Crisil ST Bond,2024-01-16,5904.75,0.0696
Crisil Liquid,2024-01-16,18744.04,-0.0522
Crisil Gilt,2024-01-16,13222.52,-0.0379
Nifty 100,2024-01-17,14915.87,-0.7302
Nifty Midcap 150,2024-01-17,18725.59,-0.8369
Nifty 500,2024-01-17,20305.56,0.7235
Nifty Smallcap 250,2024-01-17,25903.98,-1.1505
Nifty 50 Hybrid,2024-01-17,7093.76,-0.2355
Crisil ST Bond,2024-01-17,5900.59,-0.0705
Crisil Liquid,2024-01-17,18720.51,-0.1255
Crisil Gilt,2024-01-17,13236.67,0.107
Nifty 100,2024-01-18,14842.81,-0.4898
Nifty Midcap 150,2024-01-18,18766.49,0.2184
Nifty 500,2024-01-18,20005.43,-1.4781
Nifty Smallcap 250,2024-01-18,25719.56,-0.7119
Nifty 50 Hybrid,2024-01-18,7149.53,0.7861
Crisil ST Bond,2024-01-18,5917.04,0.2787
Crisil Liquid,2024-01-18,18687.26,-0.1776
Crisil Gilt,2024-01-18,13236.66,-0.0001
Nifty 100,2024-01-19,14908.45,0.4423
Nifty Midcap 150,2024-01-19,18656.5,-0.5861
Nifty 500,2024-01-19,20181.38,0.8795
Nifty Smallcap 250,2024-01-19,25504.36,-0.8367
Nifty 50 Hybrid,2024-01-19,7162.67,0.1838
Crisil ST Bond,2024-01-19,5915.13,-0.0322
Crisil Liquid,2024-01-19,18713.78,0.1419
Crisil Gilt,2024-01-19,13230.35,-0.0476
Nifty 100,2024-01-22,14860.47,-0.3219
Nifty Midcap 150,2024-01-22,18838.53,0.9757
Nifty 500,2024-01-22,19979.96,-0.998
Nifty Smallcap 250,2024-01-22,25529.54,0.0988
Nifty 50 Hybrid,2024-01-22,7034.28,-1.7925
Crisil ST Bond,2024-01-22,5909.88,-0.0888
Crisil Liquid,2024-01-22,18724.67,0.0582
Crisil Gilt,2024-01-22,13219.89,-0.0791
Nifty 100,2024-01-23,14784.0,-0.5146
Nifty Midcap 150,2024-01-23,18937.07,0.5231
Nifty 500,2024-01-23,19870.23,-0.5492
Nifty Smallcap 250,2024-01-23,25747.27,0.8528
Nifty 50 Hybrid,2024-01-23,7051.56,0.2457
Crisil ST Bond,2024-01-23,5913.64,0.0636
Crisil Liquid,2024-01-23,18751.66,0.1441
Crisil Gilt,2024-01-23,13226.76,0.052
Nifty 100,2024-01-24,15015.94,1.5688
Nifty Midcap 150,2024-01-24,19115.32,0.9413
Nifty 500,2024-01-24,19772.18,-0.4935
Nifty Smallcap 250,2024-01-24,26087.95,1.3231
Nifty 50 Hybrid,2024-01-24,7072.28,0.2939
Crisil ST Bond,2024-01-24,5912.48,-0.0195
Crisil Liquid,2024-01-24,18760.63,0.0478
Crisil Gilt,2024-01-24,13244.12,0.1312
Nifty 100,2024-01-25,15088.77,0.485
Nifty Midcap 150,2024-01-25,19469.41,1.8524
Nifty 500,2024-01-25,19992.95,1.1165
Nifty Smallcap 250,2024-01-25,26232.25,0.5532
Nifty 50 Hybrid,2024-01-25,7001.84,-0.9961
Crisil ST Bond,2024-01-25,5912.6,0.002
Crisil Liquid,2024-01-25,18765.72,0.0272
Crisil Gilt,2024-01-25,13255.99,0.0897
Nifty 100,2024-01-26,15189.47,0.6673
Nifty Midcap 150,2024-01-26,19508.26,0.1995
Nifty 500,2024-01-26,20023.0,0.1503
Nifty Smallcap 250,2024-01-26,26429.12,0.7505
Nifty 50 Hybrid,2024-01-26,6943.82,-0.8286
Crisil ST Bond,2024-01-26,5923.81,0.1896
Crisil Liquid,2024-01-26,18731.06,-0.1847
Crisil Gilt,2024-01-26,13277.94,0.1655
Nifty 100,2024-01-29,15187.16,-0.0152
Nifty Midcap 150,2024-01-29,19709.7,1.0326
Nifty 500,2024-01-29,20101.86,0.3938
Nifty Smallcap 250,2024-01-29,26528.5,0.376
Nifty 50 Hybrid,2024-01-29,6984.39,0.5843
Crisil ST Bond,2024-01-29,5929.79,0.1009
Crisil Liquid,2024-01-29,18728.65,-0.0129
Crisil Gilt,2024-01-29,13294.33,0.1235
Nifty 100,2024-01-30,15027.01,-1.0545
Nifty Midcap 150,2024-01-30,19714.56,0.0247
Nifty 500,2024-01-30,20275.94,0.866
Nifty Smallcap 250,2024-01-30,26800.42,1.025
Nifty 50 Hybrid,2024-01-30,7018.67,0.4908
Crisil ST Bond,2024-01-30,5928.64,-0.0193
Crisil Liquid,2024-01-30,18749.19,0.1097
Crisil Gilt,2024-01-30,13288.09,-0.0469
Nifty 100,2024-01-31,15294.71,1.7814
Nifty Midcap 150,2024-01-31,19703.78,-0.0547
Nifty 500,2024-01-31,19969.85,-1.5096
Nifty Smallcap 250,2024-01-31,26488.28,-1.1647
Nifty 50 Hybrid,2024-01-31,7023.84,0.0736
Crisil ST Bond,2024-01-31,5930.66,0.034
Crisil Liquid,2024-01-31,18789.87,0.217
Crisil Gilt,2024-01-31,13276.95,-0.0838
Nifty 100,2024-02-01,15305.33,0.0695
Nifty Midcap 150,2024-02-01,19500.95,-1.0294
Nifty 500,2024-02-01,19877.46,-0.4627
Nifty Smallcap 250,2024-02-01,26942.28,1.714
Nifty 50 Hybrid,2024-02-01,6946.13,-1.1063
Crisil ST Bond,2024-02-01,5935.32,0.0787
Crisil Liquid,2024-02-01,18801.01,0.0593
Crisil Gilt,2024-02-01,13279.29,0.0176
Nifty 100,2024-02-02,15389.42,0.5494
Nifty Midcap 150,2024-02-02,19280.58,-1.13
Nifty 500,2024-02-02,20212.66,1.6863
Nifty Smallcap 250,2024-02-02,27468.96,1.9548
Nifty 50 Hybrid,2024-02-02,6951.48,0.0771
Crisil ST Bond,2024-02-02,5950.89,0.2623
Crisil Liquid,2024-02-02,18797.26,-0.0199
Crisil Gilt,2024-02-02,13287.26,0.06
Nifty 100,2024-02-05,15614.4,1.4619
Nifty Midcap 150,2024-02-05,19197.87,-0.429
Nifty 500,2024-02-05,19939.47,-1.3515
Nifty Smallcap 250,2024-02-05,27034.48,-1.5817
Nifty 50 Hybrid,2024-02-05,7096.83,2.0908
Crisil ST Bond,2024-02-05,5948.94,-0.0329
Crisil Liquid,2024-02-05,18797.53,0.0014
Crisil Gilt,2024-02-05,13275.13,-0.0913
Nifty 100,2024-02-06,15767.16,0.9783
Nifty Midcap 150,2024-02-06,19053.58,-0.7516
Nifty 500,2024-02-06,19847.5,-0.4613
Nifty Smallcap 250,2024-02-06,27123.56,0.3295
Nifty 50 Hybrid,2024-02-06,7023.44,-1.034
Crisil ST Bond,2024-02-06,5949.06,0.0021
Crisil Liquid,2024-02-06,18827.65,0.1602
Crisil Gilt,2024-02-06,13283.47,0.0628
Nifty 100,2024-02-07,15792.48,0.1605
Nifty Midcap 150,2024-02-07,19100.24,0.2449
Nifty 500,2024-02-07,19776.22,-0.3591
Nifty Smallcap 250,2024-02-07,27673.13,2.0262
Nifty 50 Hybrid,2024-02-07,6968.51,-0.7822
Crisil ST Bond,2024-02-07,5951.51,0.0411
Crisil Liquid,2024-02-07,18833.58,0.0315
Crisil Gilt,2024-02-07,13299.53,0.1209
Nifty 100,2024-02-08,15971.43,1.1332
Nifty Midcap 150,2024-02-08,19099.85,-0.002
Nifty 500,2024-02-08,19839.63,0.3207
Nifty Smallcap 250,2024-02-08,27772.35,0.3585
Nifty 50 Hybrid,2024-02-08,6812.27,-2.2421
Crisil ST Bond,2024-02-08,5943.24,-0.1389
Crisil Liquid,2024-02-08,18825.95,-0.0405
Crisil Gilt,2024-02-08,13294.72,-0.0362
Nifty 100,2024-02-09,15784.68,-1.1693
Nifty Midcap 150,2024-02-09,19248.75,0.7796
Nifty 500,2024-02-09,19846.01,0.0321
Nifty Smallcap 250,2024-02-09,27721.05,-0.1847
Nifty 50 Hybrid,2024-02-09,6728.74,-1.2262
Crisil ST Bond,2024-02-09,5944.16,0.0155
Crisil Liquid,2024-02-09,18780.27,-0.2427
Crisil Gilt,2024-02-09,13295.21,0.0037
Nifty 100,2024-02-12,15799.39,0.0932
Nifty Midcap 150,2024-02-12,19301.09,0.2719
Nifty 500,2024-02-12,19541.55,-1.5341
Nifty Smallcap 250,2024-02-12,27791.69,0.2548
Nifty 50 Hybrid,2024-02-12,6660.68,-1.0114
Crisil ST Bond,2024-02-12,5940.52,-0.0612
Crisil Liquid,2024-02-12,18797.51,0.0918
Crisil Gilt,2024-02-12,13324.65,0.2214
Nifty 100,2024-02-13,15812.24,0.0814
Nifty Midcap 150,2024-02-13,19149.17,-0.7871
Nifty 500,2024-02-13,19584.28,0.2187
Nifty Smallcap 250,2024-02-13,28061.0,0.969
Nifty 50 Hybrid,2024-02-13,6704.04,0.651
Crisil ST Bond,2024-02-13,5958.01,0.2943
Crisil Liquid,2024-02-13,18787.82,-0.0515
Crisil Gilt,2024-02-13,13330.68,0.0452
Nifty 100,2024-02-14,16061.91,1.5789
Nifty Midcap 150,2024-02-14,19439.51,1.5162
Nifty 500,2024-02-14,19208.25,-1.9201
Nifty Smallcap 250,2024-02-14,28068.48,0.0266
Nifty 50 Hybrid,2024-02-14,6805.57,1.5145
Crisil ST Bond,2024-02-14,5976.42,0.3091
Crisil Liquid,2024-02-14,18804.8,0.0904
Crisil Gilt,2024-02-14,13328.44,-0.0168
Nifty 100,2024-02-15,15904.63,-0.9792
Nifty Midcap 150,2024-02-15,19876.65,2.2487
Nifty 500,2024-02-15,19353.99,0.7587
Nifty Smallcap 250,2024-02-15,27838.86,-0.8181
Nifty 50 Hybrid,2024-02-15,6793.79,-0.1732
Crisil ST Bond,2024-02-15,5979.47,0.051
Crisil Liquid,2024-02-15,18818.79,0.0744
Crisil Gilt,2024-02-15,13319.11,-0.07
Nifty 100,2024-02-16,15811.71,-0.5842
Nifty Midcap 150,2024-02-16,19554.07,-1.6229
Nifty 500,2024-02-16,19561.03,1.0698
Nifty Smallcap 250,2024-02-16,27752.11,-0.3116
Nifty 50 Hybrid,2024-02-16,6827.51,0.4963
Crisil ST Bond,2024-02-16,5989.17,0.1622
Crisil Liquid,2024-02-16,18826.69,0.042
Crisil Gilt,2024-02-16,13320.27,0.0087
Nifty 100,2024-02-19,15847.12,0.2239
Nifty Midcap 150,2024-02-19,19572.29,0.0932
Nifty 500,2024-02-19,19810.66,1.2762
Nifty Smallcap 250,2024-02-19,27846.7,0.3408
Nifty 50 Hybrid,2024-02-19,6792.39,-0.5144
Crisil ST Bond,2024-02-19,5996.64,0.1248
Crisil Liquid,2024-02-19,18853.62,0.143
Crisil Gilt,2024-02-19,13305.11,-0.1138
Nifty 100,2024-02-20,16094.78,1.5628
Nifty Midcap 150,2024-02-20,19649.54,0.3947
Nifty 500,2024-02-20,19872.72,0.3133
Nifty Smallcap 250,2024-02-20,28135.36,1.0366
Nifty 50 Hybrid,2024-02-20,6755.92,-0.537
Crisil ST Bond,2024-02-20,6003.57,0.1154
Crisil Liquid,2024-02-20,18850.29,-0.0177
Crisil Gilt,2024-02-20,13288.15,-0.1275
Nifty 100,2024-02-21,15939.02,-0.9678
Nifty Midcap 150,2024-02-21,19766.86,0.597
Nifty 500,2024-02-21,19690.79,-0.9155
Nifty Smallcap 250,2024-02-21,28596.8,1.6401
Nifty 50 Hybrid,2024-02-21,6838.29,1.2193
Crisil ST Bond,2024-02-21,6012.77,0.1533
Crisil Liquid,2024-02-21,18856.41,0.0325
Crisil Gilt,2024-02-21,13294.23,0.0458
Nifty 100,2024-02-22,15753.53,-1.1637
Nifty Midcap 150,2024-02-22,19969.62,1.0258
Nifty 500,2024-02-22,19771.49,0.4098
Nifty Smallcap 250,2024-02-22,28767.61,0.5973
Nifty 50 Hybrid,2024-02-22,6955.79,1.7183
Crisil ST Bond,2024-02-22,6010.33,-0.0406
Crisil Liquid,2024-02-22,18857.8,0.0074
Crisil Gilt,2024-02-22,13301.23,0.0527
Nifty 100,2024-02-23,15610.9,-0.9054
Nifty Midcap 150,2024-02-23,19938.15,-0.1576
Nifty 500,2024-02-23,19874.89,0.5229
Nifty Smallcap 250,2024-02-23,28682.63,-0.2954
Nifty 50 Hybrid,2024-02-23,7048.93,1.339
Crisil ST Bond,2024-02-23,6002.45,-0.1311
Crisil Liquid,2024-02-23,18882.75,0.1323
Crisil Gilt,2024-02-23,13312.69,0.0861
Nifty 100,2024-02-26,15526.78,-0.5388
Nifty Midcap 150,2024-02-26,19759.82,-0.8944
Nifty 500,2024-02-26,19467.4,-2.0503
Nifty Smallcap 250,2024-02-26,28463.16,-0.7652
Nifty 50 Hybrid,2024-02-26,7124.86,1.0772
Crisil ST Bond,2024-02-26,6003.32,0.0144
Crisil Liquid,2024-02-26,18908.48,0.1363
Crisil Gilt,2024-02-26,13307.1,-0.042
Nifty 100,2024-02-27,15641.23,0.7371
Nifty Midcap 150,2024-02-27,19623.97,-0.6875
Nifty 500,2024-02-27,19285.26,-0.9356
Nifty Smallcap 250,2024-02-27,28441.2,-0.0771
Nifty 50 Hybrid,2024-02-27,7079.62,-0.635
Crisil ST Bond,2024-02-27,5995.25,-0.1343
Crisil Liquid,2024-02-27,18908.82,0.0018
Crisil Gilt,2024-02-27,13311.17,0.0306
Nifty 100,2024-02-28,15844.31,1.2984
Nifty Midcap 150,2024-02-28,19813.7,0.9668
Nifty 500,2024-02-28,19526.32,1.2499
Nifty Smallcap 250,2024-02-28,28654.61,0.7504
Nifty 50 Hybrid,2024-02-28,7105.29,0.3626
Crisil ST Bond,2024-02-28,5989.09,-0.1029
Crisil Liquid,2024-02-28,18915.43,0.035
Crisil Gilt,2024-02-28,13321.78,0.0797
Nifty 100,2024-02-29,16079.98,1.4874
Nifty Midcap 150,2024-02-29,19955.62,0.7163
Nifty 500,2024-02-29,19774.38,1.2704
Nifty Smallcap 250,2024-02-29,28367.49,-1.002
Nifty 50 Hybrid,2024-02-29,7084.23,-0.2964
Crisil ST Bond,2024-02-29,5992.85,0.0629
Crisil Liquid,2024-02-29,18941.18,0.1361
Crisil Gilt,2024-02-29,13322.51,0.0055
Nifty 100,2024-03-01,16071.55,-0.0524
Nifty Midcap 150,2024-03-01,20098.73,0.7171
Nifty 500,2024-03-01,19557.68,-1.0959
Nifty Smallcap 250,2024-03-01,28831.99,1.6374
Nifty 50 Hybrid,2024-03-01,7024.07,-0.8491
Crisil ST Bond,2024-03-01,5982.56,-0.1719
Crisil Liquid,2024-03-01,18945.16,0.021
Crisil Gilt,2024-03-01,13347.8,0.1898
Nifty 100,2024-03-04,16170.62,0.6165
Nifty Midcap 150,2024-03-04,20255.72,0.7811
Nifty 500,2024-03-04,19571.64,0.0714
Nifty Smallcap 250,2024-03-04,28796.7,-0.1224
Nifty 50 Hybrid,2024-03-04,6917.67,-1.5149
Crisil ST Bond,2024-03-04,5970.24,-0.2059
Crisil Liquid,2024-03-04,18952.66,0.0396
Crisil Gilt,2024-03-04,13367.99,0.1513
Nifty 100,2024-03-05,16231.12,0.3741
Nifty Midcap 150,2024-03-05,20388.11,0.6536
Nifty 500,2024-03-05,19887.47,1.6137
Nifty Smallcap 250,2024-03-05,28900.01,0.3588
Nifty 50 Hybrid,2024-03-05,6911.26,-0.0927
Crisil ST Bond,2024-03-05,5966.54,-0.0619
Crisil Liquid,2024-03-05,18994.78,0.2222
Crisil Gilt,2024-03-05,13377.7,0.0727
Nifty 100,2024-03-06,16082.83,-0.9136
Nifty Midcap 150,2024-03-06,20155.45,-1.1412
Nifty 500,2024-03-06,20142.64,1.2831
Nifty Smallcap 250,2024-03-06,28608.86,-1.0074
Nifty 50 Hybrid,2024-03-06,7041.45,1.8838
Crisil ST Bond,2024-03-06,5951.29,-0.2556
Crisil Liquid,2024-03-06,19025.6,0.1623
Crisil Gilt,2024-03-06,13386.89,0.0687
Nifty 100,2024-03-07,16106.73,0.1486
Nifty Midcap 150,2024-03-07,20126.13,-0.1455
Nifty 500,2024-03-07,20529.52,1.9207
Nifty Smallcap 250,2024-03-07,28819.73,0.7371
Nifty 50 Hybrid,2024-03-07,6979.97,-0.8732
Crisil ST Bond,2024-03-07,5942.25,-0.1519
Crisil Liquid,2024-03-07,19032.78,0.0377
Crisil Gilt,2024-03-07,13389.56,0.0199
Nifty 100,2024-03-08,15866.76,-1.4899
Nifty Midcap 150,2024-03-08,20121.02,-0.0254
Nifty 500,2024-03-08,20417.86,-0.5439
Nifty Smallcap 250,2024-03-08,28831.05,0.0393
Nifty 50 Hybrid,2024-03-08,7032.73,0.7559
Crisil ST Bond,2024-03-08,5952.31,0.1693
Crisil Liquid,2024-03-08,19053.88,0.1109
Crisil Gilt,2024-03-08,13382.57,-0.0521
Nifty 100,2024-03-11,15930.06,0.3989
Nifty Midcap 150,2024-03-11,20139.75,0.0931
Nifty 500,2024-03-11,20151.99,-1.3021
Nifty Smallcap 250,2024-03-11,28954.52,0.4282
Nifty 50 Hybrid,2024-03-11,7165.41,1.8867
Crisil ST Bond,2024-03-11,5953.69,0.0232
Crisil Liquid,2024-03-11,19027.32,-0.1394
Crisil Gilt,2024-03-11,13385.66,0.023
Nifty 100,2024-03-12,15741.49,-1.1837
Nifty Midcap 150,2024-03-12,20319.72,0.8936
Nifty 500,2024-03-12,20263.81,0.5549
Nifty Smallcap 250,2024-03-12,28913.72,-0.1409
Nifty 50 Hybrid,2024-03-12,7143.83,-0.3012
Crisil ST Bond,2024-03-12,5953.62,-0.0012
Crisil Liquid,2024-03-12,19031.28,0.0208
Crisil Gilt,2024-03-12,13378.0,-0.0572
Nifty 100,2024-03-13,15527.76,-1.3578
Nifty Midcap 150,2024-03-13,20557.2,1.1687
Nifty 500,2024-03-13,20191.79,-0.3554
Nifty Smallcap 250,2024-03-13,28970.69,0.197
Nifty 50 Hybrid,2024-03-13,7166.36,0.3153
Crisil ST Bond,2024-03-13,5956.73,0.0522
Crisil Liquid,2024-03-13,19012.75,-0.0974
Crisil Gilt,2024-03-13,13358.25,-0.1476
Nifty 100,2024-03-14,15441.01,-0.5587
Nifty Midcap 150,2024-03-14,20644.71,0.4257
Nifty 500,2024-03-14,20050.86,-0.6979
Nifty Smallcap 250,2024-03-14,28876.56,-0.3249
Nifty 50 Hybrid,2024-03-14,7320.96,2.1573
Crisil ST Bond,2024-03-14,5946.92,-0.1645
Crisil Liquid,2024-03-14,19002.2,-0.0555
Crisil Gilt,2024-03-14,13386.26,0.2097
Nifty 100,2024-03-15,15438.75,-0.0146
Nifty Midcap 150,2024-03-15,20505.16,-0.676
Nifty 500,2024-03-15,20291.22,1.1988
Nifty Smallcap 250,2024-03-15,28901.17,0.0852
Nifty 50 Hybrid,2024-03-15,7297.65,-0.3183
Crisil ST Bond,2024-03-15,5949.26,0.0392
Crisil Liquid,2024-03-15,18993.49,-0.0458
Crisil Gilt,2024-03-15,13375.32,-0.0817
Nifty 100,2024-03-18,15425.85,-0.0836
Nifty Midcap 150,2024-03-18,20304.0,-0.981
Nifty 500,2024-03-18,20299.48,0.0407
Nifty Smallcap 250,2024-03-18,29012.27,0.3844
Nifty 50 Hybrid,2024-03-18,7362.1,0.8831
Crisil ST Bond,2024-03-18,5957.16,0.1328
Crisil Liquid,2024-03-18,18989.58,-0.0206
Crisil Gilt,2024-03-18,13384.67,0.0699
Nifty 100,2024-03-19,15506.45,0.5225
Nifty Midcap 150,2024-03-19,20376.66,0.3578
Nifty 500,2024-03-19,20208.24,-0.4495
Nifty Smallcap 250,2024-03-19,28722.7,-0.9981
Nifty 50 Hybrid,2024-03-19,7401.26,0.532
Crisil ST Bond,2024-03-19,5948.18,-0.1507
Crisil Liquid,2024-03-19,18988.3,-0.0068
Crisil Gilt,2024-03-19,13353.17,-0.2354
Nifty 100,2024-03-20,15303.88,-1.3064
Nifty Midcap 150,2024-03-20,20204.04,-0.8471
Nifty 500,2024-03-20,20435.93,1.1267
Nifty Smallcap 250,2024-03-20,28928.96,0.7181
Nifty 50 Hybrid,2024-03-20,7362.49,-0.5239
Crisil ST Bond,2024-03-20,5953.71,0.0929
Crisil Liquid,2024-03-20,19008.95,0.1088
Crisil Gilt,2024-03-20,13353.69,0.0039
Nifty 100,2024-03-21,15096.6,-1.3544
Nifty Midcap 150,2024-03-21,20168.09,-0.1779
Nifty 500,2024-03-21,20422.06,-0.0679
Nifty Smallcap 250,2024-03-21,28581.11,-1.2025
Nifty 50 Hybrid,2024-03-21,7391.72,0.397
Crisil ST Bond,2024-03-21,5956.57,0.048
Crisil Liquid,2024-03-21,19021.21,0.0645
Crisil Gilt,2024-03-21,13360.09,0.0479
Nifty 100,2024-03-22,15211.31,0.7598
Nifty Midcap 150,2024-03-22,20137.98,-0.1493
Nifty 500,2024-03-22,20469.39,0.2318
Nifty Smallcap 250,2024-03-22,28476.0,-0.3677
Nifty 50 Hybrid,2024-03-22,7350.73,-0.5545
Crisil ST Bond,2024-03-22,5965.73,0.1538
Crisil Liquid,2024-03-22,18986.14,-0.1844
Crisil Gilt,2024-03-22,13374.47,0.1077
Nifty 100,2024-03-25,15121.48,-0.5905
Nifty Midcap 150,2024-03-25,19992.97,-0.72
Nifty 500,2024-03-25,20529.08,0.2916
Nifty Smallcap 250,2024-03-25,28060.36,-1.4596
Nifty 50 Hybrid,2024-03-25,7292.95,-0.786
Crisil ST Bond,2024-03-25,5961.86,-0.0649
Crisil Liquid,2024-03-25,18985.73,-0.0021
Crisil Gilt,2024-03-25,13366.39,-0.0604
Nifty 100,2024-03-26,15368.13,1.6311
Nifty Midcap 150,2024-03-26,20358.25,1.827
Nifty 500,2024-03-26,20120.14,-1.992
Nifty Smallcap 250,2024-03-26,28221.52,0.5743
Nifty 50 Hybrid,2024-03-26,7357.76,0.8887
Crisil ST Bond,2024-03-26,5966.29,0.0743
Crisil Liquid,2024-03-26,18977.04,-0.0458
Crisil Gilt,2024-03-26,13365.81,-0.0044
Nifty 100,2024-03-27,15257.75,-0.7183
Nifty Midcap 150,2024-03-27,20278.8,-0.3903
Nifty 500,2024-03-27,19882.73,-1.18
Nifty Smallcap 250,2024-03-27,28197.59,-0.0848
Nifty 50 Hybrid,2024-03-27,7249.4,-1.4728
Crisil ST Bond,2024-03-27,5966.29,-0.0
Crisil Liquid,2024-03-27,18957.14,-0.1049
Crisil Gilt,2024-03-27,13371.24,0.0407
Nifty 100,2024-03-28,15158.66,-0.6494
Nifty Midcap 150,2024-03-28,20343.81,0.3206
Nifty 500,2024-03-28,20103.74,1.1116
Nifty Smallcap 250,2024-03-28,28654.24,1.6194
Nifty 50 Hybrid,2024-03-28,7068.31,-2.498
Crisil ST Bond,2024-03-28,5962.5,-0.0634
Crisil Liquid,2024-03-28,18955.18,-0.0103
Crisil Gilt,2024-03-28,13380.07,0.066
Nifty 100,2024-03-29,14913.04,-1.6204
Nifty Midcap 150,2024-03-29,20150.12,-0.9521
Nifty 500,2024-03-29,20135.98,0.1604
Nifty Smallcap 250,2024-03-29,28687.16,0.1149
Nifty 50 Hybrid,2024-03-29,7097.12,0.4076
Crisil ST Bond,2024-03-29,5966.34,0.0644
Crisil Liquid,2024-03-29,18965.39,0.0539
Crisil Gilt,2024-03-29,13385.34,0.0394
Nifty 100,2024-04-01,14925.82,0.0857
Nifty Midcap 150,2024-04-01,20290.11,0.6948
Nifty 500,2024-04-01,19691.11,-2.2093
Nifty Smallcap 250,2024-04-01,29138.79,1.5743
Nifty 50 Hybrid,2024-04-01,6942.79,-2.1745
Crisil ST Bond,2024-04-01,5961.09,-0.0879
Crisil Liquid,2024-04-01,18964.88,-0.0027
Crisil Gilt,2024-04-01,13397.02,0.0873
Nifty 100,2024-04-02,14483.23,-2.9653
Nifty Midcap 150,2024-04-02,20290.49,0.0019
Nifty 500,2024-04-02,19853.05,0.8224
Nifty Smallcap 250,2024-04-02,29437.32,1.0245
Nifty 50 Hybrid,2024-04-02,6896.46,-0.6673
Crisil ST Bond,2024-04-02,5960.49,-0.0101
Crisil Liquid,2024-04-02,18956.99,-0.0416
Crisil Gilt,2024-04-02,13394.44,-0.0193
Nifty 100,2024-04-03,14338.14,-1.0018
Nifty Midcap 150,2024-04-03,20116.15,-0.8593
Nifty 500,2024-04-03,19945.24,0.4644
Nifty Smallcap 250,2024-04-03,29484.9,0.1616
Nifty 50 Hybrid,2024-04-03,6932.43,0.5216
Crisil ST Bond,2024-04-03,5962.96,0.0414
Crisil Liquid,2024-04-03,18974.13,0.0904
Crisil Gilt,2024-04-03,13408.88,0.1078
Nifty 100,2024-04-04,14092.71,-1.7117
Nifty Midcap 150,2024-04-04,19950.33,-0.8243
Nifty 500,2024-04-04,19905.08,-0.2014
Nifty Smallcap 250,2024-04-04,29487.06,0.0073
Nifty 50 Hybrid,2024-04-04,6888.06,-0.6401
Crisil ST Bond,2024-04-04,5969.59,0.1112
Crisil Liquid,2024-04-04,19015.5,0.218
Crisil Gilt,2024-04-04,13414.06,0.0386
Nifty 100,2024-04-05,14108.82,0.1143
Nifty Midcap 150,2024-04-05,20125.78,0.8795
Nifty 500,2024-04-05,19539.65,-1.8358
Nifty Smallcap 250,2024-04-05,29504.3,0.0585
Nifty 50 Hybrid,2024-04-05,6957.56,1.009
Crisil ST Bond,2024-04-05,5966.95,-0.0443
Crisil Liquid,2024-04-05,18995.98,-0.1027
Crisil Gilt,2024-04-05,13414.25,0.0014
Nifty 100,2024-04-08,14104.49,-0.0307
Nifty Midcap 150,2024-04-08,19948.95,-0.8787
Nifty 500,2024-04-08,19955.1,2.1262
Nifty Smallcap 250,2024-04-08,29371.91,-0.4487
Nifty 50 Hybrid,2024-04-08,6879.38,-1.1237
Crisil ST Bond,2024-04-08,5967.58,0.0106
Crisil Liquid,2024-04-08,19017.02,0.1108
Crisil Gilt,2024-04-08,13417.17,0.0217
Nifty 100,2024-04-09,14177.21,0.5156
Nifty Midcap 150,2024-04-09,19781.07,-0.8415
Nifty 500,2024-04-09,20257.95,1.5177
Nifty Smallcap 250,2024-04-09,29545.71,0.5917
Nifty 50 Hybrid,2024-04-09,6953.52,1.0777
Crisil ST Bond,2024-04-09,5970.95,0.0565
Crisil Liquid,2024-04-09,19036.51,0.1025
Crisil Gilt,2024-04-09,13408.13,-0.0673
Nifty 100,2024-04-10,14111.8,-0.4614
Nifty Midcap 150,2024-04-10,20053.36,1.3765
Nifty 500,2024-04-10,20580.0,1.5897
Nifty Smallcap 250,2024-04-10,29215.66,-1.1171
Nifty 50 Hybrid,2024-04-10,6972.97,0.2797
Crisil ST Bond,2024-04-10,5969.57,-0.0231
Crisil Liquid,2024-04-10,19027.05,-0.0497
Crisil Gilt,2024-04-10,13414.64,0.0485
Nifty 100,2024-04-11,14277.04,1.171
Nifty Midcap 150,2024-04-11,20149.95,0.4817
Nifty 500,2024-04-11,20520.42,-0.2895
Nifty Smallcap 250,2024-04-11,29374.85,0.5449
Nifty 50 Hybrid,2024-04-11,6949.96,-0.33
Crisil ST Bond,2024-04-11,5973.23,0.0612
Crisil Liquid,2024-04-11,19057.43,0.1596
Crisil Gilt,2024-04-11,13389.45,-0.1877
Nifty 100,2024-04-12,14395.15,0.8273
Nifty Midcap 150,2024-04-12,19845.87,-1.5091
Nifty 500,2024-04-12,20778.63,1.2583
Nifty Smallcap 250,2024-04-12,29196.54,-0.607
Nifty 50 Hybrid,2024-04-12,6867.42,-1.1877
Crisil ST Bond,2024-04-12,5978.58,0.0895
Crisil Liquid,2024-04-12,19068.18,0.0564
Crisil Gilt,2024-04-12,13378.75,-0.0799
Nifty 100,2024-04-15,14219.1,-1.223
Nifty Midcap 150,2024-04-15,19814.62,-0.1575
Nifty 500,2024-04-15,20534.68,-1.1741
Nifty Smallcap 250,2024-04-15,28895.38,-1.0315
Nifty 50 Hybrid,2024-04-15,6877.42,0.1456
Crisil ST Bond,2024-04-15,5974.0,-0.0766
Crisil Liquid,2024-04-15,19080.12,0.0627
Crisil Gilt,2024-04-15,13401.37,0.169
Nifty 100,2024-04-16,14202.24,-0.1186
Nifty Midcap 150,2024-04-16,19846.35,0.1602
Nifty 500,2024-04-16,20955.25,2.0481
Nifty Smallcap 250,2024-04-16,28560.89,-1.1576
Nifty 50 Hybrid,2024-04-16,6961.41,1.2212
Crisil ST Bond,2024-04-16,5981.59,0.1271
Crisil Liquid,2024-04-16,19100.24,0.1054
Crisil Gilt,2024-04-16,13421.36,0.1492
Nifty 100,2024-04-17,14246.35,0.3106
Nifty Midcap 150,2024-04-17,19736.62,-0.5529
Nifty 500,2024-04-17,21190.9,1.1246
Nifty Smallcap 250,2024-04-17,28893.01,1.1628
Nifty 50 Hybrid,2024-04-17,7040.45,1.1353
Crisil ST Bond,2024-04-17,5983.05,0.0245
Crisil Liquid,2024-04-17,19090.38,-0.0516
Crisil Gilt,2024-04-17,13426.61,0.0391
Nifty 100,2024-04-18,14384.86,0.9722
Nifty Midcap 150,2024-04-18,19944.71,1.0544
Nifty 500,2024-04-18,21106.21,-0.3997
Nifty Smallcap 250,2024-04-18,28992.79,0.3454
Nifty 50 Hybrid,2024-04-18,6950.41,-1.2788
Crisil ST Bond,2024-04-18,5990.14,0.1185
Crisil Liquid,2024-04-18,19079.25,-0.0583
Crisil Gilt,2024-04-18,13439.84,0.0985
Nifty 100,2024-04-19,14223.85,-1.1193
Nifty Midcap 150,2024-04-19,20156.41,1.0614
Nifty 500,2024-04-19,21180.47,0.3518
Nifty Smallcap 250,2024-04-19,28774.95,-0.7514
Nifty 50 Hybrid,2024-04-19,7000.55,0.7214
Crisil ST Bond,2024-04-19,5987.8,-0.039
Crisil Liquid,2024-04-19,19097.36,0.095
Crisil Gilt,2024-04-19,13438.84,-0.0074
Nifty 100,2024-04-22,13983.31,-1.691
Nifty Midcap 150,2024-04-22,19964.43,-0.9524
Nifty 500,2024-04-22,21095.66,-0.4004
Nifty Smallcap 250,2024-04-22,29177.28,1.3982
Nifty 50 Hybrid,2024-04-22,7065.74,0.9311
Crisil ST Bond,2024-04-22,5998.72,0.1824
Crisil Liquid,2024-04-22,19132.76,0.1854
Crisil Gilt,2024-04-22,13434.34,-0.0335
Nifty 100,2024-04-23,13961.15,-0.1585
Nifty Midcap 150,2024-04-23,19888.31,-0.3813
Nifty 500,2024-04-23,20960.33,-0.6415
Nifty Smallcap 250,2024-04-23,28648.74,-1.8115
Nifty 50 Hybrid,2024-04-23,7066.81,0.0153
Crisil ST Bond,2024-04-23,5992.21,-0.1086
Crisil Liquid,2024-04-23,19135.94,0.0166
Crisil Gilt,2024-04-23,13465.45,0.2316
Nifty 100,2024-04-24,13894.23,-0.4793
Nifty Midcap 150,2024-04-24,19933.02,0.2248
Nifty 500,2024-04-24,21156.65,0.9366
Nifty Smallcap 250,2024-04-24,28737.63,0.3103
Nifty 50 Hybrid,2024-04-24,7089.6,0.3225
Crisil ST Bond,2024-04-24,5991.24,-0.0162
Crisil Liquid,2024-04-24,19135.33,-0.0032
Crisil Gilt,2024-04-24,13455.22,-0.076
Nifty 100,2024-04-25,14015.95,0.876
Nifty Midcap 150,2024-04-25,19591.86,-1.7115
Nifty 500,2024-04-25,21368.45,1.0011
Nifty Smallcap 250,2024-04-25,28342.86,-1.3737
Nifty 50 Hybrid,2024-04-25,7159.97,0.9926
Crisil ST Bond,2024-04-25,5990.32,-0.0154
Crisil Liquid,2024-04-25,19115.58,-0.1032
Crisil Gilt,2024-04-25,13465.71,0.0779
Nifty 100,2024-04-26,14150.33,0.9588
Nifty Midcap 150,2024-04-26,19511.91,-0.4081
Nifty 500,2024-04-26,21528.84,0.7506
Nifty Smallcap 250,2024-04-26,27703.71,-2.2551
Nifty 50 Hybrid,2024-04-26,7067.57,-1.2906
Crisil ST Bond,2024-04-26,5999.26,0.1492
Crisil Liquid,2024-04-26,19115.13,-0.0024
Crisil Gilt,2024-04-26,13443.32,-0.1662
Nifty 100,2024-04-29,14055.68,-0.6689
Nifty Midcap 150,2024-04-29,19337.59,-0.8934
Nifty 500,2024-04-29,21499.57,-0.136
Nifty Smallcap 250,2024-04-29,27609.31,-0.3408
Nifty 50 Hybrid,2024-04-29,7082.33,0.2089
Crisil ST Bond,2024-04-29,6000.04,0.0131
Crisil Liquid,2024-04-29,19144.94,0.156
Crisil Gilt,2024-04-29,13451.72,0.0625
Nifty 100,2024-04-30,14124.23,0.4877
Nifty Midcap 150,2024-04-30,19568.71,1.1952
Nifty 500,2024-04-30,21422.44,-0.3588
Nifty Smallcap 250,2024-04-30,27269.19,-1.2319
Nifty 50 Hybrid,2024-04-30,7169.94,1.237
Crisil ST Bond,2024-04-30,6002.06,0.0336
Crisil Liquid,2024-04-30,19151.44,0.0339
Crisil Gilt,2024-04-30,13445.89,-0.0433
Nifty 100,2024-05-01,14041.34,-0.5869
Nifty Midcap 150,2024-05-01,19740.27,0.8767
Nifty 500,2024-05-01,21639.8,1.0147
Nifty Smallcap 250,2024-05-01,27491.12,0.8138
Nifty 50 Hybrid,2024-05-01,7228.95,0.823
Crisil ST Bond,2024-05-01,6006.67,0.0769
Crisil Liquid,2024-05-01,19157.79,0.0332
Crisil Gilt,2024-05-01,13446.22,0.0025
Nifty 100,2024-05-02,14215.5,1.2403
Nifty Midcap 150,2024-05-02,19672.42,-0.3437
Nifty 500,2024-05-02,21726.36,0.4
Nifty Smallcap 250,2024-05-02,27278.33,-0.774
Nifty 50 Hybrid,2024-05-02,7183.46,-0.6293
Crisil ST Bond,2024-05-02,6006.45,-0.0036
Crisil Liquid,2024-05-02,19146.22,-0.0604
Crisil Gilt,2024-05-02,13459.64,0.0998
Nifty 100,2024-05-03,14028.13,-1.318
Nifty Midcap 150,2024-05-03,19697.84,0.1292
Nifty 500,2024-05-03,21761.66,0.1625
Nifty Smallcap 250,2024-05-03,26792.56,-1.7808
Nifty 50 Hybrid,2024-05-03,7153.93,-0.411
Crisil ST Bond,2024-05-03,6009.19,0.0456
Crisil Liquid,2024-05-03,19158.26,0.0629
Crisil Gilt,2024-05-03,13459.58,-0.0004
Nifty 100,2024-05-06,14127.3,0.7069
Nifty Midcap 150,2024-05-06,19682.22,-0.0793
Nifty 500,2024-05-06,21771.16,0.0437
Nifty Smallcap 250,2024-05-06,26868.02,0.2817
Nifty 50 Hybrid,2024-05-06,7222.39,0.957
Crisil ST Bond,2024-05-06,6006.33,-0.0476
Crisil Liquid,2024-05-06,19152.76,-0.0287
Crisil Gilt,2024-05-06,13453.27,-0.0469
Nifty 100,2024-05-07,14084.6,-0.3022
Nifty Midcap 150,2024-05-07,19968.84,1.4562
Nifty 500,2024-05-07,21902.38,0.6027
Nifty Smallcap 250,2024-05-07,26572.18,-1.1011
Nifty 50 Hybrid,2024-05-07,7181.19,-0.5704
Crisil ST Bond,2024-05-07,6009.77,0.0573
Crisil Liquid,2024-05-07,19139.23,-0.0707
Crisil Gilt,2024-05-07,13446.2,-0.0525
Nifty 100,2024-05-08,14278.26,1.375
Nifty Midcap 150,2024-05-08,19852.35,-0.5834
Nifty 500,2024-05-08,22118.05,0.9847
Nifty Smallcap 250,2024-05-08,26913.72,1.2853
Nifty 50 Hybrid,2024-05-08,7130.68,-0.7035
Crisil ST Bond,2024-05-08,6005.63,-0.069
Crisil Liquid,2024-05-08,19137.77,-0.0076
Crisil Gilt,2024-05-08,13434.25,-0.0889
Nifty 100,2024-05-09,14299.83,0.151
Nifty Midcap 150,2024-05-09,19817.47,-0.1757
Nifty 500,2024-05-09,22204.44,0.3906
Nifty Smallcap 250,2024-05-09,27297.76,1.4269
Nifty 50 Hybrid,2024-05-09,7191.11,0.8475
Crisil ST Bond,2024-05-09,6009.77,0.0689
Crisil Liquid,2024-05-09,19103.97,-0.1766
Crisil Gilt,2024-05-09,13442.9,0.0643
Nifty 100,2024-05-10,14550.45,1.7526
Nifty Midcap 150,2024-05-10,19226.81,-2.9805
Nifty 500,2024-05-10,22364.17,0.7194
Nifty Smallcap 250,2024-05-10,27262.45,-0.1294
Nifty 50 Hybrid,2024-05-10,7132.15,-0.8198
Crisil ST Bond,2024-05-10,6015.78,0.1001
Crisil Liquid,2024-05-10,19140.46,0.191
Crisil Gilt,2024-05-10,13456.01,0.0975
Nifty 100,2024-05-13,14500.8,-0.3412
Nifty Midcap 150,2024-05-13,19051.18,-0.9135
Nifty 500,2024-05-13,22403.23,0.1746
Nifty Smallcap 250,2024-05-13,27508.68,0.9032
Nifty 50 Hybrid,2024-05-13,7106.69,-0.3571
Crisil ST Bond,2024-05-13,6015.24,-0.009
Crisil Liquid,2024-05-13,19198.3,0.3022
Crisil Gilt,2024-05-13,13473.21,0.1279
Nifty 100,2024-05-14,14671.93,1.1801
Nifty Midcap 150,2024-05-14,18778.69,-1.4303
Nifty 500,2024-05-14,22251.51,-0.6772
Nifty Smallcap 250,2024-05-14,27537.47,0.1047
Nifty 50 Hybrid,2024-05-14,7037.67,-0.9711
Crisil ST Bond,2024-05-14,6026.07,0.18
Crisil Liquid,2024-05-14,19229.21,0.161
Crisil Gilt,2024-05-14,13468.72,-0.0334
Nifty 100,2024-05-15,14938.07,1.8139
Nifty Midcap 150,2024-05-15,18783.53,0.0257
Nifty 500,2024-05-15,22834.37,2.6194
Nifty Smallcap 250,2024-05-15,27585.58,0.1747
Nifty 50 Hybrid,2024-05-15,7080.34,0.6062
Crisil ST Bond,2024-05-15,6035.71,0.16
Crisil Liquid,2024-05-15,19257.63,0.1478
Crisil Gilt,2024-05-15,13478.29,0.0711
Nifty 100,2024-05-16,14921.47,-0.1111
Nifty Midcap 150,2024-05-16,18885.73,0.5441
Nifty 500,2024-05-16,22654.85,-0.7862
Nifty Smallcap 250,2024-05-16,27635.82,0.1821
Nifty 50 Hybrid,2024-05-16,7003.92,-1.0793
Crisil ST Bond,2024-05-16,6026.17,-0.1581
Crisil Liquid,2024-05-16,19262.45,0.025
Crisil Gilt,2024-05-16,13498.0,0.1462
Nifty 100,2024-05-17,15064.09,0.9558
Nifty Midcap 150,2024-05-17,18875.93,-0.0519
Nifty 500,2024-05-17,23057.42,1.777
Nifty Smallcap 250,2024-05-17,27486.85,-0.5391
Nifty 50 Hybrid,2024-05-17,6871.69,-1.8878
Crisil ST Bond,2024-05-17,6014.22,-0.1982
Crisil Liquid,2024-05-17,19243.55,-0.0981
Crisil Gilt,2024-05-17,13511.72,0.1017
Nifty 100,2024-05-20,14972.98,-0.6048
Nifty Midcap 150,2024-05-20,18968.6,0.491
Nifty 500,2024-05-20,23443.93,1.6763
Nifty Smallcap 250,2024-05-20,27192.71,-1.0701
Nifty 50 Hybrid,2024-05-20,6906.64,0.5085
Crisil ST Bond,2024-05-20,6018.67,0.0739
Crisil Liquid,2024-05-20,19230.84,-0.0661
Crisil Gilt,2024-05-20,13532.72,0.1554
Nifty 100,2024-05-21,14934.39,-0.2577
Nifty Midcap 150,2024-05-21,18901.5,-0.3538
Nifty 500,2024-05-21,23946.01,2.1416
Nifty Smallcap 250,2024-05-21,27343.02,0.5528
Nifty 50 Hybrid,2024-05-21,6972.62,0.9553
Crisil ST Bond,2024-05-21,6028.03,0.1555
Crisil Liquid,2024-05-21,19222.17,-0.045
Crisil Gilt,2024-05-21,13552.34,0.145
Nifty 100,2024-05-22,14863.92,-0.4719
Nifty Midcap 150,2024-05-22,18804.23,-0.5146
Nifty 500,2024-05-22,23888.06,-0.242
Nifty Smallcap 250,2024-05-22,27181.14,-0.5921
Nifty 50 Hybrid,2024-05-22,7032.03,0.8522
Crisil ST Bond,2024-05-22,6030.84,0.0467
Crisil Liquid,2024-05-22,19216.58,-0.0291
Crisil Gilt,2024-05-22,13564.19,0.0875
Nifty 100,2024-05-23,14827.47,-0.2452
Nifty Midcap 150,2024-05-23,18748.18,-0.2981
Nifty 500,2024-05-23,23906.85,0.0787
Nifty Smallcap 250,2024-05-23,27315.26,0.4935
Nifty 50 Hybrid,2024-05-23,7061.56,0.4198
Crisil ST Bond,2024-05-23,6029.86,-0.0163
Crisil Liquid,2024-05-23,19236.7,0.1047
Crisil Gilt,2024-05-23,13563.89,-0.0022
Nifty 100,2024-05-24,14734.81,-0.625
Nifty Midcap 150,2024-05-24,18478.58,-1.438
Nifty 500,2024-05-24,24149.07,1.0132
Nifty Smallcap 250,2024-05-24,27326.84,0.0424
Nifty 50 Hybrid,2024-05-24,7078.57,0.2409
Crisil ST Bond,2024-05-24,6037.37,0.1246
Crisil Liquid,2024-05-24,19231.36,-0.0277
Crisil Gilt,2024-05-24,13547.96,-0.1174
Nifty 100,2024-05-27,14749.51,0.0998
Nifty Midcap 150,2024-05-27,18541.03,0.338
Nifty 500,2024-05-27,24092.84,-0.2328
Nifty Smallcap 250,2024-05-27,27737.77,1.5037
Nifty 50 Hybrid,2024-05-27,6904.7,-2.4562
Crisil ST Bond,2024-05-27,6045.34,0.132
Crisil Liquid,2024-05-27,19250.42,0.0991
Crisil Gilt,2024-05-27,13556.86,0.0657
Nifty 100,2024-05-28,14261.9,-3.3059
Nifty Midcap 150,2024-05-28,18784.64,1.3139
Nifty 500,2024-05-28,23852.77,-0.9964
Nifty Smallcap 250,2024-05-28,27605.27,-0.4777
Nifty 50 Hybrid,2024-05-28,6895.0,-0.1406
Crisil ST Bond,2024-05-28,6049.01,0.0607
Crisil Liquid,2024-05-28,19266.58,0.0839
Crisil Gilt,2024-05-28,13571.67,0.1093
Nifty 100,2024-05-29,14382.54,0.8459
Nifty Midcap 150,2024-05-29,18837.78,0.2829
Nifty 500,2024-05-29,23959.14,0.4459
Nifty Smallcap 250,2024-05-29,27312.44,-1.0608
Nifty 50 Hybrid,2024-05-29,6845.28,-0.721
Crisil ST Bond,2024-05-29,6055.64,0.1095
Crisil Liquid,2024-05-29,19286.56,0.1037
Crisil Gilt,2024-05-29,13584.21,0.0924
Nifty 100,2024-05-30,14312.87,-0.4844
Nifty Midcap 150,2024-05-30,19014.95,0.9405
Nifty 500,2024-05-30,23688.1,-1.1312
Nifty Smallcap 250,2024-05-30,27614.89,1.1074
Nifty 50 Hybrid,2024-05-30,6829.48,-0.2309
Crisil ST Bond,2024-05-30,6067.05,0.1884
Crisil Liquid,2024-05-30,19261.08,-0.1321
Crisil Gilt,2024-05-30,13610.88,0.1963
Nifty 100,2024-05-31,14265.43,-0.3315
Nifty Midcap 150,2024-05-31,18948.5,-0.3495
Nifty 500,2024-05-31,23741.36,0.2248
Nifty Smallcap 250,2024-05-31,27430.68,-0.6671
Nifty 50 Hybrid,2024-05-31,6826.59,-0.0423
Crisil ST Bond,2024-05-31,6063.79,-0.0538
Crisil Liquid,2024-05-31,19251.43,-0.0501
Crisil Gilt,2024-05-31,13620.23,0.0687
Nifty 100,2024-06-03,14141.09,-0.8716
Nifty Midcap 150,2024-06-03,18808.62,-0.7382
Nifty 500,2024-06-03,23422.56,-1.3428
Nifty Smallcap 250,2024-06-03,27300.67,-0.4739
Nifty 50 Hybrid,2024-06-03,6918.17,1.3416
Crisil ST Bond,2024-06-03,6059.87,-0.0646
Crisil Liquid,2024-06-03,19241.19,-0.0532
Crisil Gilt,2024-06-03,13625.6,0.0394
Nifty 100,2024-06-04,14092.9,-0.3408
Nifty Midcap 150,2024-06-04,19233.35,2.2582
Nifty 500,2024-06-04,23391.52,-0.1325
Nifty Smallcap 250,2024-06-04,27400.38,0.3652
Nifty 50 Hybrid,2024-06-04,6985.54,0.9738
Crisil ST Bond,2024-06-04,6066.68,0.1125
Crisil Liquid,2024-06-04,19249.53,0.0433
Crisil Gilt,2024-06-04,13626.13,0.0039
Nifty 100,2024-06-05,14382.37,2.054
Nifty Midcap 150,2024-06-05,19219.93,-0.0698
Nifty 500,2024-06-05,23295.22,-0.4117
Nifty Smallcap 250,2024-06-05,27231.64,-0.6158
Nifty 50 Hybrid,2024-06-05,6867.01,-1.6968
Crisil ST Bond,2024-06-05,6072.88,0.1022
Crisil Liquid,2024-06-05,19208.18,-0.2148
Crisil Gilt,2024-06-05,13628.77,0.0194
Nifty 100,2024-06-06,14357.22,-0.1749
Nifty Midcap 150,2024-06-06,19656.22,2.27
Nifty 500,2024-06-06,22875.52,-1.8017
Nifty Smallcap 250,2024-06-06,26994.42,-0.8711
Nifty 50 Hybrid,2024-06-06,6859.72,-0.1061
Crisil ST Bond,2024-06-06,6072.9,0.0002
Crisil Liquid,2024-06-06,19201.47,-0.035
Crisil Gilt,2024-06-06,13630.4,0.0119
Nifty 100,2024-06-07,14180.69,-1.2296
Nifty Midcap 150,2024-06-07,19732.33,0.3872
Nifty 500,2024-06-07,22351.33,-2.2915
Nifty Smallcap 250,2024-06-07,26995.56,0.0042
Nifty 50 Hybrid,2024-06-07,6820.6,-0.5704
Crisil ST Bond,2024-06-07,6080.28,0.1216
Crisil Liquid,2024-06-07,19239.01,0.1955
Crisil Gilt,2024-06-07,13628.61,-0.0131
Nifty 100,2024-06-10,14382.16,1.4207
Nifty Midcap 150,2024-06-10,19675.87,-0.2861
Nifty 500,2024-06-10,22142.1,-0.9361
Nifty Smallcap 250,2024-06-10,27474.98,1.7759
Nifty 50 Hybrid,2024-06-10,6858.17,0.5508
Crisil ST Bond,2024-06-10,6081.53,0.0204
Crisil Liquid,2024-06-10,19256.08,0.0887
Crisil Gilt,2024-06-10,13635.07,0.0474
Nifty 100,2024-06-11,14376.52,-0.0392
Nifty Midcap 150,2024-06-11,19420.78,-1.2964
Nifty 500,2024-06-11,22088.84,-0.2405
Nifty Smallcap 250,2024-06-11,27654.46,0.6533
Nifty 50 Hybrid,2024-06-11,6851.8,-0.0928
Crisil ST Bond,2024-06-11,6088.23,0.1102
Crisil Liquid,2024-06-11,19267.32,0.0584
Crisil Gilt,2024-06-11,13625.83,-0.0678
Nifty 100,2024-06-12,14191.18,-1.2892
Nifty Midcap 150,2024-06-12,19396.08,-0.1272
Nifty 500,2024-06-12,21979.67,-0.4942
Nifty Smallcap 250,2024-06-12,27755.76,0.3663
Nifty 50 Hybrid,2024-06-12,6804.65,-0.6881
Crisil ST Bond,2024-06-12,6085.7,-0.0415
Crisil Liquid,2024-06-12,19291.46,0.1253
Crisil Gilt,2024-06-12,13630.57,0.0348
Nifty 100,2024-06-13,14095.71,-0.6727
Nifty Midcap 150,2024-06-13,19405.32,0.0476
Nifty 500,2024-06-13,22289.34,1.4089
Nifty Smallcap 250,2024-06-13,27845.63,0.3238
Nifty 50 Hybrid,2024-06-13,6847.04,0.623
Crisil ST Bond,2024-06-13,6082.34,-0.0552
Crisil Liquid,2024-06-13,19315.12,0.1226
Crisil Gilt,2024-06-13,13664.89,0.2518
Nifty 100,2024-06-14,13988.38,-0.7615
Nifty Midcap 150,2024-06-14,19181.8,-1.1519
Nifty 500,2024-06-14,22335.16,0.2055
Nifty Smallcap 250,2024-06-14,28097.78,0.9055
Nifty 50 Hybrid,2024-06-14,6842.84,-0.0614
Crisil ST Bond,2024-06-14,6077.15,-0.0853
Crisil Liquid,2024-06-14,19316.89,0.0091
Crisil Gilt,2024-06-14,13675.8,0.0798
Nifty 100,2024-06-17,13935.64,-0.377
Nifty Midcap 150,2024-06-17,19304.03,0.6373
Nifty 500,2024-06-17,22602.0,1.1947
Nifty Smallcap 250,2024-06-17,28173.7,0.2702
Nifty 50 Hybrid,2024-06-17,6842.98,0.0021
Crisil ST Bond,2024-06-17,6083.41,0.1029
Crisil Liquid,2024-06-17,19304.21,-0.0656
Crisil Gilt,2024-06-17,13665.48,-0.0755
Nifty 100,2024-06-18,13902.67,-0.2366
Nifty Midcap 150,2024-06-18,19214.87,-0.4619
Nifty 500,2024-06-18,22427.21,-0.7733
Nifty Smallcap 250,2024-06-18,28697.87,1.8605
Nifty 50 Hybrid,2024-06-18,6993.66,2.202
Crisil ST Bond,2024-06-18,6082.47,-0.0154
Crisil Liquid,2024-06-18,19309.84,0.0292
Crisil Gilt,2024-06-18,13665.64,0.0012
Nifty 100,2024-06-19,14060.81,1.1375
Nifty Midcap 150,2024-06-19,19471.51,1.3356
Nifty 500,2024-06-19,22035.34,-1.7473
Nifty Smallcap 250,2024-06-19,28843.08,0.506
Nifty 50 Hybrid,2024-06-19,6904.37,-1.2768
Crisil ST Bond,2024-06-19,6094.38,0.1958
Crisil Liquid,2024-06-19,19322.21,0.064
Crisil Gilt,2024-06-19,13657.13,-0.0623
Nifty 100,2024-06-20,14031.1,-0.2113
Nifty Midcap 150,2024-06-20,19421.09,-0.259
Nifty 500,2024-06-20,22157.66,0.5551
Nifty Smallcap 250,2024-06-20,29152.25,1.0719
Nifty 50 Hybrid,2024-06-20,6827.16,-1.1182
Crisil ST Bond,2024-06-20,6106.81,0.2039
Crisil Liquid,2024-06-20,19357.1,0.1806
Crisil Gilt,2024-06-20,13647.9,-0.0675
Nifty 100,2024-06-21,14045.53,0.1028
Nifty Midcap 150,2024-06-21,19759.17,1.7408
Nifty 500,2024-06-21,22437.5,1.2629
Nifty Smallcap 250,2024-06-21,29062.83,-0.3067
Nifty 50 Hybrid,2024-06-21,6884.8,0.8443
Crisil ST Bond,2024-06-21,6126.33,0.3197
Crisil Liquid,2024-06-21,19363.0,0.0305
Crisil Gilt,2024-06-21,13642.0,-0.0433
Nifty 100,2024-06-24,14073.96,0.2024
Nifty Midcap 150,2024-06-24,19813.82,0.2766
Nifty 500,2024-06-24,22326.54,-0.4945
Nifty Smallcap 250,2024-06-24,29199.9,0.4716
Nifty 50 Hybrid,2024-06-24,6800.51,-1.2244
Crisil ST Bond,2024-06-24,6123.48,-0.0466
Crisil Liquid,2024-06-24,19381.56,0.0958
Crisil Gilt,2024-06-24,13620.79,-0.1555
Nifty 100,2024-06-25,14205.29,0.9332
Nifty Midcap 150,2024-06-25,19421.11,-1.982
Nifty 500,2024-06-25,21946.69,-1.7013
Nifty Smallcap 250,2024-06-25,29062.96,-0.469
Nifty 50 Hybrid,2024-06-25,6822.06,0.3169
Crisil ST Bond,2024-06-25,6132.82,0.1525
Crisil Liquid,2024-06-25,19386.55,0.0258
Crisil Gilt,2024-06-25,13620.15,-0.0047
Nifty 100,2024-06-26,14291.88,0.6096
Nifty Midcap 150,2024-06-26,19257.8,-0.8409
Nifty 500,2024-06-26,21983.87,0.1694
Nifty Smallcap 250,2024-06-26,28723.08,-1.1694
Nifty 50 Hybrid,2024-06-26,6829.74,0.1126
Crisil ST Bond,2024-06-26,6133.25,0.007
Crisil Liquid,2024-06-26,19374.84,-0.0604
Crisil Gilt,2024-06-26,13625.12,0.0365
Nifty 100,2024-06-27,14318.83,0.1885
Nifty Midcap 150,2024-06-27,19489.94,1.2055
Nifty 500,2024-06-27,21637.49,-1.5756
Nifty Smallcap 250,2024-06-27,28709.86,-0.046
Nifty 50 Hybrid,2024-06-27,6779.86,-0.7303
Crisil ST Bond,2024-06-27,6139.81,0.107
Crisil Liquid,2024-06-27,19393.32,0.0954
Crisil Gilt,2024-06-27,13634.77,0.0708
Nifty 100,2024-06-28,14222.34,-0.6738
Nifty Midcap 150,2024-06-28,19668.37,0.9155
Nifty 500,2024-06-28,21312.89,-1.5001
Nifty Smallcap 250,2024-06-28,28220.26,-1.7053
Nifty 50 Hybrid,2024-06-28,6695.39,-1.2459
Crisil ST Bond,2024-06-28,6140.83,0.0167
Crisil Liquid,2024-06-28,19410.29,0.0875
Crisil Gilt,2024-06-28,13596.92,-0.2776
Nifty 100,2024-07-01,14414.74,1.3527
Nifty Midcap 150,2024-07-01,19700.05,0.1611
Nifty 500,2024-07-01,20985.15,-1.5378
Nifty Smallcap 250,2024-07-01,28257.22,0.1309
Nifty 50 Hybrid,2024-07-01,6770.55,1.1225
Crisil ST Bond,2024-07-01,6145.74,0.0799
Crisil Liquid,2024-07-01,19435.51,0.1299
Crisil Gilt,2024-07-01,13581.06,-0.1166
Nifty 100,2024-07-02,14359.38,-0.384
Nifty Midcap 150,2024-07-02,19523.8,-0.8947
Nifty 500,2024-07-02,21351.88,1.7476
Nifty Smallcap 250,2024-07-02,28446.36,0.6694
Nifty 50 Hybrid,2024-07-02,6965.34,2.877
Crisil ST Bond,2024-07-02,6144.1,-0.0268
Crisil Liquid,2024-07-02,19425.31,-0.0525
Crisil Gilt,2024-07-02,13581.84,0.0057
Nifty 100,2024-07-03,14561.61,1.4084
Nifty Midcap 150,2024-07-03,19458.18,-0.3361
Nifty 500,2024-07-03,21384.86,0.1544
Nifty Smallcap 250,2024-07-03,28482.4,0.1267
Nifty 50 Hybrid,2024-07-03,6970.18,0.0695
Crisil ST Bond,2024-07-03,6141.32,-0.0452
Crisil Liquid,2024-07-03,19426.53,0.0063
Crisil Gilt,2024-07-03,13582.11,0.002
Nifty 100,2024-07-04,14564.88,0.0224
Nifty Midcap 150,2024-07-04,19647.6,0.9735
Nifty 500,2024-07-04,21767.78,1.7906
Nifty Smallcap 250,2024-07-04,28251.57,-0.8104
Nifty 50 Hybrid,2024-07-04,6944.95,-0.362
Crisil ST Bond,2024-07-04,6137.48,-0.0625
Crisil Liquid,2024-07-04,19434.05,0.0387
Crisil Gilt,2024-07-04,13577.51,-0.0338
Nifty 100,2024-07-05,14604.18,0.2698
Nifty Midcap 150,2024-07-05,19870.34,1.1336
Nifty 500,2024-07-05,21224.49,-2.4958
Nifty Smallcap 250,2024-07-05,28398.98,0.5218
Nifty 50 Hybrid,2024-07-05,6915.07,-0.4302
Crisil ST Bond,2024-07-05,6141.53,0.066
Crisil Liquid,2024-07-05,19420.51,-0.0696
Crisil Gilt,2024-07-05,13596.47,0.1396
Nifty 100,2024-07-08,14741.94,0.9433
Nifty Midcap 150,2024-07-08,19989.23,0.5984
Nifty 500,2024-07-08,21399.22,0.8232
Nifty Smallcap 250,2024-07-08,28195.75,-0.7156
Nifty 50 Hybrid,2024-07-08,6874.3,-0.5896
Crisil ST Bond,2024-07-08,6147.38,0.0952
Crisil Liquid,2024-07-08,19409.49,-0.0568
Crisil Gilt,2024-07-08,13618.85,0.1646
Nifty 100,2024-07-09,14698.65,-0.2936
Nifty Midcap 150,2024-07-09,20095.55,0.5319
Nifty 500,2024-07-09,21854.86,2.1292
Nifty Smallcap 250,2024-07-09,28005.08,-0.6762
Nifty 50 Hybrid,2024-07-09,6881.09,0.0988
Crisil ST Bond,2024-07-09,6155.09,0.1254
Crisil Liquid,2024-07-09,19431.83,0.1151
Crisil Gilt,2024-07-09,13617.11,-0.0128
Nifty 100,2024-07-10,14627.11,-0.4867
Nifty Midcap 150,2024-07-10,20054.73,-0.2031
Nifty 500,2024-07-10,22177.85,1.4779
Nifty Smallcap 250,2024-07-10,27935.32,-0.2491
Nifty 50 Hybrid,2024-07-10,6888.53,0.1081
Crisil ST Bond,2024-07-10,6153.7,-0.0227
Crisil Liquid,2024-07-10,19449.43,0.0906
Crisil Gilt,2024-07-10,13621.95,0.0356
Nifty 100,2024-07-11,14484.73,-0.9734
Nifty Midcap 150,2024-07-11,19866.45,-0.9388
Nifty 500,2024-07-11,21741.25,-1.9686
Nifty Smallcap 250,2024-07-11,27711.47,-0.8013
Nifty 50 Hybrid,2024-07-11,6945.29,0.8239
Crisil ST Bond,2024-07-11,6163.07,0.1524
Crisil Liquid,2024-07-11,19466.65,0.0886
Crisil Gilt,2024-07-11,13632.23,0.0755
Nifty 100,2024-07-12,14470.74,-0.0965
Nifty Midcap 150,2024-07-12,20026.36,0.8049
Nifty 500,2024-07-12,21810.02,0.3163
Nifty Smallcap 250,2024-07-12,28219.82,1.8344
Nifty 50 Hybrid,2024-07-12,6940.53,-0.0684
Crisil ST Bond,2024-07-12,6172.58,0.1543
Crisil Liquid,2024-07-12,19487.56,0.1074
Crisil Gilt,2024-07-12,13644.98,0.0935
Nifty 100,2024-07-15,14184.01,-1.9815
Nifty Midcap 150,2024-07-15,20218.45,0.9592
Nifty 500,2024-07-15,21788.75,-0.0975
Nifty Smallcap 250,2024-07-15,28103.01,-0.4139
Nifty 50 Hybrid,2024-07-15,6839.69,-1.4529
Crisil ST Bond,2024-07-15,6173.78,0.0194
Crisil Liquid,2024-07-15,19492.11,0.0234
Crisil Gilt,2024-07-15,13629.93,-0.1103
Nifty 100,2024-07-16,13979.29,-1.4433
Nifty Midcap 150,2024-07-16,20322.9,0.5166
Nifty 500,2024-07-16,21985.22,0.9017
Nifty Smallcap 250,2024-07-16,28164.92,0.2203
Nifty 50 Hybrid,2024-07-16,6920.46,1.1808
Crisil ST Bond,2024-07-16,6174.49,0.0114
Crisil Liquid,2024-07-16,19494.95,0.0146
Crisil Gilt,2024-07-16,13620.15,-0.0717
Nifty 100,2024-07-17,13765.38,-1.5302
Nifty Midcap 150,2024-07-17,20705.92,1.8847
Nifty 500,2024-07-17,22240.53,1.1613
Nifty Smallcap 250,2024-07-17,27781.17,-1.3625
Nifty 50 Hybrid,2024-07-17,6933.31,0.1858
Crisil ST Bond,2024-07-17,6175.1,0.01
Crisil Liquid,2024-07-17,19493.51,-0.0074
Crisil Gilt,2024-07-17,13617.31,-0.0209
Nifty 100,2024-07-18,13821.99,0.4113
Nifty Midcap 150,2024-07-18,20881.54,0.8482
Nifty 500,2024-07-18,22336.7,0.4324
Nifty Smallcap 250,2024-07-18,27756.02,-0.0905
Nifty 50 Hybrid,2024-07-18,6924.49,-0.1272
Crisil ST Bond,2024-07-18,6182.12,0.1137
Crisil Liquid,2024-07-18,19506.44,0.0663
Crisil Gilt,2024-07-18,13621.02,0.0273
Nifty 100,2024-07-19,13821.17,-0.0059
Nifty Midcap 150,2024-07-19,20959.91,0.3753
Nifty 500,2024-07-19,22238.79,-0.4383
Nifty Smallcap 250,2024-07-19,27992.38,0.8515
Nifty 50 Hybrid,2024-07-19,6852.07,-1.0459
Crisil ST Bond,2024-07-19,6180.82,-0.0211
Crisil Liquid,2024-07-19,19522.27,0.0811
Crisil Gilt,2024-07-19,13608.31,-0.0933
Nifty 100,2024-07-22,13607.91,-1.543
Nifty Midcap 150,2024-07-22,20979.41,0.0931
Nifty 500,2024-07-22,21868.19,-1.6665
Nifty Smallcap 250,2024-07-22,27637.21,-1.2688
Nifty 50 Hybrid,2024-07-22,6905.97,0.7866
Crisil ST Bond,2024-07-22,6180.79,-0.0005
Crisil Liquid,2024-07-22,19551.27,0.1485
Crisil Gilt,2024-07-22,13594.64,-0.1005
Nifty 100,2024-07-23,13599.21,-0.064
Nifty Midcap 150,2024-07-23,21069.54,0.4296
Nifty 500,2024-07-23,21618.78,-1.1405
Nifty Smallcap 250,2024-07-23,27930.65,1.0618
Nifty 50 Hybrid,2024-07-23,6943.31,0.5407
Crisil ST Bond,2024-07-23,6172.08,-0.1409
Crisil Liquid,2024-07-23,19554.44,0.0162
Crisil Gilt,2024-07-23,13602.61,0.0586
Nifty 100,2024-07-24,13523.05,-0.5601
Nifty Midcap 150,2024-07-24,20764.06,-1.4499
Nifty 500,2024-07-24,21685.46,0.3085
Nifty Smallcap 250,2024-07-24,28556.64,2.2412
Nifty 50 Hybrid,2024-07-24,6918.52,-0.357
Crisil ST Bond,2024-07-24,6182.99,0.1769
Crisil Liquid,2024-07-24,19543.64,-0.0552
Crisil Gilt,2024-07-24,13608.26,0.0416
Nifty 100,2024-07-25,13631.44,0.8015
Nifty Midcap 150,2024-07-25,20768.54,0.0216
Nifty 500,2024-07-25,21627.4,-0.2677
Nifty Smallcap 250,2024-07-25,28772.57,0.7561
Nifty 50 Hybrid,2024-07-25,7051.46,1.9215
Crisil ST Bond,2024-07-25,6186.09,0.0501
Crisil Liquid,2024-07-25,19537.46,-0.0316
Crisil Gilt,2024-07-25,13608.4,0.001
Nifty 100,2024-07-26,13979.0,2.5497
Nifty Midcap 150,2024-07-26,20802.79,0.1649
Nifty 500,2024-07-26,21505.33,-0.5644
Nifty Smallcap 250,2024-07-26,28451.73,-1.1151
Nifty 50 Hybrid,2024-07-26,6924.82,-1.7959
Crisil ST Bond,2024-07-26,6189.58,0.0564
Crisil Liquid,2024-07-26,19554.16,0.0855
Crisil Gilt,2024-07-26,13605.72,-0.0197
Nifty 100,2024-07-29,13981.1,0.015
Nifty Midcap 150,2024-07-29,20565.54,-1.1405
Nifty 500,2024-07-29,21540.37,0.1629
Nifty Smallcap 250,2024-07-29,28597.26,0.5115
Nifty 50 Hybrid,2024-07-29,6889.84,-0.5052
Crisil ST Bond,2024-07-29,6201.28,0.189
Crisil Liquid,2024-07-29,19541.7,-0.0637
Crisil Gilt,2024-07-29,13612.3,0.0483
Nifty 100,2024-07-30,14103.9,0.8783
Nifty Midcap 150,2024-07-30,20555.82,-0.0473
Nifty 500,2024-07-30,21506.24,-0.1585
Nifty Smallcap 250,2024-07-30,28197.22,-1.3989
Nifty 50 Hybrid,2024-07-30,6985.43,1.3873
Crisil ST Bond,2024-07-30,6201.46,0.003
Crisil Liquid,2024-07-30,19556.11,0.0737
Crisil Gilt,2024-07-30,13624.18,0.0873
Nifty 100,2024-07-31,14019.51,-0.5983
Nifty Midcap 150,2024-07-31,20521.38,-0.1675
Nifty 500,2024-07-31,21799.68,1.3645
Nifty Smallcap 250,2024-07-31,27890.67,-1.0872
Nifty 50 Hybrid,2024-07-31,7136.16,2.1579
Crisil ST Bond,2024-07-31,6198.09,-0.0545
Crisil Liquid,2024-07-31,19536.95,-0.098
Crisil Gilt,2024-07-31,13628.71,0.0332
Nifty 100,2024-08-01,14333.32,2.2383
Nifty Midcap 150,2024-08-01,20135.38,-1.881
Nifty 500,2024-08-01,21775.48,-0.111
Nifty Smallcap 250,2024-08-01,28031.87,0.5063
Nifty 50 Hybrid,2024-08-01,7140.71,0.0636
Crisil ST Bond,2024-08-01,6201.69,0.0582
Crisil Liquid,2024-08-01,19526.83,-0.0518
Crisil Gilt,2024-08-01,13623.26,-0.04
Nifty 100,2024-08-02,14316.35,-0.1184
Nifty Midcap 150,2024-08-02,19913.91,-1.0999
Nifty 500,2024-08-02,21772.29,-0.0147
Nifty Smallcap 250,2024-08-02,27931.3,-0.3587
Nifty 50 Hybrid,2024-08-02,7109.28,-0.44
Crisil ST Bond,2024-08-02,6204.92,0.0521
Crisil Liquid,2024-08-02,19495.19,-0.1621
Crisil Gilt,2024-08-02,13622.86,-0.0029
Nifty 100,2024-08-05,14652.4,2.3474
Nifty Midcap 150,2024-08-05,19703.6,-1.0561
Nifty 500,2024-08-05,22058.7,1.3155
Nifty Smallcap 250,2024-08-05,27954.95,0.0847
Nifty 50 Hybrid,2024-08-05,7068.55,-0.573
Crisil ST Bond,2024-08-05,6197.97,-0.1121
Crisil Liquid,2024-08-05,19501.81,0.034
Crisil Gilt,2024-08-05,13645.39,0.1653
Nifty 100,2024-08-06,14599.77,-0.3592
Nifty Midcap 150,2024-08-06,19693.56,-0.051
Nifty 500,2024-08-06,22288.19,1.0404
Nifty Smallcap 250,2024-08-06,28058.63,0.3709
Nifty 50 Hybrid,2024-08-06,6959.53,-1.5423
Crisil ST Bond,2024-08-06,6199.82,0.0299
Crisil Liquid,2024-08-06,19535.2,0.1712
Crisil Gilt,2024-08-06,13647.61,0.0163
Nifty 100,2024-08-07,14203.9,-2.7115
Nifty Midcap 150,2024-08-07,19775.92,0.4182
Nifty 500,2024-08-07,22250.65,-0.1685
Nifty Smallcap 250,2024-08-07,27553.82,-1.7991
Nifty 50 Hybrid,2024-08-07,6844.76,-1.6492
Crisil ST Bond,2024-08-07,6207.1,0.1175
Crisil Liquid,2024-08-07,19524.8,-0.0532
Crisil Gilt,2024-08-07,13637.96,-0.0707
Nifty 100,2024-08-08,14203.1,-0.0056
Nifty Midcap 150,2024-08-08,19654.46,-0.6142
Nifty 500,2024-08-08,22279.58,0.13
Nifty Smallcap 250,2024-08-08,27506.23,-0.1727
Nifty 50 Hybrid,2024-08-08,6764.67,-1.17
Crisil ST Bond,2024-08-08,6205.17,-0.0311
Crisil Liquid,2024-08-08,19537.35,0.0643
Crisil Gilt,2024-08-08,13641.26,0.0242
Nifty 100,2024-08-09,14195.72,-0.0519
Nifty Midcap 150,2024-08-09,20041.13,1.9674
Nifty 500,2024-08-09,22449.14,0.761
Nifty Smallcap 250,2024-08-09,27748.96,0.8824
Nifty 50 Hybrid,2024-08-09,6755.48,-0.136
Crisil ST Bond,2024-08-09,6207.78,0.042
Crisil Liquid,2024-08-09,19532.84,-0.0231
Crisil Gilt,2024-08-09,13654.59,0.0978
Nifty 100,2024-08-12,14184.3,-0.0804
Nifty Midcap 150,2024-08-12,20091.71,0.2524
Nifty 500,2024-08-12,22491.93,0.1906
Nifty Smallcap 250,2024-08-12,27752.24,0.0118
Nifty 50 Hybrid,2024-08-12,6955.99,2.9682
Crisil ST Bond,2024-08-12,6204.88,-0.0467
Crisil Liquid,2024-08-12,19523.54,-0.0476
Crisil Gilt,2024-08-12,13666.8,0.0894
Nifty 100,2024-08-13,14104.14,-0.5652
Nifty Midcap 150,2024-08-13,20039.19,-0.2614
Nifty 500,2024-08-13,22254.32,-1.0564
Nifty Smallcap 250,2024-08-13,27896.99,0.5216
Nifty 50 Hybrid,2024-08-13,6993.15,0.5343
Crisil ST Bond,2024-08-13,6204.17,-0.0115
Crisil Liquid,2024-08-13,19541.4,0.0915
Crisil Gilt,2024-08-13,13644.14,-0.1658
Nifty 100,2024-08-14,14008.67,-0.6769
Nifty Midcap 150,2024-08-14,20011.14,-0.14
Nifty 500,2024-08-14,22000.12,-1.1423
Nifty Smallcap 250,2024-08-14,27417.52,-1.7187
Nifty 50 Hybrid,2024-08-14,6973.72,-0.2779
Crisil ST Bond,2024-08-14,6209.72,0.0894
Crisil Liquid,2024-08-14,19570.37,0.1482
Crisil Gilt,2024-08-14,13639.4,-0.0347
Nifty 100,2024-08-15,14115.59,0.7632
Nifty Midcap 150,2024-08-15,20144.53,0.6665
Nifty 500,2024-08-15,22274.81,1.2486
Nifty Smallcap 250,2024-08-15,27329.73,-0.3202
Nifty 50 Hybrid,2024-08-15,6850.39,-1.7685
Crisil ST Bond,2024-08-15,6211.39,0.027
Crisil Liquid,2024-08-15,19554.44,-0.0814
Crisil Gilt,2024-08-15,13632.26,-0.0524
Nifty 100,2024-08-16,14077.31,-0.2712
Nifty Midcap 150,2024-08-16,20082.29,-0.3089
Nifty 500,2024-08-16,22313.02,0.1716
Nifty Smallcap 250,2024-08-16,27530.1,0.7332
Nifty 50 Hybrid,2024-08-16,6827.25,-0.3377
Crisil ST Bond,2024-08-16,6215.09,0.0596
Crisil Liquid,2024-08-16,19558.64,0.0215
Crisil Gilt,2024-08-16,13647.74,0.1135
Nifty 100,2024-08-19,14054.98,-0.1586
Nifty Midcap 150,2024-08-19,20072.47,-0.0489
Nifty 500,2024-08-19,22236.18,-0.3444
Nifty Smallcap 250,2024-08-19,27493.69,-0.1322
Nifty 50 Hybrid,2024-08-19,6775.81,-0.7535
Crisil ST Bond,2024-08-19,6210.85,-0.0683
Crisil Liquid,2024-08-19,19577.73,0.0976
Crisil Gilt,2024-08-19,13635.68,-0.0883
Nifty 100,2024-08-20,14014.35,-0.2891
Nifty Midcap 150,2024-08-20,20282.29,1.0453
Nifty 500,2024-08-20,22164.42,-0.3227
Nifty Smallcap 250,2024-08-20,27729.79,0.8587
Nifty 50 Hybrid,2024-08-20,6737.8,-0.561
Crisil ST Bond,2024-08-20,6205.56,-0.0851
Crisil Liquid,2024-08-20,19550.42,-0.1395
Crisil Gilt,2024-08-20,13656.31,0.1513
Nifty 100,2024-08-21,13859.23,-1.1069
Nifty Midcap 150,2024-08-21,20439.92,0.7772
Nifty 500,2024-08-21,21949.44,-0.9699
Nifty Smallcap 250,2024-08-21,28103.42,1.3474
Nifty 50 Hybrid,2024-08-21,6888.51,2.2368
Crisil ST Bond,2024-08-21,6196.34,-0.1487
Crisil Liquid,2024-08-21,19533.12,-0.0885
Crisil Gilt,2024-08-21,13669.6,0.0973
Nifty 100,2024-08-22,13934.49,0.543
Nifty Midcap 150,2024-08-22,20604.86,0.8069
Nifty 500,2024-08-22,21830.09,-0.5438
Nifty Smallcap 250,2024-08-22,28670.41,2.0175
Nifty 50 Hybrid,2024-08-22,6898.7,0.148
Crisil ST Bond,2024-08-22,6190.04,-0.1017
Crisil Liquid,2024-08-22,19532.08,-0.0053
Crisil Gilt,2024-08-22,13655.88,-0.1004
Nifty 100,2024-08-23,14160.36,1.6209
Nifty Midcap 150,2024-08-23,20474.98,-0.6303
Nifty 500,2024-08-23,21944.15,0.5225
Nifty Smallcap 250,2024-08-23,28544.07,-0.4407
Nifty 50 Hybrid,2024-08-23,6858.32,-0.5854
Crisil ST Bond,2024-08-23,6179.45,-0.171
Crisil Liquid,2024-08-23,19547.67,0.0798
Crisil Gilt,2024-08-23,13676.36,0.1499
Nifty 100,2024-08-26,14034.9,-0.886
Nifty Midcap 150,2024-08-26,20164.74,-1.5152
Nifty 500,2024-08-26,22127.01,0.8333
Nifty Smallcap 250,2024-08-26,28082.73,-1.6162
Nifty 50 Hybrid,2024-08-26,6944.02,1.2495
Crisil ST Bond,2024-08-26,6175.1,-0.0704
Crisil Liquid,2024-08-26,19530.01,-0.0903
Crisil Gilt,2024-08-26,13682.49,0.0448
Nifty 100,2024-08-27,13893.41,-1.0081
Nifty Midcap 150,2024-08-27,20028.2,-0.6771
Nifty 500,2024-08-27,22211.97,0.384
Nifty Smallcap 250,2024-08-27,27408.99,-2.3991
Nifty 50 Hybrid,2024-08-27,7060.15,1.6724
Crisil ST Bond,2024-08-27,6176.6,0.0244
Crisil Liquid,2024-08-27,19508.67,-0.1093
Crisil Gilt,2024-08-27,13671.31,-0.0817
Nifty 100,2024-08-28,14035.35,1.0216
Nifty Midcap 150,2024-08-28,20154.59,0.6311
Nifty 500,2024-08-28,22526.67,1.4168
Nifty Smallcap 250,2024-08-28,27230.08,-0.6527
Nifty 50 Hybrid,2024-08-28,7083.21,0.3266
Crisil ST Bond,2024-08-28,6180.47,0.0627
Crisil Liquid,2024-08-28,19526.13,0.0895
Crisil Gilt,2024-08-28,13689.45,0.1327
Nifty 100,2024-08-29,13938.89,-0.6873
Nifty Midcap 150,2024-08-29,20137.62,-0.0842
Nifty 500,2024-08-29,22395.98,-0.5801
Nifty Smallcap 250,2024-08-29,27223.93,-0.0226
Nifty 50 Hybrid,2024-08-29,7134.8,0.7284
Crisil ST Bond,2024-08-29,6171.49,-0.1454
Crisil Liquid,2024-08-29,19551.7,0.1309
Crisil Gilt,2024-08-29,13676.6,-0.0939
Nifty 100,2024-08-30,13900.23,-0.2774
Nifty Midcap 150,2024-08-30,20394.17,1.2739
Nifty 500,2024-08-30,22476.16,0.358
Nifty Smallcap 250,2024-08-30,27324.53,0.3695
Nifty 50 Hybrid,2024-08-30,7052.71,-1.1506
Crisil ST Bond,2024-08-30,6166.28,-0.0844
Crisil Liquid,2024-08-30,19574.02,0.1141
Crisil Gilt,2024-08-30,13671.27,-0.0389
Nifty 100,2024-09-02,13835.6,-0.4649
Nifty Midcap 150,2024-09-02,20596.87,0.994
Nifty 500,2024-09-02,22246.92,-1.0199
Nifty Smallcap 250,2024-09-02,27406.29,0.2992
Nifty 50 Hybrid,2024-09-02,7057.85,0.0729
Crisil ST Bond,2024-09-02,6167.49,0.0197
Crisil Liquid,2024-09-02,19567.78,-0.0318
Crisil Gilt,2024-09-02,13666.08,-0.038
Nifty 100,2024-09-03,13690.56,-1.0484
Nifty Midcap 150,2024-09-03,20702.47,0.5127
Nifty 500,2024-09-03,22104.95,-0.6381
Nifty Smallcap 250,2024-09-03,27680.01,0.9987
Nifty 50 Hybrid,2024-09-03,7044.12,-0.1946
Crisil ST Bond,2024-09-03,6162.2,-0.0858
Crisil Liquid,2024-09-03,19567.04,-0.0038
Crisil Gilt,2024-09-03,13663.2,-0.0211
Nifty 100,2024-09-04,13832.82,1.0391
Nifty Midcap 150,2024-09-04,20632.29,-0.339
Nifty 500,2024-09-04,22050.53,-0.2462
Nifty Smallcap 250,2024-09-04,28079.03,1.4415
Nifty 50 Hybrid,2024-09-04,7082.04,0.5383
Crisil ST Bond,2024-09-04,6173.68,0.1863
Crisil Liquid,2024-09-04,19595.59,0.1459
Crisil Gilt,2024-09-04,13653.81,-0.0687
Nifty 100,2024-09-05,13973.9,1.02
Nifty Midcap 150,2024-09-05,20953.18,1.5553
Nifty 500,2024-09-05,22395.14,1.5628
Nifty Smallcap 250,2024-09-05,28364.9,1.0181
Nifty 50 Hybrid,2024-09-05,7152.68,0.9975
Crisil ST Bond,2024-09-05,6173.04,-0.0103
Crisil Liquid,2024-09-05,19583.1,-0.0637
Crisil Gilt,2024-09-05,13651.73,-0.0152
Nifty 100,2024-09-06,13745.46,-1.6348
Nifty Midcap 150,2024-09-06,21240.82,1.3728
Nifty 500,2024-09-06,22338.41,-0.2533
Nifty Smallcap 250,2024-09-06,28739.7,1.3213
Nifty 50 Hybrid,2024-09-06,7066.74,-1.2015
Crisil ST Bond,2024-09-06,6180.96,0.1283
Crisil Liquid,2024-09-06,19577.33,-0.0295
Crisil Gilt,2024-09-06,13636.93,-0.1084
Nifty 100,2024-09-09,13973.24,1.6571
Nifty Midcap 150,2024-09-09,21482.4,1.1373
Nifty 500,2024-09-09,22392.43,0.2418
Nifty Smallcap 250,2024-09-09,28758.07,0.0639
Nifty 50 Hybrid,2024-09-09,7099.92,0.4695
Crisil ST Bond,2024-09-09,6183.4,0.0395
Crisil Liquid,2024-09-09,19565.73,-0.0592
Crisil Gilt,2024-09-09,13634.04,-0.0212
Nifty 100,2024-09-10,14251.41,1.9907
Nifty Midcap 150,2024-09-10,22062.89,2.7022
Nifty 500,2024-09-10,22749.06,1.5927
Nifty Smallcap 250,2024-09-10,28904.23,0.5082
Nifty 50 Hybrid,2024-09-10,7078.07,-0.3077
Crisil ST Bond,2024-09-10,6179.7,-0.0598
Crisil Liquid,2024-09-10,19555.32,-0.0532
Crisil Gilt,2024-09-10,13629.22,-0.0353
Nifty 100,2024-09-11,14562.25,2.1812
Nifty Midcap 150,2024-09-11,22468.02,1.8363
Nifty 500,2024-09-11,22925.66,0.7763
Nifty Smallcap 250,2024-09-11,28635.24,-0.9306
Nifty 50 Hybrid,2024-09-11,7143.41,0.9231
Crisil ST Bond,2024-09-11,6179.46,-0.0039
Crisil Liquid,2024-09-11,19517.13,-0.1953
Crisil Gilt,2024-09-11,13635.86,0.0487
Nifty 100,2024-09-12,14444.02,-0.8119
Nifty Midcap 150,2024-09-12,22293.21,-0.7781
Nifty 500,2024-09-12,22875.13,-0.2204
Nifty Smallcap 250,2024-09-12,28501.13,-0.4683
Nifty 50 Hybrid,2024-09-12,7143.1,-0.0043
Crisil ST Bond,2024-09-12,6180.19,0.0118
Crisil Liquid,2024-09-12,19484.42,-0.1676
Crisil Gilt,2024-09-12,13659.32,0.172
Nifty 100,2024-09-13,14306.31,-0.9534
Nifty Midcap 150,2024-09-13,22087.58,-0.9224
Nifty 500,2024-09-13,22806.83,-0.2986
Nifty Smallcap 250,2024-09-13,28478.81,-0.0783
Nifty 50 Hybrid,2024-09-13,7249.46,1.489
Crisil ST Bond,2024-09-13,6183.09,0.0469
Crisil Liquid,2024-09-13,19499.35,0.0766
Crisil Gilt,2024-09-13,13665.8,0.0475
Nifty 100,2024-09-16,14343.72,0.2615
Nifty Midcap 150,2024-09-16,22162.62,0.3397
Nifty 500,2024-09-16,22372.88,-1.9027
Nifty Smallcap 250,2024-09-16,28416.18,-0.2199
Nifty 50 Hybrid,2024-09-16,7335.89,1.1923
Crisil ST Bond,2024-09-16,6208.7,0.4142
Crisil Liquid,2024-09-16,19479.77,-0.1004
Crisil Gilt,2024-09-16,13674.31,0.0623
Nifty 100,2024-09-17,14266.11,-0.541
Nifty Midcap 150,2024-09-17,22623.08,2.0777
Nifty 500,2024-09-17,22076.71,-1.3238
Nifty Smallcap 250,2024-09-17,28602.29,0.6549
Nifty 50 Hybrid,2024-09-17,7234.86,-1.3772
Crisil ST Bond,2024-09-17,6207.97,-0.0119
Crisil Liquid,2024-09-17,19483.0,0.0166
Crisil Gilt,2024-09-17,13691.67,0.127
Nifty 100,2024-09-18,14116.72,-1.0472
Nifty Midcap 150,2024-09-18,22779.94,0.6934
Nifty 500,2024-09-18,22087.48,0.0488
Nifty Smallcap 250,2024-09-18,28688.89,0.3028
Nifty 50 Hybrid,2024-09-18,7306.37,0.9883
Crisil ST Bond,2024-09-18,6201.25,-0.1083
Crisil Liquid,2024-09-18,19502.69,0.1011
Crisil Gilt,2024-09-18,13686.62,-0.0369
Nifty 100,2024-09-19,14275.66,1.1259
Nifty Midcap 150,2024-09-19,22862.99,0.3646
Nifty 500,2024-09-19,22047.83,-0.1795
Nifty Smallcap 250,2024-09-19,28528.23,-0.56
Nifty 50 Hybrid,2024-09-19,7368.71,0.8533
Crisil ST Bond,2024-09-19,6210.31,0.1461
Crisil Liquid,2024-09-19,19496.19,-0.0333
Crisil Gilt,2024-09-19,13673.85,-0.0933
Nifty 100,2024-09-20,14379.05,0.7242
Nifty Midcap 150,2024-09-20,22538.67,-1.4185
Nifty 500,2024-09-20,21766.61,-1.2755
Nifty Smallcap 250,2024-09-20,28233.62,-1.0327
Nifty 50 Hybrid,2024-09-20,7340.31,-0.3855
Crisil ST Bond,2024-09-20,6203.25,-0.1136
Crisil Liquid,2024-09-20,19462.29,-0.1739
Crisil Gilt,2024-09-20,13661.06,-0.0935
Nifty 100,2024-09-23,14475.74,0.6725
Nifty Midcap 150,2024-09-23,22258.84,-1.2415
Nifty 500,2024-09-23,21699.07,-0.3103
Nifty Smallcap 250,2024-09-23,28791.71,1.9767
Nifty 50 Hybrid,2024-09-23,7338.9,-0.0192
Crisil ST Bond,2024-09-23,6206.62,0.0543
Crisil Liquid,2024-09-23,19447.78,-0.0746
Crisil Gilt,2024-09-23,13693.35,0.2363
Nifty 100,2024-09-24,14401.73,-0.5113
Nifty Midcap 150,2024-09-24,22214.75,-0.1981
Nifty 500,2024-09-24,21991.37,1.3471
Nifty Smallcap 250,2024-09-24,28748.02,-0.1517
Nifty 50 Hybrid,2024-09-24,7344.62,0.0779
Crisil ST Bond,2024-09-24,6206.11,-0.0082
Crisil Liquid,2024-09-24,19446.32,-0.0075
Crisil Gilt,2024-09-24,13701.16,0.0571
Nifty 100,2024-09-25,14485.68,0.5829
Nifty Midcap 150,2024-09-25,22078.52,-0.6132
Nifty 500,2024-09-25,21829.5,-0.7361
Nifty Smallcap 250,2024-09-25,28581.53,-0.5791
Nifty 50 Hybrid,2024-09-25,7243.9,-1.3713
Crisil ST Bond,2024-09-25,6197.48,-0.139
Crisil Liquid,2024-09-25,19455.99,0.0497
Crisil Gilt,2024-09-25,13716.76,0.1139
Nifty 100,2024-09-26,14616.2,0.901
Nifty Midcap 150,2024-09-26,21559.23,-2.352
Nifty 500,2024-09-26,21782.55,-0.2151
Nifty Smallcap 250,2024-09-26,28275.11,-1.0721
Nifty 50 Hybrid,2024-09-26,7256.49,0.1737
Crisil ST Bond,2024-09-26,6196.13,-0.0218
Crisil Liquid,2024-09-26,19471.4,0.0792
Crisil Gilt,2024-09-26,13719.24,0.0181
Nifty 100,2024-09-27,14343.47,-1.866
Nifty Midcap 150,2024-09-27,21357.2,-0.9371
Nifty 500,2024-09-27,21790.34,0.0358
Nifty Smallcap 250,2024-09-27,28309.07,0.1201
Nifty 50 Hybrid,2024-09-27,7156.66,-1.3757
Crisil ST Bond,2024-09-27,6187.85,-0.1336
Crisil Liquid,2024-09-27,19476.38,0.0256
Crisil Gilt,2024-09-27,13702.73,-0.1204
Nifty 100,2024-09-30,14108.43,-1.6386
Nifty Midcap 150,2024-09-30,21268.54,-0.4151
Nifty 500,2024-09-30,21690.45,-0.4584
Nifty Smallcap 250,2024-09-30,28068.9,-0.8484
Nifty 50 Hybrid,2024-09-30,7108.45,-0.6737
Crisil ST Bond,2024-09-30,6189.17,0.0214
Crisil Liquid,2024-09-30,19466.25,-0.052
Crisil Gilt,2024-09-30,13706.44,0.0271
Nifty 100,2024-10-01,14058.98,-0.3505
Nifty Midcap 150,2024-10-01,21310.58,0.1977
Nifty 500,2024-10-01,21887.44,0.9082
Nifty Smallcap 250,2024-10-01,28312.89,0.8692
Nifty 50 Hybrid,2024-10-01,7202.15,1.3182
Crisil ST Bond,2024-10-01,6195.6,0.1038
Crisil Liquid,2024-10-01,19474.79,0.0439
Crisil Gilt,2024-10-01,13703.24,-0.0233
Nifty 100,2024-10-02,14008.69,-0.3578
Nifty Midcap 150,2024-10-02,21129.91,-0.8478
Nifty 500,2024-10-02,21895.0,0.0345
Nifty Smallcap 250,2024-10-02,28518.83,0.7274
Nifty 50 Hybrid,2024-10-02,7152.05,-0.6957
Crisil ST Bond,2024-10-02,6196.61,0.0163
Crisil Liquid,2024-10-02,19465.49,-0.0477
Crisil Gilt,2024-10-02,13708.85,0.0409
Nifty 100,2024-10-03,13935.93,-0.5194
Nifty Midcap 150,2024-10-03,20979.99,-0.7095
Nifty 500,2024-10-03,21752.69,-0.65
Nifty Smallcap 250,2024-10-03,28670.93,0.5333
Nifty 50 Hybrid,2024-10-03,7147.27,-0.0667
Crisil ST Bond,2024-10-03,6195.19,-0.0228
Crisil Liquid,2024-10-03,19474.48,0.0461
Crisil Gilt,2024-10-03,13705.91,-0.0215
Nifty 100,2024-10-04,14097.1,1.1565
Nifty Midcap 150,2024-10-04,20781.97,-0.9439
Nifty 500,2024-10-04,21718.54,-0.157
Nifty Smallcap 250,2024-10-04,28276.77,-1.3748
Nifty 50 Hybrid,2024-10-04,7124.63,-0.3169
Crisil ST Bond,2024-10-04,6186.02,-0.148
Crisil Liquid,2024-10-04,19492.9,0.0946
Crisil Gilt,2024-10-04,13719.16,0.0967
Nifty 100,2024-10-07,14211.87,0.8142
Nifty Midcap 150,2024-10-07,20794.2,0.0589
Nifty 500,2024-10-07,21533.96,-0.8499
Nifty Smallcap 250,2024-10-07,28058.95,-0.7703
Nifty 50 Hybrid,2024-10-07,7235.78,1.5602
Crisil ST Bond,2024-10-07,6196.14,0.1636
Crisil Liquid,2024-10-07,19499.19,0.0323
Crisil Gilt,2024-10-07,13714.82,-0.0316
Nifty 100,2024-10-08,14410.64,1.3986
Nifty Midcap 150,2024-10-08,20656.03,-0.6645
Nifty 500,2024-10-08,21589.7,0.2588
Nifty Smallcap 250,2024-10-08,28446.71,1.382
Nifty 50 Hybrid,2024-10-08,7177.44,-0.8063
Crisil ST Bond,2024-10-08,6202.52,0.1029
Crisil Liquid,2024-10-08,19513.24,0.0721
Crisil Gilt,2024-10-08,13717.03,0.016
Nifty 100,2024-10-09,14271.81,-0.9634
Nifty Midcap 150,2024-10-09,20512.58,-0.6944
Nifty 500,2024-10-09,21658.67,0.3195
Nifty Smallcap 250,2024-10-09,28050.35,-1.3933
Nifty 50 Hybrid,2024-10-09,7188.98,0.1607
Crisil ST Bond,2024-10-09,6207.12,0.0741
Crisil Liquid,2024-10-09,19536.37,0.1185
Crisil Gilt,2024-10-09,13700.59,-0.1198
Nifty 100,2024-10-10,14463.94,1.3462
Nifty Midcap 150,2024-10-10,20866.5,1.7254
Nifty 500,2024-10-10,21754.0,0.4402
Nifty Smallcap 250,2024-10-10,27767.59,-1.008
Nifty 50 Hybrid,2024-10-10,7167.54,-0.2981
Crisil ST Bond,2024-10-10,6208.06,0.0152
Crisil Liquid,2024-10-10,19545.56,0.047
Crisil Gilt,2024-10-10,13703.63,0.0222
Nifty 100,2024-10-11,14508.95,0.3112
Nifty Midcap 150,2024-10-11,20853.82,-0.0607
Nifty 500,2024-10-11,21818.2,0.2951
Nifty Smallcap 250,2024-10-11,27648.04,-0.4305
Nifty 50 Hybrid,2024-10-11,7145.45,-0.3082
Crisil ST Bond,2024-10-11,6205.73,-0.0376
Crisil Liquid,2024-10-11,19586.94,0.2117
Crisil Gilt,2024-10-11,13726.43,0.1664
Nifty 100,2024-10-14,14593.87,0.5853
Nifty Midcap 150,2024-10-14,21136.46,1.3553
Nifty 500,2024-10-14,21998.95,0.8285
Nifty Smallcap 250,2024-10-14,27706.46,0.2113
Nifty 50 Hybrid,2024-10-14,7040.02,-1.4756
Crisil ST Bond,2024-10-14,6205.34,-0.0062
Crisil Liquid,2024-10-14,19584.3,-0.0135
Crisil Gilt,2024-10-14,13713.62,-0.0933
Nifty 100,2024-10-15,14381.36,-1.4562
Nifty Midcap 150,2024-10-15,21246.94,0.5227
Nifty 500,2024-10-15,22076.94,0.3545
Nifty Smallcap 250,2024-10-15,27391.32,-1.1374
Nifty 50 Hybrid,2024-10-15,6989.62,-0.7159
Crisil ST Bond,2024-10-15,6213.79,0.1361
Crisil Liquid,2024-10-15,19571.03,-0.0678
Crisil Gilt,2024-10-15,13718.71,0.0371
Nifty 100,2024-10-16,14358.38,-0.1598
Nifty Midcap 150,2024-10-16,21360.9,0.5364
Nifty 500,2024-10-16,21894.56,-0.8261
Nifty Smallcap 250,2024-10-16,27424.22,0.1201
Nifty 50 Hybrid,2024-10-16,7003.51,0.1987
Crisil ST Bond,2024-10-16,6216.46,0.043
Crisil Liquid,2024-10-16,19576.49,0.0279
Crisil Gilt,2024-10-16,13726.18,0.0545
Nifty 100,2024-10-17,14677.39,2.2218
Nifty Midcap 150,2024-10-17,21914.43,2.5913
Nifty 500,2024-10-17,21761.18,-0.6092
Nifty Smallcap 250,2024-10-17,26796.68,-2.2882
Nifty 50 Hybrid,2024-10-17,7047.32,0.6255
Crisil ST Bond,2024-10-17,6218.86,0.0386
Crisil Liquid,2024-10-17,19601.18,0.1261
Crisil Gilt,2024-10-17,13732.84,0.0485
Nifty 100,2024-10-18,14690.39,0.0886
Nifty Midcap 150,2024-10-18,22168.39,1.1589
Nifty 500,2024-10-18,22043.81,1.2988
Nifty Smallcap 250,2024-10-18,26433.17,-1.3566
Nifty 50 Hybrid,2024-10-18,6991.88,-0.7866
Crisil ST Bond,2024-10-18,6219.45,0.0094
Crisil Liquid,2024-10-18,19607.03,0.0298
Crisil Gilt,2024-10-18,13732.48,-0.0026
Nifty 100,2024-10-21,14758.59,0.4642
Nifty Midcap 150,2024-10-21,22395.86,1.0261
Nifty 500,2024-10-21,22430.17,1.7527
Nifty Smallcap 250,2024-10-21,26594.12,0.6089
Nifty 50 Hybrid,2024-10-21,6934.39,-0.8223
Crisil ST Bond,2024-10-21,6219.78,0.0053
Crisil Liquid,2024-10-21,19609.47,0.0125
Crisil Gilt,2024-10-21,13742.29,0.0715
Nifty 100,2024-10-22,14820.3,0.4182
Nifty Midcap 150,2024-10-22,22861.79,2.0804
Nifty 500,2024-10-22,22333.38,-0.4315
Nifty Smallcap 250,2024-10-22,26704.42,0.4148
Nifty 50 Hybrid,2024-10-22,7099.75,2.3847
Crisil ST Bond,2024-10-22,6217.38,-0.0385
Crisil Liquid,2024-10-22,19616.24,0.0345
Crisil Gilt,2024-10-22,13732.06,-0.0745
Nifty 100,2024-10-23,14836.91,0.1121
Nifty Midcap 150,2024-10-23,22690.27,-0.7502
Nifty 500,2024-10-23,22573.87,1.0768
Nifty Smallcap 250,2024-10-23,26751.78,0.1773
Nifty 50 Hybrid,2024-10-23,7035.47,-0.9054
Crisil ST Bond,2024-10-23,6223.85,0.1041
Crisil Liquid,2024-10-23,19623.69,0.038
Crisil Gilt,2024-10-23,13747.89,0.1153
Nifty 100,2024-10-24,14671.09,-1.1177
Nifty Midcap 150,2024-10-24,22780.77,0.3988
Nifty 500,2024-10-24,22755.21,0.8033
Nifty Smallcap 250,2024-10-24,26646.54,-0.3934
Nifty 50 Hybrid,2024-10-24,6949.0,-1.229
Crisil ST Bond,2024-10-24,6224.84,0.0158
Crisil Liquid,2024-10-24,19651.71,0.1428
Crisil Gilt,2024-10-24,13766.11,0.1326
Nifty 100,2024-10-25,14612.63,-0.3984
Nifty Midcap 150,2024-10-25,22495.31,-1.2531
Nifty 500,2024-10-25,22663.92,-0.4012
Nifty Smallcap 250,2024-10-25,26529.7,-0.4385
Nifty 50 Hybrid,2024-10-25,6982.11,0.4764
Crisil ST Bond,2024-10-25,6225.43,0.0095
Crisil Liquid,2024-10-25,19640.84,-0.0553
Crisil Gilt,2024-10-25,13784.07,0.1304
Nifty 100,2024-10-28,14637.54,0.1704
Nifty Midcap 150,2024-10-28,22600.0,0.4654
Nifty 500,2024-10-28,22279.77,-1.695
Nifty Smallcap 250,2024-10-28,25894.51,-2.3943
Nifty 50 Hybrid,2024-10-28,6883.84,-1.4075
Crisil ST Bond,2024-10-28,6223.68,-0.0281
Crisil Liquid,2024-10-28,19656.09,0.0776
Crisil Gilt,2024-10-28,13754.54,-0.2142
Nifty 100,2024-10-29,14875.08,1.6229
Nifty Midcap 150,2024-10-29,22645.33,0.2006
Nifty 500,2024-10-29,22589.53,1.3903
Nifty Smallcap 250,2024-10-29,25672.86,-0.856
Nifty 50 Hybrid,2024-10-29,6920.59,0.5339
Crisil ST Bond,2024-10-29,6225.46,0.0285
Crisil Liquid,2024-10-29,19676.09,0.1018
Crisil Gilt,2024-10-29,13754.08,-0.0034
Nifty 100,2024-10-30,14949.94,0.5032
Nifty Midcap 150,2024-10-30,22901.72,1.1322
Nifty 500,2024-10-30,22449.21,-0.6212
Nifty Smallcap 250,2024-10-30,25742.75,0.2722
Nifty 50 Hybrid,2024-10-30,6792.01,-1.8579
Crisil ST Bond,2024-10-30,6231.07,0.0903
Crisil Liquid,2024-10-30,19718.48,0.2155
Crisil Gilt,2024-10-30,13739.71,-0.1044
Nifty 100,2024-10-31,14940.76,-0.0614
Nifty Midcap 150,2024-10-31,23110.24,0.9105
Nifty 500,2024-10-31,22463.0,0.0614
Nifty Smallcap 250,2024-10-31,25792.98,0.1951
Nifty 50 Hybrid,2024-10-31,6767.49,-0.361
Crisil ST Bond,2024-10-31,6229.65,-0.0228
Crisil Liquid,2024-10-31,19720.72,0.0113
Crisil Gilt,2024-10-31,13743.03,0.0242
Nifty 100,2024-11-01,14768.73,-1.1514
Nifty Midcap 150,2024-11-01,23101.91,-0.036
Nifty 500,2024-11-01,22822.07,1.5985
Nifty Smallcap 250,2024-11-01,25692.61,-0.3891
Nifty 50 Hybrid,2024-11-01,6685.79,-1.2073
Crisil ST Bond,2024-11-01,6229.96,0.0049
Crisil Liquid,2024-11-01,19710.57,-0.0515
Crisil Gilt,2024-11-01,13727.39,-0.1138
Nifty 100,2024-11-04,14793.71,0.1692
Nifty Midcap 150,2024-11-04,22944.75,-0.6803
Nifty 500,2024-11-04,22686.35,-0.5947
Nifty Smallcap 250,2024-11-04,25739.74,0.1834
Nifty 50 Hybrid,2024-11-04,6585.29,-1.5032
Crisil ST Bond,2024-11-04,6220.35,-0.1542
Crisil Liquid,2024-11-04,19727.74,0.0871
Crisil Gilt,2024-11-04,13703.63,-0.1731
Nifty 100,2024-11-05,14653.66,-0.9467
Nifty Midcap 150,2024-11-05,22538.67,-1.7698
Nifty 500,2024-11-05,22582.87,-0.4561
Nifty Smallcap 250,2024-11-05,25857.64,0.4581
Nifty 50 Hybrid,2024-11-05,6594.67,0.1423
Crisil ST Bond,2024-11-05,6236.47,0.2592
Crisil Liquid,2024-11-05,19753.12,0.1287
Crisil Gilt,2024-11-05,13693.61,-0.0731
Nifty 100,2024-11-06,14482.65,-1.1671
Nifty Midcap 150,2024-11-06,23155.48,2.7367
Nifty 500,2024-11-06,22829.6,1.0926
Nifty Smallcap 250,2024-11-06,26017.79,0.6194
Nifty 50 Hybrid,2024-11-06,6601.58,0.1049
Crisil ST Bond,2024-11-06,6239.43,0.0474
Crisil Liquid,2024-11-06,19727.8,-0.1282
Crisil Gilt,2024-11-06,13698.5,0.0357
Nifty 100,2024-11-07,14497.31,0.1012
Nifty Midcap 150,2024-11-07,22953.07,-0.8741
Nifty 500,2024-11-07,22713.51,-0.5085
Nifty Smallcap 250,2024-11-07,26419.81,1.5452
Nifty 50 Hybrid,2024-11-07,6595.3,-0.0952
Crisil ST Bond,2024-11-07,6253.6,0.2271
Crisil Liquid,2024-11-07,19697.4,-0.1541
Crisil Gilt,2024-11-07,13694.08,-0.0322
Nifty 100,2024-11-08,14277.34,-1.5173
Nifty Midcap 150,2024-11-08,22682.36,-1.1794
Nifty 500,2024-11-08,22532.21,-0.7982
Nifty Smallcap 250,2024-11-08,26511.04,0.3453
Nifty 50 Hybrid,2024-11-08,6614.87,0.2968
Crisil ST Bond,2024-11-08,6250.6,-0.0479
Crisil Liquid,2024-11-08,19657.46,-0.2028
Crisil Gilt,2024-11-08,13717.06,0.1678
Nifty 100,2024-11-11,14240.83,-0.2558
Nifty Midcap 150,2024-11-11,22435.96,-1.0863
Nifty 500,2024-11-11,22600.91,0.3049
Nifty Smallcap 250,2024-11-11,26573.2,0.2344
Nifty 50 Hybrid,2024-11-11,6595.51,-0.2927
Crisil ST Bond,2024-11-11,6252.78,0.0349
Crisil Liquid,2024-11-11,19638.69,-0.0955
Crisil Gilt,2024-11-11,13730.23,0.096
Nifty 100,2024-11-12,14103.14,-0.9669
Nifty Midcap 150,2024-11-12,22306.83,-0.5756
Nifty 500,2024-11-12,22754.33,0.6788
Nifty Smallcap 250,2024-11-12,26901.1,1.234
Nifty 50 Hybrid,2024-11-12,6702.08,1.6158
Crisil ST Bond,2024-11-12,6260.63,0.1256
Crisil Liquid,2024-11-12,19636.25,-0.0124
Crisil Gilt,2024-11-12,13711.81,-0.1341
Nifty 100,2024-11-13,14305.52,1.4351
Nifty Midcap 150,2024-11-13,22619.28,1.4007
Nifty 500,2024-11-13,22608.25,-0.642
Nifty Smallcap 250,2024-11-13,27156.98,0.9512
Nifty 50 Hybrid,2024-11-13,6681.83,-0.3022
Crisil ST Bond,2024-11-13,6271.28,0.1701
Crisil Liquid,2024-11-13,19630.07,-0.0315
Crisil Gilt,2024-11-13,13741.69,0.2179
Nifty 100,2024-11-14,14422.27,0.8161
Nifty Midcap 150,2024-11-14,23032.65,1.8275
Nifty 500,2024-11-14,22510.18,-0.4338
Nifty Smallcap 250,2024-11-14,27275.12,0.435
Nifty 50 Hybrid,2024-11-14,6619.07,-0.9393
Crisil ST Bond,2024-11-14,6277.83,0.1044
Crisil Liquid,2024-11-14,19651.64,0.1099
Crisil Gilt,2024-11-14,13777.37,0.2597
Nifty 100,2024-11-15,14496.12,0.512
Nifty Midcap 150,2024-11-15,23206.34,0.7541
Nifty 500,2024-11-15,22410.95,-0.4408
Nifty Smallcap 250,2024-11-15,27430.97,0.5714
Nifty 50 Hybrid,2024-11-15,6595.91,-0.3499
Crisil ST Bond,2024-11-15,6279.81,0.0316
Crisil Liquid,2024-11-15,19659.0,0.0375
Crisil Gilt,2024-11-15,13775.28,-0.0152
Nifty 100,2024-11-18,14509.6,0.0929
Nifty Midcap 150,2024-11-18,23126.21,-0.3453
Nifty 500,2024-11-18,22332.57,-0.3497
Nifty Smallcap 250,2024-11-18,27734.53,1.1067
Nifty 50 Hybrid,2024-11-18,6609.46,0.2054
Crisil ST Bond,2024-11-18,6283.25,0.0547
Crisil Liquid,2024-11-18,19634.29,-0.1257
Crisil Gilt,2024-11-18,13783.86,0.0623
Nifty 100,2024-11-19,14590.91,0.5604
Nifty Midcap 150,2024-11-19,23041.03,-0.3683
Nifty 500,2024-11-19,22804.91,2.115
Nifty Smallcap 250,2024-11-19,27107.95,-2.2592
Nifty 50 Hybrid,2024-11-19,6663.28,0.8144
Crisil ST Bond,2024-11-19,6288.98,0.0913
Crisil Liquid,2024-11-19,19648.85,0.0742
Crisil Gilt,2024-11-19,13789.05,0.0376
Nifty 100,2024-11-20,14675.64,0.5807
Nifty Midcap 150,2024-11-20,23247.98,0.8982
Nifty 500,2024-11-20,22646.21,-0.6959
Nifty Smallcap 250,2024-11-20,27197.19,0.3292
Nifty 50 Hybrid,2024-11-20,6653.07,-0.1533
Crisil ST Bond,2024-11-20,6283.36,-0.0894
Crisil Liquid,2024-11-20,19666.87,0.0917
Crisil Gilt,2024-11-20,13784.03,-0.0364
Nifty 100,2024-11-21,14460.22,-1.4679
Nifty Midcap 150,2024-11-21,23129.62,-0.5091
Nifty 500,2024-11-21,22472.09,-0.7689
Nifty Smallcap 250,2024-11-21,27485.06,1.0585
Nifty 50 Hybrid,2024-11-21,6665.26,0.1832
Crisil ST Bond,2024-11-21,6293.31,0.1582
Crisil Liquid,2024-11-21,19657.69,-0.0467
Crisil Gilt,2024-11-21,13798.83,0.1074
Nifty 100,2024-11-22,14875.17,2.8696
Nifty Midcap 150,2024-11-22,23218.91,0.386
Nifty 500,2024-11-22,22672.46,0.8916
Nifty Smallcap 250,2024-11-22,27683.92,0.7235
Nifty 50 Hybrid,2024-11-22,6572.47,-1.3921
Crisil ST Bond,2024-11-22,6298.25,0.0786
Crisil Liquid,2024-11-22,19667.65,0.0506
Crisil Gilt,2024-11-22,13798.01,-0.006
Nifty 100,2024-11-25,14748.13,-0.854
Nifty Midcap 150,2024-11-25,23387.01,0.724
Nifty 500,2024-11-25,22458.79,-0.9424
Nifty Smallcap 250,2024-11-25,28282.9,2.1636
Nifty 50 Hybrid,2024-11-25,6581.95,0.1442
Crisil ST Bond,2024-11-25,6291.81,-0.1023
Crisil Liquid,2024-11-25,19661.47,-0.0314
Crisil Gilt,2024-11-25,13796.93,-0.0078
Nifty 100,2024-11-26,15108.34,2.4424
Nifty Midcap 150,2024-11-26,23187.15,-0.8546
Nifty 500,2024-11-26,22439.43,-0.0862
Nifty Smallcap 250,2024-11-26,28139.28,-0.5078
Nifty 50 Hybrid,2024-11-26,6616.78,0.5293
Crisil ST Bond,2024-11-26,6289.78,-0.0322
Crisil Liquid,2024-11-26,19643.01,-0.0939
Crisil Gilt,2024-11-26,13796.99,0.0005
Nifty 100,2024-11-27,15067.64,-0.2694
Nifty Midcap 150,2024-11-27,23056.78,-0.5622
Nifty 500,2024-11-27,22325.25,-0.5088
Nifty Smallcap 250,2024-11-27,28481.08,1.2147
Nifty 50 Hybrid,2024-11-27,6597.61,-0.2897
Crisil ST Bond,2024-11-27,6283.91,-0.0934
Crisil Liquid,2024-11-27,19637.86,-0.0262
Crisil Gilt,2024-11-27,13800.5,0.0254
Nifty 100,2024-11-28,14870.81,-1.3063
Nifty Midcap 150,2024-11-28,23438.59,1.656
Nifty 500,2024-11-28,22525.64,0.8976
Nifty Smallcap 250,2024-11-28,28896.96,1.4602
Nifty 50 Hybrid,2024-11-28,6625.46,0.4221
Crisil ST Bond,2024-11-28,6272.01,-0.1894
Crisil Liquid,2024-11-28,19671.94,0.1735
Crisil Gilt,2024-11-28,13791.35,-0.0664
Nifty 100,2024-11-29,14758.96,-0.7522
Nifty Midcap 150,2024-11-29,23482.26,0.1863
Nifty 500,2024-11-29,22842.85,1.4082
Nifty Smallcap 250,2024-11-29,29209.99,1.0833
Nifty 50 Hybrid,2024-11-29,6687.49,0.9363
Crisil ST Bond,2024-11-29,6271.3,-0.0112
Crisil Liquid,2024-11-29,19669.43,-0.0128
Crisil Gilt,2024-11-29,13798.87,0.0546
Nifty 100,2024-12-02,14744.19,-0.1001
Nifty Midcap 150,2024-12-02,23698.14,0.9193
Nifty 500,2024-12-02,23039.33,0.8601
Nifty Smallcap 250,2024-12-02,29391.49,0.6213
Nifty 50 Hybrid,2024-12-02,6520.58,-2.496
Crisil ST Bond,2024-12-02,6273.36,0.0328
Crisil Liquid,2024-12-02,19671.22,0.0091
Crisil Gilt,2024-12-02,13803.95,0.0368
Nifty 100,2024-12-03,14637.39,-0.7243
Nifty Midcap 150,2024-12-03,23391.3,-1.2948
Nifty 500,2024-12-03,23152.95,0.4931
Nifty Smallcap 250,2024-12-03,29295.58,-0.3263
Nifty 50 Hybrid,2024-12-03,6560.0,0.6047
Crisil ST Bond,2024-12-03,6270.41,-0.0471
Crisil Liquid,2024-12-03,19703.01,0.1616
Crisil Gilt,2024-12-03,13820.53,0.1201
Nifty 100,2024-12-04,14685.23,0.3268
Nifty Midcap 150,2024-12-04,23348.43,-0.1833
Nifty 500,2024-12-04,23357.25,0.8824
Nifty Smallcap 250,2024-12-04,29419.37,0.4225
Nifty 50 Hybrid,2024-12-04,6577.62,0.2686
Crisil ST Bond,2024-12-04,6278.2,0.1243
Crisil Liquid,2024-12-04,19735.06,0.1627
Crisil Gilt,2024-12-04,13805.99,-0.1052
Nifty 100,2024-12-05,14535.39,-1.0204
Nifty Midcap 150,2024-12-05,23173.25,-0.7503
Nifty 500,2024-12-05,23013.33,-1.4724
Nifty Smallcap 250,2024-12-05,29409.73,-0.0327
Nifty 50 Hybrid,2024-12-05,6619.07,0.6301
Crisil ST Bond,2024-12-05,6279.32,0.0179
Crisil Liquid,2024-12-05,19728.46,-0.0334
Crisil Gilt,2024-12-05,13824.3,0.1326
Nifty 100,2024-12-06,14560.18,0.1706
Nifty Midcap 150,2024-12-06,23259.69,0.373
Nifty 500,2024-12-06,23285.86,1.1842
Nifty Smallcap 250,2024-12-06,29382.31,-0.0932
Nifty 50 Hybrid,2024-12-06,6757.42,2.0902
Crisil ST Bond,2024-12-06,6277.76,-0.0248
Crisil Liquid,2024-12-06,19771.82,0.2198
Crisil Gilt,2024-12-06,13813.59,-0.0775
Nifty 100,2024-12-09,14639.89,0.5475
Nifty Midcap 150,2024-12-09,23117.21,-0.6125
Nifty 500,2024-12-09,23553.55,1.1496
Nifty Smallcap 250,2024-12-09,29250.61,-0.4482
Nifty 50 Hybrid,2024-12-09,6779.11,0.3209
Crisil ST Bond,2024-12-09,6274.94,-0.0451
Crisil Liquid,2024-12-09,19794.31,0.1137
Crisil Gilt,2024-12-09,13807.29,-0.0456
Nifty 100,2024-12-10,14890.73,1.7134
Nifty Midcap 150,2024-12-10,22893.9,-0.966
Nifty 500,2024-12-10,23243.67,-1.3156
Nifty Smallcap 250,2024-12-10,29537.72,0.9816
Nifty 50 Hybrid,2024-12-10,6741.03,-0.5616
Crisil ST Bond,2024-12-10,6276.15,0.0193
Crisil Liquid,2024-12-10,19791.89,-0.0122
Crisil Gilt,2024-12-10,13791.93,-0.1113
Nifty 100,2024-12-11,14883.74,-0.047
Nifty Midcap 150,2024-12-11,23190.36,1.2949
Nifty 500,2024-12-11,23483.81,1.0331
Nifty Smallcap 250,2024-12-11,29615.05,0.2618
Nifty 50 Hybrid,2024-12-11,6818.03,1.1423
Crisil ST Bond,2024-12-11,6270.75,-0.086
Crisil Liquid,2024-12-11,19789.41,-0.0125
Crisil Gilt,2024-12-11,13800.15,0.0596
Nifty 100,2024-12-12,14868.79,-0.1004
Nifty Midcap 150,2024-12-12,23140.08,-0.2168
Nifty 500,2024-12-12,23208.9,-1.1706
Nifty Smallcap 250,2024-12-12,29007.54,-2.0513
Nifty 50 Hybrid,2024-12-12,6875.84,0.8479
Crisil ST Bond,2024-12-12,6273.53,0.0443
Crisil Liquid,2024-12-12,19811.21,0.1102
Crisil Gilt,2024-12-12,13796.88,-0.0237
Nifty 100,2024-12-13,14767.27,-0.6828
Nifty Midcap 150,2024-12-13,23148.53,0.0365
Nifty 500,2024-12-13,23414.11,0.8842
Nifty Smallcap 250,2024-12-13,28949.11,-0.2015
Nifty 50 Hybrid,2024-12-13,6933.03,0.8318
Crisil ST Bond,2024-12-13,6268.47,-0.0806
Crisil Liquid,2024-12-13,19811.98,0.0039
Crisil Gilt,2024-12-13,13798.67,0.013
Nifty 100,2024-12-16,14952.8,1.2564
Nifty Midcap 150,2024-12-16,23203.54,0.2376
Nifty 500,2024-12-16,23829.97,1.7761
Nifty Smallcap 250,2024-12-16,28567.65,-1.3177
Nifty 50 Hybrid,2024-12-16,6944.12,0.1599
Crisil ST Bond,2024-12-16,6270.85,0.0379
Crisil Liquid,2024-12-16,19828.23,0.082
Crisil Gilt,2024-12-16,13790.2,-0.0613
Nifty 100,2024-12-17,15209.16,1.7144
Nifty Midcap 150,2024-12-17,23213.51,0.043
Nifty 500,2024-12-17,23578.07,-1.0571
Nifty Smallcap 250,2024-12-17,28571.64,0.014
Nifty 50 Hybrid,2024-12-17,6924.46,-0.2832
Crisil ST Bond,2024-12-17,6289.56,0.2983
Crisil Liquid,2024-12-17,19853.01,0.125
Crisil Gilt,2024-12-17,13793.65,0.025
Nifty 100,2024-12-18,15196.7,-0.0819
Nifty Midcap 150,2024-12-18,23441.25,0.9811
Nifty 500,2024-12-18,23820.65,1.0289
Nifty Smallcap 250,2024-12-18,27748.34,-2.8815
Nifty 50 Hybrid,2024-12-18,6971.06,0.673
Crisil ST Bond,2024-12-18,6290.99,0.0228
Crisil Liquid,2024-12-18,19830.95,-0.1111
Crisil Gilt,2024-12-18,13808.55,0.108
Nifty 100,2024-12-19,15542.61,2.2762
Nifty Midcap 150,2024-12-19,23578.8,0.5868
Nifty 500,2024-12-19,24089.93,1.1304
Nifty Smallcap 250,2024-12-19,28257.27,1.8341
Nifty 50 Hybrid,2024-12-19,6915.27,-0.8003
Crisil ST Bond,2024-12-19,6280.56,-0.1658
Crisil Liquid,2024-12-19,19847.94,0.0857
Crisil Gilt,2024-12-19,13807.89,-0.0048
Nifty 100,2024-12-20,15333.69,-1.3442
Nifty Midcap 150,2024-12-20,23567.44,-0.0482
Nifty 500,2024-12-20,24272.42,0.7575
Nifty Smallcap 250,2024-12-20,28223.65,-0.119
Nifty 50 Hybrid,2024-12-20,6862.93,-0.7568
Crisil ST Bond,2024-12-20,6280.42,-0.0024
Crisil Liquid,2024-12-20,19851.53,0.0181
Crisil Gilt,2024-12-20,13784.01,-0.1729
Nifty 100,2024-12-23,15316.4,-0.1128
Nifty Midcap 150,2024-12-23,23257.68,-1.3143
Nifty 500,2024-12-23,24439.66,0.689
Nifty Smallcap 250,2024-12-23,27791.54,-1.531
Nifty 50 Hybrid,2024-12-23,6934.49,1.0427
Crisil ST Bond,2024-12-23,6279.1,-0.0209
Crisil Liquid,2024-12-23,19844.72,-0.0343
Crisil Gilt,2024-12-23,13790.83,0.0494
Nifty 100,2024-12-24,15188.35,-0.836
Nifty Midcap 150,2024-12-24,23329.49,0.3087
Nifty 500,2024-12-24,24268.07,-0.7021
Nifty Smallcap 250,2024-12-24,27645.15,-0.5267
Nifty 50 Hybrid,2024-12-24,6964.68,0.4354
Crisil ST Bond,2024-12-24,6273.21,-0.0939
Crisil Liquid,2024-12-24,19823.6,-0.1064
Crisil Gilt,2024-12-24,13797.01,0.0448
Nifty 100,2024-12-25,15188.82,0.0031
Nifty Midcap 150,2024-12-25,23375.85,0.1987
Nifty 500,2024-12-25,24354.86,0.3576
Nifty Smallcap 250,2024-12-25,27669.31,0.0874
Nifty 50 Hybrid,2024-12-25,7009.12,0.6381
Crisil ST Bond,2024-12-25,6275.08,0.0297
Crisil Liquid,2024-12-25,19787.77,-0.1807
Crisil Gilt,2024-12-25,13775.65,-0.1548
Nifty 100,2024-12-26,15486.21,1.9579
Nifty Midcap 150,2024-12-26,23382.88,0.0301
Nifty 500,2024-12-26,24593.6,0.9802
Nifty Smallcap 250,2024-12-26,27581.95,-0.3157
Nifty 50 Hybrid,2024-12-26,7007.16,-0.028
Crisil ST Bond,2024-12-26,6273.49,-0.0253
Crisil Liquid,2024-12-26,19840.52,0.2666
Crisil Gilt,2024-12-26,13781.89,0.0453
Nifty 100,2024-12-27,15408.02,-0.5049
Nifty Midcap 150,2024-12-27,23003.71,-1.6215
Nifty 500,2024-12-27,25086.39,2.0037
Nifty Smallcap 250,2024-12-27,27545.19,-0.1333
Nifty 50 Hybrid,2024-12-27,7061.41,0.7742
Crisil ST Bond,2024-12-27,6280.11,0.1056
Crisil Liquid,2024-12-27,19835.31,-0.0263
Crisil Gilt,2024-12-27,13793.92,0.0872
Nifty 100,2024-12-30,15319.56,-0.5741
Nifty Midcap 150,2024-12-30,22782.78,-0.9604
Nifty 500,2024-12-30,25386.04,1.1945
Nifty Smallcap 250,2024-12-30,27509.88,-0.1282
Nifty 50 Hybrid,2024-12-30,7100.14,0.5485
Crisil ST Bond,2024-12-30,6283.95,0.0611
Crisil Liquid,2024-12-30,19851.93,0.0838
Crisil Gilt,2024-12-30,13775.21,-0.1357
Nifty 100,2024-12-31,15234.49,-0.5553
Nifty Midcap 150,2024-12-31,22715.69,-0.2945
Nifty 500,2024-12-31,25182.57,-0.8015
Nifty Smallcap 250,2024-12-31,27636.15,0.459
Nifty 50 Hybrid,2024-12-31,7186.55,1.2169
Crisil ST Bond,2024-12-31,6293.66,0.1545
Crisil Liquid,2024-12-31,19849.16,-0.0139
Crisil Gilt,2024-12-31,13781.98,0.0492
Nifty 100,2025-01-01,15306.95,0.4756
Nifty Midcap 150,2025-01-01,22863.63,0.6513
Nifty 500,2025-01-01,24968.99,-0.8481
Nifty Smallcap 250,2025-01-01,28147.58,1.8506
Nifty 50 Hybrid,2025-01-01,7255.29,0.9565
Crisil ST Bond,2025-01-01,6300.91,0.1153
Crisil Liquid,2025-01-01,19877.02,0.1403
Crisil Gilt,2025-01-01,13792.1,0.0734
Nifty 100,2025-01-02,15154.29,-0.9973
Nifty Midcap 150,2025-01-02,22838.71,-0.109
Nifty 500,2025-01-02,24564.23,-1.6211
Nifty Smallcap 250,2025-01-02,28272.86,0.4451
Nifty 50 Hybrid,2025-01-02,7245.19,-0.1392
Crisil ST Bond,2025-01-02,6301.92,0.0159
Crisil Liquid,2025-01-02,19904.93,0.1404
Crisil Gilt,2025-01-02,13788.56,-0.0257
Nifty 100,2025-01-03,15120.63,-0.2221
Nifty Midcap 150,2025-01-03,22850.58,0.052
Nifty 500,2025-01-03,24119.62,-1.81
Nifty Smallcap 250,2025-01-03,28206.12,-0.2361
Nifty 50 Hybrid,2025-01-03,7067.26,-2.4558
Crisil ST Bond,2025-01-03,6299.49,-0.0386
Crisil Liquid,2025-01-03,19925.93,0.1055
Crisil Gilt,2025-01-03,13797.48,0.0647
Nifty 100,2025-01-06,15035.23,-0.5648
Nifty Midcap 150,2025-01-06,22866.76,0.0708
Nifty 500,2025-01-06,23867.57,-1.045
Nifty Smallcap 250,2025-01-06,28213.92,0.0277
Nifty 50 Hybrid,2025-01-06,7276.47,2.9603
Crisil ST Bond,2025-01-06,6312.37,0.2046
Crisil Liquid,2025-01-06,19930.97,0.0253
Crisil Gilt,2025-01-06,13802.45,0.036
Nifty 100,2025-01-07,14892.46,-0.9496
Nifty Midcap 150,2025-01-07,22690.28,-0.7718
Nifty 500,2025-01-07,23961.18,0.3922
Nifty Smallcap 250,2025-01-07,28074.29,-0.4949
Nifty 50 Hybrid,2025-01-07,7344.45,0.9341
Crisil ST Bond,2025-01-07,6323.54,0.177
Crisil Liquid,2025-01-07,19941.58,0.0533
Crisil Gilt,2025-01-07,13806.62,0.0302
Nifty 100,2025-01-08,14646.62,-1.6508
Nifty Midcap 150,2025-01-08,22866.72,0.7776
Nifty 500,2025-01-08,23694.33,-1.1137
Nifty Smallcap 250,2025-01-08,27965.36,-0.388
Nifty 50 Hybrid,2025-01-08,7417.12,0.9896
Crisil ST Bond,2025-01-08,6331.32,0.123
Crisil Liquid,2025-01-08,19936.27,-0.0267
Crisil Gilt,2025-01-08,13803.73,-0.0209
Nifty 100,2025-01-09,14548.59,-0.6693
Nifty Midcap 150,2025-01-09,22599.67,-1.1679
Nifty 500,2025-01-09,23551.03,-0.6048
Nifty Smallcap 250,2025-01-09,27522.63,-1.5831
Nifty 50 Hybrid,2025-01-09,7470.01,0.7131
Crisil ST Bond,2025-01-09,6335.09,0.0595
Crisil Liquid,2025-01-09,19951.43,0.0761
Crisil Gilt,2025-01-09,13793.32,-0.0754
Nifty 100,2025-01-10,14379.08,-1.1651
Nifty Midcap 150,2025-01-10,22618.54,0.0835
Nifty 500,2025-01-10,23573.19,0.0941
Nifty Smallcap 250,2025-01-10,27490.36,-0.1173
Nifty 50 Hybrid,2025-01-10,7450.63,-0.2595
Crisil ST Bond,2025-01-10,6347.19,0.1911
Crisil Liquid,2025-01-10,19963.92,0.0626
Crisil Gilt,2025-01-10,13823.26,0.2171
Nifty 100,2025-01-13,14565.86,1.299
Nifty Midcap 150,2025-01-13,23010.58,1.7333
Nifty 500,2025-01-13,23326.98,-1.0445
Nifty Smallcap 250,2025-01-13,27661.67,0.6232
Nifty 50 Hybrid,2025-01-13,7420.7,-0.4018
Crisil ST Bond,2025-01-13,6337.9,-0.1463
Crisil Liquid,2025-01-13,19997.78,0.1696
Crisil Gilt,2025-01-13,13821.96,-0.0094
Nifty 100,2025-01-14,14416.55,-1.0251
Nifty Midcap 150,2025-01-14,22922.09,-0.3846
Nifty 500,2025-01-14,23148.24,-0.7662
Nifty Smallcap 250,2025-01-14,27478.08,-0.6637
Nifty 50 Hybrid,2025-01-14,7406.48,-0.1916
Crisil ST Bond,2025-01-14,6350.14,0.1931
Crisil Liquid,2025-01-14,19988.45,-0.0466
Crisil Gilt,2025-01-14,13847.66,0.1859
Nifty 100,2025-01-15,14543.25,0.8788
Nifty Midcap 150,2025-01-15,23019.8,0.4263
Nifty 500,2025-01-15,23328.36,0.7781
Nifty Smallcap 250,2025-01-15,27490.07,0.0437
Nifty 50 Hybrid,2025-01-15,7503.95,1.3161
Crisil ST Bond,2025-01-15,6355.01,0.0767
Crisil Liquid,2025-01-15,19959.18,-0.1465
Crisil Gilt,2025-01-15,13854.53,0.0496
Nifty 100,2025-01-16,14661.62,0.814
Nifty Midcap 150,2025-01-16,22960.18,-0.259
Nifty 500,2025-01-16,23364.81,0.1563
Nifty Smallcap 250,2025-01-16,27329.85,-0.5829
Nifty 50 Hybrid,2025-01-16,7402.83,-1.3476
Crisil ST Bond,2025-01-16,6346.43,-0.135
Crisil Liquid,2025-01-16,19932.49,-0.1337
Crisil Gilt,2025-01-16,13866.57,0.0869
Nifty 100,2025-01-17,14300.91,-2.4603
Nifty Midcap 150,2025-01-17,22814.04,-0.6365
Nifty 500,2025-01-17,23192.93,-0.7357
Nifty Smallcap 250,2025-01-17,27260.93,-0.2522
Nifty 50 Hybrid,2025-01-17,7267.62,-1.8264
Crisil ST Bond,2025-01-17,6350.26,0.0604
Crisil Liquid,2025-01-17,19911.1,-0.1073
Crisil Gilt,2025-01-17,13885.05,0.1332
Nifty 100,2025-01-20,14216.28,-0.5918
Nifty Midcap 150,2025-01-20,22799.08,-0.0656
Nifty 500,2025-01-20,23200.76,0.0338
Nifty Smallcap 250,2025-01-20,27335.69,0.2742
Nifty 50 Hybrid,2025-01-20,7272.49,0.067
Crisil ST Bond,2025-01-20,6348.82,-0.0227
Crisil Liquid,2025-01-20,19921.91,0.0543
Crisil Gilt,2025-01-20,13894.3,0.0666
Nifty 100,2025-01-21,14111.77,-0.7351
Nifty Midcap 150,2025-01-21,22903.12,0.4564
Nifty 500,2025-01-21,23484.21,1.2217
Nifty Smallcap 250,2025-01-21,27536.85,0.7359
Nifty 50 Hybrid,2025-01-21,7342.48,0.9624
Crisil ST Bond,2025-01-21,6351.18,0.0372
Crisil Liquid,2025-01-21,19907.25,-0.0736
Crisil Gilt,2025-01-21,13885.83,-0.061
Nifty 100,2025-01-22,14161.15,0.3499
Nifty Midcap 150,2025-01-22,23125.92,0.9728
Nifty 500,2025-01-22,24145.5,2.8159
Nifty Smallcap 250,2025-01-22,27815.48,1.0118
Nifty 50 Hybrid,2025-01-22,7258.74,-1.1404
Crisil ST Bond,2025-01-22,6347.58,-0.0567
Crisil Liquid,2025-01-22,19956.59,0.2479
Crisil Gilt,2025-01-22,13885.63,-0.0014
Nifty 100,2025-01-23,14172.12,0.0775
Nifty Midcap 150,2025-01-23,22910.75,-0.9304
Nifty 500,2025-01-23,24530.65,1.5951
Nifty Smallcap 250,2025-01-23,27962.99,0.5303
Nifty 50 Hybrid,2025-01-23,7204.69,-0.7446
Crisil ST Bond,2025-01-23,6342.54,-0.0794
Crisil Liquid,2025-01-23,19966.71,0.0507
Crisil Gilt,2025-01-23,13889.02,0.0244
Nifty 100,2025-01-24,14294.3,0.8621
Nifty Midcap 150,2025-01-24,23042.94,0.577
Nifty 500,2025-01-24,24473.13,-0.2345
Nifty Smallcap 250,2025-01-24,27819.32,-0.5138
Nifty 50 Hybrid,2025-01-24,7195.33,-0.1299
Crisil ST Bond,2025-01-24,6340.31,-0.0351
Crisil Liquid,2025-01-24,19968.1,0.007
Crisil Gilt,2025-01-24,13892.03,0.0216
Nifty 100,2025-01-27,14170.24,-0.8679
Nifty Midcap 150,2025-01-27,23195.18,0.6607
Nifty 500,2025-01-27,24389.82,-0.3404
Nifty Smallcap 250,2025-01-27,27593.46,-0.8119
Nifty 50 Hybrid,2025-01-27,7172.19,-0.3216
Crisil ST Bond,2025-01-27,6343.12,0.0442
Crisil Liquid,2025-01-27,19973.75,0.0283
Crisil Gilt,2025-01-27,13900.67,0.0622
Nifty 100,2025-01-28,14301.79,0.9283
Nifty Midcap 150,2025-01-28,23504.82,1.3349
Nifty 500,2025-01-28,24466.76,0.3155
Nifty Smallcap 250,2025-01-28,27306.65,-1.0394
Nifty 50 Hybrid,2025-01-28,7155.04,-0.2391
Crisil ST Bond,2025-01-28,6338.02,-0.0804
Crisil Liquid,2025-01-28,20011.64,0.1897
Crisil Gilt,2025-01-28,13931.07,0.2187
Nifty 100,2025-01-29,14399.08,0.6803
Nifty Midcap 150,2025-01-29,23713.65,0.8885
Nifty 500,2025-01-29,24535.5,0.2809
Nifty Smallcap 250,2025-01-29,27414.8,0.3961
Nifty 50 Hybrid,2025-01-29,7042.89,-1.5675
Crisil ST Bond,2025-01-29,6338.81,0.0126
Crisil Liquid,2025-01-29,19998.01,-0.0681
Crisil Gilt,2025-01-29,13937.78,0.0481
Nifty 100,2025-01-30,14394.82,-0.0296
Nifty Midcap 150,2025-01-30,24182.43,1.9768
Nifty 500,2025-01-30,24767.76,0.9466
Nifty Smallcap 250,2025-01-30,27501.02,0.3145
Nifty 50 Hybrid,2025-01-30,7026.2,-0.2369
Crisil ST Bond,2025-01-30,6350.71,0.1876
Crisil Liquid,2025-01-30,20001.41,0.017
Crisil Gilt,2025-01-30,13945.19,0.0532
Nifty 100,2025-01-31,14405.22,0.0722
Nifty Midcap 150,2025-01-31,24091.95,-0.3742
Nifty 500,2025-01-31,24784.23,0.0665
Nifty Smallcap 250,2025-01-31,26969.71,-1.932
Nifty 50 Hybrid,2025-01-31,6919.56,-1.5177
Crisil ST Bond,2025-01-31,6354.2,0.055
Crisil Liquid,2025-01-31,20036.78,0.1768
Crisil Gilt,2025-01-31,13952.84,0.0548
Nifty 100,2025-02-03,14305.77,-0.6904
Nifty Midcap 150,2025-02-03,23751.56,-1.4129
Nifty 500,2025-02-03,24986.11,0.8145
Nifty Smallcap 250,2025-02-03,26824.83,-0.5372
Nifty 50 Hybrid,2025-02-03,6966.15,0.6732
Crisil ST Bond,2025-02-03,6357.95,0.059
Crisil Liquid,2025-02-03,20050.37,0.0678
Crisil Gilt,2025-02-03,13956.1,0.0234
Nifty 100,2025-02-04,14364.95,0.4136
Nifty Midcap 150,2025-02-04,23730.32,-0.0895
Nifty 500,2025-02-04,24834.86,-0.6053
Nifty Smallcap 250,2025-02-04,26574.42,-0.9335
Nifty 50 Hybrid,2025-02-04,6802.1,-2.355
Crisil ST Bond,2025-02-04,6358.07,0.0019
Crisil Liquid,2025-02-04,20084.84,0.1719
Crisil Gilt,2025-02-04,13969.08,0.093
Nifty 100,2025-02-05,14401.97,0.2577
Nifty Midcap 150,2025-02-05,23563.25,-0.704
Nifty 500,2025-02-05,25090.0,1.0273
Nifty Smallcap 250,2025-02-05,26550.69,-0.0893
Nifty 50 Hybrid,2025-02-05,6911.26,1.6049
Crisil ST Bond,2025-02-05,6353.1,-0.0781
Crisil Liquid,2025-02-05,20073.8,-0.055
Crisil Gilt,2025-02-05,13960.03,-0.0647
Nifty 100,2025-02-06,14192.83,-1.4521
Nifty Midcap 150,2025-02-06,23349.52,-0.907
Nifty 500,2025-02-06,25123.43,0.1332
Nifty Smallcap 250,2025-02-06,26369.56,-0.6822
Nifty 50 Hybrid,2025-02-06,6646.81,-3.8264
Crisil ST Bond,2025-02-06,6361.19,0.1274
Crisil Liquid,2025-02-06,20044.0,-0.1484
Crisil Gilt,2025-02-06,13971.05,0.0789
Nifty 100,2025-02-07,14201.52,0.0612
Nifty Midcap 150,2025-02-07,23850.92,2.1474
Nifty 500,2025-02-07,25381.43,1.027
Nifty Smallcap 250,2025-02-07,26244.41,-0.4746
Nifty 50 Hybrid,2025-02-07,6602.14,-0.6721
Crisil ST Bond,2025-02-07,6372.03,0.1703
Crisil Liquid,2025-02-07,20018.43,-0.1276
Crisil Gilt,2025-02-07,13976.51,0.0391
Nifty 100,2025-02-10,14187.16,-0.1011
Nifty Midcap 150,2025-02-10,23776.22,-0.3132
Nifty 500,2025-02-10,25478.77,0.3835
Nifty Smallcap 250,2025-02-10,26302.03,0.2196
Nifty 50 Hybrid,2025-02-10,6634.32,0.4874
Crisil ST Bond,2025-02-10,6374.19,0.0339
Crisil Liquid,2025-02-10,20030.8,0.0618
Crisil Gilt,2025-02-10,13980.61,0.0293
Nifty 100,2025-02-11,14097.86,-0.6294
Nifty Midcap 150,2025-02-11,23784.3,0.034
Nifty 500,2025-02-11,25304.4,-0.6844
Nifty Smallcap 250,2025-02-11,26104.67,-0.7504
Nifty 50 Hybrid,2025-02-11,6614.01,-0.3062
Crisil ST Bond,2025-02-11,6374.7,0.0081
Crisil Liquid,2025-02-11,20035.51,0.0235
Crisil Gilt,2025-02-11,13996.22,0.1116
Nifty 100,2025-02-12,14031.82,-0.4685
Nifty Midcap 150,2025-02-12,23838.26,0.2269
Nifty 500,2025-02-12,25341.86,0.148
Nifty Smallcap 250,2025-02-12,25953.62,-0.5786
Nifty 50 Hybrid,2025-02-12,6620.87,0.1037
Crisil ST Bond,2025-02-12,6382.37,0.1203
Crisil Liquid,2025-02-12,20043.25,0.0387
Crisil Gilt,2025-02-12,14002.19,0.0427
Nifty 100,2025-02-13,13937.06,-0.6753
Nifty Midcap 150,2025-02-13,24314.75,1.9989
Nifty 500,2025-02-13,25185.16,-0.6184
Nifty Smallcap 250,2025-02-13,25528.55,-1.6378
Nifty 50 Hybrid,2025-02-13,6679.81,0.8902
Crisil ST Bond,2025-02-13,6382.91,0.0085
Crisil Liquid,2025-02-13,20041.19,-0.0103
Crisil Gilt,2025-02-13,13997.35,-0.0346
Nifty 100,2025-02-14,14202.1,1.9017
Nifty Midcap 150,2025-02-14,24408.26,0.3846
Nifty 500,2025-02-14,25331.17,0.5798
Nifty Smallcap 250,2025-02-14,25577.73,0.1926
Nifty 50 Hybrid,2025-02-14,6699.85,0.3
Crisil ST Bond,2025-02-14,6393.11,0.1599
Crisil Liquid,2025-02-14,20040.17,-0.0051
Crisil Gilt,2025-02-14,13979.76,-0.1257
Nifty 100,2025-02-17,14329.64,0.8981
Nifty Midcap 150,2025-02-17,24536.82,0.5267
Nifty 500,2025-02-17,25366.12,0.138
Nifty Smallcap 250,2025-02-17,25705.81,0.5008
Nifty 50 Hybrid,2025-02-17,6677.02,-0.3407
Crisil ST Bond,2025-02-17,6394.53,0.0221
Crisil Liquid,2025-02-17,20041.54,0.0068
Crisil Gilt,2025-02-17,13974.29,-0.0391
Nifty 100,2025-02-18,14504.35,1.2192
Nifty Midcap 150,2025-02-18,24197.66,-1.3823
Nifty 500,2025-02-18,25972.59,2.3909
Nifty Smallcap 250,2025-02-18,25939.05,0.9074
Nifty 50 Hybrid,2025-02-18,6560.31,-1.748
Crisil ST Bond,2025-02-18,6394.37,-0.0024
Crisil Liquid,2025-02-18,20042.17,0.0031
Crisil Gilt,2025-02-18,13982.56,0.0592
Nifty 100,2025-02-19,14365.19,-0.9594
Nifty Midcap 150,2025-02-19,24212.67,0.062
Nifty 500,2025-02-19,25948.93,-0.0911
Nifty Smallcap 250,2025-02-19,25755.5,-0.7076
Nifty 50 Hybrid,2025-02-19,6504.76,-0.8468
Crisil ST Bond,2025-02-19,6401.52,0.1119
Crisil Liquid,2025-02-19,20012.17,-0.1497
Crisil Gilt,2025-02-19,13992.04,0.0678
Nifty 100,2025-02-20,14484.07,0.8275
Nifty Midcap 150,2025-02-20,24167.01,-0.1886
Nifty 500,2025-02-20,25970.3,0.0824
Nifty Smallcap 250,2025-02-20,26062.89,1.1935
Nifty 50 Hybrid,2025-02-20,6460.86,-0.6749
Crisil ST Bond,2025-02-20,6398.95,-0.0402
Crisil Liquid,2025-02-20,20006.26,-0.0295
Crisil Gilt,2025-02-20,14011.14,0.1365
Nifty 100,2025-02-21,14675.59,1.3223
Nifty Midcap 150,2025-02-21,23836.92,-1.3659
Nifty 500,2025-02-21,26239.42,1.0362
Nifty Smallcap 250,2025-02-21,26284.14,0.8489
Nifty 50 Hybrid,2025-02-21,6563.18,1.5836
Crisil ST Bond,2025-02-21,6402.7,0.0585
Crisil Liquid,2025-02-21,20009.37,0.0156
Crisil Gilt,2025-02-21,14029.99,0.1345
Nifty 100,2025-02-24,14782.56,0.7289
Nifty Midcap 150,2025-02-24,24379.18,2.2749
Nifty 500,2025-02-24,26498.85,0.9887
Nifty Smallcap 250,2025-02-24,26332.39,0.1835
Nifty 50 Hybrid,2025-02-24,6488.09,-1.1441
Crisil ST Bond,2025-02-24,6400.26,-0.0381
Crisil Liquid,2025-02-24,19984.64,-0.1236
Crisil Gilt,2025-02-24,14029.78,-0.0015
Nifty 100,2025-02-25,14923.89,0.9561
Nifty Midcap 150,2025-02-25,24385.6,0.0263
Nifty 500,2025-02-25,26777.54,1.0517
Nifty Smallcap 250,2025-02-25,26429.18,0.3676
Nifty 50 Hybrid,2025-02-25,6463.88,-0.3731
Crisil ST Bond,2025-02-25,6402.1,0.0288
Crisil Liquid,2025-02-25,19998.08,0.0672
Crisil Gilt,2025-02-25,14034.54,0.0339
Nifty 100,2025-02-26,14950.86,0.1807
Nifty Midcap 150,2025-02-26,24205.38,-0.7391
Nifty 500,2025-02-26,26669.64,-0.403
Nifty Smallcap 250,2025-02-26,27034.0,2.2885
Nifty 50 Hybrid,2025-02-26,6545.23,1.2585
Crisil ST Bond,2025-02-26,6393.94,-0.1274
Crisil Liquid,2025-02-26,19954.74,-0.2167
Crisil Gilt,2025-02-26,14038.41,0.0276
Nifty 100,2025-02-27,15088.92,0.9235
Nifty Midcap 150,2025-02-27,24086.79,-0.4899
Nifty 500,2025-02-27,26950.11,1.0517
Nifty Smallcap 250,2025-02-27,27058.24,0.0897
Nifty 50 Hybrid,2025-02-27,6536.52,-0.1331
Crisil ST Bond,2025-02-27,6400.06,0.0956
Crisil Liquid,2025-02-27,19948.12,-0.0332
Crisil Gilt,2025-02-27,14037.19,-0.0087
Nifty 100,2025-02-28,15194.57,0.7002
Nifty Midcap 150,2025-02-28,24086.45,-0.0014
Nifty 500,2025-02-28,27472.61,1.9388
Nifty Smallcap 250,2025-02-28,27254.09,0.7238
Nifty 50 Hybrid,2025-02-28,6579.58,0.6588
Crisil ST Bond,2025-02-28,6401.02,0.015
Crisil Liquid,2025-02-28,19969.56,0.1075
Crisil Gilt,2025-02-28,14035.47,-0.0123
Nifty 100,2025-03-03,15242.04,0.3124
Nifty Midcap 150,2025-03-03,23872.97,-0.8863
Nifty 500,2025-03-03,27766.42,1.0694
Nifty Smallcap 250,2025-03-03,27341.47,0.3206
Nifty 50 Hybrid,2025-03-03,6712.0,2.0125
Crisil ST Bond,2025-03-03,6417.61,0.2592
Crisil Liquid,2025-03-03,19988.79,0.0963
Crisil Gilt,2025-03-03,14039.24,0.0268
Nifty 100,2025-03-04,15102.41,-0.9161
Nifty Midcap 150,2025-03-04,24096.13,0.9347
Nifty 500,2025-03-04,27833.13,0.2403
Nifty Smallcap 250,2025-03-04,27496.78,0.568
Nifty 50 Hybrid,2025-03-04,6830.11,1.7598
Crisil ST Bond,2025-03-04,6413.61,-0.0624
Crisil Liquid,2025-03-04,19974.32,-0.0724
Crisil Gilt,2025-03-04,14038.73,-0.0036
Nifty 100,2025-03-05,15230.96,0.8512
Nifty Midcap 150,2025-03-05,24237.06,0.5849
Nifty 500,2025-03-05,27592.19,-0.8657
Nifty Smallcap 250,2025-03-05,27713.05,0.7866
Nifty 50 Hybrid,2025-03-05,6750.12,-1.1712
Crisil ST Bond,2025-03-05,6409.52,-0.0638
Crisil Liquid,2025-03-05,19976.0,0.0085
Crisil Gilt,2025-03-05,14033.77,-0.0353
Nifty 100,2025-03-06,15371.07,0.9199
Nifty Midcap 150,2025-03-06,24313.74,0.3164
Nifty 500,2025-03-06,28087.62,1.7956
Nifty Smallcap 250,2025-03-06,27652.87,-0.2172
Nifty 50 Hybrid,2025-03-06,6743.89,-0.0922
Crisil ST Bond,2025-03-06,6418.56,0.141
Crisil Liquid,2025-03-06,19978.18,0.0109
Crisil Gilt,2025-03-06,14057.54,0.1694
Nifty 100,2025-03-07,15458.81,0.5708
Nifty Midcap 150,2025-03-07,23748.98,-2.3228
Nifty 500,2025-03-07,28426.8,1.2076
Nifty Smallcap 250,2025-03-07,27913.56,0.9427
Nifty 50 Hybrid,2025-03-07,6810.07,0.9813
Crisil ST Bond,2025-03-07,6407.57,-0.1711
Crisil Liquid,2025-03-07,19968.93,-0.0463
Crisil Gilt,2025-03-07,14052.08,-0.0389
Nifty 100,2025-03-10,15333.42,-0.8111
Nifty Midcap 150,2025-03-10,24169.8,1.7719
Nifty 500,2025-03-10,28431.98,0.0182
Nifty Smallcap 250,2025-03-10,27911.73,-0.0066
Nifty 50 Hybrid,2025-03-10,6849.71,0.582
Crisil ST Bond,2025-03-10,6412.5,0.0769
Crisil Liquid,2025-03-10,19906.33,-0.3135
Crisil Gilt,2025-03-10,14045.8,-0.0446
Nifty 100,2025-03-11,15121.39,-1.3828
Nifty Midcap 150,2025-03-11,24273.8,0.4303
Nifty 500,2025-03-11,28358.37,-0.2589
Nifty Smallcap 250,2025-03-11,27924.39,0.0454
Nifty 50 Hybrid,2025-03-11,6709.39,-2.0485
Crisil ST Bond,2025-03-11,6411.8,-0.011
Crisil Liquid,2025-03-11,19932.51,0.1315
Crisil Gilt,2025-03-11,14068.41,0.1609
Nifty 100,2025-03-12,15234.63,0.7489
Nifty Midcap 150,2025-03-12,23956.91,-1.3055
Nifty 500,2025-03-12,28724.03,1.2894
Nifty Smallcap 250,2025-03-12,28134.94,0.754
Nifty 50 Hybrid,2025-03-12,6703.54,-0.0872
Crisil ST Bond,2025-03-12,6400.1,-0.1825
Crisil Liquid,2025-03-12,19955.51,0.1154
Crisil Gilt,2025-03-12,14062.89,-0.0392
Nifty 100,2025-03-13,15291.94,0.3762
Nifty Midcap 150,2025-03-13,23980.49,0.0984
Nifty 500,2025-03-13,29174.53,1.5684
Nifty Smallcap 250,2025-03-13,28108.11,-0.0954
Nifty 50 Hybrid,2025-03-13,6704.54,0.0149
Crisil ST Bond,2025-03-13,6411.48,0.1779
Crisil Liquid,2025-03-13,19946.36,-0.0458
Crisil Gilt,2025-03-13,14077.16,0.1014
Nifty 100,2025-03-14,15266.15,-0.1686
Nifty Midcap 150,2025-03-14,23747.27,-0.9725
Nifty 500,2025-03-14,29183.62,0.0312
Nifty Smallcap 250,2025-03-14,28310.97,0.7217
Nifty 50 Hybrid,2025-03-14,6797.31,1.3837
Crisil ST Bond,2025-03-14,6422.22,0.1675
Crisil Liquid,2025-03-14,19944.47,-0.0095
Crisil Gilt,2025-03-14,14066.08,-0.0787
Nifty 100,2025-03-17,15222.07,-0.2887
Nifty Midcap 150,2025-03-17,23473.81,-1.1515
Nifty 500,2025-03-17,29128.94,-0.1874
Nifty Smallcap 250,2025-03-17,28222.74,-0.3117
Nifty 50 Hybrid,2025-03-17,6848.8,0.7575
Crisil ST Bond,2025-03-17,6409.34,-0.2006
Crisil Liquid,2025-03-17,19933.83,-0.0534
Crisil Gilt,2025-03-17,14058.68,-0.0526
Nifty 100,2025-03-18,15407.34,1.2171
Nifty Midcap 150,2025-03-18,23219.39,-1.0838
Nifty 500,2025-03-18,29203.7,0.2567
Nifty Smallcap 250,2025-03-18,28195.04,-0.0981
Nifty 50 Hybrid,2025-03-18,6922.29,1.073
Crisil ST Bond,2025-03-18,6414.44,0.0796
Crisil Liquid,2025-03-18,19940.23,0.0321
Crisil Gilt,2025-03-18,14053.7,-0.0355
Nifty 100,2025-03-19,15126.57,-1.8223
Nifty Midcap 150,2025-03-19,23283.73,0.2771
Nifty 500,2025-03-19,29367.38,0.5605
Nifty Smallcap 250,2025-03-19,27759.46,-1.5449
Nifty 50 Hybrid,2025-03-19,6838.97,-1.2037
Crisil ST Bond,2025-03-19,6417.34,0.0452
Crisil Liquid,2025-03-19,19950.98,0.0539
Crisil Gilt,2025-03-19,14042.59,-0.0791
Nifty 100,2025-03-20,15044.27,-0.5441
Nifty Midcap 150,2025-03-20,22863.11,-1.8065
Nifty 500,2025-03-20,29780.66,1.4073
Nifty Smallcap 250,2025-03-20,27406.95,-1.2699
Nifty 50 Hybrid,2025-03-20,6878.1,0.5723
Crisil ST Bond,2025-03-20,6418.4,0.0165
Crisil Liquid,2025-03-20,19980.7,0.149
Crisil Gilt,2025-03-20,14034.27,-0.0592
Nifty 100,2025-03-21,15058.0,0.0913
Nifty Midcap 150,2025-03-21,22481.65,-1.6684
Nifty 500,2025-03-21,29212.29,-1.9085
Nifty Smallcap 250,2025-03-21,27578.61,0.6263
Nifty 50 Hybrid,2025-03-21,6757.39,-1.755
Crisil ST Bond,2025-03-21,6418.22,-0.0028
Crisil Liquid,2025-03-21,20004.91,0.1211
Crisil Gilt,2025-03-21,14047.55,0.0947
Nifty 100,2025-03-24,14962.44,-0.6346
Nifty Midcap 150,2025-03-24,22131.28,-1.5585
Nifty 500,2025-03-24,29369.89,0.5395
Nifty Smallcap 250,2025-03-24,27957.06,1.3723
Nifty 50 Hybrid,2025-03-24,6714.67,-0.6322
Crisil ST Bond,2025-03-24,6414.34,-0.0603
Crisil Liquid,2025-03-24,19998.41,-0.0325
Crisil Gilt,2025-03-24,14058.39,0.0772
Nifty 100,2025-03-25,15150.75,1.2585
Nifty Midcap 150,2025-03-25,21863.58,-1.2096
Nifty 500,2025-03-25,28938.65,-1.4683
Nifty Smallcap 250,2025-03-25,28619.64,2.37
Nifty 50 Hybrid,2025-03-25,6704.78,-0.1473
Crisil ST Bond,2025-03-25,6417.25,0.0453
Crisil Liquid,2025-03-25,19988.57,-0.0492
Crisil Gilt,2025-03-25,14068.09,0.069
Nifty 100,2025-03-26,15300.75,0.9901
Nifty Midcap 150,2025-03-26,21935.68,0.3298
Nifty 500,2025-03-26,29451.12,1.7709
Nifty Smallcap 250,2025-03-26,28534.72,-0.2967
Nifty 50 Hybrid,2025-03-26,6689.16,-0.2329
Crisil ST Bond,2025-03-26,6420.02,0.0431
Crisil Liquid,2025-03-26,20001.86,0.0665
Crisil Gilt,2025-03-26,14074.11,0.0428
Nifty 100,2025-03-27,15108.81,-1.2544
Nifty Midcap 150,2025-03-27,22010.81,0.3425
Nifty 500,2025-03-27,29349.75,-0.3442
Nifty Smallcap 250,2025-03-27,28377.5,-0.551
Nifty 50 Hybrid,2025-03-27,6693.34,0.0625
Crisil ST Bond,2025-03-27,6415.13,-0.0762
Crisil Liquid,2025-03-27,19983.15,-0.0935
Crisil Gilt,2025-03-27,14040.12,-0.2415
Nifty 100,2025-03-28,15377.33,1.7772
Nifty Midcap 150,2025-03-28,22139.74,0.5857
Nifty 500,2025-03-28,29324.29,-0.0868
Nifty Smallcap 250,2025-03-28,28196.67,-0.6372
Nifty 50 Hybrid,2025-03-28,6502.85,-2.846
Crisil ST Bond,2025-03-28,6411.74,-0.0529
Crisil Liquid,2025-03-28,20001.45,0.0916
Crisil Gilt,2025-03-28,14056.15,0.1142
Nifty 100,2025-03-31,15480.71,0.6723
Nifty Midcap 150,2025-03-31,22181.45,0.1884
Nifty 500,2025-03-31,29715.44,1.3339
Nifty Smallcap 250,2025-03-31,28112.49,-0.2985
Nifty 50 Hybrid,2025-03-31,6575.37,1.1152
Crisil ST Bond,2025-03-31,6410.55,-0.0185
Crisil Liquid,2025-03-31,19987.83,-0.0681
Crisil Gilt,2025-03-31,14044.83,-0.0806
Nifty 100,2025-04-01,15320.57,-1.0345
Nifty Midcap 150,2025-04-01,22334.29,0.6891
Nifty 500,2025-04-01,29503.64,-0.7127
Nifty Smallcap 250,2025-04-01,27830.51,-1.003
Nifty 50 Hybrid,2025-04-01,6624.27,0.7437
Crisil ST Bond,2025-04-01,6413.94,0.0528
Crisil Liquid,2025-04-01,20011.07,0.1163
Crisil Gilt,2025-04-01,14054.84,0.0713
Nifty 100,2025-04-02,15209.78,-0.7231
Nifty Midcap 150,2025-04-02,22357.99,0.1061
Nifty 500,2025-04-02,29549.41,0.1551
Nifty Smallcap 250,2025-04-02,27583.06,-0.8892
Nifty 50 Hybrid,2025-04-02,6553.08,-1.0746
Crisil ST Bond,2025-04-02,6410.86,-0.0481
Crisil Liquid,2025-04-02,20055.82,0.2237
Crisil Gilt,2025-04-02,14051.85,-0.0213
Nifty 100,2025-04-03,15401.86,1.2629
Nifty Midcap 150,2025-04-03,22259.91,-0.4387
Nifty 500,2025-04-03,29820.92,0.9188
Nifty Smallcap 250,2025-04-03,27840.27,0.9325
Nifty 50 Hybrid,2025-04-03,6617.47,0.9826
Crisil ST Bond,2025-04-03,6414.62,0.0588
Crisil Liquid,2025-04-03,20087.46,0.1577
Crisil Gilt,2025-04-03,14059.97,0.0578
Nifty 100,2025-04-04,15670.4,1.7435
Nifty Midcap 150,2025-04-04,21906.0,-1.5899
Nifty 500,2025-04-04,29933.73,0.3783
Nifty Smallcap 250,2025-04-04,27927.5,0.3133
Nifty 50 Hybrid,2025-04-04,6557.48,-0.9065
Crisil ST Bond,2025-04-04,6419.62,0.078
Crisil Liquid,2025-04-04,20061.54,-0.129
Crisil Gilt,2025-04-04,14053.59,-0.0454
Nifty 100,2025-04-07,15361.83,-1.9691
Nifty Midcap 150,2025-04-07,22254.0,1.5886
Nifty 500,2025-04-07,29873.4,-0.2015
Nifty Smallcap 250,2025-04-07,28541.03,2.1969
Nifty 50 Hybrid,2025-04-07,6612.11,0.8329
Crisil ST Bond,2025-04-07,6423.79,0.0648
Crisil Liquid,2025-04-07,20053.8,-0.0386
Crisil Gilt,2025-04-07,14041.69,-0.0846
Nifty 100,2025-04-08,15446.78,0.553
Nifty Midcap 150,2025-04-08,22244.77,-0.0415
Nifty 500,2025-04-08,29482.28,-1.3093
Nifty Smallcap 250,2025-04-08,28116.67,-1.4869
Nifty 50 Hybrid,2025-04-08,6550.7,-0.9287
Crisil ST Bond,2025-04-08,6436.77,0.2021
Crisil Liquid,2025-04-08,20102.19,0.2413
Crisil Gilt,2025-04-08,14047.38,0.0405
Nifty 100,2025-04-09,15474.42,0.1789
Nifty Midcap 150,2025-04-09,22176.63,-0.3063
Nifty 500,2025-04-09,29215.61,-0.9045
Nifty Smallcap 250,2025-04-09,28511.76,1.4052
Nifty 50 Hybrid,2025-04-09,6675.4,1.9036
Crisil ST Bond,2025-04-09,6432.3,-0.0693
Crisil Liquid,2025-04-09,20104.55,0.0117
Crisil Gilt,2025-04-09,14043.87,-0.025
Nifty 100,2025-04-10,15414.03,-0.3902
Nifty Midcap 150,2025-04-10,22446.27,1.2159
Nifty 500,2025-04-10,28841.08,-1.282
Nifty Smallcap 250,2025-04-10,28653.31,0.4965
Nifty 50 Hybrid,2025-04-10,6726.01,0.7582
Crisil ST Bond,2025-04-10,6432.68,0.0058
Crisil Liquid,2025-04-10,20126.52,0.1093
Crisil Gilt,2025-04-10,14048.75,0.0348
Nifty 100,2025-04-11,15606.27,1.2471
Nifty Midcap 150,2025-04-11,22111.33,-1.4922
Nifty 500,2025-04-11,28749.14,-0.3188
Nifty Smallcap 250,2025-04-11,28641.33,-0.0418
Nifty 50 Hybrid,2025-04-11,6548.3,-2.6422
Crisil ST Bond,2025-04-11,6426.98,-0.0886
Crisil Liquid,2025-04-11,20114.17,-0.0614
Crisil Gilt,2025-04-11,14064.88,0.1148
Nifty 100,2025-04-14,15500.64,-0.6768
Nifty Midcap 150,2025-04-14,21937.07,-0.7881
Nifty 500,2025-04-14,28992.79,0.8475
Nifty Smallcap 250,2025-04-14,28186.53,-1.5879
Nifty 50 Hybrid,2025-04-14,6414.63,-2.0412
Crisil ST Bond,2025-04-14,6425.94,-0.0162
Crisil Liquid,2025-04-14,20089.08,-0.1248
Crisil Gilt,2025-04-14,14047.87,-0.121
Nifty 100,2025-04-15,15594.17,0.6034
Nifty Midcap 150,2025-04-15,22135.82,0.906
Nifty 500,2025-04-15,29230.2,0.8189
Nifty Smallcap 250,2025-04-15,28507.51,1.1388
Nifty 50 Hybrid,2025-04-15,6496.17,1.2711
Crisil ST Bond,2025-04-15,6413.55,-0.1929
Crisil Liquid,2025-04-15,20102.14,0.065
Crisil Gilt,2025-04-15,14043.24,-0.033
Nifty 100,2025-04-16,15482.3,-0.7174
Nifty Midcap 150,2025-04-16,22266.51,0.5904
Nifty 500,2025-04-16,28733.2,-1.7003
Nifty Smallcap 250,2025-04-16,28016.87,-1.7211
Nifty 50 Hybrid,2025-04-16,6539.27,0.6636
Crisil ST Bond,2025-04-16,6417.96,0.0688
Crisil Liquid,2025-04-16,20108.91,0.0337
Crisil Gilt,2025-04-16,14033.69,-0.068
Nifty 100,2025-04-17,15602.1,0.7738
Nifty Midcap 150,2025-04-17,22424.67,0.7103
Nifty 500,2025-04-17,28766.33,0.1153
Nifty Smallcap 250,2025-04-17,27695.42,-1.1473
Nifty 50 Hybrid,2025-04-17,6513.43,-0.3952
Crisil ST Bond,2025-04-17,6424.62,0.1038
Crisil Liquid,2025-04-17,20139.62,0.1527
Crisil Gilt,2025-04-17,14031.92,-0.0127
Nifty 100,2025-04-18,15567.83,-0.2197
Nifty Midcap 150,2025-04-18,22395.14,-0.1317
Nifty 500,2025-04-18,28854.04,0.3049
Nifty Smallcap 250,2025-04-18,27542.8,-0.5511
Nifty 50 Hybrid,2025-04-18,6326.87,-2.8642
Crisil ST Bond,2025-04-18,6433.57,0.1393
Crisil Liquid,2025-04-18,20179.79,0.1995
Crisil Gilt,2025-04-18,14026.13,-0.0412
Nifty 100,2025-04-21,15406.45,-1.0367
Nifty Midcap 150,2025-04-21,22371.15,-0.1071
Nifty 500,2025-04-21,28808.59,-0.1575
Nifty Smallcap 250,2025-04-21,27825.26,1.0255
Nifty 50 Hybrid,2025-04-21,6332.23,0.0846
Crisil ST Bond,2025-04-21,6429.75,-0.0593
Crisil Liquid,2025-04-21,20157.22,-0.1118
Crisil Gilt,2025-04-21,14041.08,0.1066
Nifty 100,2025-04-22,15503.43,0.6295
Nifty Midcap 150,2025-04-22,22615.13,1.0906
Nifty 500,2025-04-22,28538.31,-0.9382
Nifty Smallcap 250,2025-04-22,28345.16,1.8684
Nifty 50 Hybrid,2025-04-22,6223.71,-1.7137
Crisil ST Bond,2025-04-22,6435.6,0.091
Crisil Liquid,2025-04-22,20122.76,-0.171
Crisil Gilt,2025-04-22,14032.79,-0.059
Nifty 100,2025-04-23,15750.09,1.591
Nifty Midcap 150,2025-04-23,22809.92,0.8614
Nifty 500,2025-04-23,28390.99,-0.5162
Nifty Smallcap 250,2025-04-23,28206.59,-0.4888
Nifty 50 Hybrid,2025-04-23,6231.84,0.1306
Crisil ST Bond,2025-04-23,6440.2,0.0714
Crisil Liquid,2025-04-23,20151.97,0.1452
Crisil Gilt,2025-04-23,14029.19,-0.0256
Nifty 100,2025-04-24,15500.96,-1.5818
Nifty Midcap 150,2025-04-24,22852.57,0.187
Nifty 500,2025-04-24,28269.64,-0.4274
Nifty Smallcap 250,2025-04-24,27848.19,-1.2706
Nifty 50 Hybrid,2025-04-24,6252.26,0.3277
Crisil ST Bond,2025-04-24,6440.11,-0.0013
Crisil Liquid,2025-04-24,20162.18,0.0507
Crisil Gilt,2025-04-24,14019.45,-0.0694
Nifty 100,2025-04-25,15581.06,0.5167
Nifty Midcap 150,2025-04-25,22558.44,-1.2871
Nifty 500,2025-04-25,28044.12,-0.7977
Nifty Smallcap 250,2025-04-25,27788.9,-0.2129
Nifty 50 Hybrid,2025-04-25,6363.04,1.7718
Crisil ST Bond,2025-04-25,6446.46,0.0985
Crisil Liquid,2025-04-25,20187.93,0.1277
Crisil Gilt,2025-04-25,14042.12,0.1617
Nifty 100,2025-04-28,16147.09,3.6328
Nifty Midcap 150,2025-04-28,22574.59,0.0716
Nifty 500,2025-04-28,28450.88,1.4504
Nifty Smallcap 250,2025-04-28,28078.64,1.0426
Nifty 50 Hybrid,2025-04-28,6428.33,1.026
Crisil ST Bond,2025-04-28,6459.18,0.1974
Crisil Liquid,2025-04-28,20183.5,-0.0219
Crisil Gilt,2025-04-28,14037.93,-0.0299
Nifty 100,2025-04-29,16203.57,0.3498
Nifty Midcap 150,2025-04-29,22540.11,-0.1527
Nifty 500,2025-04-29,28550.03,0.3485
Nifty Smallcap 250,2025-04-29,28525.86,1.5927
Nifty 50 Hybrid,2025-04-29,6399.52,-0.4481
Crisil ST Bond,2025-04-29,6458.51,-0.0105
Crisil Liquid,2025-04-29,20191.06,0.0374
Crisil Gilt,2025-04-29,14037.53,-0.0028
Nifty 100,2025-04-30,15898.29,-1.884
Nifty Midcap 150,2025-04-30,22416.12,-0.5501
Nifty 500,2025-04-30,28754.84,0.7174
Nifty Smallcap 250,2025-04-30,28944.49,1.4675
Nifty 50 Hybrid,2025-04-30,6327.55,-1.1246
Crisil ST Bond,2025-04-30,6452.31,-0.0959
Crisil Liquid,2025-04-30,20195.71,0.023
Crisil Gilt,2025-04-30,14011.2,-0.1876
Nifty 100,2025-05-01,15832.32,-0.415
Nifty Midcap 150,2025-05-01,22033.69,-1.706
Nifty 500,2025-05-01,29157.14,1.3991
Nifty Smallcap 250,2025-05-01,28730.49,-0.7393
Nifty 50 Hybrid,2025-05-01,6434.03,1.6828
Crisil ST Bond,2025-05-01,6460.79,0.1314
Crisil Liquid,2025-05-01,20186.69,-0.0446
Crisil Gilt,2025-05-01,13998.98,-0.0872
Nifty 100,2025-05-02,15806.42,-0.1635
Nifty Midcap 150,2025-05-02,22017.24,-0.0746
Nifty 500,2025-05-02,29266.81,0.3761
Nifty Smallcap 250,2025-05-02,28516.01,-0.7465
Nifty 50 Hybrid,2025-05-02,6483.98,0.7764
Crisil ST Bond,2025-05-02,6463.79,0.0465
Crisil Liquid,2025-05-02,20183.86,-0.014
Crisil Gilt,2025-05-02,13991.81,-0.0512
Nifty 100,2025-05-05,15781.94,-0.1549
Nifty Midcap 150,2025-05-05,21843.99,-0.7869
Nifty 500,2025-05-05,29292.69,0.0884
Nifty Smallcap 250,2025-05-05,28548.93,0.1154
Nifty 50 Hybrid,2025-05-05,6502.9,0.2917
Crisil ST Bond,2025-05-05,6476.5,0.1966
Crisil Liquid,2025-05-05,20185.22,0.0068
Crisil Gilt,2025-05-05,14008.67,0.1205
Nifty 100,2025-05-06,15822.91,0.2596
Nifty Midcap 150,2025-05-06,21798.5,-0.2082
Nifty 500,2025-05-06,29266.57,-0.0892
Nifty Smallcap 250,2025-05-06,28540.7,-0.0288
Nifty 50 Hybrid,2025-05-06,6523.04,0.3098
Crisil ST Bond,2025-05-06,6471.58,-0.0759
Crisil Liquid,2025-05-06,20159.68,-0.1265
Crisil Gilt,2025-05-06,14020.64,0.0854
Nifty 100,2025-05-07,15969.77,0.9281
Nifty Midcap 150,2025-05-07,21967.57,0.7756
Nifty 500,2025-05-07,29320.71,0.185
Nifty Smallcap 250,2025-05-07,28768.23,0.7972
Nifty 50 Hybrid,2025-05-07,6571.54,0.7434
Crisil ST Bond,2025-05-07,6477.98,0.0988
Crisil Liquid,2025-05-07,20146.39,-0.066
Crisil Gilt,2025-05-07,14008.06,-0.0897
Nifty 100,2025-05-08,15912.5,-0.3586
Nifty Midcap 150,2025-05-08,21970.34,0.0126
Nifty 500,2025-05-08,29258.57,-0.2119
Nifty Smallcap 250,2025-05-08,28236.97,-1.8467
Nifty 50 Hybrid,2025-05-08,6686.65,1.7517
Crisil ST Bond,2025-05-08,6477.5,-0.0074
Crisil Liquid,2025-05-08,20153.89,0.0373
Crisil Gilt,2025-05-08,14028.3,0.1445
Nifty 100,2025-05-09,15544.13,-2.315
Nifty Midcap 150,2025-05-09,21864.52,-0.4817
Nifty 500,2025-05-09,29154.09,-0.3571
Nifty Smallcap 250,2025-05-09,28150.48,-0.3063
Nifty 50 Hybrid,2025-05-09,6677.05,-0.1435
Crisil ST Bond,2025-05-09,6488.16,0.1647
Crisil Liquid,2025-05-09,20171.5,0.0873
Crisil Gilt,2025-05-09,14044.54,0.1158
Nifty 100,2025-05-12,15556.12,0.0771
Nifty Midcap 150,2025-05-12,21565.11,-1.3694
Nifty 500,2025-05-12,28556.52,-2.0497
Nifty Smallcap 250,2025-05-12,27728.39,-1.4994
Nifty 50 Hybrid,2025-05-12,6703.08,0.3898
Crisil ST Bond,2025-05-12,6489.67,0.0232
Crisil Liquid,2025-05-12,20171.29,-0.001
Crisil Gilt,2025-05-12,14042.17,-0.0169
Nifty 100,2025-05-13,15873.73,2.0417
Nifty Midcap 150,2025-05-13,21394.12,-0.7929
Nifty 500,2025-05-13,28830.03,0.9578
Nifty Smallcap 250,2025-05-13,27737.24,0.0319
Nifty 50 Hybrid,2025-05-13,6701.01,-0.0309
Crisil ST Bond,2025-05-13,6498.6,0.1377
Crisil Liquid,2025-05-13,20204.83,0.1663
Crisil Gilt,2025-05-13,14041.62,-0.004
Nifty 100,2025-05-14,16005.36,0.8292
Nifty Midcap 150,2025-05-14,21478.39,0.3939
Nifty 500,2025-05-14,28840.83,0.0374
Nifty Smallcap 250,2025-05-14,27802.21,0.2343
Nifty 50 Hybrid,2025-05-14,6656.91,-0.658
Crisil ST Bond,2025-05-14,6497.91,-0.0106
Crisil Liquid,2025-05-14,20197.14,-0.0381
Crisil Gilt,2025-05-14,14057.08,0.1101
Nifty 100,2025-05-15,15994.92,-0.0652
Nifty Midcap 150,2025-05-15,21206.1,-1.2677
Nifty 500,2025-05-15,28640.84,-0.6934
Nifty Smallcap 250,2025-05-15,26921.09,-3.1693
Nifty 50 Hybrid,2025-05-15,6625.99,-0.4645
Crisil ST Bond,2025-05-15,6499.46,0.0238
Crisil Liquid,2025-05-15,20198.43,0.0064
Crisil Gilt,2025-05-15,14087.73,0.218
Nifty 100,2025-05-16,16091.68,0.6049
Nifty Midcap 150,2025-05-16,21324.95,0.5605
Nifty 500,2025-05-16,28178.78,-1.6133
Nifty Smallcap 250,2025-05-16,26831.0,-0.3346
Nifty 50 Hybrid,2025-05-16,6595.73,-0.4567
Crisil ST Bond,2025-05-16,6495.65,-0.0586
Crisil Liquid,2025-05-16,20186.31,-0.06
Crisil Gilt,2025-05-16,14065.08,-0.1608
Nifty 100,2025-05-19,15891.2,-1.2459
Nifty Midcap 150,2025-05-19,21517.75,0.9041
Nifty 500,2025-05-19,28146.96,-0.1129
Nifty Smallcap 250,2025-05-19,26703.17,-0.4764
Nifty 50 Hybrid,2025-05-19,6597.36,0.0246
Crisil ST Bond,2025-05-19,6504.53,0.1367
Crisil Liquid,2025-05-19,20190.43,0.0204
Crisil Gilt,2025-05-19,14075.49,0.074
Nifty 100,2025-05-20,15761.43,-0.8166
Nifty Midcap 150,2025-05-20,21391.09,-0.5886
Nifty 500,2025-05-20,28255.04,0.384
Nifty Smallcap 250,2025-05-20,27216.58,1.9227
Nifty 50 Hybrid,2025-05-20,6693.66,1.4598
Crisil ST Bond,2025-05-20,6509.62,0.0783
Crisil Liquid,2025-05-20,20197.53,0.0351
Crisil Gilt,2025-05-20,14098.02,0.1601
Nifty 100,2025-05-21,15891.41,0.8247
Nifty Midcap 150,2025-05-21,20906.87,-2.2637
Nifty 500,2025-05-21,27965.73,-1.0239
Nifty Smallcap 250,2025-05-21,27316.78,0.3681
Nifty 50 Hybrid,2025-05-21,6576.06,-1.757
Crisil ST Bond,2025-05-21,6505.08,-0.0698
Crisil Liquid,2025-05-21,20187.43,-0.05
Crisil Gilt,2025-05-21,14097.23,-0.0056
Nifty 100,2025-05-22,15850.5,-0.2574
Nifty Midcap 150,2025-05-22,20852.69,-0.2591
Nifty 500,2025-05-22,28204.92,0.8553
Nifty Smallcap 250,2025-05-22,27252.52,-0.2352
Nifty 50 Hybrid,2025-05-22,6552.74,-0.3546
Crisil ST Bond,2025-05-22,6497.61,-0.1149
Crisil Liquid,2025-05-22,20212.15,0.1224
Crisil Gilt,2025-05-22,14090.59,-0.0471
Nifty 100,2025-05-23,15682.96,-1.057
Nifty Midcap 150,2025-05-23,20903.39,0.2431
Nifty 500,2025-05-23,27997.07,-0.7369
Nifty Smallcap 250,2025-05-23,27117.36,-0.496
Nifty 50 Hybrid,2025-05-23,6571.64,0.2885
Crisil ST Bond,2025-05-23,6496.78,-0.0126
Crisil Liquid,2025-05-23,20262.92,0.2512
Crisil Gilt,2025-05-23,14092.35,0.0125
Nifty 100,2025-05-26,15784.56,0.6478
Nifty Midcap 150,2025-05-26,20503.78,-1.9117
Nifty 500,2025-05-26,27764.51,-0.8306
Nifty Smallcap 250,2025-05-26,26830.76,-1.0569
Nifty 50 Hybrid,2025-05-26,6510.89,-0.9244
Crisil ST Bond,2025-05-26,6500.78,0.0616
Crisil Liquid,2025-05-26,20287.95,0.1236
Crisil Gilt,2025-05-26,14100.02,0.0545
Nifty 100,2025-05-27,15753.52,-0.1966
Nifty Midcap 150,2025-05-27,20380.58,-0.6009
Nifty 500,2025-05-27,28082.03,1.1436
Nifty Smallcap 250,2025-05-27,27394.54,2.1013
Nifty 50 Hybrid,2025-05-27,6521.64,0.1651
Crisil ST Bond,2025-05-27,6508.19,0.1139
Crisil Liquid,2025-05-27,20298.98,0.0543
Crisil Gilt,2025-05-27,14113.5,0.0956
Nifty 100,2025-05-28,15574.79,-1.1345
Nifty Midcap 150,2025-05-28,20287.21,-0.4581
Nifty 500,2025-05-28,28201.51,0.4255
Nifty Smallcap 250,2025-05-28,27734.91,1.2425
Nifty 50 Hybrid,2025-05-28,6470.24,-0.7881
Crisil ST Bond,2025-05-28,6496.26,-0.1833
Crisil Liquid,2025-05-28,20292.92,-0.0298
Crisil Gilt,2025-05-28,14130.58,0.121
Nifty 100,2025-05-29,15332.77,-1.5539
Nifty Midcap 150,2025-05-29,20054.53,-1.1469
Nifty 500,2025-05-29,28253.94,0.1859
Nifty Smallcap 250,2025-05-29,27711.07,-0.086
Nifty 50 Hybrid,2025-05-29,6510.64,0.6245
Crisil ST Bond,2025-05-29,6489.58,-0.1029
Crisil Liquid,2025-05-29,20290.38,-0.0125
Crisil Gilt,2025-05-29,14150.29,0.1395
Nifty 100,2025-05-30,15154.47,-1.1629
Nifty Midcap 150,2025-05-30,20356.73,1.5069
Nifty 500,2025-05-30,27960.83,-1.0374
Nifty Smallcap 250,2025-05-30,27954.75,0.8794
Nifty 50 Hybrid,2025-05-30,6488.31,-0.343
Crisil ST Bond,2025-05-30,6483.44,-0.0945
Crisil Liquid,2025-05-30,20284.36,-0.0297
Crisil Gilt,2025-05-30,14160.83,0.0745
Nifty 100,2025-06-02,15157.98,0.0231
Nifty Midcap 150,2025-06-02,20590.52,1.1485
Nifty 500,2025-06-02,28370.66,1.4657
Nifty Smallcap 250,2025-06-02,27632.43,-1.153
Nifty 50 Hybrid,2025-06-02,6408.75,-1.2263
Crisil ST Bond,2025-06-02,6476.28,-0.1105
Crisil Liquid,2025-06-02,20270.18,-0.0699
Crisil Gilt,2025-06-02,14179.3,0.1304
Nifty 100,2025-06-03,15247.46,0.5904
Nifty Midcap 150,2025-06-03,20484.48,-0.515
Nifty 500,2025-06-03,28376.02,0.0189
Nifty Smallcap 250,2025-06-03,28028.76,1.4343
Nifty 50 Hybrid,2025-06-03,6532.95,1.938
Crisil ST Bond,2025-06-03,6479.26,0.0459
Crisil Liquid,2025-06-03,20220.33,-0.2459
Crisil Gilt,2025-06-03,14186.35,0.0497
Nifty 100,2025-06-04,15394.56,0.9647
Nifty Midcap 150,2025-06-04,20536.64,0.2546
Nifty 500,2025-06-04,28590.69,0.7565
Nifty Smallcap 250,2025-06-04,28137.25,0.3871
Nifty 50 Hybrid,2025-06-04,6454.25,-1.2046
Crisil ST Bond,2025-06-04,6474.81,-0.0686
Crisil Liquid,2025-06-04,20217.88,-0.0121
Crisil Gilt,2025-06-04,14204.3,0.1265
Nifty 100,2025-06-05,15281.28,-0.7359
Nifty Midcap 150,2025-06-05,20636.43,0.4859
Nifty 500,2025-06-05,28686.1,0.3337
Nifty Smallcap 250,2025-06-05,28592.0,1.6162
Nifty 50 Hybrid,2025-06-05,6453.5,-0.0117
Crisil ST Bond,2025-06-05,6464.74,-0.1555
Crisil Liquid,2025-06-05,20235.0,0.0847
Crisil Gilt,2025-06-05,14237.51,0.2338
Nifty 100,2025-06-06,15394.72,0.7424
Nifty Midcap 150,2025-06-06,20480.07,-0.7577
Nifty 500,2025-06-06,28384.33,-1.0519
Nifty Smallcap 250,2025-06-06,28328.11,-0.923
Nifty 50 Hybrid,2025-06-06,6584.72,2.0333
Crisil ST Bond,2025-06-06,6463.92,-0.0127
Crisil Liquid,2025-06-06,20225.64,-0.0463
Crisil Gilt,2025-06-06,14238.11,0.0042
Nifty 100,2025-06-09,15350.55,-0.2869
Nifty Midcap 150,2025-06-09,20807.27,1.5977
Nifty 500,2025-06-09,28104.9,-0.9845
Nifty Smallcap 250,2025-06-09,28671.06,1.2106
Nifty 50 Hybrid,2025-06-09,6594.73,0.1521
Crisil ST Bond,2025-06-09,6473.01,0.1407
Crisil Liquid,2025-06-09,20261.69,0.1783
Crisil Gilt,2025-06-09,14242.16,0.0285
Nifty 100,2025-06-10,15306.79,-0.2851
Nifty Midcap 150,2025-06-10,20827.28,0.0962
Nifty 500,2025-06-10,28086.69,-0.0648
Nifty Smallcap 250,2025-06-10,28204.59,-1.627
Nifty 50 Hybrid,2025-06-10,6699.09,1.5825
Crisil ST Bond,2025-06-10,6475.9,0.0446
Crisil Liquid,2025-06-10,20242.18,-0.0963
Crisil Gilt,2025-06-10,14215.56,-0.1868
Nifty 100,2025-06-11,14955.11,-2.2976
Nifty Midcap 150,2025-06-11,20994.0,0.8005
Nifty 500,2025-06-11,27921.27,-0.589
Nifty Smallcap 250,2025-06-11,28084.75,-0.4249
Nifty 50 Hybrid,2025-06-11,6733.81,0.5182
Crisil ST Bond,2025-06-11,6473.85,-0.0316
Crisil Liquid,2025-06-11,20257.29,0.0747
Crisil Gilt,2025-06-11,14219.76,0.0295
Nifty 100,2025-06-12,14947.01,-0.0541
Nifty Midcap 150,2025-06-12,20670.12,-1.5428
Nifty 500,2025-06-12,27700.76,-0.7897
Nifty Smallcap 250,2025-06-12,28262.4,0.6325
Nifty 50 Hybrid,2025-06-12,6689.9,-0.652
Crisil ST Bond,2025-06-12,6482.95,0.1405
Crisil Liquid,2025-06-12,20308.87,0.2546
Crisil Gilt,2025-06-12,14231.94,0.0856
Nifty 100,2025-06-13,15174.63,1.5228
Nifty Midcap 150,2025-06-13,20825.29,0.7507
Nifty 500,2025-06-13,27561.08,-0.5043
Nifty Smallcap 250,2025-06-13,28327.44,0.2302
Nifty 50 Hybrid,2025-06-13,6826.6,2.0433
Crisil ST Bond,2025-06-13,6480.85,-0.0324
Crisil Liquid,2025-06-13,20291.83,-0.0839
Crisil Gilt,2025-06-13,14218.64,-0.0934
Nifty 100,2025-06-16,15146.17,-0.1875
Nifty Midcap 150,2025-06-16,20622.57,-0.9735
Nifty 500,2025-06-16,28030.73,1.704
Nifty Smallcap 250,2025-06-16,28397.23,0.2464
Nifty 50 Hybrid,2025-06-16,6894.98,1.0017
Crisil ST Bond,2025-06-16,6480.21,-0.0099
Crisil Liquid,2025-06-16,20272.75,-0.094
Crisil Gilt,2025-06-16,14202.87,-0.1109
Nifty 100,2025-06-17,15013.19,-0.878
Nifty Midcap 150,2025-06-17,20700.42,0.3775
Nifty 500,2025-06-17,28184.86,0.5499
Nifty Smallcap 250,2025-06-17,28577.04,0.6332
Nifty 50 Hybrid,2025-06-17,6794.4,-1.4587
Crisil ST Bond,2025-06-17,6481.51,0.02
Crisil Liquid,2025-06-17,20256.0,-0.0826
Crisil Gilt,2025-06-17,14211.41,0.0601
Nifty 100,2025-06-18,15089.62,0.5091
Nifty Midcap 150,2025-06-18,20463.99,-1.1422
Nifty 500,2025-06-18,28466.16,0.998
Nifty Smallcap 250,2025-06-18,29253.98,2.3688
Nifty 50 Hybrid,2025-06-18,6853.16,0.8648
Crisil ST Bond,2025-06-18,6481.75,0.0037
Crisil Liquid,2025-06-18,20253.64,-0.0117
Crisil Gilt,2025-06-18,14211.28,-0.0009
Nifty 100,2025-06-19,14979.35,-0.7307
Nifty Midcap 150,2025-06-19,20521.78,0.2824
Nifty 500,2025-06-19,28150.62,-1.1085
Nifty Smallcap 250,2025-06-19,28709.94,-1.8597
Nifty 50 Hybrid,2025-06-19,6870.27,0.2496
Crisil ST Bond,2025-06-19,6483.18,0.0221
Crisil Liquid,2025-06-19,20246.12,-0.0371
Crisil Gilt,2025-06-19,14195.9,-0.1083
Nifty 100,2025-06-20,15027.25,0.3197
Nifty Midcap 150,2025-06-20,20324.73,-0.9602
Nifty 500,2025-06-20,28119.95,-0.1089
Nifty Smallcap 250,2025-06-20,29225.28,1.795
Nifty 50 Hybrid,2025-06-20,6917.07,0.6812
Crisil ST Bond,2025-06-20,6475.6,-0.1169
Crisil Liquid,2025-06-20,20224.36,-0.1075
Crisil Gilt,2025-06-20,14200.89,0.0352
Nifty 100,2025-06-23,14825.08,-1.3453
Nifty Midcap 150,2025-06-23,19923.98,-1.9717
Nifty 500,2025-06-23,28278.09,0.5624
Nifty Smallcap 250,2025-06-23,29327.84,0.3509
Nifty 50 Hybrid,2025-06-23,6950.31,0.4806
Crisil ST Bond,2025-06-23,6478.6,0.0463
Crisil Liquid,2025-06-23,20227.09,0.0135
Crisil Gilt,2025-06-23,14194.33,-0.0462
Nifty 100,2025-06-24,14906.05,0.5461
Nifty Midcap 150,2025-06-24,20234.77,1.5599
Nifty 500,2025-06-24,28144.83,-0.4712
Nifty Smallcap 250,2025-06-24,29037.28,-0.9907
Nifty 50 Hybrid,2025-06-24,6873.5,-1.1051
Crisil ST Bond,2025-06-24,6474.28,-0.0667
Crisil Liquid,2025-06-24,20235.23,0.0403
Crisil Gilt,2025-06-24,14166.8,-0.194
Nifty 100,2025-06-25,14975.98,0.4692
Nifty Midcap 150,2025-06-25,20371.14,0.6739
Nifty 500,2025-06-25,27647.21,-1.7681
Nifty Smallcap 250,2025-06-25,28761.66,-0.9492
Nifty 50 Hybrid,2025-06-25,6881.04,0.1097
Crisil ST Bond,2025-06-25,6474.65,0.0057
Crisil Liquid,2025-06-25,20249.79,0.072
Crisil Gilt,2025-06-25,14167.63,0.0059
Nifty 100,2025-06-26,15169.89,1.2948
Nifty Midcap 150,2025-06-26,20311.82,-0.2912
Nifty 500,2025-06-26,27383.72,-0.953
Nifty Smallcap 250,2025-06-26,28464.43,-1.0334
Nifty 50 Hybrid,2025-06-26,6933.72,0.7655
Crisil ST Bond,2025-06-26,6476.13,0.023
Crisil Liquid,2025-06-26,20266.67,0.0834
Crisil Gilt,2025-06-26,14179.15,0.0813
Nifty 100,2025-06-27,14868.03,-1.9898
Nifty Midcap 150,2025-06-27,20086.35,-1.1101
Nifty 500,2025-06-27,27112.45,-0.9906
Nifty Smallcap 250,2025-06-27,28240.68,-0.7861
Nifty 50 Hybrid,2025-06-27,6906.65,-0.3904
Crisil ST Bond,2025-06-27,6483.9,0.1199
Crisil Liquid,2025-06-27,20295.02,0.1398
Crisil Gilt,2025-06-27,14177.83,-0.0093
Nifty 100,2025-06-30,14835.13,-0.2213
Nifty Midcap 150,2025-06-30,19950.68,-0.6754
Nifty 500,2025-06-30,27144.77,0.1192
Nifty Smallcap 250,2025-06-30,28306.34,0.2325
Nifty 50 Hybrid,2025-06-30,6964.42,0.8365
Crisil ST Bond,2025-06-30,6490.37,0.0998
Crisil Liquid,2025-06-30,20252.35,-0.2102
Crisil Gilt,2025-06-30,14178.5,0.0047
Nifty 100,2025-07-01,15044.91,1.4141
Nifty Midcap 150,2025-07-01,19869.25,-0.4081
Nifty 500,2025-07-01,27462.16,1.1692
Nifty Smallcap 250,2025-07-01,28228.09,-0.2765
Nifty 50 Hybrid,2025-07-01,6978.69,0.2049
Crisil ST Bond,2025-07-01,6484.29,-0.0937
Crisil Liquid,2025-07-01,20234.14,-0.0899
Crisil Gilt,2025-07-01,14191.63,0.0925
Nifty 100,2025-07-02,15182.1,0.9118
Nifty Midcap 150,2025-07-02,19880.47,0.0564
Nifty 500,2025-07-02,27133.29,-1.1975
Nifty Smallcap 250,2025-07-02,28248.92,0.0738
Nifty 50 Hybrid,2025-07-02,7068.53,1.2872
Crisil ST Bond,2025-07-02,6496.89,0.1943
Crisil Liquid,2025-07-02,20231.78,-0.0117
Crisil Gilt,2025-07-02,14170.91,-0.146
Nifty 100,2025-07-03,15314.24,0.8704
Nifty Midcap 150,2025-07-03,19831.57,-0.246
Nifty 500,2025-07-03,27397.31,0.973
Nifty Smallcap 250,2025-07-03,28336.8,0.3111
Nifty 50 Hybrid,2025-07-03,7008.2,-0.8534
Crisil ST Bond,2025-07-03,6498.57,0.0258
Crisil Liquid,2025-07-03,20262.3,0.1508
Crisil Gilt,2025-07-03,14171.63,0.0051
Nifty 100,2025-07-04,15160.36,-1.0048
Nifty Midcap 150,2025-07-04,19522.46,-1.5586
Nifty 500,2025-07-04,27193.98,-0.7422
Nifty Smallcap 250,2025-07-04,28229.08,-0.3801
Nifty 50 Hybrid,2025-07-04,7067.77,0.85
Crisil ST Bond,2025-07-04,6492.58,-0.0921
Crisil Liquid,2025-07-04,20297.83,0.1754
Crisil Gilt,2025-07-04,14155.51,-0.1137
Nifty 100,2025-07-07,15518.37,2.3615
Nifty Midcap 150,2025-07-07,19865.18,1.7555
Nifty 500,2025-07-07,27240.52,0.1712
Nifty Smallcap 250,2025-07-07,27772.42,-1.6177
Nifty 50 Hybrid,2025-07-07,7065.97,-0.0254
Crisil ST Bond,2025-07-07,6491.37,-0.0187
Crisil Liquid,2025-07-07,20276.03,-0.1074
Crisil Gilt,2025-07-07,14162.46,0.0491
Nifty 100,2025-07-08,15395.21,-0.7936
Nifty Midcap 150,2025-07-08,19729.13,-0.6849
Nifty 500,2025-07-08,27193.21,-0.1737
Nifty Smallcap 250,2025-07-08,27621.09,-0.5449
Nifty 50 Hybrid,2025-07-08,7214.93,2.1082
Crisil ST Bond,2025-07-08,6489.19,-0.0336
Crisil Liquid,2025-07-08,20289.02,0.0641
Crisil Gilt,2025-07-08,14167.36,0.0346
Nifty 100,2025-07-09,15454.13,0.3828
Nifty Midcap 150,2025-07-09,19819.7,0.4591
Nifty 500,2025-07-09,27441.04,0.9114
Nifty Smallcap 250,2025-07-09,27702.97,0.2964
Nifty 50 Hybrid,2025-07-09,7233.32,0.2549
Crisil ST Bond,2025-07-09,6490.87,0.0258
Crisil Liquid,2025-07-09,20290.27,0.0062
Crisil Gilt,2025-07-09,14157.27,-0.0712
Nifty 100,2025-07-10,15449.36,-0.0309
Nifty Midcap 150,2025-07-10,19873.47,0.2713
Nifty 500,2025-07-10,27559.63,0.4322
Nifty Smallcap 250,2025-07-10,27761.22,0.2103
Nifty 50 Hybrid,2025-07-10,7218.64,-0.203
Crisil ST Bond,2025-07-10,6491.8,0.0143
Crisil Liquid,2025-07-10,20283.1,-0.0354
Crisil Gilt,2025-07-10,14164.54,0.0513
Nifty 100,2025-07-11,15419.83,-0.1911
Nifty Midcap 150,2025-07-11,19915.31,0.2106
Nifty 500,2025-07-11,27843.72,1.0308
Nifty Smallcap 250,2025-07-11,27572.62,-0.6794
Nifty 50 Hybrid,2025-07-11,7263.88,0.6267
Crisil ST Bond,2025-07-11,6493.31,0.0233
Crisil Liquid,2025-07-11,20328.15,0.2221
Crisil Gilt,2025-07-11,14164.31,-0.0016
Nifty 100,2025-07-14,15531.65,0.7252
Nifty Midcap 150,2025-07-14,19924.34,0.0454
Nifty 500,2025-07-14,27465.51,-1.3583
Nifty Smallcap 250,2025-07-14,27437.33,-0.4907
Nifty 50 Hybrid,2025-07-14,7330.02,0.9105
Crisil ST Bond,2025-07-14,6491.8,-0.0233
Crisil Liquid,2025-07-14,20287.08,-0.202
Crisil Gilt,2025-07-14,14166.7,0.0169
Nifty 100,2025-07-15,15366.65,-1.0623
Nifty Midcap 150,2025-07-15,19956.58,0.1618
Nifty 500,2025-07-15,27899.78,1.5811
Nifty Smallcap 250,2025-07-15,27656.68,0.7995
Nifty 50 Hybrid,2025-07-15,7444.85,1.5667
Crisil ST Bond,2025-07-15,6489.45,-0.0362
Crisil Liquid,2025-07-15,20288.23,0.0057
Crisil Gilt,2025-07-15,14154.73,-0.0844
Nifty 100,2025-07-16,15266.15,-0.654
Nifty Midcap 150,2025-07-16,19777.6,-0.8969
Nifty 500,2025-07-16,27543.58,-1.2767
Nifty Smallcap 250,2025-07-16,28042.73,1.3959
Nifty 50 Hybrid,2025-07-16,7291.34,-2.062
Crisil ST Bond,2025-07-16,6499.64,0.157
Crisil Liquid,2025-07-16,20317.57,0.1446
Crisil Gilt,2025-07-16,14164.64,0.07
Nifty 100,2025-07-17,15100.59,-1.0845
Nifty Midcap 150,2025-07-17,19470.61,-1.5522
Nifty 500,2025-07-17,27400.79,-0.5184
Nifty Smallcap 250,2025-07-17,28226.44,0.6551
Nifty 50 Hybrid,2025-07-17,7293.76,0.0331
Crisil ST Bond,2025-07-17,6494.16,-0.0843
Crisil Liquid,2025-07-17,20344.96,0.1348
Crisil Gilt,2025-07-17,14191.33,0.1884
Nifty 100,2025-07-18,15070.9,-0.1966
Nifty Midcap 150,2025-07-18,19497.74,0.1393
Nifty 500,2025-07-18,26995.58,-1.4788
Nifty Smallcap 250,2025-07-18,28117.94,-0.3844
Nifty 50 Hybrid,2025-07-18,7333.17,0.5404
Crisil ST Bond,2025-07-18,6497.76,0.0555
Crisil Liquid,2025-07-18,20338.7,-0.0308
Crisil Gilt,2025-07-18,14190.28,-0.0074
Nifty 100,2025-07-21,15008.02,-0.4172
Nifty Midcap 150,2025-07-21,19449.3,-0.2485
Nifty 500,2025-07-21,27117.93,0.4532
Nifty Smallcap 250,2025-07-21,27573.15,-1.9375
Nifty 50 Hybrid,2025-07-21,7329.92,-0.0443
Crisil ST Bond,2025-07-21,6501.34,0.055
Crisil Liquid,2025-07-21,20331.17,-0.037
Crisil Gilt,2025-07-21,14186.31,-0.0279
Nifty 100,2025-07-22,14944.93,-0.4204
Nifty Midcap 150,2025-07-22,19361.96,-0.449
Nifty 500,2025-07-22,27127.66,0.0359
Nifty Smallcap 250,2025-07-22,27616.99,0.159
Nifty 50 Hybrid,2025-07-22,7178.15,-2.0705
Crisil ST Bond,2025-07-22,6506.88,0.0853
Crisil Liquid,2025-07-22,20329.34,-0.009
Crisil Gilt,2025-07-22,14216.57,0.2133
Nifty 100,2025-07-23,14771.32,-1.1616
Nifty Midcap 150,2025-07-23,19199.84,-0.8373
Nifty 500,2025-07-23,27080.76,-0.1729
Nifty Smallcap 250,2025-07-23,27739.39,0.4432
Nifty 50 Hybrid,2025-07-23,7040.28,-1.9208
Crisil ST Bond,2025-07-23,6502.79,-0.0629
Crisil Liquid,2025-07-23,20345.43,0.0791
Crisil Gilt,2025-07-23,14205.94,-0.0748
Nifty 100,2025-07-24,14978.12,1.4
Nifty Midcap 150,2025-07-24,19118.46,-0.4239
Nifty 500,2025-07-24,26845.32,-0.8694
Nifty Smallcap 250,2025-07-24,27916.99,0.6402
Nifty 50 Hybrid,2025-07-24,7155.57,1.6376
Crisil ST Bond,2025-07-24,6506.8,0.0616
Crisil Liquid,2025-07-24,20375.14,0.146
Crisil Gilt,2025-07-24,14232.6,0.1877
Nifty 100,2025-07-25,14844.54,-0.8919
Nifty Midcap 150,2025-07-25,19303.6,0.9684
Nifty 500,2025-07-25,26444.4,-1.4935
Nifty Smallcap 250,2025-07-25,28043.99,0.4549
Nifty 50 Hybrid,2025-07-25,7152.62,-0.0413
Crisil ST Bond,2025-07-25,6516.19,0.1443
Crisil Liquid,2025-07-25,20403.1,0.1372
Crisil Gilt,2025-07-25,14243.55,0.077
Nifty 100,2025-07-28,14893.29,0.3284
Nifty Midcap 150,2025-07-28,19407.52,0.5384
Nifty 500,2025-07-28,26468.66,0.0918
Nifty Smallcap 250,2025-07-28,28035.24,-0.0312
Nifty 50 Hybrid,2025-07-28,7257.94,1.4726
Crisil ST Bond,2025-07-28,6527.67,0.1763
Crisil Liquid,2025-07-28,20404.29,0.0058
Crisil Gilt,2025-07-28,14249.79,0.0438
Nifty 100,2025-07-29,14909.92,0.1117
Nifty Midcap 150,2025-07-29,19100.55,-1.5817
Nifty 500,2025-07-29,26387.56,-0.3064
Nifty Smallcap 250,2025-07-29,28492.13,1.6297
Nifty 50 Hybrid,2025-07-29,7205.7,-0.7198
Crisil ST Bond,2025-07-29,6542.78,0.2315
Crisil Liquid,2025-07-29,20432.29,0.1372
Crisil Gilt,2025-07-29,14258.36,0.0601
Nifty 100,2025-07-30,14998.02,0.5908
Nifty Midcap 150,2025-07-30,18931.09,-0.8872
Nifty 500,2025-07-30,26325.48,-0.2352
Nifty Smallcap 250,2025-07-30,28911.36,1.4714
Nifty 50 Hybrid,2025-07-30,7163.58,-0.5845
Crisil ST Bond,2025-07-30,6551.03,0.1261
Crisil Liquid,2025-07-30,20408.24,-0.1177
Crisil Gilt,2025-07-30,14244.12,-0.0998
Nifty 100,2025-07-31,15287.69,1.9314
Nifty Midcap 150,2025-07-31,18934.53,0.0182
Nifty 500,2025-07-31,26191.62,-0.5085
Nifty Smallcap 250,2025-07-31,29314.02,1.3927
Nifty 50 Hybrid,2025-07-31,7254.98,1.2758
Crisil ST Bond,2025-07-31,6558.38,0.1121
Crisil Liquid,2025-07-31,20400.69,-0.037
Crisil Gilt,2025-07-31,14242.89,-0.0087
Nifty 100,2025-08-01,15339.91,0.3416
Nifty Midcap 150,2025-08-01,19071.69,0.7244
Nifty 500,2025-08-01,26066.3,-0.4785
Nifty Smallcap 250,2025-08-01,29372.87,0.2007
Nifty 50 Hybrid,2025-08-01,7276.55,0.2974
Crisil ST Bond,2025-08-01,6568.13,0.1487
Crisil Liquid,2025-08-01,20420.16,0.0954
Crisil Gilt,2025-08-01,14224.27,-0.1307
Nifty 100,2025-08-04,15311.74,-0.1836
Nifty Midcap 150,2025-08-04,18900.28,-0.8988
Nifty 500,2025-08-04,26222.2,0.5981
Nifty Smallcap 250,2025-08-04,29652.84,0.9532
Nifty 50 Hybrid,2025-08-04,7286.13,0.1316
Crisil ST Bond,2025-08-04,6567.68,-0.0068
Crisil Liquid,2025-08-04,20425.66,0.0269
Crisil Gilt,2025-08-04,14230.09,0.0409
Nifty 100,2025-08-05,15218.33,-0.6101
Nifty Midcap 150,2025-08-05,18675.61,-1.1887
Nifty 500,2025-08-05,25692.47,-2.0201
Nifty Smallcap 250,2025-08-05,30037.49,1.2972
Nifty 50 Hybrid,2025-08-05,7324.48,0.5264
Crisil ST Bond,2025-08-05,6571.37,0.0563
Crisil Liquid,2025-08-05,20455.58,0.1465
Crisil Gilt,2025-08-05,14215.07,-0.1055
Nifty 100,2025-08-06,14958.76,-1.7056
Nifty Midcap 150,2025-08-06,18752.97,0.4142
Nifty 500,2025-08-06,25775.53,0.3233
Nifty Smallcap 250,2025-08-06,29526.46,-1.7013
Nifty 50 Hybrid,2025-08-06,7353.01,0.3895
Crisil ST Bond,2025-08-06,6570.06,-0.02
Crisil Liquid,2025-08-06,20443.17,-0.0607
Crisil Gilt,2025-08-06,14213.17,-0.0133
Nifty 100,2025-08-07,14598.02,-2.4115
Nifty Midcap 150,2025-08-07,18647.7,-0.5614
Nifty 500,2025-08-07,25601.72,-0.6743
Nifty Smallcap 250,2025-08-07,29699.81,0.5871
Nifty 50 Hybrid,2025-08-07,7343.58,-0.1282
Crisil ST Bond,2025-08-07,6575.57,0.0839
Crisil Liquid,2025-08-07,20395.13,-0.235
Crisil Gilt,2025-08-07,14204.09,-0.0639
Nifty 100,2025-08-08,14683.57,0.586
Nifty Midcap 150,2025-08-08,18595.69,-0.2789
Nifty 500,2025-08-08,25825.86,0.8755
Nifty Smallcap 250,2025-08-08,29172.76,-1.7746
Nifty 50 Hybrid,2025-08-08,7399.47,0.7611
Crisil ST Bond,2025-08-08,6572.68,-0.0439
Crisil Liquid,2025-08-08,20384.2,-0.0536
Crisil Gilt,2025-08-08,14221.01,0.1191
Nifty 100,2025-08-11,14858.58,1.1919
Nifty Midcap 150,2025-08-11,18793.68,1.0647
Nifty 500,2025-08-11,26360.1,2.0686
Nifty Smallcap 250,2025-08-11,29551.07,1.2968
Nifty 50 Hybrid,2025-08-11,7342.83,-0.7654
Crisil ST Bond,2025-08-11,6574.93,0.0342
Crisil Liquid,2025-08-11,20380.93,-0.016
Crisil Gilt,2025-08-11,14252.71,0.2229
Nifty 100,2025-08-12,15027.21,1.1349
Nifty Midcap 150,2025-08-12,18763.82,-0.1589
Nifty 500,2025-08-12,26599.43,0.9079
Nifty Smallcap 250,2025-08-12,29195.81,-1.2022
Nifty 50 Hybrid,2025-08-12,7363.41,0.2803
Crisil ST Bond,2025-08-12,6570.07,-0.0738
Crisil Liquid,2025-08-12,20350.59,-0.1489
Crisil Gilt,2025-08-12,14266.74,0.0985
Nifty 100,2025-08-13,15168.25,0.9386
Nifty Midcap 150,2025-08-13,18855.24,0.4872
Nifty 500,2025-08-13,26558.74,-0.153
Nifty Smallcap 250,2025-08-13,28834.84,-1.2364
Nifty 50 Hybrid,2025-08-13,7280.11,-1.1313
Crisil ST Bond,2025-08-13,6565.02,-0.0769
Crisil Liquid,2025-08-13,20349.91,-0.0034
Crisil Gilt,2025-08-13,14284.95,0.1276
Nifty 100,2025-08-14,15333.65,1.0904
Nifty Midcap 150,2025-08-14,18550.06,-1.6186
Nifty 500,2025-08-14,26382.59,-0.6632
Nifty Smallcap 250,2025-08-14,28635.83,-0.6902
Nifty 50 Hybrid,2025-08-14,7097.99,-2.5016
Crisil ST Bond,2025-08-14,6570.05,0.0766
Crisil Liquid,2025-08-14,20348.97,-0.0046
Crisil Gilt,2025-08-14,14286.19,0.0087
Nifty 100,2025-08-15,15544.62,1.3759
Nifty Midcap 150,2025-08-15,18572.0,0.1183
Nifty 500,2025-08-15,26276.87,-0.4007
Nifty Smallcap 250,2025-08-15,28808.24,0.6021
Nifty 50 Hybrid,2025-08-15,7175.28,1.0889
Crisil ST Bond,2025-08-15,6573.31,0.0496
Crisil Liquid,2025-08-15,20367.06,0.0889
Crisil Gilt,2025-08-15,14286.97,0.0054
Nifty 100,2025-08-18,15536.56,-0.0519
Nifty Midcap 150,2025-08-18,18598.57,0.143
Nifty 500,2025-08-18,26086.86,-0.7231
Nifty Smallcap 250,2025-08-18,28653.24,-0.5381
Nifty 50 Hybrid,2025-08-18,7276.3,1.4079
Crisil ST Bond,2025-08-18,6587.83,0.2208
Crisil Liquid,2025-08-18,20403.56,0.1792
Crisil Gilt,2025-08-18,14270.92,-0.1123
Nifty 100,2025-08-19,15320.62,-1.3899
Nifty Midcap 150,2025-08-19,18382.69,-1.1607
Nifty 500,2025-08-19,26129.74,0.1644
Nifty Smallcap 250,2025-08-19,27857.04,-2.7787
Nifty 50 Hybrid,2025-08-19,7235.64,-0.5588
Crisil ST Bond,2025-08-19,6598.41,0.1607
Crisil Liquid,2025-08-19,20427.69,0.1182
Crisil Gilt,2025-08-19,14266.51,-0.0309
Nifty 100,2025-08-20,15258.82,-0.4034
Nifty Midcap 150,2025-08-20,18492.48,0.5972
Nifty 500,2025-08-20,26381.96,0.9653
Nifty Smallcap 250,2025-08-20,27716.88,-0.5031
Nifty 50 Hybrid,2025-08-20,7220.85,-0.2044
Crisil ST Bond,2025-08-20,6596.0,-0.0366
Crisil Liquid,2025-08-20,20404.58,-0.1131
Crisil Gilt,2025-08-20,14266.23,-0.002
Nifty 100,2025-08-21,15218.25,-0.2659
Nifty Midcap 150,2025-08-21,18264.9,-1.2306
Nifty 500,2025-08-21,26560.33,0.6761
Nifty Smallcap 250,2025-08-21,27859.16,0.5133
Nifty 50 Hybrid,2025-08-21,7273.25,0.7257
Crisil ST Bond,2025-08-21,6592.25,-0.0568
Crisil Liquid,2025-08-21,20368.19,-0.1784
Crisil Gilt,2025-08-21,14275.75,0.0667
Nifty 100,2025-08-22,15121.75,-0.6341
Nifty Midcap 150,2025-08-22,18107.7,-0.8607
Nifty 500,2025-08-22,26234.42,-1.2271
Nifty Smallcap 250,2025-08-22,27790.82,-0.2453
Nifty 50 Hybrid,2025-08-22,7390.16,1.6073
Crisil ST Bond,2025-08-22,6590.24,-0.0305
Crisil Liquid,2025-08-22,20350.06,-0.089
Crisil Gilt,2025-08-22,14287.91,0.0852
Nifty 100,2025-08-25,15152.42,0.2028
Nifty Midcap 150,2025-08-25,17729.38,-2.0893
Nifty 500,2025-08-25,26416.05,0.6923
Nifty Smallcap 250,2025-08-25,28390.67,2.1585
Nifty 50 Hybrid,2025-08-25,7200.19,-2.5705
Crisil ST Bond,2025-08-25,6583.41,-0.1036
Crisil Liquid,2025-08-25,20296.16,-0.2649
Crisil Gilt,2025-08-25,14289.69,0.0125
Nifty 100,2025-08-26,15307.03,1.0204
Nifty Midcap 150,2025-08-26,17753.4,0.1355
Nifty 500,2025-08-26,26791.68,1.422
Nifty Smallcap 250,2025-08-26,28634.99,0.8606
Nifty 50 Hybrid,2025-08-26,7324.91,1.7321
Crisil ST Bond,2025-08-26,6592.37,0.136
Crisil Liquid,2025-08-26,20292.05,-0.0203
Crisil Gilt,2025-08-26,14293.5,0.0267
Nifty 100,2025-08-27,15178.65,-0.8387
Nifty Midcap 150,2025-08-27,17717.78,-0.2007
Nifty 500,2025-08-27,26816.29,0.0918
Nifty Smallcap 250,2025-08-27,28619.27,-0.0549
Nifty 50 Hybrid,2025-08-27,7425.42,1.3723
Crisil ST Bond,2025-08-27,6591.51,-0.013
Crisil Liquid,2025-08-27,20277.19,-0.0732
Crisil Gilt,2025-08-27,14283.93,-0.067
Nifty 100,2025-08-28,15282.64,0.6851
Nifty Midcap 150,2025-08-28,17474.49,-1.3731
Nifty 500,2025-08-28,26770.38,-0.1712
Nifty Smallcap 250,2025-08-28,29007.77,1.3575
Nifty 50 Hybrid,2025-08-28,7449.38,0.3226
Crisil ST Bond,2025-08-28,6592.33,0.0125
Crisil Liquid,2025-08-28,20280.52,0.0164
Crisil Gilt,2025-08-28,14272.08,-0.083
Nifty 100,2025-08-29,15156.23,-0.8271
Nifty Midcap 150,2025-08-29,17445.62,-0.1652
Nifty 500,2025-08-29,26851.03,0.3013
Nifty Smallcap 250,2025-08-29,29291.51,0.9782
Nifty 50 Hybrid,2025-08-29,7458.51,0.1226
Crisil ST Bond,2025-08-29,6602.57,0.1553
Crisil Liquid,2025-08-29,20317.13,0.1805
Crisil Gilt,2025-08-29,14286.28,0.0995
Nifty 100,2025-09-01,15346.44,1.255
Nifty Midcap 150,2025-09-01,17278.02,-0.9607
Nifty 500,2025-09-01,26550.52,-1.1192
Nifty Smallcap 250,2025-09-01,29452.02,0.548
Nifty 50 Hybrid,2025-09-01,7360.71,-1.3112
Crisil ST Bond,2025-09-01,6601.97,-0.009
Crisil Liquid,2025-09-01,20336.86,0.0971
Crisil Gilt,2025-09-01,14309.33,0.1613
Nifty 100,2025-09-02,15312.03,-0.2242
Nifty Midcap 150,2025-09-02,17170.91,-0.6199
Nifty 500,2025-09-02,26643.57,0.3505
Nifty Smallcap 250,2025-09-02,29144.68,-1.0435
Nifty 50 Hybrid,2025-09-02,7350.17,-0.1433
Crisil ST Bond,2025-09-02,6603.24,0.0192
Crisil Liquid,2025-09-02,20340.36,0.0172
Crisil Gilt,2025-09-02,14313.46,0.0289
Nifty 100,2025-09-03,15188.84,-0.8045
Nifty Midcap 150,2025-09-03,17051.23,-0.697
Nifty 500,2025-09-03,26452.5,-0.7171
Nifty Smallcap 250,2025-09-03,28681.25,-1.5901
Nifty 50 Hybrid,2025-09-03,7377.5,0.3718
Crisil ST Bond,2025-09-03,6610.47,0.1095
Crisil Liquid,2025-09-03,20360.62,0.0996
Crisil Gilt,2025-09-03,14312.57,-0.0062
Nifty 100,2025-09-04,15070.22,-0.781
Nifty Midcap 150,2025-09-04,17183.26,0.7743
Nifty 500,2025-09-04,26629.45,0.6689
Nifty Smallcap 250,2025-09-04,28752.21,0.2474
Nifty 50 Hybrid,2025-09-04,7508.4,1.7743
Crisil ST Bond,2025-09-04,6611.62,0.0174
Crisil Liquid,2025-09-04,20359.47,-0.0057
Crisil Gilt,2025-09-04,14309.71,-0.02
Nifty 100,2025-09-05,14839.51,-1.5309
Nifty Midcap 150,2025-09-05,17302.05,0.6913
Nifty 500,2025-09-05,26609.35,-0.0755
Nifty Smallcap 250,2025-09-05,28907.45,0.5399
Nifty 50 Hybrid,2025-09-05,7648.94,1.8719
Crisil ST Bond,2025-09-05,6610.36,-0.0191
Crisil Liquid,2025-09-05,20315.94,-0.2138
Crisil Gilt,2025-09-05,14319.45,0.0681
Nifty 100,2025-09-08,14868.72,0.1969
Nifty Midcap 150,2025-09-08,17180.51,-0.7025
Nifty 500,2025-09-08,26723.04,0.4273
Nifty Smallcap 250,2025-09-08,29143.37,0.8161
Nifty 50 Hybrid,2025-09-08,7578.83,-0.9166
Crisil ST Bond,2025-09-08,6609.69,-0.0101
Crisil Liquid,2025-09-08,20350.0,0.1677
Crisil Gilt,2025-09-08,14311.98,-0.0522
Nifty 100,2025-09-09,14883.1,0.0967
Nifty Midcap 150,2025-09-09,16734.78,-2.5944
Nifty 500,2025-09-09,26335.06,-1.4518
Nifty Smallcap 250,2025-09-09,29198.02,0.1875
Nifty 50 Hybrid,2025-09-09,7674.17,1.258
Crisil ST Bond,2025-09-09,6602.01,-0.1162
Crisil Liquid,2025-09-09,20355.59,0.0275
Crisil Gilt,2025-09-09,14309.47,-0.0176
Nifty 100,2025-09-10,15029.41,0.9831
Nifty Midcap 150,2025-09-10,16536.0,-1.1878
Nifty 500,2025-09-10,26456.22,0.4601
Nifty Smallcap 250,2025-09-10,29015.91,-0.6237
Nifty 50 Hybrid,2025-09-10,7693.59,0.253
Crisil ST Bond,2025-09-10,6603.78,0.0269
Crisil Liquid,2025-09-10,20354.53,-0.0052
Crisil Gilt,2025-09-10,14319.17,0.0678
Nifty 100,2025-09-11,15040.48,0.0737
Nifty Midcap 150,2025-09-11,16519.0,-0.1028
Nifty 500,2025-09-11,26369.87,-0.3264
Nifty Smallcap 250,2025-09-11,29047.13,0.1076
Nifty 50 Hybrid,2025-09-11,7712.98,0.252
Crisil ST Bond,2025-09-11,6598.57,-0.0789
Crisil Liquid,2025-09-11,20351.49,-0.0149
Crisil Gilt,2025-09-11,14306.92,-0.0855
Nifty 100,2025-09-12,15039.0,-0.0098
Nifty Midcap 150,2025-09-12,16426.11,-0.5623
Nifty 500,2025-09-12,26581.03,0.8008
Nifty Smallcap 250,2025-09-12,29251.25,0.7027
Nifty 50 Hybrid,2025-09-12,7644.13,-0.8927
Crisil ST Bond,2025-09-12,6599.87,0.0198
Crisil Liquid,2025-09-12,20368.56,0.0839
Crisil Gilt,2025-09-12,14307.28,0.0025
Nifty 100,2025-09-15,14934.0,-0.6982
Nifty Midcap 150,2025-09-15,16251.6,-1.0624
Nifty 500,2025-09-15,26816.08,0.8843
Nifty Smallcap 250,2025-09-15,29524.08,0.9327
Nifty 50 Hybrid,2025-09-15,7630.52,-0.1779
Crisil ST Bond,2025-09-15,6606.25,0.0966
Crisil Liquid,2025-09-15,20312.23,-0.2765
Crisil Gilt,2025-09-15,14329.13,0.1528
Nifty 100,2025-09-16,14915.04,-0.1269
Nifty Midcap 150,2025-09-16,16279.52,0.1718
Nifty 500,2025-09-16,26738.17,-0.2905
Nifty Smallcap 250,2025-09-16,29945.01,1.4257
Nifty 50 Hybrid,2025-09-16,7551.87,-1.0307
Crisil ST Bond,2025-09-16,6617.31,0.1674
Crisil Liquid,2025-09-16,20324.35,0.0596
Crisil Gilt,2025-09-16,14340.92,0.0823
Nifty 100,2025-09-17,14870.41,-0.2992
Nifty Midcap 150,2025-09-17,16071.43,-1.2782
Nifty 500,2025-09-17,26995.0,0.9605
Nifty Smallcap 250,2025-09-17,30047.25,0.3414
Nifty 50 Hybrid,2025-09-17,7656.97,1.3916
Crisil ST Bond,2025-09-17,6617.35,0.0006
Crisil Liquid,2025-09-17,20319.89,-0.0219
Crisil Gilt,2025-09-17,14363.69,0.1588
Nifty 100,2025-09-18,15159.18,1.9419
Nifty Midcap 150,2025-09-18,16077.75,0.0393
Nifty 500,2025-09-18,26799.89,-0.7228
Nifty Smallcap 250,2025-09-18,30299.8,0.8405
Nifty 50 Hybrid,2025-09-18,7639.81,-0.224
Crisil ST Bond,2025-09-18,6622.64,0.0799
Crisil Liquid,2025-09-18,20318.69,-0.0059
Crisil Gilt,2025-09-18,14389.03,0.1764
Nifty 100,2025-09-19,15057.69,-0.6695
Nifty Midcap 150,2025-09-19,16159.83,0.5105
Nifty 500,2025-09-19,26676.96,-0.4587
Nifty Smallcap 250,2025-09-19,30223.6,-0.2515
Nifty 50 Hybrid,2025-09-19,7610.63,-0.3821
Crisil ST Bond,2025-09-19,6628.86,0.0939
Crisil Liquid,2025-09-19,20341.41,0.1118
Crisil Gilt,2025-09-19,14399.94,0.0758
Nifty 100,2025-09-22,15045.95,-0.078
Nifty Midcap 150,2025-09-22,16187.34,0.1702
Nifty 500,2025-09-22,26924.45,0.9277
Nifty Smallcap 250,2025-09-22,30513.53,0.9593
Nifty 50 Hybrid,2025-09-22,7408.16,-2.6603
Crisil ST Bond,2025-09-22,6628.38,-0.0072
Crisil Liquid,2025-09-22,20340.92,-0.0024
Crisil Gilt,2025-09-22,14412.45,0.0869
Nifty 100,2025-09-23,15040.42,-0.0368
Nifty Midcap 150,2025-09-23,16308.61,0.7492
Nifty 500,2025-09-23,26642.1,-1.0487
Nifty Smallcap 250,2025-09-23,30602.04,0.2901
Nifty 50 Hybrid,2025-09-23,7477.07,0.9302
Crisil ST Bond,2025-09-23,6619.93,-0.1274
Crisil Liquid,2025-09-23,20396.11,0.2714
Crisil Gilt,2025-09-23,14432.5,0.1391
Nifty 100,2025-09-24,15045.13,0.0314
Nifty Midcap 150,2025-09-24,16178.4,-0.7984
Nifty 500,2025-09-24,26603.45,-0.1451
Nifty Smallcap 250,2025-09-24,30636.87,0.1138
Nifty 50 Hybrid,2025-09-24,7512.26,0.4707
Crisil ST Bond,2025-09-24,6631.19,0.1701
Crisil Liquid,2025-09-24,20390.48,-0.0276
Crisil Gilt,2025-09-24,14443.51,0.0763
Nifty 100,2025-09-25,14855.2,-1.2624
Nifty Midcap 150,2025-09-25,16116.34,-0.3836
Nifty 500,2025-09-25,26711.65,0.4067
Nifty Smallcap 250,2025-09-25,30857.84,0.7213
Nifty 50 Hybrid,2025-09-25,7457.93,-0.7232
Crisil ST Bond,2025-09-25,6629.6,-0.0241
Crisil Liquid,2025-09-25,20424.34,0.1661
Crisil Gilt,2025-09-25,14463.18,0.1362
Nifty 100,2025-09-26,14890.62,0.2385
Nifty Midcap 150,2025-09-26,15760.71,-2.2066
Nifty 500,2025-09-26,27390.42,2.5411
Nifty Smallcap 250,2025-09-26,30860.94,0.0101
Nifty 50 Hybrid,2025-09-26,7436.86,-0.2826
Crisil ST Bond,2025-09-26,6627.46,-0.0322
Crisil Liquid,2025-09-26,20436.11,0.0576
Crisil Gilt,2025-09-26,14471.66,0.0587
Nifty 100,2025-09-29,15036.64,0.9806
Nifty Midcap 150,2025-09-29,15619.48,-0.8961
Nifty 500,2025-09-29,27313.05,-0.2825
Nifty Smallcap 250,2025-09-29,31496.85,2.0605
Nifty 50 Hybrid,2025-09-29,7455.79,0.2546
Crisil ST Bond,2025-09-29,6627.64,0.0027
Crisil Liquid,2025-09-29,20420.96,-0.0742
Crisil Gilt,2025-09-29,14481.88,0.0706
Nifty 100,2025-09-30,15196.18,1.061
Nifty Midcap 150,2025-09-30,15760.77,0.9046
Nifty 500,2025-09-30,27250.56,-0.2288
Nifty Smallcap 250,2025-09-30,31620.08,0.3913
Nifty 50 Hybrid,2025-09-30,7582.67,1.7017
Crisil ST Bond,2025-09-30,6636.06,0.1271
Crisil Liquid,2025-09-30,20409.03,-0.0584
Crisil Gilt,2025-09-30,14447.9,-0.2346
Nifty 100,2025-10-01,15245.84,0.3268
Nifty Midcap 150,2025-10-01,15891.36,0.8286
Nifty 500,2025-10-01,26961.91,-1.0592
Nifty Smallcap 250,2025-10-01,31626.79,0.0212
Nifty 50 Hybrid,2025-10-01,7564.95,-0.2337
Crisil ST Bond,2025-10-01,6638.08,0.0304
Crisil Liquid,2025-10-01,20401.99,-0.0345
Crisil Gilt,2025-10-01,14469.44,0.1491
Nifty 100,2025-10-02,15272.97,0.178
Nifty Midcap 150,2025-10-02,15756.44,-0.849
Nifty 500,2025-10-02,27217.36,0.9475
Nifty Smallcap 250,2025-10-02,31236.45,-1.2342
Nifty 50 Hybrid,2025-10-02,7664.39,1.3145
Crisil ST Bond,2025-10-02,6645.99,0.1191
Crisil Liquid,2025-10-02,20434.43,0.159
Crisil Gilt,2025-10-02,14470.04,0.0042
Nifty 100,2025-10-03,15201.78,-0.4661
Nifty Midcap 150,2025-10-03,15774.41,0.114
Nifty 500,2025-10-03,27202.55,-0.0544
Nifty Smallcap 250,2025-10-03,31041.93,-0.6227
Nifty 50 Hybrid,2025-10-03,7624.25,-0.5236
Crisil ST Bond,2025-10-03,6644.88,-0.0166
Crisil Liquid,2025-10-03,20414.61,-0.097
Crisil Gilt,2025-10-03,14482.75,0.0878
Nifty 100,2025-10-06,15198.39,-0.0223
Nifty Midcap 150,2025-10-06,15730.5,-0.2784
Nifty 500,2025-10-06,26908.66,-1.0804
Nifty Smallcap 250,2025-10-06,30691.04,-1.1304
Nifty 50 Hybrid,2025-10-06,7774.14,1.9659
Crisil ST Bond,2025-10-06,6642.04,-0.0427
Crisil Liquid,2025-10-06,20431.15,0.0811
Crisil Gilt,2025-10-06,14488.0,0.0363
Nifty 100,2025-10-07,14781.17,-2.7452
Nifty Midcap 150,2025-10-07,16017.18,1.8225
Nifty 500,2025-10-07,27100.82,0.7141
Nifty Smallcap 250,2025-10-07,30464.64,-0.7377
Nifty 50 Hybrid,2025-10-07,7774.27,0.0016
Crisil ST Bond,2025-10-07,6635.74,-0.0949
Crisil Liquid,2025-10-07,20472.55,0.2026
Crisil Gilt,2025-10-07,14477.74,-0.0708
Nifty 100,2025-10-08,14708.29,-0.4931
Nifty Midcap 150,2025-10-08,15905.13,-0.6996
Nifty 500,2025-10-08,27130.73,0.1104
Nifty Smallcap 250,2025-10-08,30891.25,1.4003
Nifty 50 Hybrid,2025-10-08,7915.71,1.8194
Crisil ST Bond,2025-10-08,6634.42,-0.0199
Crisil Liquid,2025-10-08,20484.39,0.0578
Crisil Gilt,2025-10-08,14481.83,0.0282
Nifty 100,2025-10-09,14568.32,-0.9516
Nifty Midcap 150,2025-10-09,16295.21,2.4526
Nifty 500,2025-10-09,27508.59,1.3928
Nifty Smallcap 250,2025-10-09,30958.93,0.2191
Nifty 50 Hybrid,2025-10-09,8043.3,1.6119
Crisil ST Bond,2025-10-09,6643.79,0.1412
Crisil Liquid,2025-10-09,20490.16,0.0282
Crisil Gilt,2025-10-09,14489.44,0.0526
Nifty 100,2025-10-10,14792.98,1.5421
Nifty Midcap 150,2025-10-10,16145.92,-0.9162
Nifty 500,2025-10-10,27977.26,1.7037
Nifty Smallcap 250,2025-10-10,30898.53,-0.1951
Nifty 50 Hybrid,2025-10-10,8168.35,1.5547
Crisil ST Bond,2025-10-10,6645.08,0.0195
Crisil Liquid,2025-10-10,20501.18,0.0538
Crisil Gilt,2025-10-10,14491.84,0.0166
Nifty 100,2025-10-13,14718.74,-0.5018
Nifty Midcap 150,2025-10-13,16107.16,-0.2401
Nifty 500,2025-10-13,28371.49,1.4091
Nifty Smallcap 250,2025-10-13,30192.76,-2.2842
Nifty 50 Hybrid,2025-10-13,8069.6,-1.209
Crisil ST Bond,2025-10-13,6641.59,-0.0525
Crisil Liquid,2025-10-13,20483.17,-0.0878
Crisil Gilt,2025-10-13,14516.62,0.171
Nifty 100,2025-10-14,14908.27,1.2877
Nifty Midcap 150,2025-10-14,16207.35,0.622
Nifty 500,2025-10-14,28199.04,-0.6078
Nifty Smallcap 250,2025-10-14,30604.9,1.3651
Nifty 50 Hybrid,2025-10-14,7943.86,-1.5581
Crisil ST Bond,2025-10-14,6657.14,0.2342
Crisil Liquid,2025-10-14,20473.25,-0.0485
Crisil Gilt,2025-10-14,14515.72,-0.0062
Nifty 100,2025-10-15,14848.74,-0.3993
Nifty Midcap 150,2025-10-15,16038.29,-1.0431
Nifty 500,2025-10-15,28750.37,1.9551
Nifty Smallcap 250,2025-10-15,30855.52,0.8189
Nifty 50 Hybrid,2025-10-15,8042.8,1.2455
Crisil ST Bond,2025-10-15,6650.33,-0.1024
Crisil Liquid,2025-10-15,20481.04,0.0381
Crisil Gilt,2025-10-15,14526.19,0.0721
Nifty 100,2025-10-16,14893.4,0.3008
Nifty Midcap 150,2025-10-16,15857.0,-1.1304
Nifty 500,2025-10-16,29068.2,1.1055
Nifty Smallcap 250,2025-10-16,30902.29,0.1516
Nifty 50 Hybrid,2025-10-16,7968.41,-0.925
Crisil ST Bond,2025-10-16,6639.32,-0.1655
Crisil Liquid,2025-10-16,20497.57,0.0807
Crisil Gilt,2025-10-16,14564.69,0.265
Nifty 100,2025-10-17,14746.66,-0.9853
Nifty Midcap 150,2025-10-17,15888.78,0.2004
Nifty 500,2025-10-17,29399.72,1.1405
Nifty Smallcap 250,2025-10-17,30519.21,-1.2397
Nifty 50 Hybrid,2025-10-17,7932.55,-0.45
Crisil ST Bond,2025-10-17,6634.94,-0.066
Crisil Liquid,2025-10-17,20521.85,0.1185
Crisil Gilt,2025-10-17,14586.91,0.1526
Nifty 100,2025-10-20,14774.54,0.189
Nifty Midcap 150,2025-10-20,15759.81,-0.8117
Nifty 500,2025-10-20,29278.36,-0.4128
Nifty Smallcap 250,2025-10-20,30335.94,-0.6005
Nifty 50 Hybrid,2025-10-20,7857.41,-0.9473
Crisil ST Bond,2025-10-20,6635.59,0.0098
Crisil Liquid,2025-10-20,20537.75,0.0775
Crisil Gilt,2025-10-20,14596.98,0.069
Nifty 100,2025-10-21,14777.75,0.0218
Nifty Midcap 150,2025-10-21,15773.53,0.0871
Nifty 500,2025-10-21,29263.27,-0.0516
Nifty Smallcap 250,2025-10-21,29951.52,-1.2672
Nifty 50 Hybrid,2025-10-21,7872.35,0.1901
Crisil ST Bond,2025-10-21,6633.04,-0.0384
Crisil Liquid,2025-10-21,20514.19,-0.1147
Crisil Gilt,2025-10-21,14605.31,0.0571
Nifty 100,2025-10-22,14691.79,-0.5817
Nifty Midcap 150,2025-10-22,15814.19,0.2578
Nifty 500,2025-10-22,29520.1,0.8776
Nifty Smallcap 250,2025-10-22,29675.89,-0.9202
Nifty 50 Hybrid,2025-10-22,7881.96,0.1221
Crisil ST Bond,2025-10-22,6622.36,-0.161
Crisil Liquid,2025-10-22,20549.73,0.1733
Crisil Gilt,2025-10-22,14588.38,-0.1159
Nifty 100,2025-10-23,14620.56,-0.4848
Nifty Midcap 150,2025-10-23,16030.58,1.3684
Nifty 500,2025-10-23,29459.72,-0.2045
Nifty Smallcap 250,2025-10-23,29329.46,-1.1674
Nifty 50 Hybrid,2025-10-23,7940.53,0.7431
Crisil ST Bond,2025-10-23,6628.26,0.0891
Crisil Liquid,2025-10-23,20540.83,-0.0433
Crisil Gilt,2025-10-23,14583.64,-0.0325
Nifty 100,2025-10-24,14561.28,-0.4054
Nifty Midcap 150,2025-10-24,16002.21,-0.177
Nifty 500,2025-10-24,28910.9,-1.863
Nifty Smallcap 250,2025-10-24,29285.04,-0.1514
Nifty 50 Hybrid,2025-10-24,8084.57,1.8139
Crisil ST Bond,2025-10-24,6623.65,-0.0696
Crisil Liquid,2025-10-24,20532.95,-0.0383
Crisil Gilt,2025-10-24,14569.3,-0.0984
Nifty 100,2025-10-27,14654.79,0.6422
Nifty Midcap 150,2025-10-27,16199.54,1.2332
Nifty 500,2025-10-27,29260.81,1.2103
Nifty Smallcap 250,2025-10-27,28928.35,-1.218
Nifty 50 Hybrid,2025-10-27,8127.4,0.5298
Crisil ST Bond,2025-10-27,6634.47,0.1634
Crisil Liquid,2025-10-27,20547.52,0.071
Crisil Gilt,2025-10-27,14579.18,0.0678
Nifty 100,2025-10-28,14590.07,-0.4416
Nifty Midcap 150,2025-10-28,16240.06,0.2501
Nifty 500,2025-10-28,29631.34,1.2663
Nifty Smallcap 250,2025-10-28,29031.97,0.3582
Nifty 50 Hybrid,2025-10-28,8028.38,-1.2183
Crisil ST Bond,2025-10-28,6632.77,-0.0256
Crisil Liquid,2025-10-28,20576.48,0.1409
Crisil Gilt,2025-10-28,14586.83,0.0525
Nifty 100,2025-10-29,14611.82,0.1491
Nifty Midcap 150,2025-10-29,16154.96,-0.524
Nifty 500,2025-10-29,29992.43,1.2186
Nifty Smallcap 250,2025-10-29,29523.31,1.6924
Nifty 50 Hybrid,2025-10-29,8132.21,1.2932
Crisil ST Bond,2025-10-29,6643.66,0.1643
Crisil Liquid,2025-10-29,20573.21,-0.0159
Crisil Gilt,2025-10-29,14582.45,-0.03
Nifty 100,2025-10-30,14593.36,-0.1263
Nifty Midcap 150,2025-10-30,16166.04,0.0686
Nifty 500,2025-10-30,30430.63,1.461
Nifty Smallcap 250,2025-10-30,29876.38,1.1959
Nifty 50 Hybrid,2025-10-30,8178.43,0.5685
Crisil ST Bond,2025-10-30,6635.48,-0.1231
Crisil Liquid,2025-10-30,20542.6,-0.1488
Crisil Gilt,2025-10-30,14588.87,0.044
Nifty 100,2025-10-31,14726.19,0.9103
Nifty Midcap 150,2025-10-31,16158.03,-0.0496
Nifty 500,2025-10-31,31022.47,1.9449
Nifty Smallcap 250,2025-10-31,29561.95,-1.0524
Nifty 50 Hybrid,2025-10-31,8082.06,-1.1784
Crisil ST Bond,2025-10-31,6632.4,-0.0464
Crisil Liquid,2025-10-31,20532.28,-0.0502
Crisil Gilt,2025-10-31,14599.47,0.0726
Nifty 100,2025-11-03,14668.51,-0.3917
Nifty Midcap 150,2025-11-03,15912.77,-1.5178
Nifty 500,2025-11-03,31308.37,0.9216
Nifty Smallcap 250,2025-11-03,29050.54,-1.73
Nifty 50 Hybrid,2025-11-03,7997.91,-1.0412
Crisil ST Bond,2025-11-03,6622.97,-0.1423
Crisil Liquid,2025-11-03,20540.64,0.0407
Crisil Gilt,2025-11-03,14605.11,0.0386
Nifty 100,2025-11-04,14954.03,1.9465
Nifty Midcap 150,2025-11-04,16062.96,0.9438
Nifty 500,2025-11-04,31769.12,1.4716
Nifty Smallcap 250,2025-11-04,29143.1,0.3186
Nifty 50 Hybrid,2025-11-04,7922.18,-0.9469
Crisil ST Bond,2025-11-04,6625.14,0.0328
Crisil Liquid,2025-11-04,20556.92,0.0792
Crisil Gilt,2025-11-04,14618.31,0.0904
Nifty 100,2025-11-05,14887.87,-0.4424
Nifty Midcap 150,2025-11-05,16146.29,0.5188
Nifty 500,2025-11-05,31482.23,-0.903
Nifty Smallcap 250,2025-11-05,28847.8,-1.0133
Nifty 50 Hybrid,2025-11-05,7836.16,-1.0858
Crisil ST Bond,2025-11-05,6626.63,0.0225
Crisil Liquid,2025-11-05,20536.81,-0.0978
Crisil Gilt,2025-11-05,14615.02,-0.0225
Nifty 100,2025-11-06,15026.76,0.9329
Nifty Midcap 150,2025-11-06,15984.97,-0.9991
Nifty 500,2025-11-06,31332.91,-0.4743
Nifty Smallcap 250,2025-11-06,28877.12,0.1016
Nifty 50 Hybrid,2025-11-06,7857.86,0.2769
Crisil ST Bond,2025-11-06,6624.64,-0.0299
Crisil Liquid,2025-11-06,20557.08,0.0987
Crisil Gilt,2025-11-06,14626.57,0.079
Nifty 100,2025-11-07,15202.55,1.1699
Nifty Midcap 150,2025-11-07,15976.72,-0.0516
Nifty 500,2025-11-07,31181.63,-0.4828
Nifty Smallcap 250,2025-11-07,28688.66,-0.6526
Nifty 50 Hybrid,2025-11-07,7884.34,0.337
Crisil ST Bond,2025-11-07,6623.47,-0.0177
Crisil Liquid,2025-11-07,20549.49,-0.0369
Crisil Gilt,2025-11-07,14622.94,-0.0248
Nifty 100,2025-11-10,15103.17,-0.6537
Nifty Midcap 150,2025-11-10,16013.31,0.229
Nifty 500,2025-11-10,30750.52,-1.3826
Nifty Smallcap 250,2025-11-10,28784.19,0.333
Nifty 50 Hybrid,2025-11-10,7940.05,0.7065
Crisil ST Bond,2025-11-10,6620.95,-0.0381
Crisil Liquid,2025-11-10,20593.1,0.2122
Crisil Gilt,2025-11-10,14626.12,0.0218
Nifty 100,2025-11-11,14871.89,-1.5313
Nifty Midcap 150,2025-11-11,15973.08,-0.2512
Nifty 500,2025-11-11,30779.01,0.0927
Nifty Smallcap 250,2025-11-11,28922.06,0.479
Nifty 50 Hybrid,2025-11-11,7921.99,-0.2274
Crisil ST Bond,2025-11-11,6615.57,-0.0812
Crisil Liquid,2025-11-11,20574.67,-0.0895
Crisil Gilt,2025-11-11,14619.49,-0.0454
Nifty 100,2025-11-12,14793.4,-0.5278
Nifty Midcap 150,2025-11-12,15796.58,-1.105
Nifty 500,2025-11-12,30562.69,-0.7028
Nifty Smallcap 250,2025-11-12,29121.47,0.6895
Nifty 50 Hybrid,2025-11-12,8054.95,1.6784
Crisil ST Bond,2025-11-12,6621.9,0.0955
Crisil Liquid,2025-11-12,20605.65,0.1506
Crisil Gilt,2025-11-12,14636.66,0.1174
Nifty 100,2025-11-13,14921.09,0.8631
Nifty Midcap 150,2025-11-13,15747.96,-0.3078
Nifty 500,2025-11-13,30614.93,0.1709
Nifty Smallcap 250,2025-11-13,29007.71,-0.3906
Nifty 50 Hybrid,2025-11-13,8039.72,-0.1891
Crisil ST Bond,2025-11-13,6623.67,0.0268
Crisil Liquid,2025-11-13,20624.48,0.0914
Crisil Gilt,2025-11-13,14645.78,0.0623
Nifty 100,2025-11-14,14901.42,-0.1318
Nifty Midcap 150,2025-11-14,15761.43,0.0855
Nifty 500,2025-11-14,30756.81,0.4635
Nifty Smallcap 250,2025-11-14,29210.01,0.6974
Nifty 50 Hybrid,2025-11-14,7920.01,-1.489
Crisil ST Bond,2025-11-14,6617.86,-0.0877
Crisil Liquid,2025-11-14,20651.44,0.1307
Crisil Gilt,2025-11-14,14647.82,0.0139
Nifty 100,2025-11-17,14842.69,-0.3941
Nifty Midcap 150,2025-11-17,15724.63,-0.2335
Nifty 500,2025-11-17,30684.93,-0.2337
Nifty Smallcap 250,2025-11-17,29381.75,0.5879
Nifty 50 Hybrid,2025-11-17,7834.63,-1.078
Crisil ST Bond,2025-11-17,6619.35,0.0225
Crisil Liquid,2025-11-17,20660.65,0.0446
Crisil Gilt,2025-11-17,14656.55,0.0596
Nifty 100,2025-11-18,14880.23,0.2529
Nifty Midcap 150,2025-11-18,15810.47,0.5459
Nifty 500,2025-11-18,30518.41,-0.5427
Nifty Smallcap 250,2025-11-18,29113.84,-0.9118
Nifty 50 Hybrid,2025-11-18,8029.48,2.487
Crisil ST Bond,2025-11-18,6618.68,-0.0101
Crisil Liquid,2025-11-18,20660.97,0.0016
Crisil Gilt,2025-11-18,14669.42,0.0878
Nifty 100,2025-11-19,15122.19,1.6261
Nifty Midcap 150,2025-11-19,15729.12,-0.5145
Nifty 500,2025-11-19,30222.74,-0.9688
Nifty Smallcap 250,2025-11-19,28760.94,-1.2122
Nifty 50 Hybrid,2025-11-19,8159.8,1.6231
Crisil ST Bond,2025-11-19,6613.13,-0.0838
Crisil Liquid,2025-11-19,20664.54,0.0172
Crisil Gilt,2025-11-19,14658.01,-0.0777
Nifty 100,2025-11-20,14907.71,-1.4184
Nifty Midcap 150,2025-11-20,15687.85,-0.2624
Nifty 500,2025-11-20,29948.38,-0.9078
Nifty Smallcap 250,2025-11-20,28570.65,-0.6616
Nifty 50 Hybrid,2025-11-20,8325.95,2.0361
Crisil ST Bond,2025-11-20,6617.26,0.0625
Crisil Liquid,2025-11-20,20687.92,0.1131
Crisil Gilt,2025-11-20,14673.03,0.1025
Nifty 100,2025-11-21,14897.14,-0.0709
Nifty Midcap 150,2025-11-21,15623.58,-0.4097
Nifty 500,2025-11-21,30031.92,0.2789
Nifty Smallcap 250,2025-11-21,28627.35,0.1985
Nifty 50 Hybrid,2025-11-21,8281.09,-0.5388
Crisil ST Bond,2025-11-21,6619.45,0.033
Crisil Liquid,2025-11-21,20677.44,-0.0506
Crisil Gilt,2025-11-21,14673.45,0.0029
Nifty 100,2025-11-24,14851.66,-0.3053
Nifty Midcap 150,2025-11-24,15430.02,-1.2389
Nifty 500,2025-11-24,29334.83,-2.3212
Nifty Smallcap 250,2025-11-24,28367.11,-0.9091
Nifty 50 Hybrid,2025-11-24,8432.97,1.8341
Crisil ST Bond,2025-11-24,6618.72,-0.011
Crisil Liquid,2025-11-24,20697.62,0.0976
Crisil Gilt,2025-11-24,14645.21,-0.1924
Nifty 100,2025-11-25,14706.37,-0.9783
Nifty Midcap 150,2025-11-25,15225.65,-1.3245
Nifty 500,2025-11-25,29284.29,-0.1723
Nifty Smallcap 250,2025-11-25,29062.65,2.452
Nifty 50 Hybrid,2025-11-25,8474.31,0.4902
Crisil ST Bond,2025-11-25,6631.27,0.1896
Crisil Liquid,2025-11-25,20696.5,-0.0054
Crisil Gilt,2025-11-25,14668.13,0.1565
Nifty 100,2025-11-26,15015.68,2.1033
Nifty Midcap 150,2025-11-26,15213.57,-0.0794
Nifty 500,2025-11-26,29135.15,-0.5093
Nifty Smallcap 250,2025-11-26,28688.38,-1.2878
Nifty 50 Hybrid,2025-11-26,8450.66,-0.2791
Crisil ST Bond,2025-11-26,6633.14,0.0282
Crisil Liquid,2025-11-26,20742.67,0.2231
Crisil Gilt,2025-11-26,14652.07,-0.1095
Nifty 100,2025-11-27,15029.15,0.0897
Nifty Midcap 150,2025-11-27,14942.11,-1.7843
Nifty 500,2025-11-27,29019.56,-0.3968
Nifty Smallcap 250,2025-11-27,28786.32,0.3414
Nifty 50 Hybrid,2025-11-27,8496.51,0.5426
Crisil ST Bond,2025-11-27,6638.37,0.0789
Crisil Liquid,2025-11-27,20755.06,0.0597
Crisil Gilt,2025-11-27,14663.51,0.078
Nifty 100,2025-11-28,15040.53,0.0757
Nifty Midcap 150,2025-11-28,14790.02,-1.0179
Nifty 500,2025-11-28,28490.92,-1.8217
Nifty Smallcap 250,2025-11-28,28637.59,-0.5167
Nifty 50 Hybrid,2025-11-28,8487.63,-0.1046
Crisil ST Bond,2025-11-28,6648.02,0.1454
Crisil Liquid,2025-11-28,20757.12,0.0099
Crisil Gilt,2025-11-28,14663.56,0.0003
Nifty 100,2025-12-01,15103.03,0.4155
Nifty Midcap 150,2025-12-01,14754.52,-0.24
Nifty 500,2025-12-01,28730.4,0.8405
Nifty Smallcap 250,2025-12-01,29213.01,2.0093
Nifty 50 Hybrid,2025-12-01,8676.12,2.2208
Crisil ST Bond,2025-12-01,6650.0,0.0297
Crisil Liquid,2025-12-01,20768.27,0.0537
Crisil Gilt,2025-12-01,14689.64,0.1779
Nifty 100,2025-12-02,15084.91,-0.12
Nifty Midcap 150,2025-12-02,14859.16,0.7092
Nifty 500,2025-12-02,28412.88,-1.1052
Nifty Smallcap 250,2025-12-02,29130.97,-0.2808
Nifty 50 Hybrid,2025-12-02,8779.03,1.1861
Crisil ST Bond,2025-12-02,6646.55,-0.0518
Crisil Liquid,2025-12-02,20769.76,0.0072
Crisil Gilt,2025-12-02,14669.45,-0.1374
Nifty 100,2025-12-03,15392.0,2.0358
Nifty Midcap 150,2025-12-03,15051.29,1.293
Nifty 500,2025-12-03,28474.85,0.2181
Nifty Smallcap 250,2025-12-03,29287.55,0.5375
Nifty 50 Hybrid,2025-12-03,8816.42,0.4259
Crisil ST Bond,2025-12-03,6657.08,0.1584
Crisil Liquid,2025-12-03,20763.14,-0.0319
Crisil Gilt,2025-12-03,14683.13,0.0932
Nifty 100,2025-12-04,15562.46,1.1074
Nifty Midcap 150,2025-12-04,15238.73,1.2453
Nifty 500,2025-12-04,27840.04,-2.2294
Nifty Smallcap 250,2025-12-04,29120.83,-0.5693
Nifty 50 Hybrid,2025-12-04,8729.21,-0.9892
Crisil ST Bond,2025-12-04,6659.41,0.035
Crisil Liquid,2025-12-04,20725.43,-0.1816
Crisil Gilt,2025-12-04,14656.03,-0.1846
Nifty 100,2025-12-05,15904.85,2.2001
Nifty Midcap 150,2025-12-05,15337.43,0.6477
Nifty 500,2025-12-05,27882.08,0.151
Nifty Smallcap 250,2025-12-05,29235.47,0.3937
Nifty 50 Hybrid,2025-12-05,8744.6,0.1763
Crisil ST Bond,2025-12-05,6667.38,0.1197
Crisil Liquid,2025-12-05,20716.47,-0.0432
Crisil Gilt,2025-12-05,14661.7,0.0387
Nifty 100,2025-12-08,15945.79,0.2574
Nifty Midcap 150,2025-12-08,15181.47,-1.0169
Nifty 500,2025-12-08,28246.49,1.307
Nifty Smallcap 250,2025-12-08,29113.94,-0.4157
Nifty 50 Hybrid,2025-12-08,8836.19,1.0474
Crisil ST Bond,2025-12-08,6669.48,0.0315
Crisil Liquid,2025-12-08,20754.46,0.1834
Crisil Gilt,2025-12-08,14649.36,-0.0841
Nifty 100,2025-12-09,15777.6,-1.0548
Nifty Midcap 150,2025-12-09,15048.53,-0.8757
Nifty 500,2025-12-09,28292.62,0.1633
Nifty Smallcap 250,2025-12-09,29571.46,1.5715
Nifty 50 Hybrid,2025-12-09,8979.61,1.6231
Crisil ST Bond,2025-12-09,6655.41,-0.211
Crisil Liquid,2025-12-09,20763.79,0.045
Crisil Gilt,2025-12-09,14605.22,-0.3013
Nifty 100,2025-12-10,15907.77,0.825
Nifty Midcap 150,2025-12-10,15221.31,1.1482
Nifty 500,2025-12-10,28289.72,-0.0102
Nifty Smallcap 250,2025-12-10,29605.17,0.114
Nifty 50 Hybrid,2025-12-10,8988.92,0.1036
Crisil ST Bond,2025-12-10,6651.52,-0.0584
Crisil Liquid,2025-12-10,20776.91,0.0632
Crisil Gilt,2025-12-10,14604.76,-0.0031
Nifty 100,2025-12-11,16060.53,0.9603
Nifty Midcap 150,2025-12-11,15208.58,-0.0836
Nifty 500,2025-12-11,28054.63,-0.831
Nifty Smallcap 250,2025-12-11,29159.35,-1.5059
Nifty 50 Hybrid,2025-12-11,8824.06,-1.8341
Crisil ST Bond,2025-12-11,6661.58,0.1513
Crisil Liquid,2025-12-11,20771.55,-0.0258
Crisil Gilt,2025-12-11,14612.63,0.0539
Nifty 100,2025-12-12,16351.74,1.8132
Nifty Midcap 150,2025-12-12,15127.55,-0.5328
Nifty 500,2025-12-12,27887.01,-0.5975
Nifty Smallcap 250,2025-12-12,29129.56,-0.1022
Nifty 50 Hybrid,2025-12-12,8829.3,0.0594
Crisil ST Bond,2025-12-12,6675.48,0.2088
Crisil Liquid,2025-12-12,20808.23,0.1766
Crisil Gilt,2025-12-12,14624.62,0.0821
Nifty 100,2025-12-15,16593.65,1.4794
Nifty Midcap 150,2025-12-15,15105.13,-0.1482
Nifty 500,2025-12-15,27978.8,0.3292
Nifty Smallcap 250,2025-12-15,29050.47,-0.2715
Nifty 50 Hybrid,2025-12-15,8718.02,-1.2604
Crisil ST Bond,2025-12-15,6684.86,0.1404
Crisil Liquid,2025-12-15,20823.45,0.0732
Crisil Gilt,2025-12-15,14627.81,0.0218
Nifty 100,2025-12-16,16598.22,0.0275
Nifty Midcap 150,2025-12-16,14882.14,-1.4762
Nifty 500,2025-12-16,27713.71,-0.9475
Nifty Smallcap 250,2025-12-16,29156.84,0.3662
Nifty 50 Hybrid,2025-12-16,8674.51,-0.4991
Crisil ST Bond,2025-12-16,6684.74,-0.0018
Crisil Liquid,2025-12-16,20825.44,0.0095
Crisil Gilt,2025-12-16,14620.76,-0.0482
Nifty 100,2025-12-17,16442.55,-0.9379
Nifty Midcap 150,2025-12-17,14646.65,-1.5824
Nifty 500,2025-12-17,27681.42,-0.1165
Nifty Smallcap 250,2025-12-17,29345.95,0.6486
Nifty 50 Hybrid,2025-12-17,8534.53,-1.6136
Crisil ST Bond,2025-12-17,6685.91,0.0176
Crisil Liquid,2025-12-17,20835.46,0.0481
Crisil Gilt,2025-12-17,14609.21,-0.079
Nifty 100,2025-12-18,16681.31,1.4521
Nifty Midcap 150,2025-12-18,14594.55,-0.3557
Nifty 500,2025-12-18,27661.69,-0.0713
Nifty Smallcap 250,2025-12-18,29307.43,-0.1313
Nifty 50 Hybrid,2025-12-18,8385.96,-1.7408
Crisil ST Bond,2025-12-18,6694.0,0.1209
Crisil Liquid,2025-12-18,20819.72,-0.0756
Crisil Gilt,2025-12-18,14608.68,-0.0037
Nifty 100,2025-12-19,16786.02,0.6277
Nifty Midcap 150,2025-12-19,14812.14,1.4909
Nifty 500,2025-12-19,27371.26,-1.0499
Nifty Smallcap 250,2025-12-19,29185.37,-0.4165
Nifty 50 Hybrid,2025-12-19,8504.41,1.4124
Crisil ST Bond,2025-12-19,6698.44,0.0664
Crisil Liquid,2025-12-19,20837.86,0.0871
Crisil Gilt,2025-12-19,14596.24,-0.0851
Nifty 100,2025-12-22,16727.4,-0.3492
Nifty Midcap 150,2025-12-22,14791.73,-0.1378
Nifty 500,2025-12-22,27144.66,-0.8279
Nifty Smallcap 250,2025-12-22,28705.4,-1.6446
Nifty 50 Hybrid,2025-12-22,8463.55,-0.4805
Crisil ST Bond,2025-12-22,6708.85,0.1554
Crisil Liquid,2025-12-22,20843.26,0.0259
Crisil Gilt,2025-12-22,14619.22,0.1574
Nifty 100,2025-12-23,16762.36,0.209
Nifty Midcap 150,2025-12-23,14683.05,-0.7347
Nifty 500,2025-12-23,27499.61,1.3076
Nifty Smallcap 250,2025-12-23,28774.96,0.2423
Nifty 50 Hybrid,2025-12-23,8547.49,0.9918
Crisil ST Bond,2025-12-23,6703.02,-0.0868
Crisil Liquid,2025-12-23,20869.08,0.1239
Crisil Gilt,2025-12-23,14637.77,0.1269
Nifty 100,2025-12-24,16815.96,0.3198
Nifty Midcap 150,2025-12-24,14568.98,-0.7769
Nifty 500,2025-12-24,27495.2,-0.016
Nifty Smallcap 250,2025-12-24,28959.49,0.6413
Nifty 50 Hybrid,2025-12-24,8570.1,0.2646
Crisil ST Bond,2025-12-24,6708.39,0.0801
Crisil Liquid,2025-12-24,20894.37,0.1212
Crisil Gilt,2025-12-24,14631.21,-0.0448
Nifty 100,2025-12-25,16626.77,-1.1251
Nifty Midcap 150,2025-12-25,14567.88,-0.0075
Nifty 500,2025-12-25,27412.79,-0.2997
Nifty Smallcap 250,2025-12-25,29195.75,0.8158
Nifty 50 Hybrid,2025-12-25,8480.59,-1.0445
Crisil ST Bond,2025-12-25,6716.58,0.122
Crisil Liquid,2025-12-25,20926.84,0.1554
Crisil Gilt,2025-12-25,14634.14,0.02
Nifty 100,2025-12-26,16641.86,0.0907
Nifty Midcap 150,2025-12-26,14460.43,-0.7375
Nifty 500,2025-12-26,27272.25,-0.5127
Nifty Smallcap 250,2025-12-26,29085.3,-0.3783
Nifty 50 Hybrid,2025-12-26,8605.5,1.4729
Crisil ST Bond,2025-12-26,6717.44,0.0128
Crisil Liquid,2025-12-26,20903.35,-0.1122
Crisil Gilt,2025-12-26,14640.8,0.0455
Nifty 100,2025-12-29,16784.36,0.8563
Nifty Midcap 150,2025-12-29,14461.1,0.0046
Nifty 500,2025-12-29,27681.12,1.4992
Nifty Smallcap 250,2025-12-29,29320.16,0.8075
Nifty 50 Hybrid,2025-12-29,8517.8,-1.0191
Crisil ST Bond,2025-12-29,6715.08,-0.0351
Crisil Liquid,2025-12-29,20912.26,0.0426
Crisil Gilt,2025-12-29,14619.34,-0.1466
Nifty 100,2025-12-30,16845.85,0.3664
Nifty Midcap 150,2025-12-30,14210.69,-1.7316
Nifty 500,2025-12-30,27972.72,1.0534
Nifty Smallcap 250,2025-12-30,29594.97,0.9373
Nifty 50 Hybrid,2025-12-30,8563.35,0.5348
Crisil ST Bond,2025-12-30,6711.89,-0.0476
Crisil Liquid,2025-12-30,20920.0,0.037
Crisil Gilt,2025-12-30,14614.76,-0.0313
Nifty 100,2025-12-31,16677.25,-1.0008
Nifty Midcap 150,2025-12-31,14166.82,-0.3087
Nifty 500,2025-12-31,28176.44,0.7283
Nifty Smallcap 250,2025-12-31,29616.82,0.0738
Nifty 50 Hybrid,2025-12-31,8690.15,1.4807
Crisil ST Bond,2025-12-31,6718.37,0.0966
Crisil Liquid,2025-12-31,20937.97,0.0859
Crisil Gilt,2025-12-31,14594.16,-0.1409
Nifty 100,2026-01-01,16634.7,-0.2552
Nifty Midcap 150,2026-01-01,14020.28,-1.0344
Nifty 500,2026-01-01,28133.33,-0.153
Nifty Smallcap 250,2026-01-01,29420.38,-0.6633
Nifty 50 Hybrid,2026-01-01,8659.95,-0.3476
Crisil ST Bond,2026-01-01,6726.84,0.1261
Crisil Liquid,2026-01-01,20952.11,0.0675
Crisil Gilt,2026-01-01,14611.78,0.1207
Nifty 100,2026-01-02,16373.42,-1.5707
Nifty Midcap 150,2026-01-02,14032.61,0.088
Nifty 500,2026-01-02,28413.74,0.9967
Nifty Smallcap 250,2026-01-02,29872.36,1.5363
Nifty 50 Hybrid,2026-01-02,8528.48,-1.5181
Crisil ST Bond,2026-01-02,6725.82,-0.0151
Crisil Liquid,2026-01-02,20977.97,0.1234
Crisil Gilt,2026-01-02,14611.89,0.0008
Nifty 100,2026-01-05,16229.27,-0.8804
Nifty Midcap 150,2026-01-05,13819.32,-1.52
Nifty 500,2026-01-05,28152.7,-0.9187
Nifty Smallcap 250,2026-01-05,29376.81,-1.6589
Nifty 50 Hybrid,2026-01-05,8536.02,0.0885
Crisil ST Bond,2026-01-05,6733.19,0.1096
Crisil Liquid,2026-01-05,20955.71,-0.1061
Crisil Gilt,2026-01-05,14618.58,0.0458
Nifty 100,2026-01-06,16371.32,0.8753
Nifty Midcap 150,2026-01-06,13823.09,0.0273
Nifty 500,2026-01-06,27707.69,-1.5807
Nifty Smallcap 250,2026-01-06,29499.08,0.4162
Nifty 50 Hybrid,2026-01-06,8533.92,-0.0246
Crisil ST Bond,2026-01-06,6733.49,0.0043
Crisil Liquid,2026-01-06,20948.44,-0.0347
Crisil Gilt,2026-01-06,14622.78,0.0287
Nifty 100,2026-01-07,16459.69,0.5398
Nifty Midcap 150,2026-01-07,14157.7,2.4206
Nifty 500,2026-01-07,27747.13,0.1423
Nifty Smallcap 250,2026-01-07,29953.7,1.5411
Nifty 50 Hybrid,2026-01-07,8567.01,0.3878
Crisil ST Bond,2026-01-07,6734.16,0.01
Crisil Liquid,2026-01-07,20955.74,0.0349
Crisil Gilt,2026-01-07,14607.83,-0.1022
Nifty 100,2026-01-08,16514.97,0.3359
Nifty Midcap 150,2026-01-08,13879.91,-1.9621
Nifty 500,2026-01-08,27516.09,-0.8327
Nifty Smallcap 250,2026-01-08,29995.59,0.1398
Nifty 50 Hybrid,2026-01-08,8671.87,1.224
Crisil ST Bond,2026-01-08,6745.15,0.1631
Crisil Liquid,2026-01-08,20954.98,-0.0037
Crisil Gilt,2026-01-08,14613.03,0.0356
Nifty 100,2026-01-09,16682.5,1.0144
Nifty Midcap 150,2026-01-09,13699.54,-1.2995
Nifty 500,2026-01-09,27635.71,0.4347
Nifty Smallcap 250,2026-01-09,29756.26,-0.7979
Nifty 50 Hybrid,2026-01-09,8659.57,-0.1418
Crisil ST Bond,2026-01-09,6743.4,-0.0259
Crisil Liquid,2026-01-09,20968.29,0.0635
Crisil Gilt,2026-01-09,14623.99,0.075
Nifty 100,2026-01-12,16836.16,0.9211
Nifty Midcap 150,2026-01-12,13751.36,0.3782
Nifty 500,2026-01-12,27691.44,0.2017
Nifty Smallcap 250,2026-01-12,30316.87,1.884
Nifty 50 Hybrid,2026-01-12,8530.17,-1.4944
Crisil ST Bond,2026-01-12,6756.18,0.1896
Crisil Liquid,2026-01-12,20966.41,-0.009
Crisil Gilt,2026-01-12,14635.27,0.0771
Nifty 100,2026-01-13,16786.38,-0.2957
Nifty Midcap 150,2026-01-13,13658.87,-0.6725
Nifty 500,2026-01-13,27833.93,0.5146
Nifty Smallcap 250,2026-01-13,30641.91,1.0721
Nifty 50 Hybrid,2026-01-13,8573.07,0.503
Crisil ST Bond,2026-01-13,6753.87,-0.0342
Crisil Liquid,2026-01-13,21046.32,0.3811
Crisil Gilt,2026-01-13,14655.74,0.1399
Nifty 100,2026-01-14,16948.09,0.9633
Nifty Midcap 150,2026-01-14,13614.76,-0.323
Nifty 500,2026-01-14,27668.28,-0.5952
Nifty Smallcap 250,2026-01-14,30565.35,-0.2498
Nifty 50 Hybrid,2026-01-14,8668.36,1.1114
Crisil ST Bond,2026-01-14,6748.53,-0.0791
Crisil Liquid,2026-01-14,21028.04,-0.0868
Crisil Gilt,2026-01-14,14666.58,0.074
Nifty 100,2026-01-15,17007.27,0.3492
Nifty Midcap 150,2026-01-15,13513.97,-0.7403
Nifty 500,2026-01-15,27374.66,-1.0612
Nifty Smallcap 250,2026-01-15,31014.02,1.4679
Nifty 50 Hybrid,2026-01-15,8701.9,0.387
Crisil ST Bond,2026-01-15,6740.68,-0.1164
Crisil Liquid,2026-01-15,21005.05,-0.1094
Crisil Gilt,2026-01-15,14664.21,-0.0162
Nifty 100,2026-01-16,17137.01,0.7628
Nifty Midcap 150,2026-01-16,13598.43,0.625
Nifty 500,2026-01-16,27692.66,1.1617
Nifty Smallcap 250,2026-01-16,30561.11,-1.4603
Nifty 50 Hybrid,2026-01-16,8723.99,0.2538
Crisil ST Bond,2026-01-16,6751.64,0.1626
Crisil Liquid,2026-01-16,21037.24,0.1533
Crisil Gilt,2026-01-16,14672.4,0.0559
Nifty 100,2026-01-19,17544.53,2.378
Nifty Midcap 150,2026-01-19,13685.36,0.6393
Nifty 500,2026-01-19,27989.74,1.0727
Nifty Smallcap 250,2026-01-19,30583.86,0.0744
Nifty 50 Hybrid,2026-01-19,8658.48,-0.751
Crisil ST Bond,2026-01-19,6747.08,-0.0675
Crisil Liquid,2026-01-19,21045.27,0.0382
Crisil Gilt,2026-01-19,14672.23,-0.0012
Nifty 100,2026-01-20,17239.5,-1.7386
Nifty Midcap 150,2026-01-20,13549.09,-0.9958
Nifty 500,2026-01-20,27909.01,-0.2884
Nifty Smallcap 250,2026-01-20,30815.46,0.7573
Nifty 50 Hybrid,2026-01-20,8659.68,0.0139
Crisil ST Bond,2026-01-20,6747.94,0.0128
Crisil Liquid,2026-01-20,21028.71,-0.0787
Crisil Gilt,2026-01-20,14675.51,0.0223
Nifty 100,2026-01-21,17472.08,1.3491
Nifty Midcap 150,2026-01-21,13574.23,0.1856
Nifty 500,2026-01-21,27496.71,-1.4773
Nifty Smallcap 250,2026-01-21,30439.04,-1.2215
Nifty 50 Hybrid,2026-01-21,8713.27,0.6188
Crisil ST Bond,2026-01-21,6747.78,-0.0024
Crisil Liquid,2026-01-21,21031.35,0.0125
Crisil Gilt,2026-01-21,14669.45,-0.0413
Nifty 100,2026-01-22,17565.28,0.5334
Nifty Midcap 150,2026-01-22,13537.45,-0.2709
Nifty 500,2026-01-22,27453.65,-0.1566
Nifty Smallcap 250,2026-01-22,30189.07,-0.8212
Nifty 50 Hybrid,2026-01-22,8796.19,0.9517
Crisil ST Bond,2026-01-22,6747.64,-0.0021
Crisil Liquid,2026-01-22,21048.34,0.0808
Crisil Gilt,2026-01-22,14654.88,-0.0994
Nifty 100,2026-01-23,17875.11,1.7639
Nifty Midcap 150,2026-01-23,13714.44,1.3074
Nifty 500,2026-01-23,26937.57,-1.8798
Nifty Smallcap 250,2026-01-23,29956.03,-0.7719
Nifty 50 Hybrid,2026-01-23,8840.84,0.5076
Crisil ST Bond,2026-01-23,6740.08,-0.112
Crisil Liquid,2026-01-23,21049.78,0.0068
Crisil Gilt,2026-01-23,14664.06,0.0627
Nifty 100,2026-01-26,17847.45,-0.1547
Nifty Midcap 150,2026-01-26,13792.45,0.5688
Nifty 500,2026-01-26,26758.89,-0.6633
Nifty Smallcap 250,2026-01-26,29292.75,-2.2142
Nifty 50 Hybrid,2026-01-26,8930.32,1.0121
Crisil ST Bond,2026-01-26,6748.0,0.1176
Crisil Liquid,2026-01-26,21106.69,0.2704
Crisil Gilt,2026-01-26,14634.63,-0.2007
Nifty 100,2026-01-27,17986.81,0.7808
Nifty Midcap 150,2026-01-27,13525.06,-1.9387
Nifty 500,2026-01-27,27236.93,1.7865
Nifty Smallcap 250,2026-01-27,29444.45,0.5179
Nifty 50 Hybrid,2026-01-27,8847.99,-0.9219
Crisil ST Bond,2026-01-27,6754.62,0.098
Crisil Liquid,2026-01-27,21099.24,-0.0353
Crisil Gilt,2026-01-27,14641.95,0.05
Nifty 100,2026-01-28,18029.25,0.236
Nifty Midcap 150,2026-01-28,13765.02,1.7742
Nifty 500,2026-01-28,27739.44,1.8449
Nifty Smallcap 250,2026-01-28,29277.42,-0.5673
Nifty 50 Hybrid,2026-01-28,8944.27,1.0881
Crisil ST Bond,2026-01-28,6758.37,0.0555
Crisil Liquid,2026-01-28,21073.65,-0.1213
Crisil Gilt,2026-01-28,14634.68,-0.0496
Nifty 100,2026-01-29,18455.85,2.3661
Nifty Midcap 150,2026-01-29,13818.41,0.3879
Nifty 500,2026-01-29,28025.09,1.0298
Nifty Smallcap 250,2026-01-29,29224.12,-0.182
Nifty 50 Hybrid,2026-01-29,8898.66,-0.5099
Crisil ST Bond,2026-01-29,6759.9,0.0227
Crisil Liquid,2026-01-29,21072.26,-0.0066
Crisil Gilt,2026-01-29,14615.76,-0.1293
Nifty 100,2026-01-30,18276.22,-0.9733
Nifty Midcap 150,2026-01-30,13920.37,0.7379
Nifty 500,2026-01-30,27926.81,-0.3507
Nifty Smallcap 250,2026-01-30,29240.4,0.0557
Nifty 50 Hybrid,2026-01-30,8922.23,0.2649
Crisil ST Bond,2026-01-30,6763.37,0.0513
Crisil Liquid,2026-01-30,21100.64,0.1347
Crisil Gilt,2026-01-30,14602.62,-0.0899
Nifty 100,2026-02-02,18385.92,0.6003
Nifty Midcap 150,2026-02-02,14029.65,0.785
Nifty 500,2026-02-02,28210.5,1.0159
Nifty Smallcap 250,2026-02-02,28836.03,-1.3829
Nifty 50 Hybrid,2026-02-02,8947.64,0.2848
Crisil ST Bond,2026-02-02,6776.33,0.1916
Crisil Liquid,2026-02-02,21102.76,0.0101
Crisil Gilt,2026-02-02,14612.6,0.0683
Nifty 100,2026-02-03,18534.92,0.8104
Nifty Midcap 150,2026-02-03,13889.99,-0.9955
Nifty 500,2026-02-03,28736.3,1.8638
Nifty Smallcap 250,2026-02-03,28988.72,0.5295
Nifty 50 Hybrid,2026-02-03,8996.81,0.5495
Crisil ST Bond,2026-02-03,6766.42,-0.1462
Crisil Liquid,2026-02-03,21123.75,0.0995
Crisil Gilt,2026-02-03,14622.92,0.0706
Nifty 100,2026-02-04,18841.52,1.6542
Nifty Midcap 150,2026-02-04,13850.92,-0.2813
Nifty 500,2026-02-04,28461.1,-0.9577
Nifty Smallcap 250,2026-02-04,28799.64,-0.6522
Nifty 50 Hybrid,2026-02-04,8954.08,-0.475
Crisil ST Bond,2026-02-04,6760.21,-0.0919
Crisil Liquid,2026-02-04,21155.23,0.149
Crisil Gilt,2026-02-04,14645.26,0.1528
Nifty 100,2026-02-05,18810.28,-0.1658
Nifty Midcap 150,2026-02-05,13800.67,-0.3628
Nifty 500,2026-02-05,27952.94,-1.7855
Nifty Smallcap 250,2026-02-05,29008.72,0.726
Nifty 50 Hybrid,2026-02-05,9104.81,1.6834
Crisil ST Bond,2026-02-05,6757.25,-0.0437
Crisil Liquid,2026-02-05,21156.99,0.0083
Crisil Gilt,2026-02-05,14654.55,0.0634
Nifty 100,2026-02-06,19140.3,1.7544
Nifty Midcap 150,2026-02-06,13832.38,0.2298
Nifty 500,2026-02-06,28015.95,0.2254
Nifty Smallcap 250,2026-02-06,29069.44,0.2093
Nifty 50 Hybrid,2026-02-06,8977.8,-1.395
Crisil ST Bond,2026-02-06,6748.83,-0.1247
Crisil Liquid,2026-02-06,21144.13,-0.0608
Crisil Gilt,2026-02-06,14672.33,0.1213
Nifty 100,2026-02-09,19081.85,-0.3054
Nifty Midcap 150,2026-02-09,13763.28,-0.4996
Nifty 500,2026-02-09,27871.06,-0.5172
Nifty Smallcap 250,2026-02-09,29038.14,-0.1077
Nifty 50 Hybrid,2026-02-09,9133.3,1.7321
Crisil ST Bond,2026-02-09,6749.15,0.0049
Crisil Liquid,2026-02-09,21131.73,-0.0586
Crisil Gilt,2026-02-09,14675.63,0.0225
Nifty 100,2026-02-10,19422.48,1.7851
Nifty Midcap 150,2026-02-10,13698.2,-0.4728
Nifty 500,2026-02-10,27550.26,-1.151
Nifty Smallcap 250,2026-02-10,28901.37,-0.471
Nifty 50 Hybrid,2026-02-10,9147.81,0.1588
Crisil ST Bond,2026-02-10,6755.15,0.0888
Crisil Liquid,2026-02-10,21157.23,0.1207
Crisil Gilt,2026-02-10,14663.22,-0.0846
Nifty 100,2026-02-11,19243.62,-0.9208
Nifty Midcap 150,2026-02-11,13658.03,-0.2933
Nifty 500,2026-02-11,27747.11,0.7145
Nifty Smallcap 250,2026-02-11,28545.89,-1.23
Nifty 50 Hybrid,2026-02-11,9094.99,-0.5773
Crisil ST Bond,2026-02-11,6752.5,-0.0393
Crisil Liquid,2026-02-11,21181.39,0.1142
Crisil Gilt,2026-02-11,14673.9,0.0728
Nifty 100,2026-02-12,19423.31,0.9337
Nifty Midcap 150,2026-02-12,13844.96,1.3687
Nifty 500,2026-02-12,27670.62,-0.2757
Nifty Smallcap 250,2026-02-12,28215.49,-1.1574
Nifty 50 Hybrid,2026-02-12,8990.31,-1.151
Crisil ST Bond,2026-02-12,6741.44,-0.1638
Crisil Liquid,2026-02-12,21175.91,-0.0259
Crisil Gilt,2026-02-12,14671.2,-0.0184
Nifty 100,2026-02-13,19582.1,0.8176
Nifty Midcap 150,2026-02-13,13851.46,0.0469
Nifty 500,2026-02-13,27543.24,-0.4603
Nifty Smallcap 250,2026-02-13,28191.23,-0.086
Nifty 50 Hybrid,2026-02-13,8899.6,-1.009
Crisil ST Bond,2026-02-13,6749.7,0.1225
Crisil Liquid,2026-02-13,21163.5,-0.0586
Crisil Gilt,2026-02-13,14657.41,-0.094
Nifty 100,2026-02-16,19748.14,0.8479
Nifty Midcap 150,2026-02-16,13935.15,0.6042
Nifty 500,2026-02-16,27076.75,-1.6937
Nifty Smallcap 250,2026-02-16,28440.72,0.885
Nifty 50 Hybrid,2026-02-16,8836.27,-0.7116
Crisil ST Bond,2026-02-16,6748.52,-0.0174
Crisil Liquid,2026-02-16,21171.69,0.0387
Crisil Gilt,2026-02-16,14668.94,0.0787
Nifty 100,2026-02-17,19842.03,0.4755
Nifty Midcap 150,2026-02-17,13932.38,-0.0198
Nifty 500,2026-02-17,26969.89,-0.3946
Nifty Smallcap 250,2026-02-17,28566.49,0.4422
Nifty 50 Hybrid,2026-02-17,8828.46,-0.0884
Crisil ST Bond,2026-02-17,6762.05,0.2005
Crisil Liquid,2026-02-17,21188.34,0.0786
Crisil Gilt,2026-02-17,14658.33,-0.0723
Nifty 100,2026-02-18,19753.22,-0.4476
Nifty Midcap 150,2026-02-18,13943.28,0.0782
Nifty 500,2026-02-18,27328.44,1.3294
Nifty Smallcap 250,2026-02-18,28978.17,1.4411
Nifty 50 Hybrid,2026-02-18,8796.14,-0.3661
Crisil ST Bond,2026-02-18,6757.09,-0.0734
Crisil Liquid,2026-02-18,21170.09,-0.0861
Crisil Gilt,2026-02-18,14664.96,0.0452
Nifty 100,2026-02-19,20214.22,2.3338
Nifty Midcap 150,2026-02-19,14022.63,0.5691
Nifty 500,2026-02-19,26901.05,-1.5639
Nifty Smallcap 250,2026-02-19,28776.48,-0.696
Nifty 50 Hybrid,2026-02-19,8743.9,-0.5939
Crisil ST Bond,2026-02-19,6752.89,-0.0622
Crisil Liquid,2026-02-19,21166.11,-0.0188
Crisil Gilt,2026-02-19,14673.31,0.0569
Nifty 100,2026-02-20,20358.14,0.712
Nifty Midcap 150,2026-02-20,14179.93,1.1218
Nifty 500,2026-02-20,27050.13,0.5542
Nifty Smallcap 250,2026-02-20,28222.77,-1.9242
Nifty 50 Hybrid,2026-02-20,8654.07,-1.0273
Crisil ST Bond,2026-02-20,6753.17,0.0042
Crisil Liquid,2026-02-20,21173.46,0.0347
Crisil Gilt,2026-02-20,14688.88,0.1061
Nifty 100,2026-02-23,20373.04,0.0732
Nifty Midcap 150,2026-02-23,14191.37,0.0807
Nifty 500,2026-02-23,27122.57,0.2678
Nifty Smallcap 250,2026-02-23,28159.27,-0.225
Nifty 50 Hybrid,2026-02-23,8664.19,0.1169
Crisil ST Bond,2026-02-23,6762.13,0.1326
Crisil Liquid,2026-02-23,21175.92,0.0116
Crisil Gilt,2026-02-23,14691.38,0.017
Nifty 100,2026-02-24,20372.31,-0.0036
Nifty Midcap 150,2026-02-24,14379.8,1.3278
Nifty 500,2026-02-24,26830.18,-1.0781
Nifty Smallcap 250,2026-02-24,28667.78,1.8058
Nifty 50 Hybrid,2026-02-24,8564.86,-1.1464
Crisil ST Bond,2026-02-24,6759.06,-0.0454
Crisil Liquid,2026-02-24,21195.92,0.0945
Crisil Gilt,2026-02-24,14709.45,0.123
Nifty 100,2026-02-25,20092.49,-1.3735
Nifty Midcap 150,2026-02-25,14226.99,-1.0627
Nifty 500,2026-02-25,26912.77,0.3078
Nifty Smallcap 250,2026-02-25,29348.47,2.3744
Nifty 50 Hybrid,2026-02-25,8674.17,1.2763
Crisil ST Bond,2026-02-25,6758.73,-0.0048
Crisil Liquid,2026-02-25,21148.89,-0.2219
Crisil Gilt,2026-02-25,14713.59,0.0282
Nifty 100,2026-02-26,20171.32,0.3923
Nifty Midcap 150,2026-02-26,14176.81,-0.3527
Nifty 500,2026-02-26,26691.89,-0.8207
Nifty Smallcap 250,2026-02-26,29403.99,0.1892
Nifty 50 Hybrid,2026-02-26,8595.04,-0.9123
Crisil ST Bond,2026-02-26,6772.74,0.2072
Crisil Liquid,2026-02-26,21185.19,0.1717
Crisil Gilt,2026-02-26,14726.22,0.0858
Nifty 100,2026-02-27,20195.46,0.1197
Nifty Midcap 150,2026-02-27,14087.47,-0.6302
Nifty 500,2026-02-27,26694.35,0.0092
Nifty Smallcap 250,2026-02-27,29894.83,1.6693
Nifty 50 Hybrid,2026-02-27,8672.28,0.8987
Crisil ST Bond,2026-02-27,6775.47,0.0404
Crisil Liquid,2026-02-27,21209.01,0.1124
Crisil Gilt,2026-02-27,14737.2,0.0746
Nifty 100,2026-03-02,20281.55,0.4263
Nifty Midcap 150,2026-03-02,14229.84,1.0106
Nifty 500,2026-03-02,26840.38,0.547
Nifty Smallcap 250,2026-03-02,30160.46,0.8886
Nifty 50 Hybrid,2026-03-02,8688.88,0.1914
Crisil ST Bond,2026-03-02,6775.1,-0.0054
Crisil Liquid,2026-03-02,21201.62,-0.0348
Crisil Gilt,2026-03-02,14730.31,-0.0467
Nifty 100,2026-03-03,19962.08,-1.5752
Nifty Midcap 150,2026-03-03,14104.34,-0.8819
Nifty 500,2026-03-03,26595.9,-0.9109
Nifty Smallcap 250,2026-03-03,30016.49,-0.4773
Nifty 50 Hybrid,2026-03-03,8827.23,1.5922
Crisil ST Bond,2026-03-03,6775.39,0.0042
Crisil Liquid,2026-03-03,21210.99,0.0442
Crisil Gilt,2026-03-03,14737.28,0.0473
Nifty 100,2026-03-04,20284.99,1.6176
Nifty Midcap 150,2026-03-04,14027.39,-0.5456
Nifty 500,2026-03-04,26544.7,-0.1925
Nifty Smallcap 250,2026-03-04,29993.62,-0.0762
Nifty 50 Hybrid,2026-03-04,8930.2,1.1665
Crisil ST Bond,2026-03-04,6785.85,0.1544
Crisil Liquid,2026-03-04,21225.3,0.0675
Crisil Gilt,2026-03-04,14758.4,0.1433
Nifty 100,2026-03-05,20327.11,0.2077
Nifty Midcap 150,2026-03-05,14007.38,-0.1426
Nifty 500,2026-03-05,26865.55,1.2087
Nifty Smallcap 250,2026-03-05,30148.87,0.5176
Nifty 50 Hybrid,2026-03-05,8867.19,-0.7055
Crisil ST Bond,2026-03-05,6793.98,0.1197
Crisil Liquid,2026-03-05,21225.12,-0.0008
Crisil Gilt,2026-03-05,14756.47,-0.0131
Nifty 100,2026-03-06,20514.73,0.923
Nifty Midcap 150,2026-03-06,13999.14,-0.0588
Nifty 500,2026-03-06,26978.1,0.419
Nifty Smallcap 250,2026-03-06,30357.48,0.6919
Nifty 50 Hybrid,2026-03-06,8800.43,-0.7529
Crisil ST Bond,2026-03-06,6797.95,0.0585
Crisil Liquid,2026-03-06,21258.0,0.1549
Crisil Gilt,2026-03-06,14745.31,-0.0756
Nifty 100,2026-03-09,20613.18,0.4799
Nifty Midcap 150,2026-03-09,13887.22,-0.7995
Nifty 500,2026-03-09,27261.75,1.0514
Nifty Smallcap 250,2026-03-09,30673.78,1.0419
Nifty 50 Hybrid,2026-03-09,8771.89,-0.3243
Crisil ST Bond,2026-03-09,6814.33,0.241
Crisil Liquid,2026-03-09,21285.78,0.1307
Crisil Gilt,2026-03-09,14758.68,0.0907
Nifty 100,2026-03-10,20753.48,0.6806
Nifty Midcap 150,2026-03-10,14028.03,1.0139
Nifty 500,2026-03-10,26998.5,-0.9656
Nifty Smallcap 250,2026-03-10,30742.67,0.2246
Nifty 50 Hybrid,2026-03-10,8808.13,0.4132
Crisil ST Bond,2026-03-10,6812.97,-0.02
Crisil Liquid,2026-03-10,21299.93,0.0665
Crisil Gilt,2026-03-10,14779.81,0.1432
Nifty 100,2026-03-11,20672.17,-0.3918
Nifty Midcap 150,2026-03-11,14024.6,-0.0244
Nifty 500,2026-03-11,26785.05,-0.7906
Nifty Smallcap 250,2026-03-11,30202.53,-1.757
Nifty 50 Hybrid,2026-03-11,8879.38,0.8089
Crisil ST Bond,2026-03-11,6814.16,0.0174
Crisil Liquid,2026-03-11,21305.2,0.0248
Crisil Gilt,2026-03-11,14768.18,-0.0787
Nifty 100,2026-03-12,20640.03,-0.1555
Nifty Midcap 150,2026-03-12,14182.6,1.1266
Nifty 500,2026-03-12,26793.31,0.0308
Nifty Smallcap 250,2026-03-12,30220.4,0.0592
Nifty 50 Hybrid,2026-03-12,8900.47,0.2375
Crisil ST Bond,2026-03-12,6807.1,-0.1036
Crisil Liquid,2026-03-12,21322.78,0.0825
Crisil Gilt,2026-03-12,14752.6,-0.1055
Nifty 100,2026-03-13,20452.28,-0.9096
Nifty Midcap 150,2026-03-13,14038.05,-1.0192
Nifty 500,2026-03-13,26754.4,-0.1452
Nifty Smallcap 250,2026-03-13,30122.96,-0.3225
Nifty 50 Hybrid,2026-03-13,8903.04,0.0288
Crisil ST Bond,2026-03-13,6802.29,-0.0705
Crisil Liquid,2026-03-13,21348.48,0.1205
Crisil Gilt,2026-03-13,14767.85,0.1034
Nifty 100,2026-03-16,20422.87,-0.1438
Nifty Midcap 150,2026-03-16,13975.11,-0.4484
Nifty 500,2026-03-16,26607.42,-0.5494
Nifty Smallcap 250,2026-03-16,30038.57,-0.2801
Nifty 50 Hybrid,2026-03-16,8781.04,-1.3702
Crisil ST Bond,2026-03-16,6797.13,-0.076
Crisil Liquid,2026-03-16,21371.12,0.106
Crisil Gilt,2026-03-16,14775.26,0.0502
Nifty 100,2026-03-17,20762.76,1.6643
Nifty Midcap 150,2026-03-17,13937.49,-0.2692
Nifty 500,2026-03-17,26519.21,-0.3315
Nifty Smallcap 250,2026-03-17,29925.05,-0.3779
Nifty 50 Hybrid,2026-03-17,8755.65,-0.2892
Crisil ST Bond,2026-03-17,6794.0,-0.046
Crisil Liquid,2026-03-17,21381.18,0.0471
Crisil Gilt,2026-03-17,14778.65,0.0229
Nifty 100,2026-03-18,20663.12,-0.4799
Nifty Midcap 150,2026-03-18,14116.05,1.2811
Nifty 500,2026-03-18,27030.13,1.9266
Nifty Smallcap 250,2026-03-18,30283.13,1.1966
Nifty 50 Hybrid,2026-03-18,8807.14,0.5881
Crisil ST Bond,2026-03-18,6800.54,0.0962
Crisil Liquid,2026-03-18,21425.15,0.2056
Crisil Gilt,2026-03-18,14792.84,0.096
Nifty 100,2026-03-19,20548.4,-0.5552
Nifty Midcap 150,2026-03-19,14175.66,0.4223
Nifty 500,2026-03-19,27207.51,0.6562
Nifty Smallcap 250,2026-03-19,29990.98,-0.9647
Nifty 50 Hybrid,2026-03-19,8784.69,-0.2549
Crisil ST Bond,2026-03-19,6809.38,0.13
Crisil Liquid,2026-03-19,21390.37,-0.1623
Crisil Gilt,2026-03-19,14777.3,-0.105
Nifty 100,2026-03-20,20518.31,-0.1464
Nifty Midcap 150,2026-03-20,14230.05,0.3837
Nifty 500,2026-03-20,26846.3,-1.3276
Nifty Smallcap 250,2026-03-20,29961.96,-0.0968
Nifty 50 Hybrid,2026-03-20,8888.68,1.1838
Crisil ST Bond,2026-03-20,6811.21,0.0269
Crisil Liquid,2026-03-20,21414.73,0.1139
Crisil Gilt,2026-03-20,14771.51,-0.0392
Nifty 100,2026-03-23,20358.29,-0.7799
Nifty Midcap 150,2026-03-23,14355.11,0.8789
Nifty 500,2026-03-23,26953.48,0.3993
Nifty Smallcap 250,2026-03-23,29615.72,-1.1556
Nifty 50 Hybrid,2026-03-23,8820.17,-0.7708
Crisil ST Bond,2026-03-23,6823.23,0.1765
Crisil Liquid,2026-03-23,21399.22,-0.0725
Crisil Gilt,2026-03-23,14788.26,0.1134
Nifty 100,2026-03-24,20267.05,-0.4482
Nifty Midcap 150,2026-03-24,14358.96,0.0268
Nifty 500,2026-03-24,27040.97,0.3246
Nifty Smallcap 250,2026-03-24,29002.38,-2.071
Nifty 50 Hybrid,2026-03-24,8693.8,-1.4327
Crisil ST Bond,2026-03-24,6825.18,0.0286
Crisil Liquid,2026-03-24,21388.0,-0.0524
Crisil Gilt,2026-03-24,14805.96,0.1197
Nifty 100,2026-03-25,19947.61,-1.5761
Nifty Midcap 150,2026-03-25,14444.43,0.5953
Nifty 500,2026-03-25,26676.94,-1.3462
Nifty Smallcap 250,2026-03-25,28908.96,-0.3221
Nifty 50 Hybrid,2026-03-25,8603.87,-1.0344
Crisil ST Bond,2026-03-25,6839.53,0.2102
Crisil Liquid,2026-03-25,21363.63,-0.1139
Crisil Gilt,2026-03-25,14807.11,0.0078
Nifty 100,2026-03-26,19609.13,-1.6968
Nifty Midcap 150,2026-03-26,14679.82,1.6296
Nifty 500,2026-03-26,26792.0,0.4313
Nifty Smallcap 250,2026-03-26,28957.23,0.167
Nifty 50 Hybrid,2026-03-26,8733.3,1.5043
Crisil ST Bond,2026-03-26,6841.91,0.0347
Crisil Liquid,2026-03-26,21372.59,0.042
Crisil Gilt,2026-03-26,14812.02,0.0332
Nifty 100,2026-03-27,19725.54,0.5936
Nifty Midcap 150,2026-03-27,14611.93,-0.4624
Nifty 500,2026-03-27,26742.62,-0.1843
Nifty Smallcap 250,2026-03-27,29200.57,0.8403
Nifty 50 Hybrid,2026-03-27,8760.14,0.3074
Crisil ST Bond,2026-03-27,6842.49,0.0086
Crisil Liquid,2026-03-27,21346.93,-0.1201
Crisil Gilt,2026-03-27,14837.17,0.1698
Nifty 100,2026-03-30,19600.98,-0.6315
Nifty Midcap 150,2026-03-30,14760.57,1.0172
Nifty 500,2026-03-30,26797.64,0.2058
Nifty Smallcap 250,2026-03-30,28831.64,-1.2635
Nifty 50 Hybrid,2026-03-30,8872.47,1.2823
Crisil ST Bond,2026-03-30,6845.6,0.0455
Crisil Liquid,2026-03-30,21379.71,0.1535
Crisil Gilt,2026-03-30,14837.44,0.0018
Nifty 100,2026-03-31,19744.86,0.7341
Nifty Midcap 150,2026-03-31,14504.84,-1.7325
Nifty 500,2026-03-31,26671.64,-0.4702
Nifty Smallcap 250,2026-03-31,28473.26,-1.243
Nifty 50 Hybrid,2026-03-31,8841.88,-0.3448
Crisil ST Bond,2026-03-31,6850.2,0.0672
Crisil Liquid,2026-03-31,21371.06,-0.0405
Crisil Gilt,2026-03-31,14853.22,0.1064
Nifty 100,2026-04-01,19581.65,-0.8266
Nifty Midcap 150,2026-04-01,14637.59,0.9152
Nifty 500,2026-04-01,27028.97,1.3398
Nifty Smallcap 250,2026-04-01,28770.39,1.0435
Nifty 50 Hybrid,2026-04-01,8814.1,-0.3142
Crisil ST Bond,2026-04-01,6837.01,-0.1925
Crisil Liquid,2026-04-01,21387.77,0.0782
Crisil Gilt,2026-04-01,14854.33,0.0075
Nifty 100,2026-04-02,19395.94,-0.9484
Nifty Midcap 150,2026-04-02,14560.56,-0.5263
Nifty 500,2026-04-02,27424.79,1.4644
Nifty Smallcap 250,2026-04-02,28451.8,-1.1073
Nifty 50 Hybrid,2026-04-02,8858.02,0.4983
Crisil ST Bond,2026-04-02,6839.87,0.0418
Crisil Liquid,2026-04-02,21384.41,-0.0157
Crisil Gilt,2026-04-02,14866.88,0.0845
Nifty 100,2026-04-03,19718.35,1.6622
Nifty Midcap 150,2026-04-03,14521.83,-0.266
Nifty 500,2026-04-03,27366.33,-0.2132
Nifty Smallcap 250,2026-04-03,28637.32,0.6521
Nifty 50 Hybrid,2026-04-03,8942.02,0.9482
Crisil ST Bond,2026-04-03,6840.36,0.0072
Crisil Liquid,2026-04-03,21382.15,-0.0105
Crisil Gilt,2026-04-03,14836.88,-0.2018
Nifty 100,2026-04-06,19570.85,-0.748
Nifty Midcap 150,2026-04-06,14360.74,-1.1093
Nifty 500,2026-04-06,27561.89,0.7146
Nifty Smallcap 250,2026-04-06,28576.07,-0.2139
Nifty 50 Hybrid,2026-04-06,8919.39,-0.253
Crisil ST Bond,2026-04-06,6841.67,0.0191
Crisil Liquid,2026-04-06,21367.82,-0.067
Crisil Gilt,2026-04-06,14862.89,0.1753
Nifty 100,2026-04-07,19830.79,1.3282
Nifty Midcap 150,2026-04-07,14597.42,1.6481
Nifty 500,2026-04-07,27758.53,0.7134
Nifty Smallcap 250,2026-04-07,28576.22,0.0005
Nifty 50 Hybrid,2026-04-07,9066.09,1.6447
Crisil ST Bond,2026-04-07,6838.38,-0.0481
Crisil Liquid,2026-04-07,21353.48,-0.0671
Crisil Gilt,2026-04-07,14856.92,-0.0402
Nifty 100,2026-04-08,19940.43,0.5529
Nifty Midcap 150,2026-04-08,14490.55,-0.7321
Nifty 500,2026-04-08,27723.72,-0.1254
Nifty Smallcap 250,2026-04-08,28127.04,-1.5719
Nifty 50 Hybrid,2026-04-08,9112.43,0.5111
Crisil ST Bond,2026-04-08,6829.37,-0.1317
Crisil Liquid,2026-04-08,21337.85,-0.0732
Crisil Gilt,2026-04-08,14877.98,0.1417
Nifty 100,2026-04-09,20181.77,1.2103
Nifty Midcap 150,2026-04-09,14549.14,0.4043
Nifty 500,2026-04-09,27808.47,0.3057
Nifty Smallcap 250,2026-04-09,27986.14,-0.501
Nifty 50 Hybrid,2026-04-09,9044.73,-0.7429
Crisil ST Bond,2026-04-09,6828.27,-0.0162
Crisil Liquid,2026-04-09,21309.82,-0.1314
Crisil Gilt,2026-04-09,14884.71,0.0452
Nifty 100,2026-04-10,20197.68,0.0788
Nifty Midcap 150,2026-04-10,14417.7,-0.9034
Nifty 500,2026-04-10,28253.03,1.5987
Nifty Smallcap 250,2026-04-10,28164.38,0.6369
Nifty 50 Hybrid,2026-04-10,9110.02,0.7218
Crisil ST Bond,2026-04-10,6826.3,-0.0287
Crisil Liquid,2026-04-10,21314.05,0.0199
Crisil Gilt,2026-04-10,14897.03,0.0827
Nifty 100,2026-04-13,20234.6,0.1828
Nifty Midcap 150,2026-04-13,14652.98,1.6319
Nifty 500,2026-04-13,28203.93,-0.1738
Nifty Smallcap 250,2026-04-13,28030.73,-0.4746
Nifty 50 Hybrid,2026-04-13,9170.54,0.6643
Crisil ST Bond,2026-04-13,6819.04,-0.1065
Crisil Liquid,2026-04-13,21338.01,0.1124
Crisil Gilt,2026-04-13,14880.63,-0.1101
Nifty 100,2026-04-14,20369.89,0.6686
Nifty Midcap 150,2026-04-14,14562.38,-0.6183
Nifty 500,2026-04-14,28346.81,0.5066
Nifty Smallcap 250,2026-04-14,28293.47,0.9373
Nifty 50 Hybrid,2026-04-14,9187.36,0.1834
Crisil ST Bond,2026-04-14,6812.22,-0.1
Crisil Liquid,2026-04-14,21323.14,-0.0697
Crisil Gilt,2026-04-14,14872.76,-0.0529
Nifty 100,2026-04-15,19989.99,-1.865
Nifty Midcap 150,2026-04-15,14730.94,1.1575
Nifty 500,2026-04-15,28386.53,0.1401
Nifty Smallcap 250,2026-04-15,27980.68,-1.1055
Nifty 50 Hybrid,2026-04-15,9323.85,1.4857
Crisil ST Bond,2026-04-15,6808.8,-0.0501
Crisil Liquid,2026-04-15,21332.75,0.0451
Crisil Gilt,2026-04-15,14863.46,-0.0625
Nifty 100,2026-04-16,19592.53,-1.9883
Nifty Midcap 150,2026-04-16,14534.36,-1.3344
Nifty 500,2026-04-16,28267.73,-0.4185
Nifty Smallcap 250,2026-04-16,28240.42,0.9283
Nifty 50 Hybrid,2026-04-16,9358.96,0.3765
Crisil ST Bond,2026-04-16,6811.12,0.034
Crisil Liquid,2026-04-16,21294.14,-0.181
Crisil Gilt,2026-04-16,14885.31,0.147
Nifty 100,2026-04-17,19642.24,0.2537
Nifty Midcap 150,2026-04-17,14521.37,-0.0894
Nifty 500,2026-04-17,28596.32,1.1624
Nifty Smallcap 250,2026-04-17,28601.2,1.2775
Nifty 50 Hybrid,2026-04-17,9469.82,1.1846
Crisil ST Bond,2026-04-17,6810.8,-0.0047
Crisil Liquid,2026-04-17,21277.03,-0.0803
Crisil Gilt,2026-04-17,14903.01,0.1189
Nifty 100,2026-04-20,19380.0,-1.3351
Nifty Midcap 150,2026-04-20,14808.49,1.9773
Nifty 500,2026-04-20,28612.91,0.058
Nifty Smallcap 250,2026-04-20,28306.35,-1.0309
Nifty 50 Hybrid,2026-04-20,9356.01,-1.2019
Crisil ST Bond,2026-04-20,6803.46,-0.1078
Crisil Liquid,2026-04-20,21284.27,0.034
Crisil Gilt,2026-04-20,14905.9,0.0194
Nifty 100,2026-04-21,19146.29,-1.2059
Nifty Midcap 150,2026-04-21,14760.15,-0.3265
Nifty 500,2026-04-21,28230.09,-1.3379
Nifty Smallcap 250,2026-04-21,28481.65,0.6193
Nifty 50 Hybrid,2026-04-21,9353.71,-0.0246
Crisil ST Bond,2026-04-21,6802.25,-0.0178
Crisil Liquid,2026-04-21,21261.11,-0.1088
Crisil Gilt,2026-04-21,14904.4,-0.01
Nifty 100,2026-04-22,19072.63,-0.3847
Nifty Midcap 150,2026-04-22,14811.47,0.3477
Nifty 500,2026-04-22,28285.7,0.197
Nifty Smallcap 250,2026-04-22,28715.79,0.8221
Nifty 50 Hybrid,2026-04-22,9311.19,-0.4546
Crisil ST Bond,2026-04-22,6790.95,-0.166
Crisil Liquid,2026-04-22,21286.44,0.1191
Crisil Gilt,2026-04-22,14893.43,-0.0736
Nifty 100,2026-04-23,18867.24,-1.0769
Nifty Midcap 150,2026-04-23,14809.53,-0.0131
Nifty 500,2026-04-23,28379.69,0.3323
Nifty Smallcap 250,2026-04-23,28571.97,-0.5008
Nifty 50 Hybrid,2026-04-23,9263.82,-0.5087
Crisil ST Bond,2026-04-23,6789.65,-0.0191
Crisil Liquid,2026-04-23,21320.85,0.1617
Crisil Gilt,2026-04-23,14896.37,0.0197
Nifty 100,2026-04-24,18690.27,-0.938
Nifty Midcap 150,2026-04-24,14672.13,-0.9278
Nifty 500,2026-04-24,28317.0,-0.2209
Nifty Smallcap 250,2026-04-24,28648.5,0.2679
Nifty 50 Hybrid,2026-04-24,9311.44,0.514
Crisil ST Bond,2026-04-24,6791.86,0.0324
Crisil Liquid,2026-04-24,21307.16,-0.0642
Crisil Gilt,2026-04-24,14893.04,-0.0224
Nifty 100,2026-04-27,18833.04,0.7639
Nifty Midcap 150,2026-04-27,14508.38,-1.1161
Nifty 500,2026-04-27,28193.61,-0.4358
Nifty Smallcap 250,2026-04-27,28828.26,0.6275
Nifty 50 Hybrid,2026-04-27,9395.73,0.9053
Crisil ST Bond,2026-04-27,6791.9,0.0007
Crisil Liquid,2026-04-27,21302.66,-0.0211
Crisil Gilt,2026-04-27,14876.32,-0.1122
Nifty 100,2026-04-28,18937.69,0.5556
Nifty Midcap 150,2026-04-28,14704.06,1.3488
Nifty 500,2026-04-28,28925.28,2.5952
Nifty Smallcap 250,2026-04-28,28948.31,0.4164
Nifty 50 Hybrid,2026-04-28,9393.77,-0.0209
Crisil ST Bond,2026-04-28,6787.01,-0.072
Crisil Liquid,2026-04-28,21266.9,-0.1679
Crisil Gilt,2026-04-28,14881.93,0.0377
Nifty 100,2026-04-29,19388.47,2.3803
Nifty Midcap 150,2026-04-29,14895.34,1.3008
Nifty 500,2026-04-29,29256.93,1.1466
Nifty Smallcap 250,2026-04-29,29028.1,0.2756
Nifty 50 Hybrid,2026-04-29,9430.36,0.3895
Crisil ST Bond,2026-04-29,6771.92,-0.2224
Crisil Liquid,2026-04-29,21287.37,0.0963
Crisil Gilt,2026-04-29,14876.29,-0.0379
Nifty 100,2026-04-30,19258.23,-0.6717
Nifty Midcap 150,2026-04-30,14851.65,-0.2933
Nifty 500,2026-04-30,29161.25,-0.327
Nifty Smallcap 250,2026-04-30,28828.49,-0.6876
Nifty 50 Hybrid,2026-04-30,9434.5,0.0439
Crisil ST Bond,2026-04-30,6769.5,-0.0358
Crisil Liquid,2026-04-30,21293.76,0.03
Crisil Gilt,2026-04-30,14857.14,-0.1287
Nifty 100,2026-05-01,19222.79,-0.1841
Nifty Midcap 150,2026-05-01,14693.29,-1.0663
Nifty 500,2026-05-01,28982.95,-0.6114
Nifty Smallcap 250,2026-05-01,28878.48,0.1734
Nifty 50 Hybrid,2026-05-01,9286.0,-1.574
Crisil ST Bond,2026-05-01,6765.28,-0.0622
Crisil Liquid,2026-05-01,21310.13,0.0769
Crisil Gilt,2026-05-01,14839.11,-0.1213
Nifty 100,2026-05-04,19570.31,1.8079
Nifty Midcap 150,2026-05-04,14874.67,1.2344
Nifty 500,2026-05-04,28848.31,-0.4645
Nifty Smallcap 250,2026-05-04,28659.81,-0.7572
Nifty 50 Hybrid,2026-05-04,9307.54,0.2319
Crisil ST Bond,2026-05-04,6756.84,-0.1247
Crisil Liquid,2026-05-04,21271.73,-0.1802
Crisil Gilt,2026-05-04,14835.27,-0.0259
Nifty 100,2026-05-05,19549.95,-0.104
Nifty Midcap 150,2026-05-05,14893.17,0.1244
Nifty 500,2026-05-05,28679.63,-0.5847
Nifty Smallcap 250,2026-05-05,29033.52,1.3039
Nifty 50 Hybrid,2026-05-05,9171.17,-1.4651
Crisil ST Bond,2026-05-05,6750.5,-0.0938
Crisil Liquid,2026-05-05,21286.34,0.0687
Crisil Gilt,2026-05-05,14821.0,-0.0962
Nifty 100,2026-05-06,19321.15,-1.1703
Nifty Midcap 150,2026-05-06,14916.01,0.1534
Nifty 500,2026-05-06,28386.08,-1.0235
Nifty Smallcap 250,2026-05-06,29003.59,-0.1031
Nifty 50 Hybrid,2026-05-06,9109.73,-0.6699
Crisil ST Bond,2026-05-06,6746.04,-0.0662
Crisil Liquid,2026-05-06,21245.84,-0.1902
Crisil Gilt,2026-05-06,14826.03,0.034
Nifty 100,2026-05-07,19085.97,-1.2172
Nifty Midcap 150,2026-05-07,14895.39,-0.1382
Nifty 500,2026-05-07,28249.23,-0.4821
Nifty Smallcap 250,2026-05-07,28952.39,-0.1765
Nifty 50 Hybrid,2026-05-07,9098.83,-0.1197
Crisil ST Bond,2026-05-07,6748.69,0.0394
Crisil Liquid,2026-05-07,21234.63,-0.0528
Crisil Gilt,2026-05-07,14847.42,0.1443
Nifty 100,2026-05-08,18739.1,-1.8174
Nifty Midcap 150,2026-05-08,14866.11,-0.1966
Nifty 500,2026-05-08,28493.94,0.8662
Nifty Smallcap 250,2026-05-08,29099.12,0.5068
Nifty 50 Hybrid,2026-05-08,9012.86,-0.9448
Crisil ST Bond,2026-05-08,6744.59,-0.0608
Crisil Liquid,2026-05-08,21217.5,-0.0807
Crisil Gilt,2026-05-08,14859.29,0.0799
Nifty 100,2026-05-11,18606.07,-0.7099
Nifty Midcap 150,2026-05-11,14908.5,0.2851
Nifty 500,2026-05-11,28577.79,0.2943
Nifty Smallcap 250,2026-05-11,29797.03,2.3984
Nifty 50 Hybrid,2026-05-11,9043.8,0.3433
Crisil ST Bond,2026-05-11,6740.47,-0.0611
Crisil Liquid,2026-05-11,21190.76,-0.126
Crisil Gilt,2026-05-11,14858.16,-0.0076
Nifty 100,2026-05-12,18589.5,-0.0891
Nifty Midcap 150,2026-05-12,14583.39,-2.1807
Nifty 500,2026-05-12,28382.36,-0.6839
Nifty Smallcap 250,2026-05-12,29894.57,0.3274
Nifty 50 Hybrid,2026-05-12,8998.37,-0.5024
Crisil ST Bond,2026-05-12,6748.34,0.1169
Crisil Liquid,2026-05-12,21161.98,-0.1358
Crisil Gilt,2026-05-12,14871.19,0.0877
Nifty 100,2026-05-13,18764.96,0.9439
Nifty Midcap 150,2026-05-13,14727.25,0.9865
Nifty 500,2026-05-13,27946.45,-1.5359
Nifty Smallcap 250,2026-05-13,29997.57,0.3446
Nifty 50 Hybrid,2026-05-13,8940.89,-0.6388
Crisil ST Bond,2026-05-13,6740.2,-0.1206
Crisil Liquid,2026-05-13,21157.45,-0.0214
Crisil Gilt,2026-05-13,14860.71,-0.0705
Nifty 100,2026-05-14,18943.37,0.9508
Nifty Midcap 150,2026-05-14,14807.23,0.5431
Nifty 500,2026-05-14,27632.77,-1.1224
Nifty Smallcap 250,2026-05-14,29789.32,-0.6942
Nifty 50 Hybrid,2026-05-14,8909.54,-0.3507
Crisil ST Bond,2026-05-14,6741.06,0.0128
Crisil Liquid,2026-05-14,21182.97,0.1206
Crisil Gilt,2026-05-14,14873.94,0.0891
Nifty 100,2026-05-15,18958.79,0.0814
Nifty Midcap 150,2026-05-15,14773.08,-0.2306
Nifty 500,2026-05-15,27151.03,-1.7434
Nifty Smallcap 250,2026-05-15,30183.14,1.322
Nifty 50 Hybrid,2026-05-15,8872.37,-0.4171
Crisil ST Bond,2026-05-15,6752.89,0.1755
Crisil Liquid,2026-05-15,21191.36,0.0396
Crisil Gilt,2026-05-15,14907.04,0.2225
Nifty 100,2026-05-18,19079.43,0.6363
Nifty Midcap 150,2026-05-18,14565.96,-1.402
Nifty 500,2026-05-18,26992.36,-0.5844
Nifty Smallcap 250,2026-05-18,30141.14,-0.1391
Nifty 50 Hybrid,2026-05-18,8797.51,-0.8438
Crisil ST Bond,2026-05-18,6751.7,-0.0177
Crisil Liquid,2026-05-18,21166.64,-0.1167
Crisil Gilt,2026-05-18,14910.11,0.0206
Nifty 100,2026-05-19,19130.45,0.2674
Nifty Midcap 150,2026-05-19,14424.07,-0.9741
Nifty 500,2026-05-19,27524.17,1.9703
Nifty Smallcap 250,2026-05-19,30169.33,0.0935
Nifty 50 Hybrid,2026-05-19,8728.3,-0.7867
Crisil ST Bond,2026-05-19,6742.05,-0.143
Crisil Liquid,2026-05-19,21172.14,0.026
Crisil Gilt,2026-05-19,14909.21,-0.006
Nifty 100,2026-05-20,19285.98,0.813
Nifty Midcap 150,2026-05-20,14407.72,-0.1134
Nifty 500,2026-05-20,27203.87,-1.1637
Nifty Smallcap 250,2026-05-20,30682.42,1.7007
Nifty 50 Hybrid,2026-05-20,8768.94,0.4656
Crisil ST Bond,2026-05-20,6741.68,-0.0054
Crisil Liquid,2026-05-20,21179.86,0.0365
Crisil Gilt,2026-05-20,14919.26,0.0674
Nifty 100,2026-05-21,19016.2,-1.3989
Nifty Midcap 150,2026-05-21,14434.76,0.1877
Nifty 500,2026-05-21,27089.58,-0.4201
Nifty Smallcap 250,2026-05-21,30847.28,0.5373
Nifty 50 Hybrid,2026-05-21,8706.66,-0.7102
Crisil ST Bond,2026-05-21,6738.95,-0.0405
Crisil Liquid,2026-05-21,21219.31,0.1863
Crisil Gilt,2026-05-21,14940.6,0.1431
Nifty 100,2026-05-22,18395.22,-3.2656
Nifty Midcap 150,2026-05-22,14606.06,1.1868
Nifty 500,2026-05-22,27077.76,-0.0437
Nifty Smallcap 250,2026-05-22,30638.08,-0.6782
Nifty 50 Hybrid,2026-05-22,8621.58,-0.9772
Crisil ST Bond,2026-05-22,6733.9,-0.0749
Crisil Liquid,2026-05-22,21209.13,-0.048
Crisil Gilt,2026-05-22,14926.75,-0.0927
Nifty 100,2026-05-25,18151.55,-1.3246
Nifty Midcap 150,2026-05-25,14458.49,-1.0104
Nifty 500,2026-05-25,27173.45,0.3534
Nifty Smallcap 250,2026-05-25,30662.62,0.0801
Nifty 50 Hybrid,2026-05-25,8672.09,0.5859
Crisil ST Bond,2026-05-25,6734.8,0.0134
Crisil Liquid,2026-05-25,21185.66,-0.1107
Crisil Gilt,2026-05-25,14937.12,0.0694
Nifty 100,2026-05-26,17974.63,-0.9747
Nifty Midcap 150,2026-05-26,14556.32,0.6766
Nifty 500,2026-05-26,26864.78,-1.1359
Nifty Smallcap 250,2026-05-26,30461.02,-0.6575
Nifty 50 Hybrid,2026-05-26,8643.35,-0.3314
Crisil ST Bond,2026-05-26,6740.69,0.0874
Crisil Liquid,2026-05-26,21193.62,0.0376
Crisil Gilt,2026-05-26,14940.4,0.022
Nifty 100,2026-05-27,18318.97,1.9157
Nifty Midcap 150,2026-05-27,14293.29,-1.807
Nifty 500,2026-05-27,26593.88,-1.0084
Nifty Smallcap 250,2026-05-27,30140.81,-1.0512
Nifty 50 Hybrid,2026-05-27,8492.9,-1.7407
Crisil ST Bond,2026-05-27,6737.19,-0.052
Crisil Liquid,2026-05-27,21212.44,0.0888
Crisil Gilt,2026-05-27,14934.55,-0.0392
Nifty 100,2026-05-28,18263.46,-0.303
Nifty Midcap 150,2026-05-28,14051.36,-1.6926
Nifty 500,2026-05-28,26390.03,-0.7665
Nifty Smallcap 250,2026-05-28,30010.7,-0.4317
Nifty 50 Hybrid,2026-05-28,8550.01,0.6724
Crisil ST Bond,2026-05-28,6727.25,-0.1475
Crisil Liquid,2026-05-28,21207.03,-0.0255
Crisil Gilt,2026-05-28,14953.77,0.1287
Nifty 100,2026-05-29,18187.65,-0.4151
Nifty Midcap 150,2026-05-29,13758.31,-2.0856
Nifty 500,2026-05-29,26735.52,1.3092
Nifty Smallcap 250,2026-05-29,30240.25,0.7649
Nifty 50 Hybrid,2026-05-29,8626.91,0.8994
Crisil ST Bond,2026-05-29,6716.87,-0.1544
Crisil Liquid,2026-05-29,21243.35,0.1712
Crisil Gilt,2026-05-29,14945.2,-0.0573
Nifty 100,2026-06-01,18100.45,-0.4794
Nifty Midcap 150,2026-06-01,13665.75,-0.6728
Nifty 500,2026-06-01,26996.71,0.9769
Nifty Smallcap 250,2026-06-01,30194.95,-0.1498
Nifty 50 Hybrid,2026-06-01,8671.06,0.5117
Crisil ST Bond,2026-06-01,6718.72,0.0276
Crisil Liquid,2026-06-01,21245.57,0.0105
Crisil Gilt,2026-06-01,14934.04,-0.0747
Nifty 100,2026-06-02,18433.89,1.8421
Nifty Midcap 150,2026-06-02,13469.87,-1.4334
Nifty 500,2026-06-02,27116.11,0.4423
Nifty Smallcap 250,2026-06-02,30317.74,0.4067
Nifty 50 Hybrid,2026-06-02,8773.75,1.1844
Crisil ST Bond,2026-06-02,6729.39,0.1588
Crisil Liquid,2026-06-02,21246.91,0.0063
Crisil Gilt,2026-06-02,14944.95,0.073
Nifty 100,2026-06-03,18764.75,1.7949
Nifty Midcap 150,2026-06-03,13465.13,-0.0352
Nifty 500,2026-06-03,26835.07,-1.0364
Nifty Smallcap 250,2026-06-03,30210.27,-0.3545
Nifty 50 Hybrid,2026-06-03,8661.92,-1.2746
Crisil ST Bond,2026-06-03,6733.24,0.0572
Crisil Liquid,2026-06-03,21273.77,0.1264
Crisil Gilt,2026-06-03,14946.13,0.0079
Nifty 100,2026-06-04,18466.21,-1.591
Nifty Midcap 150,2026-06-04,13606.74,1.0517
Nifty 500,2026-06-04,26366.45,-1.7463
Nifty Smallcap 250,2026-06-04,29752.3,-1.516
Nifty 50 Hybrid,2026-06-04,8649.07,-0.1483
Crisil ST Bond,2026-06-04,6736.28,0.0452
Crisil Liquid,2026-06-04,21287.01,0.0622
Crisil Gilt,2026-06-04,14948.13,0.0134
Nifty 100,2026-06-05,18796.77,1.79
Nifty Midcap 150,2026-06-05,13619.68,0.0952
Nifty 500,2026-06-05,26647.16,1.0647
Nifty Smallcap 250,2026-06-05,29995.36,0.817
Nifty 50 Hybrid,2026-06-05,8539.84,-1.2629
Crisil ST Bond,2026-06-05,6736.49,0.003
Crisil Liquid,2026-06-05,21336.46,0.2323
Crisil Gilt,2026-06-05,14943.58,-0.0304
Nifty 100,2026-06-08,18675.6,-0.6446
Nifty Midcap 150,2026-06-08,13647.0,0.2006
Nifty 500,2026-06-08,26530.31,-0.4385
Nifty Smallcap 250,2026-06-08,29766.28,-0.7637
Nifty 50 Hybrid,2026-06-08,8501.13,-0.4533
Crisil ST Bond,2026-06-08,6747.48,0.1632
Crisil Liquid,2026-06-08,21337.82,0.0063
Crisil Gilt,2026-06-08,14926.72,-0.1128
Nifty 100,2026-06-09,18398.87,-1.4817
Nifty Midcap 150,2026-06-09,13952.26,2.2368
Nifty 500,2026-06-09,26479.02,-0.1933
Nifty Smallcap 250,2026-06-09,29904.57,0.4646
Nifty 50 Hybrid,2026-06-09,8438.11,-0.7414
Crisil ST Bond,2026-06-09,6750.99,0.0521
Crisil Liquid,2026-06-09,21373.22,0.1659
Crisil Gilt,2026-06-09,14919.97,-0.0452
Nifty 100,2026-06-10,18488.77,0.4886
Nifty Midcap 150,2026-06-10,13760.31,-1.3757
Nifty 500,2026-06-10,27022.59,2.0529
Nifty Smallcap 250,2026-06-10,29993.85,0.2985
Nifty 50 Hybrid,2026-06-10,8405.81,-0.3828
Crisil ST Bond,2026-06-10,6750.33,-0.0098
Crisil Liquid,2026-06-10,21366.6,-0.031
Crisil Gilt,2026-06-10,14916.11,-0.0259
Nifty 100,2026-06-11,18041.8,-2.4175
Nifty Midcap 150,2026-06-11,13750.96,-0.068
Nifty 500,2026-06-11,26992.9,-0.1099
Nifty Smallcap 250,2026-06-11,30149.41,0.5187
Nifty 50 Hybrid,2026-06-11,8364.35,-0.4931
Crisil ST Bond,2026-06-11,6746.48,-0.0571
Crisil Liquid,2026-06-11,21370.7,0.0192
Crisil Gilt,2026-06-11,14895.04,-0.1412
Nifty 100,2026-06-12,18073.09,0.1734
Nifty Midcap 150,2026-06-12,13499.07,-1.8318
Nifty 500,2026-06-12,27303.54,1.1508
Nifty Smallcap 250,2026-06-12,30364.76,0.7143
Nifty 50 Hybrid,2026-06-12,8289.39,-0.8962
Crisil ST Bond,2026-06-12,6752.29,0.0861
Crisil Liquid,2026-06-12,21377.36,0.0312
Crisil Gilt,2026-06-12,14882.99,-0.0809
Nifty 100,2026-06-15,17712.92,-1.9929
Nifty Midcap 150,2026-06-15,13545.83,0.3464
Nifty 500,2026-06-15,27094.87,-0.7643
Nifty Smallcap 250,2026-06-15,30706.36,1.125
Nifty 50 Hybrid,2026-06-15,8293.04,0.044
Crisil ST Bond,2026-06-15,6748.92,-0.05
Crisil Liquid,2026-06-15,21420.07,0.1998
Crisil Gilt,2026-06-15,14894.54,0.0776
Nifty 100,2026-06-16,17070.81,-3.6251
Nifty Midcap 150,2026-06-16,13484.01,-0.4564
Nifty 500,2026-06-16,26727.98,-1.3541
Nifty Smallcap 250,2026-06-16,30469.98,-0.7698
Nifty 50 Hybrid,2026-06-16,8283.53,-0.1147
Crisil ST Bond,2026-06-16,6752.66,0.0554
Crisil Liquid,2026-06-16,21429.95,0.0461
Crisil Gilt,2026-06-16,14913.58,0.1278
Nifty 100,2026-06-17,17184.6,0.6666
Nifty Midcap 150,2026-06-17,13565.55,0.6047
Nifty 500,2026-06-17,26789.85,0.2315
Nifty Smallcap 250,2026-06-17,30871.21,1.3168
Nifty 50 Hybrid,2026-06-17,8259.82,-0.2863
Crisil ST Bond,2026-06-17,6752.05,-0.009
Crisil Liquid,2026-06-17,21393.4,-0.1706
Crisil Gilt,2026-06-17,14932.31,0.1256
Nifty 100,2026-06-18,17176.54,-0.0469
Nifty Midcap 150,2026-06-18,13967.58,2.9636
Nifty 500,2026-06-18,26689.25,-0.3755
Nifty Smallcap 250,2026-06-18,30907.81,0.1186
Nifty 50 Hybrid,2026-06-18,8307.43,0.5765
Crisil ST Bond,2026-06-18,6745.96,-0.0902
Crisil Liquid,2026-06-18,21405.35,0.0559
Crisil Gilt,2026-06-18,14935.82,0.0235
Nifty 100,2026-06-19,17129.53,-0.2737
Nifty Midcap 150,2026-06-19,14135.56,1.2026
Nifty 500,2026-06-19,26456.05,-0.8737
Nifty Smallcap 250,2026-06-19,31002.05,0.3049
Nifty 50 Hybrid,2026-06-19,8430.77,1.4847
Crisil ST Bond,2026-06-19,6742.54,-0.0507
Crisil Liquid,2026-06-19,21403.28,-0.0097
Crisil Gilt,2026-06-19,14973.83,0.2545
Nifty 100,2026-06-22,17215.93,0.5044
Nifty Midcap 150,2026-06-22,14068.25,-0.4762
Nifty 500,2026-06-22,26676.33,0.8326
Nifty Smallcap 250,2026-06-22,30835.23,-0.5381
Nifty 50 Hybrid,2026-06-22,8301.37,-1.5349
Crisil ST Bond,2026-06-22,6753.14,0.1572
Crisil Liquid,2026-06-22,21383.95,-0.0903
Crisil Gilt,2026-06-22,15013.54,0.2652
Nifty 100,2026-06-23,17136.85,-0.4593
Nifty Midcap 150,2026-06-23,14372.58,2.1633
Nifty 500,2026-06-23,26319.22,-1.3387
Nifty Smallcap 250,2026-06-23,31160.7,1.0555
Nifty 50 Hybrid,2026-06-23,8345.34,0.5297
Crisil ST Bond,2026-06-23,6760.15,0.1038
Crisil Liquid,2026-06-23,21408.93,0.1168
Crisil Gilt,2026-06-23,15009.07,-0.0298
Nifty 100,2026-06-24,16917.7,-1.2788
Nifty Midcap 150,2026-06-24,14369.57,-0.0209
Nifty 500,2026-06-24,26385.82,0.253
Nifty Smallcap 250,2026-06-24,31023.01,-0.4418
Nifty 50 Hybrid,2026-06-24,8371.01,0.3076
Crisil ST Bond,2026-06-24,6763.73,0.053
Crisil Liquid,2026-06-24,21393.73,-0.071
Crisil Gilt,2026-06-24,15018.0,0.0595
Nifty 100,2026-06-25,16877.56,-0.2372
Nifty Midcap 150,2026-06-25,14273.3,-0.67
Nifty 500,2026-06-25,26601.49,0.8174
Nifty Smallcap 250,2026-06-25,30791.27,-0.747
Nifty 50 Hybrid,2026-06-25,8335.29,-0.4267
Crisil ST Bond,2026-06-25,6765.57,0.0272
Crisil Liquid,2026-06-25,21427.41,0.1574
Crisil Gilt,2026-06-25,15023.9,0.0393
Nifty 100,2026-06-26,16971.79,0.5583
Nifty Midcap 150,2026-06-26,14235.1,-0.2676
Nifty 500,2026-06-26,26588.59,-0.0485
Nifty Smallcap 250,2026-06-26,30785.46,-0.0189
Nifty 50 Hybrid,2026-06-26,8362.24,0.3233
Crisil ST Bond,2026-06-26,6764.92,-0.0096
Crisil Liquid,2026-06-26,21460.4,0.154
Crisil Gilt,2026-06-26,15021.29,-0.0173
Nifty 100,2026-06-29,16687.13,-1.6772
Nifty Midcap 150,2026-06-29,14629.81,2.7728
Nifty 500,2026-06-29,26509.52,-0.2974
Nifty Smallcap 250,2026-06-29,31198.96,1.3432
Nifty 50 Hybrid,2026-06-29,8482.22,1.4348
Crisil ST Bond,2026-06-29,6772.67,0.1145
Crisil Liquid,2026-06-29,21460.45,0.0002
Crisil Gilt,2026-06-29,15028.61,0.0487
Nifty 100,2026-06-30,16479.46,-1.2445
Nifty Midcap 150,2026-06-30,14925.35,2.0201
Nifty 500,2026-06-30,26291.66,-0.8218
Nifty Smallcap 250,2026-06-30,31129.11,-0.2239
Nifty 50 Hybrid,2026-06-30,8493.16,0.129
Crisil ST Bond,2026-06-30,6773.29,0.0093
Crisil Liquid,2026-06-30,21450.64,-0.0457
Crisil Gilt,2026-06-30,15052.57,0.1594
Nifty 100,2026-07-01,16641.0,0.9803
Nifty Midcap 150,2026-07-01,14977.9,0.352
Nifty 500,2026-07-01,26194.5,-0.3696
Nifty Smallcap 250,2026-07-01,31469.75,1.0943
Nifty 50 Hybrid,2026-07-01,8456.26,-0.4345
Crisil ST Bond,2026-07-01,6785.28,0.177
Crisil Liquid,2026-07-01,21457.32,0.0311
Crisil Gilt,2026-07-01,15074.09,0.143
Nifty 100,2026-07-02,16627.06,-0.0838
Nifty Midcap 150,2026-07-02,14993.1,0.1015
Nifty 500,2026-07-02,26523.35,1.2554
Nifty Smallcap 250,2026-07-02,32169.61,2.2239
Nifty 50 Hybrid,2026-07-02,8590.75,1.5904
Crisil ST Bond,2026-07-02,6792.59,0.1077
Crisil Liquid,2026-07-02,21474.25,0.0789
Crisil Gilt,2026-07-02,15069.46,-0.0307
Nifty 100,2026-07-03,16681.13,0.3252
Nifty Midcap 150,2026-07-03,14860.71,-0.883
Nifty 500,2026-07-03,26630.98,0.4058
Nifty Smallcap 250,2026-07-03,32320.82,0.4701
Nifty 50 Hybrid,2026-07-03,8424.87,-1.9308
Crisil ST Bond,2026-07-03,6794.21,0.0239
Crisil Liquid,2026-07-03,21487.46,0.0615
Crisil Gilt,2026-07-03,15071.21,0.0116
Nifty 100,2026-07-06,16745.86,0.388
Nifty Midcap 150,2026-07-06,14665.78,-1.3117
Nifty 500,2026-07-06,26432.35,-0.7459
Nifty Smallcap 250,2026-07-06,32665.02,1.0649
Nifty 50 Hybrid,2026-07-06,8427.45,0.0306
Crisil ST Bond,2026-07-06,6797.88,0.054
Crisil Liquid,2026-07-06,21480.01,-0.0347
Crisil Gilt,2026-07-06,15074.52,0.0219
Nifty 100,2026-07-07,16365.39,-2.272
Nifty Midcap 150,2026-07-07,14794.25,0.876
Nifty 500,2026-07-07,26918.16,1.8379
Nifty Smallcap 250,2026-07-07,32326.93,-1.035
Nifty 50 Hybrid,2026-07-07,8350.73,-0.9103
Crisil ST Bond,2026-07-07,6802.24,0.0641
Crisil Liquid,2026-07-07,21515.97,0.1674
Crisil Gilt,2026-07-07,15077.5,0.0198
Nifty 100,2026-07-08,16169.12,-1.1993
Nifty Midcap 150,2026-07-08,14767.82,-0.1786
Nifty 500,2026-07-08,26649.0,-0.9999
Nifty Smallcap 250,2026-07-08,32120.41,-0.6388
Nifty 50 Hybrid,2026-07-08,8327.85,-0.274
Crisil ST Bond,2026-07-08,6797.28,-0.0729
Crisil Liquid,2026-07-08,21503.53,-0.0578
Crisil Gilt,2026-07-08,15081.64,0.0275
Nifty 100,2026-07-09,16208.74,0.245
Nifty Midcap 150,2026-07-09,14561.96,-1.394
Nifty 500,2026-07-09,26762.62,0.4264
Nifty Smallcap 250,2026-07-09,32007.37,-0.3519
Nifty 50 Hybrid,2026-07-09,8390.33,0.7503
Crisil ST Bond,2026-07-09,6803.94,0.098
Crisil Liquid,2026-07-09,21496.12,-0.0345
Crisil Gilt,2026-07-09,15093.92,0.0814
Nifty 100,2026-07-10,16077.94,-0.807
Nifty Midcap 150,2026-07-10,14759.1,1.3538
Nifty 500,2026-07-10,26556.78,-0.7691
Nifty Smallcap 250,2026-07-10,32129.88,0.3827
Nifty 50 Hybrid,2026-07-10,8377.1,-0.1576
Crisil ST Bond,2026-07-10,6798.38,-0.0817
Crisil Liquid,2026-07-10,21519.79,0.1101
Crisil Gilt,2026-07-10,15087.67,-0.0414
Nifty 100,2026-07-13,15809.43,-1.6701
Nifty Midcap 150,2026-07-13,14338.17,-2.852
Nifty 500,2026-07-13,26332.36,-0.845
Nifty Smallcap 250,2026-07-13,32581.59,1.4059
Nifty 50 Hybrid,2026-07-13,8484.98,1.2877
Crisil ST Bond,2026-07-13,6794.86,-0.0519
Crisil Liquid,2026-07-13,21516.03,-0.0174
Crisil Gilt,2026-07-13,15083.67,-0.0265
Nifty 100,2026-07-14,15603.37,-1.3034
Nifty Midcap 150,2026-07-14,14206.42,-0.9188
Nifty 500,2026-07-14,26598.62,1.0111
Nifty Smallcap 250,2026-07-14,32755.54,0.5339
Nifty 50 Hybrid,2026-07-14,8510.69,0.3031
Crisil ST Bond,2026-07-14,6787.15,-0.1135
Crisil Liquid,2026-07-14,21522.5,0.0301
Crisil Gilt,2026-07-14,15051.94,-0.2104
Nifty 100,2026-07-15,15739.55,0.8728
Nifty Midcap 150,2026-07-15,14247.42,0.2886
Nifty 500,2026-07-15,26248.79,-1.3152
Nifty Smallcap 250,2026-07-15,33294.84,1.6464
Nifty 50 Hybrid,2026-07-15,8360.38,-1.7662
Crisil ST Bond,2026-07-15,6792.1,0.073
Crisil Liquid,2026-07-15,21538.76,0.0755
Crisil Gilt,2026-07-15,15036.29,-0.104
Nifty 100,2026-07-16,15738.32,-0.0079
Nifty Midcap 150,2026-07-16,14018.49,-1.6068
Nifty 500,2026-07-16,25509.53,-2.8164
Nifty Smallcap 250,2026-07-16,32949.28,-1.0379
Nifty 50 Hybrid,2026-07-16,8311.34,-0.5866
Crisil ST Bond,2026-07-16,6797.84,0.0844
Crisil Liquid,2026-07-16,21544.52,0.0267
Crisil Gilt,2026-07-16,15040.71,0.0294
Nifty 100,2026-07-17,15583.39,-0.9844
Nifty Midcap 150,2026-07-17,13948.39,-0.5
Nifty 500,2026-07-17,25279.96,-0.8999
Nifty Smallcap 250,2026-07-17,32555.54,-1.195
Nifty 50 Hybrid,2026-07-17,8264.49,-0.5637
Crisil ST Bond,2026-07-17,6799.7,0.0275
Crisil Liquid,2026-07-17,21536.49,-0.0373
Crisil Gilt,2026-07-17,15038.85,-0.0124
Nifty 100,2026-07-20,15696.35,0.7249
Nifty Midcap 150,2026-07-20,13882.73,-0.4708
Nifty 500,2026-07-20,24950.32,-1.304
Nifty Smallcap 250,2026-07-20,32748.75,0.5935
Nifty 50 Hybrid,2026-07-20,8288.94,0.2958
Crisil ST Bond,2026-07-20,6803.3,0.0529
Crisil Liquid,2026-07-20,21554.27,0.0826
Crisil Gilt,2026-07-20,15048.72,0.0657
Nifty 100,2026-07-21,15705.57,0.0587
Nifty Midcap 150,2026-07-21,14218.89,2.4215
Nifty 500,2026-07-21,24637.2,-1.255
Nifty Smallcap 250,2026-07-21,32566.53,-0.5564
Nifty 50 Hybrid,2026-07-21,8371.61,0.9973
Crisil ST Bond,2026-07-21,6805.63,0.0343
Crisil Liquid,2026-07-21,21574.92,0.0958
Crisil Gilt,2026-07-21,15054.29,0.037
Nifty 100,2026-07-22,15926.08,1.4041
Nifty Midcap 150,2026-07-22,14079.9,-0.9775
Nifty 500,2026-07-22,24975.33,1.3725
Nifty Smallcap 250,2026-07-22,32957.65,1.201
Nifty 50 Hybrid,2026-07-22,8272.8,-1.1803
Crisil ST Bond,2026-07-22,6811.28,0.0831
Crisil Liquid,2026-07-22,21578.31,0.0157
Crisil Gilt,2026-07-22,15048.17,-0.0407
Nifty 100,2026-07-23,15630.08,-1.8586
Nifty Midcap 150,2026-07-23,13941.81,-0.9808
Nifty 500,2026-07-23,25159.68,0.7381
Nifty Smallcap 250,2026-07-23,33235.76,0.8438
Nifty 50 Hybrid,2026-07-23,8257.85,-0.1807
Crisil ST Bond,2026-07-23,6818.21,0.1017
Crisil Liquid,2026-07-23,21603.02,0.1145
Crisil Gilt,2026-07-23,15053.5,0.0355
Nifty 100,2026-07-24,15521.87,-0.6923
Nifty Midcap 150,2026-07-24,14007.48,0.4711
Nifty 500,2026-07-24,25289.75,0.517
Nifty Smallcap 250,2026-07-24,33469.72,0.7039
Nifty 50 Hybrid,2026-07-24,8331.79,0.8954
Crisil ST Bond,2026-07-24,6810.28,-0.1162
Crisil Liquid,2026-07-24,21596.33,-0.031
Crisil Gilt,2026-07-24,15027.93,-0.1699
Nifty 100,2026-07-27,15642.47,0.777
Nifty Midcap 150,2026-07-27,13981.94,-0.1823
Nifty 500,2026-07-27,25406.29,0.4608
Nifty Smallcap 250,2026-07-27,32985.86,-1.4457
Nifty 50 Hybrid,2026-07-27,8451.01,1.431
Crisil ST Bond,2026-07-27,6803.51,-0.0994
Crisil Liquid,2026-07-27,21617.37,0.0975
Crisil Gilt,2026-07-27,15032.71,0.0318
Nifty 100,2026-07-28,15617.53,-0.1594
Nifty Midcap 150,2026-07-28,13948.36,-0.2402
Nifty 500,2026-07-28,25251.8,-0.6081
Nifty Smallcap 250,2026-07-28,33422.98,1.3252
Nifty 50 Hybrid,2026-07-28,8454.61,0.0426
Crisil ST Bond,2026-07-28,6796.24,-0.1069
Crisil Liquid,2026-07-28,21613.4,-0.0184
Crisil Gilt,2026-07-28,15037.65,0.0328
Nifty 100,2026-07-29,15762.43,0.9278
Nifty Midcap 150,2026-07-29,13868.21,-0.5746
Nifty 500,2026-07-29,25123.58,-0.5078
Nifty Smallcap 250,2026-07-29,33440.84,0.0534
Nifty 50 Hybrid,2026-07-29,8531.0,0.9034
Crisil ST Bond,2026-07-29,6788.3,-0.1169
Crisil Liquid,2026-07-29,21628.64,0.0705
Crisil Gilt,2026-07-29,15033.68,-0.0264
Nifty 100,2026-07-30,15716.02,-0.2944
Nifty Midcap 150,2026-07-30,14149.96,2.0316
Nifty 500,2026-07-30,25081.76,-0.1665
Nifty Smallcap 250,2026-07-30,33703.25,0.7847
Nifty 50 Hybrid,2026-07-30,8594.89,0.7489
Crisil ST Bond,2026-07-30,6781.64,-0.098
Crisil Liquid,2026-07-30,21593.05,-0.1645
Crisil Gilt,2026-07-30,15049.03,0.1021
Nifty 100,2026-07-31,15550.45,-1.0535
Nifty Midcap 150,2026-07-31,13918.72,-1.6342
Nifty 500,2026-07-31,25346.66,1.0562
Nifty Smallcap 250,2026-07-31,33369.78,-0.9894
Nifty 50 Hybrid,2026-07-31,8531.07,-0.7425
Crisil ST Bond,2026-07-31,6796.39,0.2174
Crisil Liquid,2026-07-31,21561.53,-0.146
Crisil Gilt,2026-07-31,15033.13,-0.1056
Nifty 100,2026-08-03,15483.63,-0.4297
Nifty Midcap 150,2026-08-03,13889.45,-0.2103
Nifty 500,2026-08-03,25127.73,-0.8637
Nifty Smallcap 250,2026-08-03,32993.15,-1.1287
Nifty 50 Hybrid,2026-08-03,8662.45,1.54
Crisil ST Bond,2026-08-03,6799.54,0.0463
Crisil Liquid,2026-08-03,21578.46,0.0785
Crisil Gilt,2026-08-03,15034.07,0.0063
Nifty 100,2026-08-04,15533.09,0.3195
Nifty Midcap 150,2026-08-04,14023.2,0.9629
Nifty 500,2026-08-04,24884.92,-0.9663
Nifty Smallcap 250,2026-08-04,33090.43,0.2948
Nifty 50 Hybrid,2026-08-04,8725.34,0.726
Crisil ST Bond,2026-08-04,6811.4,0.1745
Crisil Liquid,2026-08-04,21624.81,0.2148
Crisil Gilt,2026-08-04,15038.13,0.027
Nifty 100,2026-08-05,15714.61,1.1686
Nifty Midcap 150,2026-08-05,13652.96,-2.6402
Nifty 500,2026-08-05,25278.67,1.5823
Nifty Smallcap 250,2026-08-05,32860.16,-0.6959
Nifty 50 Hybrid,2026-08-05,8706.92,-0.2111
Crisil ST Bond,2026-08-05,6815.77,0.0641
Crisil Liquid,2026-08-05,21625.82,0.0047
Crisil Gilt,2026-08-05,15044.09,0.0396
Nifty 100,2026-08-06,15968.83,1.6177
Nifty Midcap 150,2026-08-06,13604.6,-0.3542
Nifty 500,2026-08-06,25011.5,-1.0569
Nifty Smallcap 250,2026-08-06,33465.92,1.8435
Nifty 50 Hybrid,2026-08-06,8755.4,0.5568
Crisil ST Bond,2026-08-06,6830.23,0.2122
Crisil Liquid,2026-08-06,21648.82,0.1064
Crisil Gilt,2026-08-06,15027.19,-0.1124
Nifty 100,2026-08-07,16076.68,0.6754
Nifty Midcap 150,2026-08-07,13474.82,-0.9539
Nifty 500,2026-08-07,25020.86,0.0374
Nifty Smallcap 250,2026-08-07,33450.62,-0.0457
Nifty 50 Hybrid,2026-08-07,8616.39,-1.5877
Crisil ST Bond,2026-08-07,6826.05,-0.0613
Crisil Liquid,2026-08-07,21700.89,0.2405
Crisil Gilt,2026-08-07,15033.78,0.0438
Nifty 100,2026-08-10,16053.27,-0.1456
Nifty Midcap 150,2026-08-10,13723.14,1.8429
Nifty 500,2026-08-10,24929.22,-0.3662
Nifty Smallcap 250,2026-08-10,33430.08,-0.0614
Nifty 50 Hybrid,2026-08-10,8704.35,1.0208
Crisil ST Bond,2026-08-10,6824.67,-0.0201
Crisil Liquid,2026-08-10,21689.03,-0.0547
Crisil Gilt,2026-08-10,15002.9,-0.2054
Nifty 100,2026-08-11,15907.75,-0.9065
Nifty Midcap 150,2026-08-11,13597.44,-0.916
Nifty 500,2026-08-11,24976.23,0.1886
Nifty Smallcap 250,2026-08-11,33236.03,-0.5805
Nifty 50 Hybrid,2026-08-11,8894.8,2.188
Crisil ST Bond,2026-08-11,6818.82,-0.0858
Crisil Liquid,2026-08-11,21723.75,0.1601
Crisil Gilt,2026-08-11,15009.2,0.042
Nifty 100,2026-08-12,16040.86,0.8368
Nifty Midcap 150,2026-08-12,13702.96,0.776
Nifty 500,2026-08-12,24429.69,-2.1882
Nifty Smallcap 250,2026-08-12,33242.16,0.0184
Nifty 50 Hybrid,2026-08-12,8874.14,-0.2322
Crisil ST Bond,2026-08-12,6812.46,-0.0933
Crisil Liquid,2026-08-12,21738.08,0.066
Crisil Gilt,2026-08-12,15037.96,0.1917
Nifty 100,2026-08-13,15616.9,-2.643
Nifty Midcap 150,2026-08-13,13633.83,-0.5045
Nifty 500,2026-08-13,24132.68,-1.2158
Nifty Smallcap 250,2026-08-13,33275.99,0.1018
Nifty 50 Hybrid,2026-08-13,8847.91,-0.2956
Crisil ST Bond,2026-08-13,6809.7,-0.0406
Crisil Liquid,2026-08-13,21757.41,0.089
Crisil Gilt,2026-08-13,15065.58,0.1836
Nifty 100,2026-08-14,16037.2,2.6913
Nifty Midcap 150,2026-08-14,13537.08,-0.7096
Nifty 500,2026-08-14,23700.5,-1.7909
Nifty Smallcap 250,2026-08-14,33472.06,0.5892
Nifty 50 Hybrid,2026-08-14,8993.06,1.6405
Crisil ST Bond,2026-08-14,6816.6,0.1014
Crisil Liquid,2026-08-14,21796.71,0.1806
Crisil Gilt,2026-08-14,15065.19,-0.0025
Nifty 100,2026-08-17,15944.25,-0.5796
Nifty Midcap 150,2026-08-17,13556.77,0.1454
Nifty 500,2026-08-17,23629.27,-0.3006
Nifty Smallcap 250,2026-08-17,33704.05,0.6931
Nifty 50 Hybrid,2026-08-17,9082.97,0.9998
Crisil ST Bond,2026-08-17,6825.11,0.1248
Crisil Liquid,2026-08-17,21812.2,0.0711
Crisil Gilt,2026-08-17,15071.91,0.0446
Nifty 100,2026-08-18,16075.7,0.8244
Nifty Midcap 150,2026-08-18,13294.72,-1.933
Nifty 500,2026-08-18,23686.11,0.2406
Nifty Smallcap 250,2026-08-18,33731.85,0.0825
Nifty 50 Hybrid,2026-08-18,9105.05,0.2431
Crisil ST Bond,2026-08-18,6825.87,0.0112
Crisil Liquid,2026-08-18,21825.98,0.0632
Crisil Gilt,2026-08-18,15066.26,-0.0375
Nifty 100,2026-08-19,16262.11,1.1595
Nifty Midcap 150,2026-08-19,13361.67,0.5036
Nifty 500,2026-08-19,23728.91,0.1807
Nifty Smallcap 250,2026-08-19,33506.68,-0.6675
Nifty 50 Hybrid,2026-08-19,9182.01,0.8453
Crisil ST Bond,2026-08-19,6828.65,0.0407
Crisil Liquid,2026-08-19,21813.86,-0.0555
Crisil Gilt,2026-08-19,15068.42,0.0143
Nifty 100,2026-08-20,16369.29,0.6591
Nifty Midcap 150,2026-08-20,13439.38,0.5816
Nifty 500,2026-08-20,23851.59,0.517
Nifty Smallcap 250,2026-08-20,33547.74,0.1225
Nifty 50 Hybrid,2026-08-20,9278.96,1.0558
Crisil ST Bond,2026-08-20,6838.47,0.1438
Crisil Liquid,2026-08-20,21834.31,0.0937
Crisil Gilt,2026-08-20,15062.58,-0.0387
Nifty 100,2026-08-21,16201.0,-1.0281
Nifty Midcap 150,2026-08-21,13370.31,-0.5139
Nifty 500,2026-08-21,24324.72,1.9837
Nifty Smallcap 250,2026-08-21,33652.3,0.3117
Nifty 50 Hybrid,2026-08-21,9479.05,2.1564
Crisil ST Bond,2026-08-21,6839.01,0.008
Crisil Liquid,2026-08-21,21833.02,-0.0059
Crisil Gilt,2026-08-21,15064.48,0.0126
Nifty 100,2026-08-24,16190.93,-0.0622
Nifty Midcap 150,2026-08-24,13270.88,-0.7437
Nifty 500,2026-08-24,24052.57,-1.1188
Nifty Smallcap 250,2026-08-24,33831.11,0.5313
Nifty 50 Hybrid,2026-08-24,9581.89,1.0849
Crisil ST Bond,2026-08-24,6857.1,0.2645
Crisil Liquid,2026-08-24,21827.92,-0.0234
Crisil Gilt,2026-08-24,15062.18,-0.0153
Nifty 100,2026-08-25,16070.91,-0.7412
Nifty Midcap 150,2026-08-25,13424.26,1.1557
Nifty 500,2026-08-25,24255.81,0.845
Nifty Smallcap 250,2026-08-25,33544.58,-0.8469
Nifty 50 Hybrid,2026-08-25,9498.32,-0.8722
Crisil ST Bond,2026-08-25,6865.01,0.1153
Crisil Liquid,2026-08-25,21840.65,0.0583
Crisil Gilt,2026-08-25,15076.62,0.0958
Nifty 100,2026-08-26,15933.87,-0.8528
Nifty Midcap 150,2026-08-26,13176.22,-1.8477
Nifty 500,2026-08-26,24050.85,-0.845
Nifty Smallcap 250,2026-08-26,33785.36,0.7178
Nifty 50 Hybrid,2026-08-26,9701.68,2.1411
Crisil ST Bond,2026-08-26,6863.43,-0.0229
Crisil Liquid,2026-08-26,21894.72,0.2476
Crisil Gilt,2026-08-26,15092.14,0.103
Nifty 100,2026-08-27,15716.68,-1.363
Nifty Midcap 150,2026-08-27,13208.37,0.244
Nifty 500,2026-08-27,24265.86,0.894
Nifty Smallcap 250,2026-08-27,32976.03,-2.3955
Nifty 50 Hybrid,2026-08-27,9767.12,0.6745
Crisil ST Bond,2026-08-27,6872.85,0.1373
Crisil Liquid,2026-08-27,21907.84,0.0599
Crisil Gilt,2026-08-27,15094.23,0.0138
Nifty 100,2026-08-28,15694.22,-0.1429
Nifty Midcap 150,2026-08-28,13181.78,-0.2013
Nifty 500,2026-08-28,23987.78,-1.146
Nifty Smallcap 250,2026-08-28,32759.21,-0.6575
Nifty 50 Hybrid,2026-08-28,9729.36,-0.3866
Crisil ST Bond,2026-08-28,6875.01,0.0313
Crisil Liquid,2026-08-28,21900.02,-0.0357
Crisil Gilt,2026-08-28,15084.13,-0.0669
Nifty 100,2026-08-31,15818.17,0.7898
Nifty Midcap 150,2026-08-31,13234.59,0.4006
Nifty 500,2026-08-31,23865.63,-0.5092
Nifty Smallcap 250,2026-08-31,32934.89,0.5363
Nifty 50 Hybrid,2026-08-31,9688.19,-0.4232
Crisil ST Bond,2026-08-31,6876.82,0.0263
Crisil Liquid,2026-08-31,21925.75,0.1175
Crisil Gilt,2026-08-31,15078.04,-0.0404
Nifty 100,2026-09-01,15637.46,-1.1424
Nifty Midcap 150,2026-09-01,13219.35,-0.1151
Nifty 500,2026-09-01,23547.39,-1.3335
Nifty Smallcap 250,2026-09-01,32853.39,-0.2474
Nifty 50 Hybrid,2026-09-01,9663.9,-0.2506
Crisil ST Bond,2026-09-01,6861.25,-0.2264
Crisil Liquid,2026-09-01,21941.77,0.0731
Crisil Gilt,2026-09-01,15078.3,0.0017
Nifty 100,2026-09-02,15826.97,1.2119
Nifty Midcap 150,2026-09-02,13251.81,0.2455
Nifty 500,2026-09-02,23727.67,0.7656
Nifty Smallcap 250,2026-09-02,33254.22,1.22
Nifty 50 Hybrid,2026-09-02,9654.07,-0.1017
Crisil ST Bond,2026-09-02,6862.61,0.0199
Crisil Liquid,2026-09-02,21911.63,-0.1374
Crisil Gilt,2026-09-02,15100.01,0.144
Nifty 100,2026-09-03,15808.66,-0.1157
Nifty Midcap 150,2026-09-03,13122.5,-0.9757
Nifty 500,2026-09-03,23910.31,0.7697
Nifty Smallcap 250,2026-09-03,32539.32,-2.1498
Nifty 50 Hybrid,2026-09-03,9615.53,-0.3993
Crisil ST Bond,2026-09-03,6870.22,0.1108
Crisil Liquid,2026-09-03,21906.42,-0.0238
Crisil Gilt,2026-09-03,15092.19,-0.0518
Nifty 100,2026-09-04,15747.61,-0.3862
Nifty Midcap 150,2026-09-04,12862.69,-1.9799
Nifty 500,2026-09-04,24088.55,0.7455
Nifty Smallcap 250,2026-09-04,32509.1,-0.0929
Nifty 50 Hybrid,2026-09-04,9592.23,-0.2423
Crisil ST Bond,2026-09-04,6869.75,-0.0069
Crisil Liquid,2026-09-04,21911.11,0.0214
Crisil Gilt,2026-09-04,15105.07,0.0853
